addr,amount,pubkey_compressed,pubkey_uncompressed,tx,pubkey_status
0xce22b873508558fa912171272ae7dd198e038e77,148,0x02145f9fa98ced23548c28a63b3ea30c0b26d367a15d7fbf0de66923f186c9ff30,0x04145f9fa98ced23548c28a63b3ea30c0b26d367a15d7fbf0de66923f186c9ff308bfcf1672d4fec536226209505e27efab431ce48b7a81d7fde083fd788b381a0,0x58163110ed214a4b99305e699fedbf7361780ac22bcea5ad98608fe1eaed1143,ok
0x243855a8b3a396fde6d0ab645bf398e70d109d42,41,0x03b884c6e0738909bb497083588fe25e076ae897963d1581d03f9d685ffce70770,0x04b884c6e0738909bb497083588fe25e076ae897963d1581d03f9d685ffce707700e6184a64872cb1789f02a35ee7f23f5f6e214f3d091189e593f5f6fad59a0fd,0x089c2113793f563ebae4c38bc506adc7b84e91f387439a38bdc883b5846cdca3,ok
0x0000000000000000000000000000000000000000,31,,,,never-sent
0x159bb93d223ed85282534d95fea583fd59a0979b,30,0x03d8b1f915d69e4ff68e7e25ba36c94e2de1a183b50d492f436375af265adc3f22,0x04d8b1f915d69e4ff68e7e25ba36c94e2de1a183b50d492f436375af265adc3f2273d9c285ee569846f52471c10d0e7a3c5de523fd737ad132f2c9cc067bb11435,0x8dd0a304aad4930baecce807b89ac48e885d9379236185112611aa5a73b91216,ok
0x5203b2d2d0e0297a838ffc733756425a91bc82d8,10,0x036338fd936068ed7c55a44d8d8d1a509aa042b004a8836e349326d65d2bacefca,0x046338fd936068ed7c55a44d8d8d1a509aa042b004a8836e349326d65d2bacefca906e0ef3306289398a6c437af694e8175209de1f034bd932d45426d1363d8433,0xcf967c34837e8365e2a846c1f3cada04c3496b9cad4062ae81c6070efdf10a82,ok
0x62b2cd4f75857c300e7e504658630e367b500f64,10,,,,contract
0x843933677d4d71c625b469b9bf67d052ec79be55,10,0x03fb85285c602aff91e6506bedee17db2a4afb2775853bf357408777651ad324b8,0x04fb85285c602aff91e6506bedee17db2a4afb2775853bf357408777651ad324b8365a072b9c4fd69ed970e45163a9f93287ae60f4845b9bb6a0dd2f208d05b16f,0xcc3f8b70be06403248a5caf414f5d596a7ab381316f643540af7406fba88758c,ok
0xb50b1db4f8d491f9166f7957afc084a0c6fbc62f,10,0x02f8db9ad788527df0521de238903a643952d9be5bb6dcfb525be0de6ede0017ad,0x04f8db9ad788527df0521de238903a643952d9be5bb6dcfb525be0de6ede0017adae0f907aa19246b7a7a4577a90b5ad1adbddbb81d0ed2ae428eb899cfb0d7250,0xedaf41c4dead5b1b26edcdae3f2c8996ddf5ea304f5c5d35e00e83ac4cd54647,ok
0x00b268b7118a5f710c56f363d90c6789290be818,9,0x02788e9e33d9902c697c2dabfb57d0aa2c373077b64993bf59728248016f78266a,0x04788e9e33d9902c697c2dabfb57d0aa2c373077b64993bf59728248016f78266ae6b374595b2cc8805aa0335380931def0f5e22aab3665cd8e76062c9c450c7c8,0x77b65b003de949efe8fc2ce09512a4b1a91ab88d5fc3c88ddc25db40efe0ce19,ok
0xc59523e69dc4ef360702fe9cab9ac7376b5a4cb2,9,,,,contract
0x1c01e5af16d5803e276a7951203df74f81c661fb,8,0x03805c4c656bd9519f175a38b92c4eab13572c0dc13466a0718c7fc52ba22c9d83,0x04805c4c656bd9519f175a38b92c4eab13572c0dc13466a0718c7fc52ba22c9d8381b1986e905f5990ff22ef18f407591a38b13670b0980622ccac401dad080c99,0x976df738be4b23c6914a699f035db924c3d6532340aef79766089442a90f97d4,ok
0xb5914c9fd4732f60f8716282c557093dc343f729,8,0x0323540223d6ca5b4de30c425c5410d667159904875675afb7f466734041f88145,0x0423540223d6ca5b4de30c425c5410d667159904875675afb7f466734041f88145106beecccc2e060c104e0a328dc6d0d8b83e0384503cd9e5fd8aab9d2f2be853,0xa75f1e8c0ac50e08d1db6bba4581e04313d01df7a2ddd5af28c326e774ae0aa8,ok
0xb6b2e6494ba0de52929bcab1970138590e6758bc,8,0x02d5bfc0b94f0e2ec25a2ff457c9e4e0e50f83adabda0a2c6382c35383845f732e,0x04d5bfc0b94f0e2ec25a2ff457c9e4e0e50f83adabda0a2c6382c35383845f732e25748ad0c336cfbceed28c3053196cbc5a70d97cfc73426441fb95425dd86bf6,0x22a80f413ce2a6707456a47701afc0fea9f2bcefe74bd44449ba60e18ea5c9e9,ok
0xf3293644ee09ace4df9e65c8d38f863acf9c30eb,8,0x02daed3d22a6b460b14cacead2d95530b9d972d845ca22dd3d1ccde2cccacefb26,0x04daed3d22a6b460b14cacead2d95530b9d972d845ca22dd3d1ccde2cccacefb263be9c47d2723e381f66f3c85d71154b1045fcf236e70794c12436ee0ab0bedfe,0x50757823d234c4f2ab829db1a6359868a11347d99ff44bf4ea0c2a4ccb095adf,ok
0xf42ba70c865243d67baa0acec6b097c15c692aa9,8,0x03bc35c243e3fa49f5d373e9e9ea0e59816fc0af3e1bf62b11ff4407b4ce712b37,0x04bc35c243e3fa49f5d373e9e9ea0e59816fc0af3e1bf62b11ff4407b4ce712b37db12c033248f356f17dc3a9115bce61b6bfcbf86d33ff30d738a9c263ca32bbf,0x5e719c0f3fe0c8c88bf96fe77982f50aa1be4e9a46d9873a98771d0cfcac4abe,ok
0x0f0d5658118fd011a3e639ccee595f3a6a843c52,7,0x0379ca63d7c6184d4fcf22d68e78343463f083eb9e03ba271745481c4ebc61161d,0x0479ca63d7c6184d4fcf22d68e78343463f083eb9e03ba271745481c4ebc61161dd7f79024db7ff429cf1754f8f8f6770f548646367e77b7d822eb27e568ef0f13,0x9b8c4e0eb2978b19d73e495b0a742d486b7c77048ab80d3b5814e4e49dbf5d74,ok
0x11859ec4451060063522530df5a6707daed176cc,7,0x03d46a33d20eafa37c029d129d0a24a6761f32f8b46e66f9eab4480990160c23a3,0x04d46a33d20eafa37c029d129d0a24a6761f32f8b46e66f9eab4480990160c23a3a272babbc034d5f4c647571eb21693691c2666a57831204a0781b32037f5dff3,0xa3fa52c440dea0395b509836d0f2d7b05e928363b7c930e19740484fc782ae87,ok
0x45a96134be70943cbf888969c460564bde85b4f8,7,0x0376073d10b9479657261131560bfb1cf47764532169a45423f88580bc39d2e5c6,0x0476073d10b9479657261131560bfb1cf47764532169a45423f88580bc39d2e5c6c1d7547e42b4e41172a83728e204333025d76e9c546a9fd27177484fdede6f71,0xa32a57b36692a0c9515c406f90ca6ad1cce30b8e870c517cc43dc6c9c1ba084d,ok
0xc09c47a38457df9e6ead76cc1ff4fb57ea3063b1,7,0x024e71a276dd100e0255667ce3aff3076896aa60739a723aaf1e9e71af4cbb359c,0x044e71a276dd100e0255667ce3aff3076896aa60739a723aaf1e9e71af4cbb359c3a0609e8c14ce03c29756070c57a70702243c05436ba941aec9b0e35f95cc9fc,0x2166fe7407b064ddd560f0821ad39478a94019c00fd56a572eb3f1c273ff2521,ok
0x18c39df51bfac337eeda798e806feeca01713cf6,6,0x02d532d413bef98ed99bfa2bef448469d1b81737f6ce53d7791a94257921fe4d03,0x04d532d413bef98ed99bfa2bef448469d1b81737f6ce53d7791a94257921fe4d03d213cfc4c490514f876f22479d5d13ff672ee20f3098878eece328cd2934900a,0x5bc95144ff466ab0591569ba69f5d2d5b66f5f813f198c2a9d04da81084799bd,ok
0x22dfaca0f13d668f3656d949ce27722166503d2d,6,,,,contract
0x35472946a0c30c8928b88b95e327330ad85339c3,6,0x03a3ebe1293c63698360b306aa8cccb1b6ed4e81e30afcd2336780e5e275376357,0x04a3ebe1293c63698360b306aa8cccb1b6ed4e81e30afcd2336780e5e275376357d830c4466c493441c9b5c0f83c3408da2fe2a51dcb219adf865375a8f0abf09d,0xe7c1c2d2f3315dc567ce5a1cc0b9111bab86c94ccffc59f99b2c7ee989974a3f,ok
0x5c1dec205c738028f2ed0d43a1b53626bdef427d,6,0x02c6cce265fedf4233bab7ade6f69b27891fd53ea225006a254234c6859ba1f022,0x04c6cce265fedf4233bab7ade6f69b27891fd53ea225006a254234c6859ba1f022dd3c327f994f6dfaf21d12db0c09e8ccb44e36b45c9c7bee017f643487311740,0xdb1504621bc2c2c4ecd6ebc913d14c712a7343013fd8943123285ee9cde0f1a0,ok
0x7139c2b6f4faed0c19d45a23d637006e030c3165,6,0x0217dfdc91a6344f2b1ef17e3fd81e3831f7e58ab76a7235758b5e4d3a0ce1c42c,0x0417dfdc91a6344f2b1ef17e3fd81e3831f7e58ab76a7235758b5e4d3a0ce1c42ced166aeff55034a1a9be7147d18557c77c5df25cab5b769ff89b38507583f94c,0x25100acb7525de883ac08271a484e1cd58826ed314486c2aca41f01962bb1b27,ok
0x7c29a07dc64f30a9163b0dfc58746f0554546d8a,6,0x03cd8345048c6e77f8d8666847a8d6cbcc17fc40b104816ee7ca112df2e2a45fee,0x04cd8345048c6e77f8d8666847a8d6cbcc17fc40b104816ee7ca112df2e2a45fee75264910332a173c5a1bd8656d7874b8c211ac2e370659b2df81a97d9356f5bd,0xe933cda4ff3cfa52b51d33f9d390fd72ec302ce64b869b76f62ef23ed2bedcad,ok
0x98052e4fcdc71b8a1fe0e105ffe97afaa43542cd,6,0x03bcd9548471236de74e887faa521db20450ec5977332ebddc7f79f4016608e5bf,0x04bcd9548471236de74e887faa521db20450ec5977332ebddc7f79f4016608e5bf8833af1c2f77d3533cd57385a59fd6500169b3fb795ad69d56c1cf1a00c1d0f7,0xb2dddfc326d4e91a72d2578ffe4d176ec6d4c9ed85a8e8f3e43e549ec6d53bb4,ok
0x9b781c925ceae60008049b41382c84801057d282,6,0x03033eaf843cd69b7aa3d397996ac26e02b0d2b0b5c255aa3c30573b55b163446f,0x04033eaf843cd69b7aa3d397996ac26e02b0d2b0b5c255aa3c30573b55b163446fdf3b8dba02bec20fab130de5d3c9637aa3af53e96e4e3ad528a4e09f9a793b9f,0x54e5b0c7781d545162870af5004dc3d50c6cb959dee02336dc45e2992f25bc9d,ok
0xa988184be794aa8dd0719a190e96a2b20d0a624e,6,0x023ddcbf81d97925aa1b60cb8565b8972904cd438330126fc7c7ec6790a86ad864,0x043ddcbf81d97925aa1b60cb8565b8972904cd438330126fc7c7ec6790a86ad8648379b85895f5847e65c2f2bbd3c9e617270e0b31ea582a7c9c876845e699d902,0x28635d81988c3d49cd2031d83426acb3445e0851c75dfc3ba6f4261e752f570f,ok
0xbecd50849dd20c751f30d4ff28019d9eb1121d96,6,,,,never-sent
0xd9f5e98ed118675670f9176774cccc3163b52749,6,,,,contract
0x02df883a11c1123ab6f55e79bef11f9a2b67bb8f,5,0x02c85ffff41f45854f8be3c0f44797a8eac49143a49419d8f3208f3a52eef51efa,0x04c85ffff41f45854f8be3c0f44797a8eac49143a49419d8f3208f3a52eef51efae913388fc06e08ac85a1e4e0c1ac380009786a67c80931ea9ae2be16d6c3afe0,0x64091c44f97ce55b5a0d0dd5f4f3f8b247a1127f1d127776d7fd0bbb6714da05,ok
0x0c2382606735730fe3b697ef108af56c9dd1ce4d,5,0x03430d5085c420249d5f71e1a1d2d895800481cc8da9fde09896cbbec1f52a0995,0x04430d5085c420249d5f71e1a1d2d895800481cc8da9fde09896cbbec1f52a09955dbab13032147d628c044b94332f9f662ce57419c2d0daf9ce595ce8ce8fce5f,0x422aa49b219acf0c7ec4eb1d22afaf304c966d6016cff4054f88a0c60a8fec54,ok
0x123bceef1e140ee4e973d63b0fe5e0527abab4c2,5,0x033d67bf1f21379cbceacf0792a24d489003620766078bc3ed010728547fb8b580,0x043d67bf1f21379cbceacf0792a24d489003620766078bc3ed010728547fb8b5807cddd6905c7add3956df07a3c8c0e414f72623d02c0c2e59ad7dd671f84ba385,0x3cc3a1c713c5220c49f89625a44d8af151ba3320aafb81ccde003002dabdf918,ok
0x1304fbb5f43010a3c439fa833612d921fd6fe89c,5,0x020abbefb20e4f8ef88bbc8a78ac3ae55f33cf2ca28f01e1b746a73dafd71b9f43,0x040abbefb20e4f8ef88bbc8a78ac3ae55f33cf2ca28f01e1b746a73dafd71b9f43ac7467dbcd74bcf94a183d0b8cfac7ec70cb95d3fd258a429b33ebea37f4b96a,0x6154546418bdbac20cd58e86d2537a022eb6015ce1c759f32e00b8fcb976bde4,ok
0x228d12f2b7892c8b74dbe1093405100a963b4f40,5,0x0235234b973181821bf7b2d10382524cdd3e3ab16d76fca42579313228056be40c,0x0435234b973181821bf7b2d10382524cdd3e3ab16d76fca42579313228056be40c3693fd89589d6aabf320ceadbe42cb7442ca4f074c01af524932df6759116234,0x9463d6afa9ed726c7b2c06ab01d7e6ddf2f8630c427d618ca2feb525cfbf9b6e,ok
0x3a9f242aaba1086d350a1695cb789617cb1d1c88,5,0x02ad706f0584e2e5c7ba180cd420f4d5b9e28ef8d39128677f59d3ff4cfbf3f852,0x04ad706f0584e2e5c7ba180cd420f4d5b9e28ef8d39128677f59d3ff4cfbf3f8520895a383d3f318b84132c8c3aba45e8040b65485fd39974e43d968495b2e4998,0x5964c786f7048b94f76d70d9c04df7b6bcd1c5266431c774815328b9857d20d6,ok
0x50862dacdbc999dc949cbea90590da8ebb7ef421,5,0x02de11d43409330a0ad7fd9871627f599787fd224a7ae2cac86cea473dc317282b,0x04de11d43409330a0ad7fd9871627f599787fd224a7ae2cac86cea473dc317282b4211685c3087d054bfd560ee3f55763d2dadc6ca1c30837fd28c548e15a0a4a4,0x548bb7a294f5da3f0b1e0a26a60d7f88cbe57a1f4e1e9baba464cf9ab8b98c7e,ok
0x5396f55cc2c057fb12febeabde142a4df28a7864,5,0x024e0d9edb8be9679ead4e53e486d016b860db93b8408ac44e538f6ca2902357b0,0x044e0d9edb8be9679ead4e53e486d016b860db93b8408ac44e538f6ca2902357b05bfa034e6e065d56b78fb2082c5954b882573809b03edffc82a7a26ae1f6c5d0,0xa98612ea0fb06548240cfdb1d80adbc534483fce4cd59891b4bd5b52c389563e,ok
0x6cfa6ce381cbea762a5a1c2e3aa16b8eaba4dbbb,5,0x02d900d0505cb16641c80a3db931ee275b36c4fb045df2d9280f233109bbad2ec7,0x04d900d0505cb16641c80a3db931ee275b36c4fb045df2d9280f233109bbad2ec7525d6a1e2143e75d8bfb682ca2702dd788e1b0e4b012c912073cfb41add2430a,0xc36268e1248f0d618f494a66a980cde83125bc769e521b6a34d4434c1f448bae,ok
0x957f5ad27f22c58da12587005fb4a4d42b3217b8,5,0x029ad1ba6fdabe66811f2e883669818f5c621daeafe8490bccf925665e7d751421,0x049ad1ba6fdabe66811f2e883669818f5c621daeafe8490bccf925665e7d751421ad76654924df5f8b5af89370f78677a1edcefa3ff89ad5b1a68979654d7c62a8,0xa1a292b8353175c16e34bd3fa968a391c0fab24ae2b0fcce4b2e510057591ce0,ok
0x99c3c7e0b455d8bcb4c357cb17bf1b9c1f9692e7,5,0x03afb23980c96f19339f534b91a6da507f531d94e5cae33f9d89ff5d9eff4e2eff,0x04afb23980c96f19339f534b91a6da507f531d94e5cae33f9d89ff5d9eff4e2eff093a783e3ebf0eaaaec14fb18aa42ac1b9aa6d475d7683d9b66bda75b5748667,0x87d18c83ff45bf650ef300e5b53cc583c5801e2c0ed05ceb34cc775f25f32023,ok
0xa350b83d0bc82d502e0a3b4b33f51bf7bfa08a8a,5,0x03ebedc782193b0eb58d0f9aa1b6da5c98c991d399575e9ef38c18c3fe688976dc,0x04ebedc782193b0eb58d0f9aa1b6da5c98c991d399575e9ef38c18c3fe688976dc14215a7ac180e9c795c0a792e7ec6c8acd8fb41145b78d50d0bde7c0bddf4527,0x800190c594be31b2f2029063c14ea26e37fbc36d5eadf96ec28a1c6f250221f8,ok
0xa5bae4379d668517d6fbb14de06355faecf91ffa,5,0x03dd63cfeb1b324af3e5e70687a9964361b9f391ea797a09e7bdb4139b15db0ffa,0x04dd63cfeb1b324af3e5e70687a9964361b9f391ea797a09e7bdb4139b15db0ffa7f14280f0c6a89765d5f1d04bc924948af128e0ffbba4d23202b803f79c9cf95,0x4bb48b7a59b6329801ad17d42a1ffb432dadcdc32c2be20a9ad52812598d9fdc,ok
0xa6d5ca16e9f263b1a7151ca802a2fb442763d72e,5,0x0230c7afbb24e77a2b60a125144b95db1c3820a067a5192115f0540c706b7c219e,0x0430c7afbb24e77a2b60a125144b95db1c3820a067a5192115f0540c706b7c219e86e82a84d840482a668dbf8c3c689cc6ad09abe254ab7bac68288d86ae6a58e0,0x429fc747a56916ff9037d6599f062cf2402db198c8e10ce080e742c792eb9ffe,ok
0xa76eb34fc5818e01d2f82f630ebb8dfa9c664553,5,0x026de982ca65dbfb03adfadb3d2806dfc9474302c52a8efd5bc7d822125aa85a46,0x046de982ca65dbfb03adfadb3d2806dfc9474302c52a8efd5bc7d822125aa85a4669e04512ed62fe82d1ce8fd730e7ec95c6e9db7e12a2e031bac81901c864f6b2,0xe58ad9369f8108ca8739a9279860c5f4138edec5e3063e10fe74645f413bfe67,ok
0xa876fbdc69ca5fe1ab933dc08c35156f9dd02cc2,5,0x02ee5a781b5e8dd90457bebb14cdb02fce9c90a8b693189ba422fd5d6312ceb892,0x04ee5a781b5e8dd90457bebb14cdb02fce9c90a8b693189ba422fd5d6312ceb892098e9bb04ca19d25914693f23b29cfe69eaff6d656bd0cf2908b175eac0fc540,0xa452efa9e100f165af5b1e0975cb9c4cec921499264aa867f58446936afc967f,ok
0xb493df7a62a9cf70a6572e1fe91b71e896e2c8af,5,0x022014577593dfb8841fbf6708a3661c9bc0f1ee3be4fd22ad625b75650ad89173,0x042014577593dfb8841fbf6708a3661c9bc0f1ee3be4fd22ad625b75650ad89173d60f6187b0cec58d6faf56be05d48d4603368920c4fb24027d99e56311e3961e,0xf93a82cd61751b7804aa8fb19af5148d8b9a89b308ab6729b4602fe8d7d8857d,ok
0xc10b6dddecf0703282511b3197a79f66d565d769,5,0x02a1a26fca746fd8722e93576d66809080de8d036ea38c26ed591436b042915863,0x04a1a26fca746fd8722e93576d66809080de8d036ea38c26ed591436b042915863cde9970c6dd91f5d815cf93dff56a78481060526f32e1fe9a0685bba1c69b6cc,0xcc3b8952f1c453b216b6c17b608a31780a28ade0ef91c0a5b179e4461cc4ec19,ok
0xe4fd4de76c36b403776815ff80078e6e9642923f,5,0x02f8fbef03807a5bd75fafe1cb9449fbf255c5e85df3b0c60ee9fac41200c7c6e4,0x04f8fbef03807a5bd75fafe1cb9449fbf255c5e85df3b0c60ee9fac41200c7c6e4f592eced8279e5075c02f03eb55fa5a12e73c3cd1fca8f80545674b976426856,0x8acf2f0fdf60271c202b0e8ab4dfd9bbc376996b93ac19c64f386ae7d94972bb,ok
0xe8b15f1e49e3580b21b886ded872bd6b76f6ba3e,5,,,,contract
0xf5a8ac14c00ec8e14237005749a69154df743203,5,0x029f4a95844bbc6b6d44c58be1cb8c29ab28b7927a8e2e880507524ce4d253290f,0x049f4a95844bbc6b6d44c58be1cb8c29ab28b7927a8e2e880507524ce4d253290f2ecbd6afb3dbb0ea339a1f109445e51b51cc2b767f4e1b572129ce406b8ff7b4,0x65579ff5cad0fd8c532d0062f5a7cce728fd72aa132bbe3013bf7c76b10cc206,ok
0xfe06fac5a7744a164fea07df0a7df59714337254,5,0x02de0ef509d066b59c0ff5433f6f68b09e437bbcdfd957f9ddf682f2f9a22efaad,0x04de0ef509d066b59c0ff5433f6f68b09e437bbcdfd957f9ddf682f2f9a22efaadeeac5100d2b225bf387c4484807200fa64f2d14e19d953128776bca267528372,0x070603195d495aebf237adf3d942776112af85e297a661ffb40e9d102360c355,ok
0x037535a02c9bebaf3e0b972e768a13d06ed52065,4,0x021bb378c1c216948810428f1280734bb6d3a6ad88f54b71e763276898bff573e4,0x041bb378c1c216948810428f1280734bb6d3a6ad88f54b71e763276898bff573e4ba5eaa116f529e4a00dbc6b60b38ebfbe3f704a1a35c36864d6239decd0ec340,0xbe8dd71fff0004e1b4aab2f7f6399f617b25f63ac501b50b810a6aef4fe60f6a,ok
0x20a4c86097179dd41ab5a3d0fb3df11daaf74e80,4,0x036f7f4897085a839ddee0610fc6ec96d731e0eb65143290595fc483481062f9a8,0x046f7f4897085a839ddee0610fc6ec96d731e0eb65143290595fc483481062f9a835712eeeccbe0e340c2a69755a263b6adc310b7d85b0c33f1eaf6679230efa37,0x0b5adf2e70372abf013d3d39b134d26f1deb3062dc41d398e5e3555084a35943,ok
0x24e2803334f53ca7d02dcae40159234cb481dd13,4,0x024781c793f4aa2cff8e652846144ec823def26a074dacecc4805e6bdd3cdd53af,0x044781c793f4aa2cff8e652846144ec823def26a074dacecc4805e6bdd3cdd53af35664d61eb752a2666dacdd6a297ab398d321c71528ae6364115a72ca39fbb38,0x5a80c2311a8bbcdc37da24f3b25877cbf419d894857cb640cc62245f41f52eaa,ok
0x2626332711cf430dfe24e18db3d581d61df05379,4,0x02e7abcd35ea1e94d9f3a4197a78ce42c4204f6a46a566a7f6dc66dfd33383639e,0x04e7abcd35ea1e94d9f3a4197a78ce42c4204f6a46a566a7f6dc66dfd33383639effbc710dbfbaa7791f065c8353c64af7ba5ad2ae54a6a6e15483f6829f8781c6,0xd8b78ec9528f322266650a70f303f6800fe49e37c5c495edb7c73301c7fe1b14,ok
0x28d65fbd57b8798c1e6fa92b49c0aa38e8737b1b,4,0x03a5c411e5bca6458870fe120dc1f7c667fa0030b36d0fb178248153b69d0c0576,0x04a5c411e5bca6458870fe120dc1f7c667fa0030b36d0fb178248153b69d0c057615f3e8df7028a0b2f142ed3b30291e9064b1101a8af871aaeebb422f3a27299b,0x7ed61295efa92695f69431ed61d7a9ff9ad9ab5ce2637bf4a6210ae02851a914,ok
0x49f266e9a25e7bbdcacf2c825b5de12a9fdb6edd,4,0x03d5a5b3bf63021439f3411922f472e0be37e92ed864b3ea9a235b97a776ec9656,0x04d5a5b3bf63021439f3411922f472e0be37e92ed864b3ea9a235b97a776ec965625b0e61981d423eef8643c5df29ec0120246cb6f51913c7b40406225ac112f53,0xc260c6a7c3ec1830766f06321ddc38ada815eb5f65fedae0b9cefc9aa242fea3,ok
0x5967c4f6cff3a4a7d4169f48e93e51d4bd844110,4,0x02efd6a7208df4608418385dca00e61d859de7759b83a3546cfed589dc6c880976,0x04efd6a7208df4608418385dca00e61d859de7759b83a3546cfed589dc6c8809761f2a075ff29495a63a19e641745340a3fe1b09544f0ab9dae9a28c816eec0cb2,0xfb9fcec642e025bd14731211995ee88fa470d2c6f130672674a14c9e552a5aa5,ok
0x5a5ec5ac89f560ff1541eb59484665ce232ad6e2,4,0x035911ef4a002a7b65c1efac6b58750dc2220579a7a4b6c2d143d7cd51e586108b,0x045911ef4a002a7b65c1efac6b58750dc2220579a7a4b6c2d143d7cd51e586108b5471aa65792e564934558becb5da9d6f4faa3fb09a5551f6315ca75195f80653,0x978f694f5de7d864b012d04fb2e0d05dac35d137f5b0c820fa7cb7cf6d02e14c,ok
0x6417a9c3e39a6727229022b1df30b804c94a1e71,4,0x03a2be39b4c46bbaf530fc8204dc3cc9f83238d523958f1729cbd7a37a4222f57e,0x04a2be39b4c46bbaf530fc8204dc3cc9f83238d523958f1729cbd7a37a4222f57e04931cd603a857638ffce8b230ccc6ce26e650a3d8607cdc1f3738752736a3e5,0xfac8fb8a9301dc3210175a068949dcfd14f9118adea40698a44479371b7389f8,ok
0x6e8fe8de45eb4afd85f56b8dd01e46f02f1073b3,4,0x0212bfeea4b27d93813fe8fc1a5db0e5b1b86520e8998fa9dd6759be70d353639e,0x0412bfeea4b27d93813fe8fc1a5db0e5b1b86520e8998fa9dd6759be70d353639eb4980b223652f56415d15c180b48ec61a188bbac6e94390770b1ca0c57addc38,0x4628af0f49b29641881f6af137078dd969590a3189e1bb61d82a325f476fb5b2,ok
0x770e038c2c0e3559f94a626f596c6e742ed39458,4,0x03e12ad9d005cf8fc187e691fd7b59cf334594d4bc2acab4edad181dbefd83a03f,0x04e12ad9d005cf8fc187e691fd7b59cf334594d4bc2acab4edad181dbefd83a03fd1fc15bc7fd5c2b7b3336d7cd9eb4785e4025af023ca82a6f16d4dce029a900b,0x373a4108f6cf95cfee41ca6f768f538a0ad1d0f18066f632d0c103f3a3a816db,ok
0x8799411dabbf0fde617d1096925ad4961e544acb,4,0x024d2e7786ad4b346d24547fb94b2bcd16c02a76015bb11a0afc77af5b2ebd3427,0x044d2e7786ad4b346d24547fb94b2bcd16c02a76015bb11a0afc77af5b2ebd3427846fb8dc626a1e5b65d3fe6aafee3c0287c1c8c53ca47ca58f6fbebf287a8958,0x6cec065f40ca03fde79ccc543a9b463b34cac2a4406bb2e150ce8f21f8404b50,ok
0x896db4378a7ca22e893c85ae878743a379d91c3b,4,0x03e94d10389aff37c27cbcb786ba8d33c3b7c6f62de2abe4d949867f31d75a33bb,0x04e94d10389aff37c27cbcb786ba8d33c3b7c6f62de2abe4d949867f31d75a33bb27d5b1935f168327c082704a3b0a6bacdeeee34f6559e435be930ade193d7c95,0x38c3b40ae86207dd26b848adc3751c60d4b971cc520e86818e1ef458049d6471,ok
0x8dab4f0a790d4ff11314b92a77b607caa3fb580e,4,0x020302881891bf8ab5af98646ec5b057aeeb6800d9b73f4e56e2964b2418344d90,0x040302881891bf8ab5af98646ec5b057aeeb6800d9b73f4e56e2964b2418344d9098507fdbef5a3bb5eec4c47965ef4a1a6f330df520ab8d38dd457fd19f3a2b62,0xb8cae864a3e12c963a80583ab93db7ab5afe49202bf18256b170d19e0878192b,ok
0x9060f6e9cffb1bf2bc6f9aa43ff8a3878c0a5165,4,0x0396a5eb65228f30b45bb472f3cc012d414667e0c7a8a404ec23ba23127add0060,0x0496a5eb65228f30b45bb472f3cc012d414667e0c7a8a404ec23ba23127add006070b6dea3123ca74658a57ea3db39744c9d8089c6b32565afc3b8d6a6d4d451df,0xc3a322f764e87972a1c20f4a0fe28ff0a0f21fcd098c3f679f8bb588cd6a2518,ok
0x9113e5a6b4b4117e4fa7ce3b79d63b9849ccda35,4,0x02092d03dc55d4e78e77cc983ae4d5bae5cd08c53723de1da88964d424fe0606c6,0x04092d03dc55d4e78e77cc983ae4d5bae5cd08c53723de1da88964d424fe0606c6595c53912031189713d87815faae0bb89945af0c68821dc08e66c9fad4ae9386,0xbff43a964c88f740fdaaad7eb754da7ab5c1f87b3dc93c05d5655fac3671c22f,ok
0x9747d75bcd61d6f937fd604068eb929e95759fd7,4,0x038b9a6107a8ae9ad6eaf16c2e697115e154565f4d5da97e0fcb943feaafa91a9e,0x048b9a6107a8ae9ad6eaf16c2e697115e154565f4d5da97e0fcb943feaafa91a9e46af58b2fb3d6403d602607e4c21a132d7841a9f75673c01156db8713ad364f3,0x0cfcae75cd644adcb35f3ecb8e7c5edb78678e27c170458495dca9f3eb5563e4,ok
0xa75225be32e43af401827f8c4a5eeb4c3990b96a,4,0x038015cc63339bc0e7eb83a0a0f14dcbf5af56907deb0dc3127846e291698d2a83,0x048015cc63339bc0e7eb83a0a0f14dcbf5af56907deb0dc3127846e291698d2a832885fee38726aa39455b18ce46c65bc13d529c048747d498edc97edc575a89d1,0xd46217e060bdf5ace47e12e7d1981bac28755818233a96be4e84b561ac9813dc,ok
0xa96cc556262cd670bb22029b711a5e21fc4d7761,4,0x03ccbea1b38d8fa5466149e972a6be3311e176002fcd7114b3df96a36a348b9ca3,0x04ccbea1b38d8fa5466149e972a6be3311e176002fcd7114b3df96a36a348b9ca3beb532742052abd7e494726978956ece49ee253b1c7545c4097c9db9b7a1fbc7,0x24d6202d3e92fa052b72076d985475508add05926151fa2e772720ddc01be028,ok
0xb91640f254962352444bcd833c9528ffaafe98e9,4,0x03389061e8eeeb688c37871bac086094d374a012d16192ec411f3d94b20a90ae16,0x04389061e8eeeb688c37871bac086094d374a012d16192ec411f3d94b20a90ae16321ca1a31ec6e15b75f04ad1d9508259145623f769e5eb521c69e823dd1eb1b9,0x50f5e92947e141ae568364f88bcd3a27c296c56c199de135157e044b19a29584,ok
0xd44f9db7c700aecc2b735ed2b2eb9463f8a494e4,4,0x03da17f094eed3f36cfb562126ef5cb5717b3109c95de80c966d664ad729f3f4b8,0x04da17f094eed3f36cfb562126ef5cb5717b3109c95de80c966d664ad729f3f4b81c78b530f0c6f88d58ac7e20fde29bd8be29938a35b51a84ce16dc5a68fd7ccb,0x1fe63d020e1ac13928acece52eeaeb05479a9ffb1f5f371dc80feb4b7a088d1e,ok
0xd4b49bf8759fb7d4c3f99b6bc3d32050cba57712,4,0x033d34c4f04f7c0d47a15f32a4845a7f59fc5428641dc074d94eabdead05291e35,0x043d34c4f04f7c0d47a15f32a4845a7f59fc5428641dc074d94eabdead05291e3502d36348fe479d061a093b44452876f2ab477d68d2895c48642a1a152e4ca401,0x2130b25a4d6d3c39f97d45423947eb179a98c5a64dad41e0477095d3827dbdb5,ok
0xd88d4f99adc42a57e5949c94fdd984f43811f344,4,0x020e9c867a77cc5424c2d091cf192405dda2600d549a52397a338a3107e38fc9ab,0x040e9c867a77cc5424c2d091cf192405dda2600d549a52397a338a3107e38fc9aba94a0bc519e99c4b867f4466afe4359f83c2269d5760b6f1153b9c166d11d6da,0x22d0281e1c1f9be5645b9589598c3b7347ff291d6c2cd94bc94e09183f6a5a69,ok
0xe5ca8f322f270fa8252fb62cb13df6f3793d762a,4,0x03b759a844be0ba69da9f82e787fb4b7ad12df410fb674a01bbd52595bcad79a16,0x04b759a844be0ba69da9f82e787fb4b7ad12df410fb674a01bbd52595bcad79a167a638d89da17f1686fd7169996813d198c4147ae4eb1a987c801839ec9ee006f,0xacf4f377c19db8ff09e6c5727dc3a704d9a56a0ec87e9c582a6f1496208341c8,ok
0xe9a9f7ed56f20087365b9f8582c63c3c13b358a5,4,0x03aebf8f5550bc38ba84470035979c7a2f2808279154b96ea10fe0b9eff637aef4,0x04aebf8f5550bc38ba84470035979c7a2f2808279154b96ea10fe0b9eff637aef4108c086a00c18c37ec7078a2fbab2cb89239d425a97c4d66b810163c2531babb,0x23e73502aab12a690c2521d975f382eeab52ed647ac12a1d04917f7da56bf7ff,ok
0xeaefd973135852d695e5a683072a67cd5db32fdc,4,0x0300a1a28bee3a8b293fe720e5edffffdc73f558fbda222b9758929e97dd860e85,0x0400a1a28bee3a8b293fe720e5edffffdc73f558fbda222b9758929e97dd860e85f5058b7d74025802e294e4e790c544f5660ff055566683fcaec70c03b0dd9bbf,0x919c10100f50bf8bffebb24a3bf3aecdbf04fa5406919f7e8b07de74db024c75,ok
0xeeaaecfccd57cba014173e2868fd1f360a357447,4,,,,contract
0xef0b4b27f921a2891f88a7bd4805e9796d27864e,4,0x0291aca6cadb39017789ef1acc832bfce117cd68c3ebf26dfe69f50c144002fac2,0x0491aca6cadb39017789ef1acc832bfce117cd68c3ebf26dfe69f50c144002fac2f3fbd9872ffcc037615feb8b184ee6fd8f794b7e9c28759e43eb9a8244f5f2d4,0xf56037e05ed6c8291f84880889aa8ccea8d4b9f3ac125913b88ba888183bb3bc,ok
0xf00492c2511e7592f2ed8c0ac9c66ac4cfcda62e,4,0x0384b5a8e0cf94b57d2f63091c250c419c3b24223da668793c5e452bcfd7969994,0x0484b5a8e0cf94b57d2f63091c250c419c3b24223da668793c5e452bcfd7969994844727eb6d1ec618de6d75901790cdd58675776eedad3d5a41238475a4a934e7,0x6e774ea4052fefb4a39734b124d794fbc560a882acdb55ace3def3a872a18434,ok
0xf6e189fe67a3d0b960df5585eb8183c2bb1c27a6,4,0x034314d6e7dd7cd67d863e6ae865d33d8329d0d55bda8697f14948d25127183298,0x044314d6e7dd7cd67d863e6ae865d33d8329d0d55bda8697f14948d251271832985175cda5116001e4a85b909c407b839524350bcad321c38c69f193280e7f7713,0x95a91b25922f17d1e2f74eb0e93e5a8daa3f7bc02c6988802caa338353405604,ok
0x050d11f95256800d272cdc8d25e80390b4a39252,3,0x02a2c64ccb6912be859ddd7150c4c823f076f689466ee05a490550d7fb5595e9a3,0x04a2c64ccb6912be859ddd7150c4c823f076f689466ee05a490550d7fb5595e9a30775577cdbcb2f074e4f706365d56b044c7066d9154cc73af3d7ad3ba8e1c17c,0xf63bb1b126bd099957ff93b3bfe9e19011709b4dfe2dc5069d379cd2eb2a93d4,ok
0x054a4d52bbc3bc77c191ece7472e0d547d9d51f1,3,0x02ff2186ddd47fe47de48c40c1cc395e92e44df34ad762585a38d944c58d92d044,0x04ff2186ddd47fe47de48c40c1cc395e92e44df34ad762585a38d944c58d92d044b505abe6fa656e11432acd0c042e954bd02094fb42374890ca88c00e2d819c7c,0x3df69bd1cc8b02e1b9020fcacaff5e46e93c82d2f7cd64def80dda6a967f54b8,ok
0x0d0bc22d5ce254b920e2bf9bcd7a64f58a7b3a75,3,0x031146fe6572f4a9d9ba7d76a052a509d25b210ed1d8596c78d699ba9604631b86,0x041146fe6572f4a9d9ba7d76a052a509d25b210ed1d8596c78d699ba9604631b86c19805ecbb69a28ad96128ebb73345b06c7d6a9731bab6086352f71c2ae5472d,0x2c8a6e4b2fbd6240a2045ab13edfb1a18526c843bddb6b057f628f4f9d9323b9,ok
0x1af958a96739b908cba31f4c4631d01b6b55d5f6,3,0x03df1c3e10e9c08f5bcfe913dba541d2018f361d9bb21a52a85e6c900d93ab44c1,0x04df1c3e10e9c08f5bcfe913dba541d2018f361d9bb21a52a85e6c900d93ab44c120875a4933fba4ee6db7c3085ef5ce8e31f9ed34e949cfa06325cff5ff9604d3,0x2893ec186aa70d7f159dbb2ba0ac824bb83a6abd510b1d1aac42431dd961463f,ok
0x217ad8598b47da344230d23dc2de4bb2a75134d2,3,0x02b5b6871c4bff1ee21801175e15ea14d6432f6517dc1779d343ec50a73878634b,0x04b5b6871c4bff1ee21801175e15ea14d6432f6517dc1779d343ec50a73878634bde05a9c5f4ecc727a716a58a90fc9a45a06d6956008a658a60a712434bf11e88,0xab3f47e7ed35fde96e39f139592bff6132cdb4127d3d59a4631b72eaaefd9895,ok
0x2631946cda85e9a9171d40fa818da5ad608c5967,3,0x02f31ba3de414d2a2efd825a44cbf9ea5a91c2cea77bed44f7d1735fb7d324c871,0x04f31ba3de414d2a2efd825a44cbf9ea5a91c2cea77bed44f7d1735fb7d324c8712cc86c6e9d04da229dd6d831cddb78a942d4d7635b1b683400f08188d9bf0912,0x88ab6cd2cb657086ec1216b695fc03e935d1975c21dc025a5fc83683d4ec24a3,ok
0x34ffe106f50ced4de74cf5c1012a1724c5fa21ba,3,,,,contract
0x3a3590bdf3ab549067dfbac8eb63d955cc068954,3,0x027f8ab7507e452b8d86ad8d65c8b3ca7acb3e711909e9c7e6cec92acc0a708900,0x047f8ab7507e452b8d86ad8d65c8b3ca7acb3e711909e9c7e6cec92acc0a7089008e74263f360c39c98b67b817700e11c7255c2ed4566379c9917b29798be47314,0xc9118df9bda281a849c22446fe477740d295675ba20c65f31c93d6a5dadf3e3d,ok
0x3e12a36dd2c0be409c36ae431f0eaaf357a56343,3,0x03a923f2492cdbe7208c38677202f7dfc78fa9334c72a9adbdc20275d353414c4f,0x04a923f2492cdbe7208c38677202f7dfc78fa9334c72a9adbdc20275d353414c4f73c14fda8e88633c5b95d2adf412f58dd11390e947149b1a1dcbcd5c932d3fef,0x61f9685e95683db65d5a6769213c8877f7f08cd1c5757bd76ea20357eef18958,ok
0x40de1cc31ac82b95acb83b8beb36751532913ec3,3,0x0290eb73a6d9cf86a7955e4e0caf1ec0f32bce4aaacd83461bd3c4d0197915459e,0x0490eb73a6d9cf86a7955e4e0caf1ec0f32bce4aaacd83461bd3c4d0197915459e287f670d53f4acbd24b5ec6d4a1d299bcb1e56135c5687770b1d2e1118daa8b2,0x1d98710a4677bb03785c9c002e244a1285d49f73b6b37f6ee72acc7dd46ee7ca,ok
0x46e9e18abf0e2c8e4789fbb7cc8f2829fd63668a,3,0x0254771d1657e034d1acd39fc0de9f902d69f59e905fd81cef05b5c72e81cfa2d6,0x0454771d1657e034d1acd39fc0de9f902d69f59e905fd81cef05b5c72e81cfa2d61914604aef6a2917c3a378711e959f3b0ded6b5184ac277b902439b8111bc6da,0xb63f2b683c98fbebf74474a96198a9cc811b6ab238fd20e4f5e1cdc35213738d,ok
0x4a83905caa2185c5371bb3fdacff260d02aa3025,3,0x0225c15de5d9d980acfea61803f84d9999cb0ed20eb27f1581d64c5706f9f3da19,0x0425c15de5d9d980acfea61803f84d9999cb0ed20eb27f1581d64c5706f9f3da199c33c194114d30f80ae3004690ea3dad6cdf7a206bc59b931ab61e57a4be4b5e,0x9cb3ad2b70ac7c10e1f88b5d8d72703b51848e531de133c24d43eb0dea00c0e0,ok
0x4e5e947133c59a59a989f42bf693aed48634b899,3,0x032e9942f75665f6709bf32eb77902b79f6c9f9eefb8d49926e08bdff09fcc670b,0x042e9942f75665f6709bf32eb77902b79f6c9f9eefb8d49926e08bdff09fcc670b1104f3a18ca941f3a322901719d5d206a3f6d30b86665b81d7446975d2f22247,0x7d4650f4d7f1b1169504caa2f6f44f79f64d9ebde33cf803b3ef3718b37ab7e5,ok
0x51427d3cb84129bd6d05ed16353b92df2a770aff,3,0x022fc2c1442a55ddd06130f911d0491f276f86584cee6a30f0f097b1e7a9b78d71,0x042fc2c1442a55ddd06130f911d0491f276f86584cee6a30f0f097b1e7a9b78d71834dc9d1221d7ca5d676e83f002a77bdd37d44dee6bfdcf732020171ef459130,0xa90c6ebfbb907f096b0aa5fb614310250c541de4d5ed13f3319aab3959114089,ok
0x551372fe0b7e2a6b7d635e8d1784b4c288b932bb,3,0x03e8141e342b7a6886566d2fef28f9ba452a65ec1841a244ca556974d90743ad93,0x04e8141e342b7a6886566d2fef28f9ba452a65ec1841a244ca556974d90743ad93351ef1eeac9ec19910743732a9e995405e374326d6919051f7e662b790ee0527,0xff89a5361d703d5cf5ea6400632a13c04dee46a4306f3cfc2a82fa62c3893a6f,ok
0x55a4952bee6abdfe25df088d13aa2524a8c598c2,3,0x0241e44d1c41380eb8460a335e3139a21dcc49d02b51178ed924b7cf955c31ff29,0x0441e44d1c41380eb8460a335e3139a21dcc49d02b51178ed924b7cf955c31ff29d717b27c50a598b19bdcf3cbec4950b019ef0860d775a3ec6b0d37130d113f14,0xfae44e602459ab0312ff1d32afad4b7965c1b113330bde0ff816a6186e801919,ok
0x5dc8c958b2dc0f4169a8b43b51fbc49ee74dd05a,3,0x0312eba5f9e9dfda38ae1e0902ce81ffd42ea7f0dff2b3006ba108ae5f92a7193f,0x0412eba5f9e9dfda38ae1e0902ce81ffd42ea7f0dff2b3006ba108ae5f92a7193fc784de0c001f4275ffc6525db6cc67e3521f7dfd71fef6d8ece1f501be7a9b45,0xcfe6b425e64221399bb033461cd5348d9d4878f01d1ff621a17363c8aab73a95,ok
0x5f3f9c23da0ef66f6e0a7c7aa0ec2c2df0fb2be6,3,0x027268fa05e643adba922b1a1200b59d289d61cc7d1a8cd31a01be74f95b47888e,0x047268fa05e643adba922b1a1200b59d289d61cc7d1a8cd31a01be74f95b47888e1fe3c0e2bf42971b9ef9167df8f6c8cb37087f6bb03bc49d022f2cb05f030aa2,0x82e13c74c46d9f9bb14a7ba0aa74c253d6c96ebc551a1d23ebf0ff77ce9fc342,ok
0x61133f52b66f449dc8c3dd15161af0dc3914a90c,3,0x023c84d006bd8eeb4f0b8f18aa9d27392c46f4194ecbfaff2c8c2f0f995f6ee9ec,0x043c84d006bd8eeb4f0b8f18aa9d27392c46f4194ecbfaff2c8c2f0f995f6ee9ecfba1c21d31069d47c24ed5718c98436df8b5a17eed6ecfb39a2e96389f09f51c,0x9d469a134a0eb4efb3685c60240a23054c39a528ee4479fe4736dca669f12b84,ok
0x62cc8d24c696430c331e2018ff94e76003272323,3,0x03943323cf2c65825f03bb89d6495a61ad230f20354b8ca75a9cd9989c4e7aba7f,0x04943323cf2c65825f03bb89d6495a61ad230f20354b8ca75a9cd9989c4e7aba7f24cf31b141c5855c0d06bce7831cc5957e8493125aa1ffa8b656c9adbcfb1d0f,0x14430bfa090b33052e3ba3b4f4ef6a4452ebf3165c929d5cc145c054d0cfaef1,ok
0x63147e8c3888ef1a90dead78dbfdebe0d5236114,3,0x035de47f0a7568ca80cb7934db4bcb5d48c0fbdf5599b79cf0be8c518a0b6e5e23,0x045de47f0a7568ca80cb7934db4bcb5d48c0fbdf5599b79cf0be8c518a0b6e5e2387d0812bde241457e227d7e6f7703a5e29c2eb4af56c4b8b71f4127868d61447,0xd256e02d4ecf77b514a159c8e7b62bdfbec964816f72af8a9caa28356e933714,ok
0x6b3fa94ce1dd458f417e29bcd62f4149d8729114,3,0x0277f105ddad746a9caf932c383961dd9b7f59a4ab203735886c66465de53c7641,0x0477f105ddad746a9caf932c383961dd9b7f59a4ab203735886c66465de53c7641392b95f9f770a9c743bf8efee94ce5c42c7bc28c88d2f9cac99cb0d68a57982a,0x86af1d246d542001c5d40429951421bf3285d19308e72536d76d15ece8169bb3,ok
0x762140ccde6372e9ebf99da144e78331c3936931,3,0x039b6fd977389b77e332e4c8eb187aa25cc1993c583561e307f88ce97780852a4d,0x049b6fd977389b77e332e4c8eb187aa25cc1993c583561e307f88ce97780852a4d4b0fee9988ec70a022db6172f25b537cff3bddda87983efc6dcc2a51d63e4993,0x3e0bd16f8da12505f203d0c79a3b1efffbe1ada77f37bae1ef3473a973536531,ok
0x7913bf3cb9408318c7a09f527ed4756cb39581e4,3,0x027d61b8985a10a47bedafe612605a4d72cde4c3b63c125ba0e3e67df5673fc427,0x047d61b8985a10a47bedafe612605a4d72cde4c3b63c125ba0e3e67df5673fc42729401bdc36c226c9e4a971d611dc4eff2ffa91f23be1c2cdfeffad71deca0d52,0x92b076175fb83d3fb457d51e8de44be7072a4ac645dc57c893709bafea75fe17,ok
0x8905ee4bc06c5b6db46ca90ec9bab73b6201c0e4,3,0x02c23e857b07b0011c9dea5b69a0fb40fac908bd5fa76c293b82ad9c36440b5a3f,0x04c23e857b07b0011c9dea5b69a0fb40fac908bd5fa76c293b82ad9c36440b5a3ffd40157ea6cbef77958db9531f423d92c96da1e944c8cde0a3127403e0e468ee,0x832c83491f73b4315785380ab918bac4f4abdea03a291054b05076226dfb9c73,ok
0x89b0c04fe8540fca5abce6c18f4654f6576d37da,3,0x0353062fa89c2fb2fa0780fab23fdbac171e734e449c63fab537f83bdd9b73ccca,0x0453062fa89c2fb2fa0780fab23fdbac171e734e449c63fab537f83bdd9b73ccca2612e0bd8d0dbe2be57307e253ed0c9237747a64e3b8713abf1c4ac71fa5f913,0x25f2d2f53c00223f6d1d89763f85b8ee2847f04f8fa97b602129ae4c039118ce,ok
0x8bb7b936e3feca531138c4d181d7d65d59f1ec96,3,0x0358590ef0285c7d79419606e6cac9e80091030c3500f2225e71f0acff4a5f908e,0x0458590ef0285c7d79419606e6cac9e80091030c3500f2225e71f0acff4a5f908e4b51562934b53a3449eabc73ecd46fbd7b93eb7b3278bbe6bdaeb412202aa0c1,0x9d8eda98d26298829c44dae18cf82930d9ed10e5534082f898a82394681e36f6,ok
0x8e05013615329523e46b6170ce90ab49371bd89a,3,0x03d8e6140ef9708d45c282c29b1e4df461be6d298f5c6e733a117fa1bc0e7f2b1a,0x04d8e6140ef9708d45c282c29b1e4df461be6d298f5c6e733a117fa1bc0e7f2b1ad6bc3762fe42cd40c8882d5473a7c375cf38a377de0325cb4e59701e5b8a7809,0x6e6e439a1735f0f2fedb26a72f048ece7b7db7c20f5f41aed3cbbb092b9ae840,ok
0x8f677f7642f32eba3e27ffcf1c2eb11f673ad4aa,3,0x0207bce140ac4d97098a69a7ee72edeeccccf3019729e48311b51142e350214968,0x0407bce140ac4d97098a69a7ee72edeeccccf3019729e48311b51142e350214968c34f6c92d813a59ceabf3a78007460ddc67f1b87bad5186ad3fa0ad7ae9c9bd6,0xbb7696839d0fceaf832f7f575699d1a1cf83c873f14b261ca4f272376b141048,ok
0x9ee389193fdd041183e4836ce5a3c4d4a129cb89,3,0x02ddcfddbc719e8b27ea5c33756b2c210df57050e19470afb4d226083321bac36b,0x04ddcfddbc719e8b27ea5c33756b2c210df57050e19470afb4d226083321bac36bf7847f9b2578bdd144ff8a86561b39a5704c9c4ff926f41d0ec8a2dd049c8336,0x8c093f8fa7a8cad2ff79e1b948f696dda606da990934dfdebbb4477023f0f2f3,ok
0x9ee6a3b7cea00b70f328f71f9a21ed2c17829800,3,0x03dc8ddcc868b02b0a154dfb99ea751556528afd9c0bb42b8874a8f08ea9048154,0x04dc8ddcc868b02b0a154dfb99ea751556528afd9c0bb42b8874a8f08ea904815448ae5683689ff7a59e62af4c3b4f43cd6ab7d4aa2f96339aecc3360eb9e89789,0x8f68f8c2c77390ba94d6a9b3f318ea0124f35d6267f4fcda363e0a9f3be865cb,ok
0xa84e05735b123bca065d855e78a618af3ae4e257,3,0x037625530cd100272ee396a1a4ce3cf5e6698e7732811f4f379c01f235ad0c83cd,0x047625530cd100272ee396a1a4ce3cf5e6698e7732811f4f379c01f235ad0c83cd250152ff3410ba6da6560b4a2541d52c42b52cee9599c44e9777b7116fd3c577,0x87913869a78239d38a1d404fd6c4ca688fa88ddb719ca6267a841f8a5c2cd6bc,ok
0xaccee174b0fa1d718039b808d367175d462ee214,3,0x03ce32429cc0017c369990a6534891c4c0c14134587c51e0821ff05850060071b9,0x04ce32429cc0017c369990a6534891c4c0c14134587c51e0821ff05850060071b95a10af37393e59cbea33a37f5eb43c5ac051ad18d1609a3dbe2049c952941041,0x9ce4f2a8307d8ab5b73824f2ff899ca02f890436c101975fc80645e7914b1093,ok
0xb23330f614fc97396b003b633f791be60818d40c,3,0x026a8b5da9fa8894ec967b9e35a28f82bb5ab9f7f2eca2b4a76fa96764155ea624,0x046a8b5da9fa8894ec967b9e35a28f82bb5ab9f7f2eca2b4a76fa96764155ea62470db9c09b47abd8b8fe3da0a2c27090d9eb5e3687f7447114fc12a9912cef28c,0xf02505ef7df58df01df72511e5fb89ab92a3d30fab9d15250dacdb5a28a54ec7,ok
0xb2da684c55263c40b2382b88dd6629d222c9a3cc,3,0x0284ae79b7c6df818b15fbd44fa8c86eacf2aa5609d259be3bb57c38d2382d2efc,0x0484ae79b7c6df818b15fbd44fa8c86eacf2aa5609d259be3bb57c38d2382d2efc0d735049b73341dab83b6c94ade5cc7ad820b73f1997d74e333f83d75b938dec,0xae9a8cb5916ac5564595847d9b6c534b83935af9c3bb32550415d87c3458e904,ok
0xb7b4b2482ab2b7e4555cf323584b3ce5ce2bea30,3,0x021acf45b58e72ac240b1f3a8bb8f9364c1135ed3f526f105a0c77e8be815563e2,0x041acf45b58e72ac240b1f3a8bb8f9364c1135ed3f526f105a0c77e8be815563e20cee0ecfec24c4084ff1ab20757efa7bc3685c09f4f627c07a36b2dc170c3aa6,0x843b7b61f6407d5745e151747aea3aa0ff5b1589a28c736e119a03f6ca5c5b92,ok
0xbeaf5568a9f027b0b1d5ca265b48012b7a8ba706,3,0x0377adfc3de2222024763d41381667b1950c3cc27359867d9762a052a8b2a8dc03,0x0477adfc3de2222024763d41381667b1950c3cc27359867d9762a052a8b2a8dc0391cf8003f464ea49e20c6d893d31a933f41ad817608298f89b2308a3cfe11e8b,0xd020f3827f26d4cd2355b56493fc6e99c8f9d51753ce925ee2c6e78bffb70016,ok
0xc8c7ec37429c91229cad7b68ca9d06b4411ca6b0,3,0x027b5ffd8ded17a9318548dbe58edff0e69415baaa1c87954bee81f0f80aad7ac7,0x047b5ffd8ded17a9318548dbe58edff0e69415baaa1c87954bee81f0f80aad7ac7af3865858f3a4b4206ba3831b06a6d29441577584a2681cb11564cce613e63d2,0x8eee6b53c4c6861428c0a990a90c72142c6688446fbb1822b1dfafe88b4b2e3b,ok
0xcafa553000808be1a507d1d6a84e35f7aa905a12,3,0x026baebbbbf4d7271f15d2b09722a2992e0c1682e2d800420daada8ebc2fc93561,0x046baebbbbf4d7271f15d2b09722a2992e0c1682e2d800420daada8ebc2fc935610b3f51b3504c9f71f27737dd6ed54a356ebea0d73933292e2b06372dcff8d896,0x12dd913db640286661364f9d6b7dfff09f3f06d55be082cc093f73de59384b75,ok
0xcb136543fd6ce5bb38e0aec4ca000d440802befa,3,0x03543dd34355277db388fa8839947f12ba5a953635d136cfcde56041e72fd64b37,0x04543dd34355277db388fa8839947f12ba5a953635d136cfcde56041e72fd64b37dbe73e9ab0bb4e4cedb382d0bdc342790181e518dea7d27d3a887acb36d589cd,0xa042a7a1159e762f1faf3091f77a087f3e2ca83eadeb1b941ce6508a49f5c190,ok
0xcdcad98553ec2a542f3d192c5beed93096111ad2,3,0x03c6775e76538536b700e27c3a0c554801873de1421501f3129d980b1368af69fe,0x04c6775e76538536b700e27c3a0c554801873de1421501f3129d980b1368af69fefa0d1c491763f35eec32174990d1fed54f81df62518ca24bc9cc5b557ba61cef,0x96ede1135721ebe8d24f7dfec1e31cf22c727134837faff547db90022fb37e7e,ok
0xd0bfa0a38859b682d163750e02d9daa1fe6e9561,3,0x0229868637c88764ef0a6aca3ac4a05143b43f71d552c8becf348016d2869e099d,0x0429868637c88764ef0a6aca3ac4a05143b43f71d552c8becf348016d2869e099d2b862020b10a4ea54d5f8b58473aefae14f19e361c9d10a5db5003ed92a269d8,0x91a567998b30f877d0b89c436894516f731068c14b15c30bd390aee5fcb68d2b,ok
0xd5c1dd04e7f6d8ef8ef371e0a2f5f4dc8e1c960f,3,0x035105b07ef845710fd353c0a85937b0f66c0d49ea395c19d9b1839e2521920e44,0x045105b07ef845710fd353c0a85937b0f66c0d49ea395c19d9b1839e2521920e44d3a75f99c15259e4729137ffb07daeebebeba2bcedaf8c599cf31b49d545aae9,0x2de3b16c905e708aad1dbf3c7274409b7665a55d79b884ab86469ba94ee3a0f4,ok
0xd62da5f091dc62487cecc53b22c778dd60c24967,3,0x03a34f03839042cf53887a99dd1f9a8e1683d033d035d3347b2dafbe5d235d76fd,0x04a34f03839042cf53887a99dd1f9a8e1683d033d035d3347b2dafbe5d235d76fda756572f6690c46a11f8beb658066041e5068f1e1e6fec4ea4834e1d35c434a1,0x670835ed060dec756d3d00144fb97ea82b1306062dbf8ea63c06af0b1a48e0eb,ok
0xdd0b7ddd251c70e0106e6217e516a50a6bd303f4,3,0x026a0d0979fd4ea9f0c55deefde38609298baa2a898d82d721901547e464a970e8,0x046a0d0979fd4ea9f0c55deefde38609298baa2a898d82d721901547e464a970e8aa7cecf2036f0f946004fdb845a2b241f5234fc33c28c1213dea50fbdea370b6,0x0a8d87464a13621befa8c9e8b409407f82dde798083c66cb466dcc0f1ca60b40,ok
0xde31150f0485651a77552479b464659d8c274d7b,3,0x02e3c946215bbf6683164385a93336087cb14a1747f6a3bc1f6420eb251ac45730,0x04e3c946215bbf6683164385a93336087cb14a1747f6a3bc1f6420eb251ac45730589b584c3c51b06e7752d44edddc27c6857ad082a22d7222a441aaa3cf775d68,0xbc10b60f2e00cbf79bacbaaa6a179f7761c93b87c9bf2806ed285302cd1d94b1,ok
0xdf2788b6797f862b6bea2cb59faaa8e9f789ce81,3,0x035513f8599c1fc9384e3447967f579c071eb62a873806187c021c720661896b43,0x045513f8599c1fc9384e3447967f579c071eb62a873806187c021c720661896b439a23369286af0f282c6237d33db3d0674612b3e40e3d05e197a5fe5bcaaf9703,0x4902641429c7a7cd1c9d047766eb7fbd4826cd0c6e43afcb5cfb9170d2bd5607,ok
0xe1903659c4049c05429d8c1a1b8398566b1f31ca,3,0x033cd0a6e85a6a96c474747e25ed77e0469513e7930693ce6df923247c69ebbeaf,0x043cd0a6e85a6a96c474747e25ed77e0469513e7930693ce6df923247c69ebbeaf4bea4a951a4011b97eee828266282c98fed05a53c32a1b6eff28b9aa6b6192b1,0x9dc0b73fc1aa1f40fd2242e70d53c2c1f391c4391b410bb8acbed779e5a6165c,ok
0xe382410739002d822fc707c77667bf9f928b2857,3,0x03ba65cb2b39117259db6bff151cf764a03f0e986a0e213d40eef4c3502f2ebfde,0x04ba65cb2b39117259db6bff151cf764a03f0e986a0e213d40eef4c3502f2ebfde5ee410a73f2628face60a0cdefb55ea9b073aecd4bbffb91c406f11409cfd21f,0xa6c02293140dccc17d42b2ee8a4ea324162bb65156934e1958bd0bc42aa945d9,ok
0xeffb61a74238c5bdec0f5c2904960c3e2a679ab5,3,0x03494faf35012a7ffb8b03ca37b23362b36995891931268013b90b4c23f9b5f426,0x04494faf35012a7ffb8b03ca37b23362b36995891931268013b90b4c23f9b5f42666f9948a3b93744d1ace9aa90e867b0bdc5ff3b97845e9e09fcf263a36ba4af3,0x44575893d1ea6e2af2cfbb68ee8ff92438ba3ef5c6833da0506451821a097d91,ok
0xf447cb8fe5260d852b74a12f1fd5a091e89dd954,3,0x03fd02bdbeb547744c0009f2d32edca7a967af35c001308776c42c57f486cb3a1c,0x04fd02bdbeb547744c0009f2d32edca7a967af35c001308776c42c57f486cb3a1c65a0993e6cc9c0a5a04a1a60825f1b7aca20f5b109889c79c481b9e80f8b6ad5,0x8968a99ed8b09b00cafeb4724917b4c3a50e6e2300a96615359b7dd42a0e7838,ok
0xf692ff058f43922c1952d9596c0c2be2c428ef32,3,0x02c8419748997fb18ae421ab8e2a47973a4c23f157796832bd424a878954b30141,0x04c8419748997fb18ae421ab8e2a47973a4c23f157796832bd424a878954b30141f1c668435932ebf78894e8fba9ba7ece496064768812785d32e6317c1356d44e,0x7738785cc41f9131c8f30689e08d94a5f5364d354ed53f46f605ec7378f1c987,ok
0xfe792b83fe7eaf3babefd9afda09a53e71c73583,3,0x02caa9011637fcde445bb802431f0223582e95edf37574fdeeb15a9ce8ab083834,0x04caa9011637fcde445bb802431f0223582e95edf37574fdeeb15a9ce8ab083834fcdfc3614fae11c53188e6b27d9e60f0cb46d23e74f2f31c949f11b82104fd34,0x1c81df7c7a9ff01db7da14fd60a3df983ae64da0b224b97a24f77ac665307f7d,ok
0x0182ab7d73ee26a30fc333539553af6b4c36f473,2,0x02f9690e2ec19721ef61b15494924d990f22d4bec3f2b10349177c6b1fed76d2cd,0x04f9690e2ec19721ef61b15494924d990f22d4bec3f2b10349177c6b1fed76d2cd25c2ede2d3b74643b8453b3b1aedf7a1c91f52b69efeb80c530213fce568e666,0xc4b33d4eb2b4430fa772c9b5dee3fc560574217ac17994af06ca92e8c4e4eda6,ok
0x033df7a4dc7851fe9e5dd4f5a97a903a3eb08782,2,0x02f7013e620437239eb677bb44199b29051b543e22dc63b12ea0d7ba3239bcb21d,0x04f7013e620437239eb677bb44199b29051b543e22dc63b12ea0d7ba3239bcb21d468a2dd61e512db6136af931d0d783897d726ae0954b0f8133caf7be64ec7e52,0x9b925ecefa0f3583a1eddfce4cdd801b4985f18a0ec9a6938927c8cddf8c3bcf,ok
0x038b558c274e791766c26bf171f35c019aa0f8c1,2,0x030e2797d62fdb64769915fa27f63b379855251c319913ba6e7e257d93d3b9969e,0x040e2797d62fdb64769915fa27f63b379855251c319913ba6e7e257d93d3b9969e5ff3c5d334959bf5cdba139eb87f6e4469131abb0ac3926450477326620a7e87,0xd306268879ebb2c5b0c97538a2f2c04dea8025f5437a07da406cc719fe6c2279,ok
0x08624cecdfea873b68cb2755b25331f989a3e974,2,0x02bac86c1a58ae2db2640bd00d53b08fbbb93e914ecfa1e8d757430584bfe26696,0x04bac86c1a58ae2db2640bd00d53b08fbbb93e914ecfa1e8d757430584bfe26696ae64fbcaa348b9ab78777187d1f76210c1542858ed7a34fb2b8c2876af15482e,0x41d2b4822f0912be2415acd95ff8b0f5b7e8e936acc2945f5c7d8782233a2237,ok
0x095089117ef2284dfad94478f55c2c37ed35d102,2,0x028208f8dbd80a35aa3d2fcd0f1a23b2994e8b2108aa1c2be56daee7dedfdf73ef,0x048208f8dbd80a35aa3d2fcd0f1a23b2994e8b2108aa1c2be56daee7dedfdf73ef85370ff165548c4888170cd24d17104eb3ad483138b77a2a3d8411b670b0aa2c,0x0d6a0957dbc6d860c4e036ecd2698be722a0c94d90c01b87e44eccc960367f22,ok
0x0bbe11795e694a77c120aab68f629ec0fc6c1eb5,2,0x029eb58fcca5375f6c0af5a4d6cd5e5ddf9f5c6cd40bdabe3479cebcf3dfd33b2b,0x049eb58fcca5375f6c0af5a4d6cd5e5ddf9f5c6cd40bdabe3479cebcf3dfd33b2b6ecc3eaf12a33ac607dd7e98036383029ed4aa95d69e6d476f8ff7fdb4fc4e0e,0x3575447d5211b785a36816d01cbcb6a258674ba883b26559ca73e8e3733d8d40,ok
0x0c98dc7aef0dfabecf3964e493169cd97306b091,2,0x020912a5d056c58cdf47cfb8dbe7ee8f2326557fdf14130aa7e0b7bbb343c6ba78,0x040912a5d056c58cdf47cfb8dbe7ee8f2326557fdf14130aa7e0b7bbb343c6ba787b603d9950dbde934490b0355d0beb733257d5e47ca4acfdf9c9bdc5a4ada15e,0x86a128882052aa4c8fd29eebea908c5fe2a791dbf5a7e3424665922bd31266f0,ok
0x0d81cf154519412643254de1a9b60789e6c3f93c,2,0x03998af6ef7105ea3238d8d51915a08cc96e4a9795685bcf51302146848ae2e6df,0x04998af6ef7105ea3238d8d51915a08cc96e4a9795685bcf51302146848ae2e6dfbf244513876e7d6ccde2496bbd88a94726f1718ac587b2561b6cb3ad6ca2c13b,0x2c774d7f79e6aff7f999f01af35f882413e7114f565e164b0b63161ae57cc30a,ok
0x0ef4a381be94125dda837cbaf1aa772d913dbfea,2,0x033c2815dfebb3e23ec008897a41da7567a5c41e29be791012b7c6c57a1c25e6d5,0x043c2815dfebb3e23ec008897a41da7567a5c41e29be791012b7c6c57a1c25e6d51295ebaf8b3fb5371cc22d511718a430acdf200dfc445d3e357d096b900d20b3,0x2d256ca2774013266d0c389bd636ea1321b96c52b7d290f006a17a4ed6b613c1,ok
0x0ffa9730467580216f94daeab1454857c92e1c7a,2,0x02375b11b7fa6fd306a594cd10457ea15400e1f490009a0cf3e0b87c57fd4be8c2,0x04375b11b7fa6fd306a594cd10457ea15400e1f490009a0cf3e0b87c57fd4be8c2b8e8e0ee5ba889214c0f43cb1ff8d4e1414cfe4f80a55c3999ebb8e5bd1a5f18,0xbfa2fe59a7372f5d6baab7f74456dbe9c27601ec56cf0c0762207d1236a01c39,ok
0x12b806d8c23bb83693461fa81c61e17378b46800,2,0x03de107a7b4e3ce21b1b192a5b3fb922e5030f1eef1be15398814b040c869ef881,0x04de107a7b4e3ce21b1b192a5b3fb922e5030f1eef1be15398814b040c869ef881770e3e27af6e7c0d8ecca43838effbe8d72563b245b27c5144716065211b1dad,0x5ed1ab426ec19500a31cbb7cbeb4ab91eebe3274bf1ba1cef0fb886b16aaf818,ok
0x166566cf3b4bc97fcea72c8ef4cb5227b5c10e5a,2,0x035b734663c132e05cf7578444ac20ea05635b36cb7874a40fea9c7e0893b8af49,0x045b734663c132e05cf7578444ac20ea05635b36cb7874a40fea9c7e0893b8af496393e685aff81619eca7b0bf8eb87b2b64db7e0329e036262b3b6b4d9e487759,0x3c14b823a5a0bf13369a1296a4cd4b5eb5c50e5b7a166ed8c509fbb7832c69d8,ok
0x1c0ce76fd1ae171d192bfb81de44ca8e22f1d576,2,0x0269d17cb7ae445e67b0077eb3d671e1ebb255d7318e1cc102a5ed9ef625eeaa35,0x0469d17cb7ae445e67b0077eb3d671e1ebb255d7318e1cc102a5ed9ef625eeaa35e2533b4bdbab95a3654c53a9efb2e9fb836c5aa8d1e06ddc4765076f624b2e34,0xd718ff009bc2f19e21f9f0f72713711f0a87a2eb3f2b259e017ff3c131e4b804,ok
0x1c400f46bd88373c2212bbe1e1ca74c4ca8ae02a,2,0x0254f7f9174edbcc78c036986cdeed95b4d645155d76df12d64bdfaea0a001ab34,0x0454f7f9174edbcc78c036986cdeed95b4d645155d76df12d64bdfaea0a001ab341c40f45be28fcabf4df1eba7dfb4eb30f1bd5cfea47cacdccc5b0f010f44e4f0,0xa8757feb6145a5b0bcc58ef285e3e6765d413625684b8cad8037845a925f94dd,ok
0x1e71213e4c6ddcff3531f9374ef09fbfe89bc5f3,2,0x025f5bddf97aa1627ae697dc9631e3779759db0465860e9ba027d88d3eeae8afdd,0x045f5bddf97aa1627ae697dc9631e3779759db0465860e9ba027d88d3eeae8afdd3dde70fddcc60d90041c80558a7746bc49236917394cab6cbdc52ad687bd8b8a,0x991d6b629e647922ef551676566d9f94888c88ec992cd94757e62990cf1e012d,ok
0x224e2782f7879f88b8c3173b026e97a51838a84e,2,0x0254c6eadc52b6fae06dd29686c721dd4871bb0abc647a3432acaf101df1a7c258,0x0454c6eadc52b6fae06dd29686c721dd4871bb0abc647a3432acaf101df1a7c2585c69b090b5160894f21c7197502fc074a2d617c331b1d929429e14f09474e08a,0x0fcb63a0a406acc2a6e7453f333c5f9ac120f6e60cd787438141470680804c10,ok
0x254103444dee8d554572b0c03bc58b11f7cf63b4,2,0x02a383dc6de21a3f1b6d280ef65c6aec26be840d98797dbb6ea302f29e843827f4,0x04a383dc6de21a3f1b6d280ef65c6aec26be840d98797dbb6ea302f29e843827f47ffd0f40e4f9de70ab859de8359d5d39b05418ea5938c162efe6bc39f7036520,0x30fa0af43761cb67fd304a9ef244f0fc76d477720fa295bdd93d28c4ebf761af,ok
0x29e96ea4a59749d0275218333708b0c3e6a6267e,2,0x02c1bf6947cd67dd6f8eda02c433b3e0d3b4acc4f735e1d53552e7f57d4eb09a5a,0x04c1bf6947cd67dd6f8eda02c433b3e0d3b4acc4f735e1d53552e7f57d4eb09a5a6a8134dc2de592a1878eb66bc572f1031de21b6e272f1f8dc32ecffe82a58316,0x741fe4c5023afa3e2708afed165c774eebbc3baad3a01e46a400b93a520e317f,ok
0x2bc9540395eae672516dd650a857b8362aec1f72,2,0x03837bf7bd346ee4a1f035f7c790beea4f929fca47cc73d9bc101bc8aa27ced7e6,0x04837bf7bd346ee4a1f035f7c790beea4f929fca47cc73d9bc101bc8aa27ced7e6b73cd36a3d1aa88684408d175653e74cd71c02cbc47ffc67147a30114a691985,0x1c23c89e4321d2df0cb694075290f5564350946a6f22b2130bf9105cd137731c,ok
0x2c2031e9db8913dc011e371b9625c2b785ecebc3,2,0x0355c8c8df66f0c5b8b9068d07cc00b3d75f3ba9cf54f1370f31efcf3cf5801189,0x0455c8c8df66f0c5b8b9068d07cc00b3d75f3ba9cf54f1370f31efcf3cf580118956b0fec801413c15dc57dc1f75961f25231742ed7fbeaf6a16a0c21231712029,0x543754b430d52e7c687abfc88afb0a946dc95f6eeb3ae2381fa5f55c937134ce,ok
0x2c3addc560af3f2f151df62ac455829060b4f712,2,0x033d89e6609afe179016d5e89fe9acb5f436f6334da857824f71fb0a32f0d4421f,0x043d89e6609afe179016d5e89fe9acb5f436f6334da857824f71fb0a32f0d4421f8fb95fcbca87b4fa3a551aaed1fa0af41c1cd6dbbad84e4df5e9e314da8472b5,0xc1d08f5eb8bc9b12de406683dabfc02aa822033ff75760c67509de4308d844c4,ok
0x2d41013bad503171c13a5a949d6e3c50b7a73d15,2,0x03aa1c21e53eeae6bd7db633216103f0ee9cd62ace4c965a3c6edd3de726ea0bd4,0x04aa1c21e53eeae6bd7db633216103f0ee9cd62ace4c965a3c6edd3de726ea0bd4faa9549844c6563f89ed9fae7d042401e45a621c59d137a83134508c0fe3f593,0x81c8db895aae5d97a0887bfda5bbd6792b699e051474e19777f21e64d39630e7,ok
0x2fb551ee117fad8d949ae02d8b8c779a0fbd51dc,2,0x0345eba3e24c4b20af1fe0b39c98c8309017a3ee1f00d100e836b733bcd44c565d,0x0445eba3e24c4b20af1fe0b39c98c8309017a3ee1f00d100e836b733bcd44c565d704f8aabc4881701f9a1256d59619b126c9e9b175cc7262cc45189c9112954a3,0xf6b9f4c5e5219f3af2161d39e8ddaca3fe404034d329e13b897b8de2bbeb4313,ok
0x31b3755208f110076c3f5fd51a8e95218ba9b8dd,2,0x03eb032096e1b1edb04109845c879eafc0af6a95ea47c35522cbb14ae10913ef07,0x04eb032096e1b1edb04109845c879eafc0af6a95ea47c35522cbb14ae10913ef07c50d101d3817a4a9dd145e7b0fbf5d45879d8349280211089f2a7bb919275a0b,0xd3ea89afcbfb67f1c9ab2071e14da0c41036a919467f727d0624ee8e3670253d,ok
0x40d8ed133aeb661fa10f251c1ca2e8da086a43c7,2,0x02a7d63fcfbb9725988ee4f2ea2c3da2e42cc791420ec307db36c178aa6c8ab69c,0x04a7d63fcfbb9725988ee4f2ea2c3da2e42cc791420ec307db36c178aa6c8ab69cbf5b740f0d4524749b4f511cd3576840e5398ca779869055bc2bc2caff9321d0,0xa300d7e1ced1b4e201e76aad214e851551cb04f6473518f31912bec5e802c3c5,ok
0x49cec98353cb3a4e348dbdda8eaa55c118b94319,2,0x03f47967197029bc3d207cada19df9bcc19cd83dabdfe66d7e795b49a805a73068,0x04f47967197029bc3d207cada19df9bcc19cd83dabdfe66d7e795b49a805a73068ec521afe51f796055299148d0d92124e204062644fd2ae021bd3bcec21001c69,0x68fe6bd8aa3e7f3e896cc6a262da6ae568a3051264a42ed3b8d58dbf423000f1,ok
0x4c308c39c8075872fc4aff060f1035a36158d5c8,2,0x0227269d9183c75dc3b208665acb65192db03681e7dafb0ad04d09b07241a3aaae,0x0427269d9183c75dc3b208665acb65192db03681e7dafb0ad04d09b07241a3aaaed7fc0a1e4bdd05cb708e0cdce5e09c36eb76c1fd04f10031b011563f48faed80,0xf016d90effb52e18306f7775506fe2acbb8bb847bcda490aa33b87526df4cb76,ok
0x4d6c69fedcdac84e0919cd312678f2fd8eaa222d,2,0x025785faa6980ba7cff5b6ce42f13352c8f8320290f3cd8aa366e664f1bf5d8df1,0x045785faa6980ba7cff5b6ce42f13352c8f8320290f3cd8aa366e664f1bf5d8df1bacc3567efeaa7f99ec892f462f03a3a6bceb71abd63570a280ed9390121a464,0xda4acd436cdc5fba61427cdaa7a1e908756b364fb548df16d9f16d616a3f6311,ok
0x4f95228e8be2f6053d9e0401a3991a7812be00bb,2,0x037dcdf26b7d8b485d0b82e52154ab4cc32e67644ddec7f65ee45b018bddf98f58,0x047dcdf26b7d8b485d0b82e52154ab4cc32e67644ddec7f65ee45b018bddf98f58faf4b11a0977ca02debaea026a708b017ddefcaeb7c76c9346c8bae4f54baf5d,0x085da75a62e9a2be4a698d1b19aed96db59ef0fd05e1095f33fd56d985346898,ok
0x5229ac6d55fe378e7d02fd7ce737cb079cd12440,2,0x03ad5c1957eee4f450a9fe23dda086469af1708fdeb6666dbd29f79c3fb792023f,0x04ad5c1957eee4f450a9fe23dda086469af1708fdeb6666dbd29f79c3fb792023fc2b9c2b9de5963ce5011aaff7407f600fdefd476e56e929e43abcadcd66dfec1,0x660a7a47b00640f929dc99d8c1770f9cfb525dc2f5d7397012d9a720f23974c1,ok
0x540b17c3104bf649f98295c2d1551f286e1a28f7,2,0x02eaff0c1da56afbe485820f8f901baaaaeef039acf06460a70264514b76e1d5a5,0x04eaff0c1da56afbe485820f8f901baaaaeef039acf06460a70264514b76e1d5a5161750284550e05dc04dbdd627093c3535ac68e9a62e5eb8e476594ddb697612,0x8717f471625eb2a866fab71e0f57ff53f8586b80480bb47d3319f7033263c023,ok
0x540b7fad0abe6e75246fdf1fc2920b2c0040ba09,2,0x034dd40b353d0522742528d6625dcfb839763c34bc6659454c8f19f5c9c05b5852,0x044dd40b353d0522742528d6625dcfb839763c34bc6659454c8f19f5c9c05b5852d6d44298fad10f4d9192bb11dfcba782fa1aebd4e28b89b32634aa5f156e5041,0xd2ed4b820893a0828570c28253ca21bc15ecb8b34cf8c8955cf1875e46f751f8,ok
0x54c5252f7878d09b562a2d0812275e78bb4a93f7,2,0x03928e431a89df9dbd944ede36c411a626065e294bfeca792a79f0b35ea17e4627,0x04928e431a89df9dbd944ede36c411a626065e294bfeca792a79f0b35ea17e46278f40d146e76b44c6a616c4ccf33b4eb3eccf15f00e8315cd7afe6631b34a8003,0xa19dc1315ca7cbdb66271a78a7994215400786f6a432a81adad382f6c39b060a,ok
0x5531b1372d67b0b2075529354ae0ada941abf744,2,0x02a325f9ad84c278e35f4af4705f7825ec7b8b0b0506ad783cd1bebe5b00a8e68c,0x04a325f9ad84c278e35f4af4705f7825ec7b8b0b0506ad783cd1bebe5b00a8e68cde20e29e3f2fbf5a7d26d6d5c6b001445eb60ab54c22a561f7f134a120d6af22,0xc18cdea15d24503b2e388e0ff6d17999f4cf33c92225a574d8d67bccf167ef8c,ok
0x576c4df0bff4b0c8a136ae9bf013a4fdab890974,2,0x035047e70b6421e92de3943b511af9f31900484bd2ddad704311fe3faf38215cd1,0x045047e70b6421e92de3943b511af9f31900484bd2ddad704311fe3faf38215cd188c67a1bd0ff69884702adeb33810dc45fc8850976f550123d60dab99628db35,0xdf798b12d292bd84be978605dcab4d65aa3e0342497cd5c650186fbebf84aca5,ok
0x5bd35b4fdbf09bc6f8c4f4331ac18520036882f7,2,,,,never-sent
0x5e041c855f8318f5d99a23c1bdbebedcacd51747,2,0x037573f3b35036551a03d93f7133d0f7d845695ba4f6dfe056fe8b0a89c0101b0a,0x047573f3b35036551a03d93f7133d0f7d845695ba4f6dfe056fe8b0a89c0101b0a67135484f43557d6f99e745209ffbf4424ae17d63401b809ba52d29675aef25b,0xeaf80887e5e086fe6cf05a9a476dadf72bb505039b736aa80f8e10357643323d,ok
0x64af0b5d98a37a1cd4d442171b81e4ba2cf2be73,2,0x02c603dec59f93a3f52ff1da4cbaed8869a023d739f7c2d61ba0c1a2bf1fa8bad5,0x04c603dec59f93a3f52ff1da4cbaed8869a023d739f7c2d61ba0c1a2bf1fa8bad5936d369fa8eda0ccf7e85f7a9a94bbe13ba5cfa593b1b3c8766dd5a4ced29ba8,0x44469430ffc27b256c5c9d6c9a553989a0188700f2b4935c110cd479d4e689ff,ok
0x65966effdfa35fbdfb6beb17fcf28378e8347a0e,2,0x03f13783d483e8c6c77448d6683bb468692aba1a7d8b21b2ed5ca4d1c6e9edabb2,0x04f13783d483e8c6c77448d6683bb468692aba1a7d8b21b2ed5ca4d1c6e9edabb2a958209c0b37b3a053b3d44725f3a6c444d04c8164e64192fd5718a498cdd55f,0x7cba8881900980bf9c7750b6fadae03873fbc3c9bb507852ceb3b661bdbc6c86,ok
0x6b91790fab2e0db8ae298038dc28557e5450adf5,2,0x03506619f5b117e3157b3e1972c540f230329d58f11e20d3dde70e2a67c662bd33,0x04506619f5b117e3157b3e1972c540f230329d58f11e20d3dde70e2a67c662bd3384199935e010a0d03aa3c46632e950a868029c553a777c5157fcbb22077c9c37,0x315240b63e183b7dfd1f3e18587bcc26e831a4310f4093d7b8ca073e20c5dd92,ok
0x6e4576e5426e33663e6362d42a115b2abbef657c,2,0x02527229994ddfdbc6d2ea632e6c41895e26481e303ffaf1a46be99535229bf99f,0x04527229994ddfdbc6d2ea632e6c41895e26481e303ffaf1a46be99535229bf99f9f64589c0876f60858f1b3d28e2d72f210cd0aba0839b4df4ec0b80ca817abe2,0x280bdbe645568f248f3c4ec7e59f6287d1b04d46e2c3337283635d4cb2364c1e,ok
0x6e4dfac03c560b4a5d3eb8ae0ddbac1d8acefcb5,2,0x024e9ff9a9418169551957a56a872789d912129054679aaf1ef5f0e47cb2086900,0x044e9ff9a9418169551957a56a872789d912129054679aaf1ef5f0e47cb208690023e4ff1f2eac34c884777b06236a0990e5bba92e5f837f4f30004093e537b734,0x58a981df6f7d300e0972e253473454800592711d5a6bec4a2e8239cc00fd585f,ok
0x6ea26ea8c83eb050c21d6f97f86b3e1b6fa9544c,2,0x02236a9f124272fc378405d0632e86688165c2b014f0943fef9ffc3a1e8e40a6c6,0x04236a9f124272fc378405d0632e86688165c2b014f0943fef9ffc3a1e8e40a6c6ec17d86e0e925f5e3f254775a16f5496d1c0609b887b14c678c89991dc2c5726,0x777e111dbe999e257a4b1e99a1771a2aacee41cb89a13f9235b1c16012e1ad7f,ok
0x71eb350ddf9b03fa80beb963a1e3d5119b0b2e2e,2,0x0398d7ea3f2f5d63c29438e5a3f1dfe03f2507ebb8cee902bd9faa4c50db2f9dae,0x0498d7ea3f2f5d63c29438e5a3f1dfe03f2507ebb8cee902bd9faa4c50db2f9dae2c0e7f765467c66bec67473420d15a0c92b295c03fe1b9302665d7cfe9339153,0x74a1cfeefe3949dabaa92e08b4058010b8968188dcaed742d6af5577c8c23ef6,ok
0x7253245cd868242931adff6131a4e55e25f9cf70,2,0x026b3c269c9f41c840201b360cbb6895970472dca2fb9d85748dcd0bf0181f7ebc,0x046b3c269c9f41c840201b360cbb6895970472dca2fb9d85748dcd0bf0181f7ebc12d7367cf64a6d1ea3dc8d952d9489df395c5ec6f5e0264cae6a2f0fe67b7448,0xa68ad112260d1c35c5c853da06bab641be978e15ff74c92b4e4906552cfa2c7a,ok
0x7296077c84dd5249b2e3ae7fc3d49c86abc38c03,2,0x02a4dc679c46ef9b8acdacbebd3646a89ce658814c0771410d96c6adf1db118915,0x04a4dc679c46ef9b8acdacbebd3646a89ce658814c0771410d96c6adf1db11891543bb89d602f442b10d54cafa5ce239944d20d718a8a531b9682bfd4f2ede194a,0x14448cf0fb9ce4e2ff17cd7709b43f2cd1007ed1a1d65d40fa7d722e6fd601b8,ok
0x74f478d2a6183bec8350eed40539dba9e449567f,2,0x0373d8118879feb9106b73df43adaff3c7d42121e7807af7752f09f27b25948887,0x0473d8118879feb9106b73df43adaff3c7d42121e7807af7752f09f27b25948887f88e3724a654856c652a1b8eeb5a6af9872f3472f48ec8f68cace0d10b77f11f,0xd537382e15ba2691d2ebda691a5b862d9949adde112e5ffd7e553f783000ce7a,ok
0x7506d611c84e298feb5d514699e67ec9341d2e7a,2,0x03967e37f3d99ee34f1b3c8def2a0155e3a04ddd3edeca8208c5998f1d1b661dd7,0x04967e37f3d99ee34f1b3c8def2a0155e3a04ddd3edeca8208c5998f1d1b661dd75153575f1f951832e2e49f862edee004101bd4b9f57b3bd1cbb74f830b66fa91,0x9179cfb10efbeddd462616fd01653e27225280d4f696766553c79592eca0af91,ok
0x7874165b36a66bb3c557fd2ae533b3da256fb23b,2,0x03c1ac0f3aef6700d9a95e3b146f8262f8d9e707b0e8975e34225214da4c5e6366,0x04c1ac0f3aef6700d9a95e3b146f8262f8d9e707b0e8975e34225214da4c5e63663d314b29707145e7d8ca2ea3f5a4981c3d0625ea852d549f4a90aa31601dac1d,0x02e754c3bfb642b0042cce6965bce6682e1bff0b296e17f41a8fd89606991b0c,ok
0x7e5dbeddb463722e49abb47afcf4ec8bd4c6eb9d,2,0x03534454c9384fd2825beb1987018bc19522dcfb3f542cfe5991432e04491a5329,0x04534454c9384fd2825beb1987018bc19522dcfb3f542cfe5991432e04491a532955705e721dbfa5b0a5e8d3b99b08a307c9b7e3ca1ef4ecb6f09e43f3bc030f0b,0x4b689086a55cb514dddbacf9383e15e065d21287a5ae496e137eee75760ba23f,ok
0x814d60499bd401eca426c86ee9b4167967dff8dd,2,0x03435821587449961b83f24f9c7ef85037ce8607def36df0597aa3eb9fdfbbeed8,0x04435821587449961b83f24f9c7ef85037ce8607def36df0597aa3eb9fdfbbeed8ed63d96d0341ce6492b8cc0f870fbbbf9658b28b5176f1f491a23f60dcefdf0b,0x818c9bfd71b8f0a7505ffbc28d046290b30df5f2f0df129562fa9d7eafba1dc1,ok
0x8565a95c54fd30f1d3c1a8eece983b6bee279466,2,0x020b4c528eeecaadf52751ddb0d38ce2173ea02b9a6a03b34ac7b74225cf4cb91d,0x040b4c528eeecaadf52751ddb0d38ce2173ea02b9a6a03b34ac7b74225cf4cb91d6c5632be2ad17d554977c4785da1b34a3400fc8f24ffddfef14b9fc5465f3dfe,0x67fae145e0769c60668d538a32210a659b9b1fb11aa65a4403eee5113a5741c7,ok
0x86d67bedf3d62103a497593428ddf94ab4bd2d96,2,0x02d9814235d4feae273dd320d93e29cda8781434c38dd26447e07374915bc139fe,0x04d9814235d4feae273dd320d93e29cda8781434c38dd26447e07374915bc139feb68224447036fb1a34214688d1c0abed9c72e76d9d0bc066ddce09683d8db178,0x364dd466a28a17e4bd793e6442d836bffb75ef7124391314885c4fcb0470cf5b,ok
0x894085bbfddbd1e5257ed33886bf1b3ba3cfb492,2,0x03c0e81be76ff6e3e2ea2d64412d812157257e9af5081cbc6abc2a2f312fbba289,0x04c0e81be76ff6e3e2ea2d64412d812157257e9af5081cbc6abc2a2f312fbba28905e8bee03042ace7c9f7d1894bd8cb861473f23fa08969324c4b0b6a6393ee6d,0x8ae21898be7bdf1c1e3819d69a3be822870f5e19626fc98fc7247727256f669c,ok
0x8e83cf69687b219132bb702586d729d75ea43c35,2,0x02b3d08840cf00b7309a89c9d6a5c6b6b164ef2a9ca52bf8d32ab892d4780a7b82,0x04b3d08840cf00b7309a89c9d6a5c6b6b164ef2a9ca52bf8d32ab892d4780a7b82902bf7192599ea97795e55a26373bcf86285643931d8e421d9ff0a75c1ce0204,0xff845f213d45e1b1563bd8b9c8d8ca50bf14b98899553de6781399256db6508e,ok
0x8fd2f72b86c15f6218141452f232b02e6e28ddee,2,0x0368c642fe9e940f172a214e552aa91d061deeca2d93b2f180f7ac105a685cd639,0x0468c642fe9e940f172a214e552aa91d061deeca2d93b2f180f7ac105a685cd639407d79f56a47a1175862c7d038481359f95a616b350eb7e6e33efa67aad00157,0xa0e9dea5e9168ef822c1f4af3267d51a1cfb4a3814564f5a75408d7559ced556,ok
0x9056de63f2643a60f4bf4698204f69b560ad7869,2,0x02f767fa617a9865d688c8015d8fa1573dd9276b8966e2e9099e62493d85cfb555,0x04f767fa617a9865d688c8015d8fa1573dd9276b8966e2e9099e62493d85cfb55509092926189b9be6014b2ef2a13d78289dd7a1bcdb9aec3085326d9194bb1cf0,0x03e5d244b7a754b37e4f28e16a0274d3f8a36f09415de56612a31e29ed1de11a,ok
0x955db0b10bd04344b65f18272813cadced90d4b5,2,0x03468d3a99483314ebbafd99123e9a340fea0deb843dfe82204a25320fe2d8d038,0x04468d3a99483314ebbafd99123e9a340fea0deb843dfe82204a25320fe2d8d038d29ad2cc14dda04b096fc1b424ce5f90515ba7b285f7d1b7d1d288cc3715e449,0xd623406aa13cf51acdc72ca016e55af47daa255e1397c1ce35cd9c7bf7a9e8de,ok
0x9578adce3191d2d324ea508691e2fea881e1eabe,2,0x024f5dec960242ae116ef42331780d0278f91580670f3a7cb5c7d64d013a7e6819,0x044f5dec960242ae116ef42331780d0278f91580670f3a7cb5c7d64d013a7e68195fa591f25bd708f8316e2249265d92717162fa345084ec14daf3c05663f15b2c,0xc7f190895ec9cebbd3e427c4092d73183605427c6b752f662034961dd38741cb,ok
0x979d52b62912cbfa6600db7237906d70b3b9e75f,2,0x038f775386bfb20f882d05f74b1c3b930cc509a45d89217a7481bf47da4276392c,0x048f775386bfb20f882d05f74b1c3b930cc509a45d89217a7481bf47da4276392c0136df7c92fd17167ce5ff179c272e822c2a3d7246d438b8813e61e29810678b,0xa187c4d6a62cc9f9bbb1e919a2fe9dc298007d9ea56174be311a031b75745fc0,ok
0x97c1beba611dd6f50413c471d2c663bbd7438b16,2,0x02dac29d184c39a1dd70b8bd6ea92bfe2efd1527e3af4d676a0090c3b231655476,0x04dac29d184c39a1dd70b8bd6ea92bfe2efd1527e3af4d676a0090c3b231655476aa167263d16c53494f6bdf3f42b1152a638a61ebf8bc76d03db4aacc844ff678,0xbe56db987adf3fcb7b95d14bc2deb53e01192f10f240680b9cfa98201630e922,ok
0xa5155d13cb5335014a01e6ecc7f8674efd2cb345,2,0x02accfaa72eab93ce2e1c97d7ae37bd3c7c9eee96c99f532de4b7a0e6556f5559b,0x04accfaa72eab93ce2e1c97d7ae37bd3c7c9eee96c99f532de4b7a0e6556f5559b6fd48357f10bd0d71502fbfb64a6a47cbeddb53dedc49af8a66624db5c4f6072,0x0ecc5cc48c5328b89c6d84f0af9ce1b60f855f53a2e2d9825ff0f2b3ce2d959a,ok
0xa51b5e36a158fd26dd08209d61d722e5aca78110,2,0x02989fa1b051459d4922b68a3be37ec4ba5d24dfa8560f4a0f5d112347ca4f5a68,0x04989fa1b051459d4922b68a3be37ec4ba5d24dfa8560f4a0f5d112347ca4f5a684230c82da8a5368c77a10153f9e04358555b2c24f2c832a4d8e71ce02cb2706e,0x8cfacf6f754c742ae18bc0752e0cc893ce3da43dde5775c2a226fbe1ba7bcc87,ok
0xa5d2ec38318c1f24906eb7a94d3df5cf0e66263d,2,,,,contract
0xa5e8e74cdfef5780123c3152aa848c453e043b09,2,0x02753ead6c776a1ba0f94d6daf138e0089420a7ddb423ad80d69be9f223ec99d5d,0x04753ead6c776a1ba0f94d6daf138e0089420a7ddb423ad80d69be9f223ec99d5da5d61bc25f4574b3ce8451226d94fa7fc65fb1783f10c6143f8aea1c98f09d86,0xe5ece35ee35bd6797a85e67114284a1f8d97d67e3e8775402f379e57126f1eed,ok
0xa7dd4310102b71beb4a1928d7ce95360a291e46a,2,0x03f9ae94c0c7948b79b5fa764d820755ede12e6384dfc73a080295af6583dbd693,0x04f9ae94c0c7948b79b5fa764d820755ede12e6384dfc73a080295af6583dbd693148b6e8e850f24c9a186e17fa19e206e8732d23d2e1f55ef05c926bcef774077,0xea684b2a043d0a72d10bb1520a8b44b2bdd2a6c7fd19968becdd1ef2386edff9,ok
0xa81092073d455e5f1b18cb9c1385b9ba841f87f0,2,0x02215ccfd14f9ecabaca2609382bc79faf27e5043434123caeb6d8d9e610f70244,0x04215ccfd14f9ecabaca2609382bc79faf27e5043434123caeb6d8d9e610f70244926af4d39749a738a331a60dadef62fcdd82d65018f36e1207b63fa46ae0440a,0xee13e29cc31bb02be5fb718e09db114aa9afd8efd0296aac84fdee6c85b94461,ok
0xab43a2fcb6eba579d408ecdea5f5d81abe73c0f1,2,0x03bae70cd3102c7e77118eb46fc41b2138c4d11dcc9050ba28ca4a89143e482c7c,0x04bae70cd3102c7e77118eb46fc41b2138c4d11dcc9050ba28ca4a89143e482c7c692d35bd5477206948839fa64cdba8dea9ad9124f7d4dee7dcdcd83c04d32b2b,0x871bfa8705e603c00c8120a6a9ef66987208ee6b396252294a5668b44bb61524,ok
0xac4517807eb2f6ee54844a0a031026efe6056083,2,0x02b435ce45150a43fa5216bc0fc7f08d48489fcd173029317cdf949b27f3d461d6,0x04b435ce45150a43fa5216bc0fc7f08d48489fcd173029317cdf949b27f3d461d62b3209329282009a1eb279f00b2f0c2db772c4543d517bc266aca00c79c63bd8,0xd23c3c6008481a3f06fa992524c90312d8267746d3dd6c4ce0d29cfd842f97af,ok
0xae5d196bff4740c6be6c9a90f8e8228e2b525f6e,2,0x02cefb4480031515126d889ba449ef68ebbfb6863c71dd837356380f47d24dbaa6,0x04cefb4480031515126d889ba449ef68ebbfb6863c71dd837356380f47d24dbaa650d4e373c24957e382250ebc4a2508aff8bb68422c1bd33d81824df1fc89c16a,0x0f8aaeb8e3ab2c70448fa9d79fe4dabf495df4065232ecb9e13fdb8f33b11162,ok
0xb03bb5756656d64f2a070877f29440a4e3a74344,2,0x03d903ccae9adca64bcdffc7c70fc2a87a13d77ac77b418f6e9e25bbf0dcd3e733,0x04d903ccae9adca64bcdffc7c70fc2a87a13d77ac77b418f6e9e25bbf0dcd3e7332f27b589bd1611a734bcc3b9385989aba0666db04ac6e2572484638e1878456f,0x0b0679b9045c910cf031e3101c183f99682a00f1115bb75eddc38cc3fb7e0db6,ok
0xb3f4458134b9408a266138108e4598ff7e4293ff,2,0x0335a70ad6787d741d2e32aa1f326f39133431edd20f87c2184bfbc1a72c72d708,0x0435a70ad6787d741d2e32aa1f326f39133431edd20f87c2184bfbc1a72c72d708a4793f036c1203ef1914f3827ba6fb35e95437d188e3b340b23149503d75a1f3,0x3ac6b02003d6bd1a6cffcdc130c7b137516b6e4b55690998b95ee712b72feed5,ok
0xb46615747f9abfef0379ffe498e670252e6ee983,2,0x0396b272bdf9d2132a6f8e09575c3b264a37cbcae37f5e41c9ba1a9f7af88baa30,0x0496b272bdf9d2132a6f8e09575c3b264a37cbcae37f5e41c9ba1a9f7af88baa307035b23e671508746e0b21b532235402907de5e943abeb55cd75f222bcb02e3d,0x151c8df5224fdf061f85fb7e475538a54e7ed9759f3c4ed3fc7a2a109ea24874,ok
0xb49b4a2d614a340818e43c4769a303eeccd040fc,2,,,,contract
0xb55cefed339ffd7fd8801d6b4d87fc54128e67c6,2,0x02895177895e639b39cb0b2ad629e213d243d67662a150b25b67ef2983a7d724f2,0x04895177895e639b39cb0b2ad629e213d243d67662a150b25b67ef2983a7d724f2a00c6118dd25d3968c7c81c1457bc7931276d15541fa300b94e6a39695625048,0xac44fa0661cbafc7a5d6e60727d0f11737847498410f8aa5fc7dd16c0adce73c,ok
0xb5608624790d28fc1cfdca514cc7b1522855c43c,2,0x021cbf4b6f5b7a844cd22cb19408e59bfb543c01a36e4daf81a56b2b930c916388,0x041cbf4b6f5b7a844cd22cb19408e59bfb543c01a36e4daf81a56b2b930c9163888dfdd1dfce1048ccc53aa2196321636743841ff8ce4f97d738acfbdfe63d020a,0x5c02fd8a9d6d9045937a0bed00a13510de2f2595c4996077f4a63154286b623c,ok
0xb62849ab9f79a05c181057aa72ce8a9ce4ab16c0,2,0x0394f41a3be7cd2a9f20f97b3e208ed5ce455cf253185248c09d4c64163fa6455d,0x0494f41a3be7cd2a9f20f97b3e208ed5ce455cf253185248c09d4c64163fa6455dbee5cfa0c27f35227f66aed57223c9e233b2799dedb1fd3bb296f2ffe3d6d941,0x43e61075292e6d69eb711eea257a5b2cd0acf6f0138c488d5f708cc4eb3e367c,ok
0xb9bd55eb41a48dd8b3141a09c4c6d829b581cfeb,2,0x030ecbb0c22b34f02c99ddbce971add5f4ed2176de359b767875dd61bfa92a3657,0x040ecbb0c22b34f02c99ddbce971add5f4ed2176de359b767875dd61bfa92a3657df7a196904d3dcfc0a1d4776f0268ca99c1f8b52f846b43979483b653cc0477f,0xf88eab730a86bcf494ba1ee6ee52467a85a972cd4d6fb63a1bb87fbebfa29480,ok
0xba0034e6a3ce5af7be8ce0fd171f200ce0995fbd,2,0x03a0fce5ba02f155cd2096904b8a3944286a05a4647b5bae16321a1d4ecd6bfd18,0x04a0fce5ba02f155cd2096904b8a3944286a05a4647b5bae16321a1d4ecd6bfd18e5a1252e318341035dc0046aaa778967ecd5347242600bcfb135c2839ba2c175,0xe376cf94829cc350d604ffe43c1736746c4a37bd0d4df18e1b2b8ecb6d133cce,ok
0xba30b2f2517da4902227ee3fc058a9de3ab481f1,2,0x0364b7377242e18baffa5ffe6dc08f5a2671a2fe3ccad71f3741debfef329791c1,0x0464b7377242e18baffa5ffe6dc08f5a2671a2fe3ccad71f3741debfef329791c15fd46315865ef1c63a9116dd8d250848fa89fe103ae60d5d433ee31c61475bff,0x4cf376db6891b4a3f07231ecdd17e06e7a5dd27083f4ede38fae74e86ccd2627,ok
0xbb6a0fbe1f1d4d7d3df73efa4dc2888f6dce1736,2,0x026dc32e35f5a14cff041da49333fedc42e04ab87809b411c92080996c0f81bc43,0x046dc32e35f5a14cff041da49333fedc42e04ab87809b411c92080996c0f81bc43f6395a1d6778bdc9e7c9f5f585a095f0439fbdb014a96d1ee4c988a95f61c5d4,0xe5755ce15d63de3a17c01b5f69f927de762267e2738cc0359f00591e1b32d375,ok
0xbf19dc9e6f4b1fda13ca3e862b25da8afe2fcf58,2,0x030dd7c521c8c77cf3f0580a4179e78d0296ac3788fc0e225949738a4597a9075a,0x040dd7c521c8c77cf3f0580a4179e78d0296ac3788fc0e225949738a4597a9075aaa5b3137579a8986e544cf248db8ae2a0396ff216746be2ea70588637cc2ec8b,0xf511a72e9ec2d00b7349231f38aa2f3600ef94da7ed42cd42bdf82d43c0dee71,ok
0xc0a6188d31dd003c94c516f6abedb786c7a01f83,2,,,,never-sent
0xc4db4bc4d72d6120d324c335d56fc7a6822a9718,2,0x022b12f3357ed0813226185841f11abdc7d970d32da46d9ed1cdaf7f4a1158cd0d,0x042b12f3357ed0813226185841f11abdc7d970d32da46d9ed1cdaf7f4a1158cd0db22f14fa52a549c8ac5f35334e72feeab13f29e06bb24cf07b2a3e2247fd0c84,0x2ac9555b2497d97b36bcd3aba4e9cbd133019c6fb4ca521faa99324d6c1ec227,ok
0xc69742add40c9e3c03fac91eb3ddeedd7ce99bf4,2,0x0269c55642dbe47b131632a3b2b3a51cf483a74a800d427ca0f96a9392a4e7709b,0x0469c55642dbe47b131632a3b2b3a51cf483a74a800d427ca0f96a9392a4e7709ba150f92e95c97740abb4860ff086d59ea05545e21a3810ae81d16011a2f8421e,0x32decb37274a852d2ac73389557c34b2b60dcc5d5f56b94790c2933127ddbbe6,ok
0xc7e13786d7a46583003a34ec948372fbd9bb172c,2,0x03445399199b0f5e92c3b8508ec8c3b6d99303bc49b09d7ba404e9c51a78f404dd,0x04445399199b0f5e92c3b8508ec8c3b6d99303bc49b09d7ba404e9c51a78f404dd98acd445b4aecc9d9493c837af71306c4c001885059c77b9c0c0925bf2e653bd,0x6530cecd2b2f441daeb02cf575049ddf0d095be383cfc1e1c73a547208b4f83e,ok
0xcb5ca3aa4aec244fb4768e78e9ebe5e63126ec41,2,0x03267c5deb1e3431d82605d54d9bfb7af2101637e3a1e31b8754c7990e50247d64,0x04267c5deb1e3431d82605d54d9bfb7af2101637e3a1e31b8754c7990e50247d64cef2a78eb3c859b7f4da0c20bc3c793eb82778a9e26066238c50e1e5d41d4359,0x9ce8a5f28615cd29fb4741c5c1305c45bc4a3d541bd8f334debfef9bce9a43a0,ok
0xcbe2ad8e3d13c6f374730030ce66f92b27f4d26c,2,0x02fc9088d85c5e613fefbf17c8e59ba3a0f8c7d8fe46440a0aac2e28e85e7dc489,0x04fc9088d85c5e613fefbf17c8e59ba3a0f8c7d8fe46440a0aac2e28e85e7dc48974d8c8b6b04fe7dd09a87cf16a6115c073e1b29c635354a41f4d3b036ee10c44,0x8b9023ea378ab54ffc79e8a224157cb0bb2ec51cddd2a25b6a794fd1b7e95459,ok
0xcc3692ff26a84063181e1dee17d4a9694ac771b6,2,0x02352d10dfcd596b584a50a56b45302f495da11db65b710160f12d4c8ed0e501eb,0x04352d10dfcd596b584a50a56b45302f495da11db65b710160f12d4c8ed0e501ebf4ceacde96eab921d636e79f2f0937c87157bc8ccc0ce8696ceeeb60b45b6076,0x79cf2f667963033420f4b69c81f9e8c334bed9f0cbc7e0fa6dac15ae76e5326b,ok
0xcc50d925486bd1a9e82a36afb22efa17aba2ca41,2,0x0313d7ac484c9c42575ccebb56a336d88afbb9820ff774eb3195c68f7560efb9f9,0x0413d7ac484c9c42575ccebb56a336d88afbb9820ff774eb3195c68f7560efb9f940c717ba53d9e8461340e54e90be35e34796e2ab4cdb79650a8157d0941a3a81,0x53591bf8c3930bff6c02a5b5e2954fdec6bfed07d92b5ede6220f78f216365ad,ok
0xcdc900263011f03a018fed4ae77ca1551c1a199e,2,0x03bf1a543e75cd5d3df6bc65f6c91a15130449737e27b811874a57b61746f56a46,0x04bf1a543e75cd5d3df6bc65f6c91a15130449737e27b811874a57b61746f56a4670a47907b700acc4835b82203a7423cbecc2dad445e6dbfec337eebda53d7d87,0xe6f0294c24f1ae539b3601d6b2f03f95ef4765e4111a031f5be3ec8c22505db2,ok
0xcef76d8b30ee2e99e6d43ff4e64d5bcec46ad492,2,0x03587cf1787e0e16542a29dea40e877680dacc55e01ef70913f78bde0c07021d6c,0x04587cf1787e0e16542a29dea40e877680dacc55e01ef70913f78bde0c07021d6cad9742c5ccb4024686c9fc387e347ecadcc32f9637ea81ebf050307575be9831,0xed1b5fe55ca9b5d265457c443bb1764990245c64ddb20b29d054dc11ac653a2b,ok
0xcfe7a9e2f7f62bbb0d522a041a8485213cee3351,2,0x0339a32a56eb7d37eccacf005a6303cc71667d702a064545b6b0aaf98da0780f6c,0x0439a32a56eb7d37eccacf005a6303cc71667d702a064545b6b0aaf98da0780f6c06d42d4b38486933f580487ed0d68811854c194dda069ce82f6ac3a1d323dbb7,0x28c0cf2daf7fb8bfae9734aa3ff5ac9207654490d350cb727ce487084abedfd9,ok
0xd36237884bda43be128f1e53e8e78db0c62aa11c,2,0x03b7014620ce7d359bf2c4adb1d0aae7086e75cda34aa1afd070c052ad5a4e068d,0x04b7014620ce7d359bf2c4adb1d0aae7086e75cda34aa1afd070c052ad5a4e068d975d9eb6df05aa1fcad43808a25b3b484bf664eff99ee317d6ef16d10563cd17,0x738e76c6395e5cbb4350f11caa23f8398fbdc9ef1f800db46f50fd8304cb17af,ok
0xd4b15f8cb5848de16e8c42ec2a7dbc33e2910874,2,0x03acaf003e93f9ac6336e227e65362b1d442124513ca29b617de101d6059200224,0x04acaf003e93f9ac6336e227e65362b1d442124513ca29b617de101d6059200224d6dbb0936d3c98e44e2531a3200b35682319f0166a4fb48c3ef94500866c642b,0xb8ec8b120087e0c41c9d471880034b9a3a307b5917b3269602c919c94125690f,ok
0xd4f1ace4299fe40566adf8813a46f48bb0383e37,2,0x0394df1b394988da55d8def4d2ae8a37241aa1b4cfd725f316ab48fbbf3cff91f6,0x0494df1b394988da55d8def4d2ae8a37241aa1b4cfd725f316ab48fbbf3cff91f66cca69a7c074104a0d75821957a9ce6e697778230b4eaf33296d51cca2ee4201,0x90094415282373fbccbd654bd6a1fd35605b361ada1c409588ae36503c403fbe,ok
0xd8364701942f90ceead227621bb473231f1e1dc2,2,0x029c2ad6259349a713d38f06840096d27277061fb7a272f61bd35fcffea7487d3a,0x049c2ad6259349a713d38f06840096d27277061fb7a272f61bd35fcffea7487d3a3fba51699e5e5139ce04b0b3ba2f8cac631ba720d6b596ae1dafddcd71cbc83e,0xec0a8da9a0fd8e84dc21d811561e26ba0b7eddfc8400bfc420e61b3c60748d67,ok
0xd96cb1daa513cc27dc6273fa332b8d87ec56daed,2,0x02995e5a0a68c57dabb6bca604782712a4bfb7b19b5e0d12f29701351ee96ace15,0x04995e5a0a68c57dabb6bca604782712a4bfb7b19b5e0d12f29701351ee96ace156211ea26498659d61661866c3474fb7c01febb43ebbe7b88145c3ba234016f94,0x4e7812c942dcf51b543ac7b07323277e2efb38ad5865667665c8f9d759e19115,ok
0xdb269b9ce6e725521740cf962b7a96484360d5e4,2,0x0280d481fef85547468c1354e78eb0a55bd85abd5effe50c5b2d6dcf26f4b17365,0x0480d481fef85547468c1354e78eb0a55bd85abd5effe50c5b2d6dcf26f4b173654853534e8fac2e1bd8eea7bc61f14d3503effbb881e00146731f3a69c1d71d42,0xfcc900937142c68c0a8811ab88c847949442dc3165e8feb364825cd2dbd8b933,ok
0xdb6843e880828c34326894801b253cc8f4e68c34,2,0x039c0440ccc3b019d937fb255091faf4273e892059a9538e50b6b35e3e5018647c,0x049c0440ccc3b019d937fb255091faf4273e892059a9538e50b6b35e3e5018647c23ce374ba338088a74e04d4a7d1734eba5364acca4199d0576fd76069a85717b,0xf66993efe0757dbf5efffe2dc227205093b05bf0ae6dcc721cbe718d8414607c,ok
0xdbc5a2c5c88f79f7e134c2d33dc0e61d97ce73f3,2,0x03b67df6bcfce22965d35c2492d0fc1a20da6a3808f824cbe9c9ac9f9bbe1a0c59,0x04b67df6bcfce22965d35c2492d0fc1a20da6a3808f824cbe9c9ac9f9bbe1a0c59c5d0de541d47b038c24c4a4218f71026bdcec29fe18ab8efc48b627f700d8551,0xde7963dc4321ec25beca9037d723362d4dd7cb3c9288c205d25ca9a21eed8109,ok
0xde2d67c54775b9cb0cf0dc08665e3f253a00638c,2,0x0291751469cbd286de66ea2b9f57c16f2f75f50dd07a849bdc73a308b3b430dca4,0x0491751469cbd286de66ea2b9f57c16f2f75f50dd07a849bdc73a308b3b430dca400999aa48d6d5340dc8155e6b7950c43ffb52c9adfb9db42930a3f76240d910a,0x741dc2d4c9082075cdcedb09ee169a070845a74c36c0b496019d7e73b5ea2568,ok
0xe10b447c2b7d9dfd8a946a171217c9abfe411f15,2,0x039a1d365088de32d46b9cf2e7f6a05da84d1d7f60c3e2204e375d1817ccf3ac44,0x049a1d365088de32d46b9cf2e7f6a05da84d1d7f60c3e2204e375d1817ccf3ac44b01a1aae9f3e4a79f2ca586c41a9c8f07d63002e974da2db39282258bea510d9,0x1de69d9b22f379efe8065b15118f585fbc45fff7203c384fac54c88f2e066591,ok
0xe4bdee211ac899c7b8b3087796d99372b0de4bd3,2,0x02b12bdf0b6d20c1103b8a1347ae0f69dba480b352e4c4ee0d1ce6cadfb86d1fb0,0x04b12bdf0b6d20c1103b8a1347ae0f69dba480b352e4c4ee0d1ce6cadfb86d1fb06f0cb12ca144e072f852ab3f2fd293bb7ed0e3e8545a19b8e1ff7d5a44752ab0,0x0b531b132ab08757749a77fe0bd97fefd5b6d9cb63820f05e89dc9ff4c76b1d0,ok
0xea268972b219519a085a3673d02eba157559d49b,2,0x02b90f881ab2b6bb627b07b8f6005d02e2a4bc581913d8bc02da14f30c190771a6,0x04b90f881ab2b6bb627b07b8f6005d02e2a4bc581913d8bc02da14f30c190771a63d41ac5103f7f74d14d0e3f0ff80e579541f724d9a8d838f2c5dcad6bdb5b7e4,0xe09afcbd2b6f2ce59e41efc0221ee5b1521e055a933254032b2863643719f0af,ok
0xebc96a35d36936df828f842756ecb491d9c8b7fc,2,0x03de1219282f616f3b061dca5f75fe65e5d107b843bbceefcc65b6432624a2de00,0x04de1219282f616f3b061dca5f75fe65e5d107b843bbceefcc65b6432624a2de0038cc4226e698e3c64cff8d444dfcbc4cb62b3de6c4cabd26f100338c50193753,0x4894674d56dabf4c9362ac5138220688e86dd81f8de056826a70577b371a124b,ok
0xedd740f63b4b2c6fbf6fa4ab5e73bfab2981e27f,2,0x021dfc43366e51096b27a7be02ebd46deeb065bf704c9623a828f2d756011bbb9a,0x041dfc43366e51096b27a7be02ebd46deeb065bf704c9623a828f2d756011bbb9adb32c3e6fffbd587a0f10de5e632151fd9785e613ce50fa26132f2aa95a34a48,0xd3c1f651836ec565712c14cab493aa3ab835f473246d0f01a7cb8a29499bd9f5,ok
0xeeada5b7250a55a9d0fedd4d753da65493801344,2,0x02e6722028a0e612cc21a55e240d61dc3de77a2849602ce35c7d9379c7958972b2,0x04e6722028a0e612cc21a55e240d61dc3de77a2849602ce35c7d9379c7958972b25b78bb39324aace3077fdbfa2d6fb5d77485a4b8554bcf514d62a59a9ac60722,0x57c3461c4943d990d6d539f1ff29354dbba0faee5c1d4dbaecfa691b1ac8652e,ok
0xf0180d603e266d8ea792d5ba4a36c552ac37fdbf,2,,,,never-sent
0xf2604ee1ace111830175ce74f6472261ad103757,2,0x0327173675f55e26a24f20ef94cfeb1c254bdce44ae3c0c5f6d745d405b23a5afc,0x0427173675f55e26a24f20ef94cfeb1c254bdce44ae3c0c5f6d745d405b23a5afc56408cc74bcb548ec09039461010190c59401c1d760674f5dae1db2df0d4d105,0x422f41a89da9b61a856a09d2ed949a1b4ec55200b0ad5aaeff0021bc8a2decad,ok
0xf3b74db5d5a6da832d97bcce293cb9358acacd8f,2,0x039a1bd9c91d58c1bfd6cb3049ad12dfebb83a5f4728f5c3c32902ac81f0389126,0x049a1bd9c91d58c1bfd6cb3049ad12dfebb83a5f4728f5c3c32902ac81f03891267582b40a49e20f7d3bed2ebaab39890ef6cde5d8966d69adecc7d46f8f7bd957,0x513dcafcb0f365d0cf1a07bc962d182a8f15b568722322a2d9f97fc0277ebf3a,ok
0xf526dd0c231f3339cb161c6a7b37caff81960a07,2,0x02191db8acce524efac0e7480e9d8f3178f3c563eb8d50a0b1c2b72e86d18651e1,0x04191db8acce524efac0e7480e9d8f3178f3c563eb8d50a0b1c2b72e86d18651e16d3b94f12fe13dbccc275b06d551c232cda81d6894fbd90253c79deb8057deca,0x87ba172a9d7e12a06ffd594670f4b160275885bda4ab7ca8786183be814651c1,ok
0xf631eae9033f881a35091f221ac20ee0c6b05310,2,0x03d2aaec86c935d91d0c7a0fd2cb167cf2381b483a973c46c0b04a2ef209025a87,0x04d2aaec86c935d91d0c7a0fd2cb167cf2381b483a973c46c0b04a2ef209025a87b7e52e08ad652c517730065958f2831e567765fec266ad40aaac7260a1b01d7b,0x0b9c80186808c7d4bd81bc96623cf6f599f2118a069ea12a27ab0b942b39c2ab,ok
0xf78553d6f40989079f75273ba147c13cf419e8b4,2,0x0206fc540efcdf3b2d0a0dba2030077ec33ee2a211f4b5b60239c0bee61ea27a27,0x0406fc540efcdf3b2d0a0dba2030077ec33ee2a211f4b5b60239c0bee61ea27a27fb57fb77a121470b68238163850d26561975ed53f9af7a9bc190ff38b2026c4a,0x75e629d64fe8f71c7ae2637c5f9c5b7d0ccc4db6865d20c2b7acf93dc55697c5,ok
0xfb9e4e5f995887cfd30f9c6052bcd39cc76b927e,2,0x03c26eee897a48d8e2b85391fae3f7dffeb1067f3dfd8cb56b1b8bbd42b681c1d0,0x04c26eee897a48d8e2b85391fae3f7dffeb1067f3dfd8cb56b1b8bbd42b681c1d042757166a3cffcbb8a8e1b1a3a893e62de33802a22f4c6bdf6ea573842be00cd,0x6271a8baeb984f317c64f14af08dcab379b3e264ff2a573120c026316c6dcc09,ok
0xfdb8907a9989111aa0383d103adf1b4aae4a4ddb,2,0x02898a7155dca3a6cf95f9a9f75d21ddfd1f3b94be383f1f169e0c4ba63c9433f1,0x04898a7155dca3a6cf95f9a9f75d21ddfd1f3b94be383f1f169e0c4ba63c9433f1dec7c1af3bacfbcd3a0a2e76751fecf6a848ea22c4b77537069443c4462e6ba4,0x6b4d79e9ac8aa77220d4b5831b8851dfd14ed1ceae3b08d88e25aa6869b708dd,ok
0xfdffa5b8848740f9210562d39f14132ee03ab017,2,0x025a811ed7098c958f9e3dab377785fa811791f15a61ccc15c8892a7b7ba861137,0x045a811ed7098c958f9e3dab377785fa811791f15a61ccc15c8892a7b7ba861137d4fd82fdbd94d173d4b49c8f9ee41bff28197adccd7db866c087b295077f4aaa,0xd687e9c5d78a866fe6ecaf721e6cf272e3f81d9f1b23564f3a0c0e65289cf954,ok
0x00014111988ee55dbcd8469b02e01cdd9d772849,1,0x02bbfb6ce9707115b945f4c4fda8905997a005208e1e44ac9d54104c405aa7b074,0x04bbfb6ce9707115b945f4c4fda8905997a005208e1e44ac9d54104c405aa7b07435f4009e2aaf2a246bf0325a0e94570814453ff0962e0d4ce79344dd98fb8c58,0x053300a50a8a51670f6e4698112a094a1368df8348a2d9b0048a86d1010dde7e,ok
0x00424f585d92f32ecedc5d33d8291736bc8fb4e9,1,,,,never-sent
0x00653d03b147a663390dd5c5b1a55dc9cc0bd2fd,1,0x0289527e7ba1ea36462c274273704d959cfaf4cf4d2740d97d851be4dc140d9fc2,0x0489527e7ba1ea36462c274273704d959cfaf4cf4d2740d97d851be4dc140d9fc212086a96ff8bf08526187790e32e03aa51d70b4db16788206516c14b1a29c050,0x1de6d77a4b3dc60e370aa216c7a2373eb5dc1f028d006381b925fcf8e6f5afff,ok
0x006a35cf498028c4cd81856f20caeea120094cc2,1,0x021d1215f0c5d62cbce469fefe7d3f74c85d45c4c315797f36098ea4a557a8beeb,0x041d1215f0c5d62cbce469fefe7d3f74c85d45c4c315797f36098ea4a557a8beebb4a88a24743520998cf54c9056a102676e78b2bd31ca231d69492447638db3a8,0x07bec4164d3035b9ac8f77615804e69f881bd7dc19446d9fea445df34f204ecb,ok
0x00f5ae692d8934728c6d44211979e43e01da21c4,1,0x03b68cf2b016ee34305ebcc50922cf23ae373c5e00923eec60eb95998f55936486,0x04b68cf2b016ee34305ebcc50922cf23ae373c5e00923eec60eb95998f55936486cae8e62ddc554839835c9aa4c6815185cc473a01b391215d0783ec90a14665a1,0x11fc72ca70008fea2571bd3da02490d3365118aa929833cd2f15b232daf6c95c,ok
0x0155704a00853ea14090b8e1a925372df92166b7,1,0x02781b999686aeb91271ed0f8929e1ae9512524430a13a372316495fb4c351a22d,0x04781b999686aeb91271ed0f8929e1ae9512524430a13a372316495fb4c351a22dfda980738f0f0ebef63f56dab9cb7278ea537fcaa0a14cc924ab4aaf3341df3e,0xee2c12123e08c17b4abfbc14077f2c11523a92211afe927033898cc6461e2f57,ok
0x0252bf2277ac005d83dea58a34932902356673e5,1,0x020f15296c3c50986c17990b40ff6af6f5f9f34b17b19afd141e78ee598f46cc09,0x040f15296c3c50986c17990b40ff6af6f5f9f34b17b19afd141e78ee598f46cc09b1ffe0e3476d24d5b04f0961b71f4fe92ae630468b79b9a50c3f41cd9814b2b6,0x70173849fbf1aeadac60231d1ba976b1f9f1d9e13244c917088f936ecff03d9d,ok
0x02d3b4791c23a01a8d576593ef7af4a8e16cbcbe,1,0x03f1d5f9561b3796c7d6a91497c51669d738d252c9bb9851f4f00589d662ba1b93,0x04f1d5f9561b3796c7d6a91497c51669d738d252c9bb9851f4f00589d662ba1b93c95cbec0e6266202163007b6c657dd5abb3b004e3d9cf2cad19e1b8c1c292a93,0x3c2ef1e7266f65b1161c8b860a5e044520002434191047843da922fde9124b52,ok
0x056151caf3f6d9d9f69e67cc0acd12de0aa45934,1,,,,never-sent
0x05f013faae4229e5600d956bdcf1107b4be6a0f1,1,0x03bdb7c7bf51164bf6762d00d3b9db898f081d7ba1924bc7471ea2b5e12950f180,0x04bdb7c7bf51164bf6762d00d3b9db898f081d7ba1924bc7471ea2b5e12950f180bdbf7522a70ccd93282ef337e717d0b49ba0dc6d055936ca23fd49de6bea32ff,0xacab2d2660fa951f1c29beea9c9484b73f6c4acbca59a12dc8c4d438248fa1a2,ok
0x088f32e92750f0321a81442b2894017750cdfd0b,1,0x02be9027affff3e0c06a8f5224e32bcd43d31783917674fd83a7c7d893b1e2946a,0x04be9027affff3e0c06a8f5224e32bcd43d31783917674fd83a7c7d893b1e2946a1030964a14e9c88bf6c80c5918972a5ff16498717c6397e118bde3e2cf75ca26,0x72efe6cce1e45bb6f3a849577fab14c53e3ebd171e7fc8ba9e3bc2cc60b8528b,ok
0x091b404756f3a6696e8fbd51f96e96dfb18d9abd,1,0x02712aa03836136066a734d7ae9762cbe058466ae76a5717e2618b773632c44629,0x04712aa03836136066a734d7ae9762cbe058466ae76a5717e2618b773632c44629219a4c3e9979dc55c2ac446fc16898562d173e6d100dbbf407515373c96dfd90,0xafc67a7c8258938e0a2be8514bc773bafcf20d8461c082d624406c72cdf7e39e,ok
0x0ae723ff26fb8c056740ed2027c32cce4991c776,1,0x022c0ea6cf28695b18857f70d0b4d2f6282e303626a1528970f9c107138f6eda3e,0x042c0ea6cf28695b18857f70d0b4d2f6282e303626a1528970f9c107138f6eda3e20d408ca23ec97ec0ea0946ebd21247ec5342ae0d031978b3a5ec29509ac4524,0x460515d7b2633536defa8b76e6b5d1a132fb4ba27db8718ed71a8df297edd559,ok
0x0b0d5b873ffb6339c76f8fc0efcb353163a593c8,1,0x025f31ec63ea8961ef94e5d10d9d3a115712a894aaf24478a451f50a9e5c8afde3,0x045f31ec63ea8961ef94e5d10d9d3a115712a894aaf24478a451f50a9e5c8afde364fb22aa57c63e8cb8cb05e646aaa7cba406478646a0c920bbe5f60232291b6a,0x56ba795c6e53176bcfd8bab398e7ef3dff6e5db8aa41af17fb1f884861b142a7,ok
0x0b46108307c3430f903c7aeeaaa197fef4867259,1,,,,never-sent
0x0dfe53e37b3cdb098d73e0f4016c12b7f678bebb,1,0x02434b89f28ac5dba062761528339f5ad648105ad9f7588447b9ee38205e464f67,0x04434b89f28ac5dba062761528339f5ad648105ad9f7588447b9ee38205e464f678eef7dec99fb9bb1bd78bdc293d1f19c8716dea23ff51604a4cc7cbc1b9d9b8c,0xb42d27f35e801fd8d95cd0d13ba36a24eb2102316729260725b207bd8bd28c24,ok
0x0e177146858f6a380ff77cbea4c5dd1bbcec402f,1,0x02e6edc732bd426baea9c96eb66d9793dea9b28252482a9719584dfae640ebd41a,0x04e6edc732bd426baea9c96eb66d9793dea9b28252482a9719584dfae640ebd41a98e17415603390251c0a97be3ddc305a04f6ad26132c383babbb01676a010c60,0xa2dfa9978aa0c42f32a6228eb0f16b281b9b1093211301c3cf9728f89f8e0748,ok
0x0e7045830f563fbc67dad4c30fa4e0171497363f,1,0x0395bccff4b3d6af6fb7194553eafe9cb3ec16dabc511523fb3a77be073243ea8c,0x0495bccff4b3d6af6fb7194553eafe9cb3ec16dabc511523fb3a77be073243ea8cccf14a57f7ac9e6b590820a2e21f8ef0d00d9ea882f13361a916d0fd9de34f2f,0x72954e0f5949cf486ca3f449562c8b37ef6d4c728a46236a01dc7b11dc5fdfb0,ok
0x0f28815d7aac89b02bab45148b77ee2dca1198a7,1,0x03e6a181604c34c1e856c19ba71dc8e0e6ceed9afc62435fd4fd124b919bad7d47,0x04e6a181604c34c1e856c19ba71dc8e0e6ceed9afc62435fd4fd124b919bad7d47a90d653fcc7bf1872ab17c7be4a2ae084705bdcda3edee1a27d75d27f3f5bbf5,0x40f44bdd413d999634999466dcaab8ebaeba9023b3028f637cb506d7bbe05b03,ok
0x0fcbe166e2e7e3b7987ba7ad63fa83461117d490,1,0x02f482c4e982f0f734904335c7726dfc70be3179549c7ed30956c5b56a3ceda5d2,0x04f482c4e982f0f734904335c7726dfc70be3179549c7ed30956c5b56a3ceda5d2beca1059328c2182b65d3cdbbb7a4f09b0ceef64d405d7224de8f0024d167b28,0x0eec874a149554f6c7067128d809c6bec7ac57190bb6f69089ff5da61250fd48,ok
0x0fffd0231516b69c68b0150ca99346efa5246686,1,,,,never-sent
0x103ee0363c4a4c03597ebf1b72fd59c4ed7ddbe8,1,0x03d9b323b208512df5581a8d53ef29598061ba46f94af011a76a9d6bfbfe8fac21,0x04d9b323b208512df5581a8d53ef29598061ba46f94af011a76a9d6bfbfe8fac21aa2ab9699a0f33f05cfdd9b1536c40a30ede29b5197f2fadec061e2125e75d3d,0x3439f3a4268a65106b97540d843481a1e47da4fce313d0a610f3e8ef13b3c622,ok
0x105a12f5890021ff640f62de4cebc0f5d2af553c,1,0x026219273227a287bff5bd07c244b083c716346de406b473479fbfc889f2cea87e,0x046219273227a287bff5bd07c244b083c716346de406b473479fbfc889f2cea87e533fc9033f8f06916910b505c8d4e59b4d75b682665c7e6e01093e27b1e7f5d8,0x32f85af92a53f2efc2fdded0174c3ee6fe4b37c3214723bd0e15b31b4e9cf45d,ok
0x1371efc388d42c50df46966c6c9f612888d5c019,1,0x039977c760a929471b1c23f1b973448e183beec6c1a6db6a7b539378e7469e63e5,0x049977c760a929471b1c23f1b973448e183beec6c1a6db6a7b539378e7469e63e53a2cb5b1844334bf4ede97ad1aad61fb4b1e93df20131c4eea34e6ef08279b81,0xfb6e214d367855c658a7ac220ae4693d684e20e2cee6f91e921324a15b2d0421,ok
0x141d219f158e2b5bf86cbcd5b6778153e299f053,1,0x028ea8a02cb503dd4450cc21029b7de7718323c41f07fed4900e790e7fa53af64e,0x048ea8a02cb503dd4450cc21029b7de7718323c41f07fed4900e790e7fa53af64e6410dd03901eba03850c686e715d80e5a89d6d5eaa048aa681c7a114e5b91004,0x07c48ba8761bbedd90390db56163f8df825b019f680e94b8997b583da928d7f4,ok
0x14621d75859d787b9672f9bbeba17aed9547dfef,1,0x029098adfda110f645cf66693bbac9bffa47d7feac3bcdf182cde1a03e00fc2f0b,0x049098adfda110f645cf66693bbac9bffa47d7feac3bcdf182cde1a03e00fc2f0b3d4bd0f1e46a7715778d110e62b30fc66e91d43b8323ff6fa24245a0376d0de6,0x9e981b21143105de2d154772b44f0cff1566de91c377e0c237f271740b80e80a,ok
0x15548f3746dccd3873b6cf66a5cdd510478d24b4,1,0x03040742f41ec864a6204d55b920dd4cd007d63903da002f883807400f1dcb7410,0x04040742f41ec864a6204d55b920dd4cd007d63903da002f883807400f1dcb7410548a345bbb79c3fbcac4a82d78553589217036ab697969d868ce2c95dea9be59,0xa58739001eeddcd419b8be935d023b8f0965d209db53a9a0c947aaffe06d46aa,ok
0x16e6f2b9d07b929f58355778887733677e765337,1,0x036561fa6f910fe05d5d441ff8c42f53d3acc4ec831c3aae5a55ac7e7f8ec06343,0x046561fa6f910fe05d5d441ff8c42f53d3acc4ec831c3aae5a55ac7e7f8ec063438b441bbd76191d2b5b67d6243d3c1096e8a9225f3d861e6441c5458b16d53ca3,0x083765414d1dfbd945c1681f652ce583ab106799368ca53c0435db5b3204aead,ok
0x18490531e1a3527316da47f5cd187d7c6ae46b50,1,0x039818e3198e7d50bef179752ce68500c73236a0210f3d262c2fb09a48c1b93395,0x049818e3198e7d50bef179752ce68500c73236a0210f3d262c2fb09a48c1b93395f11f50c67a73266ea6e56378410b5174921defb264ea76df7584e01ada7fa643,0xf6413f9d11061d2741c4c287b02fd367059706685ef62483aea084ee9eba3939,ok
0x18b9bfa2d8b24ec2ca1a20d42395b2ca1190bcb0,1,0x0217cb6a1c2ef11e8e3293157fa180b2c6c9ae06c1dfe40f7d1e107d010b66e8a5,0x0417cb6a1c2ef11e8e3293157fa180b2c6c9ae06c1dfe40f7d1e107d010b66e8a5520d173e834b5b2c9b60fa2488ba1f0baf22ed031c80013fe239774cd4d75418,0xb914ddc7c8af36f48825a242852d02421a744070e7b57f91e805729c9528e451,ok
0x19132fe9fb28e923da6ed8fd26db13e8aa85874e,1,,,,never-sent
0x1966046d55af0b089f7dfe37a9774b37307e74ae,1,0x039bc14d72df7b97f8386b7137eb4d4adcd4f8a9903a9df2ed71d7f31ba1f193d5,0x049bc14d72df7b97f8386b7137eb4d4adcd4f8a9903a9df2ed71d7f31ba1f193d587cee9f149123c585e0768334a0350f707c6b0a755e3f9264f50b4d08288c561,0x5d3c8b68c923b55292800b7049ba0bb14c28d5372572dae10a32608e70aead3b,ok
0x1a1d8a4da8d4c67e13c7ab22ea403ba747943cd4,1,0x03f99ff1cf7ff3b958db0b546deb25d147a073b09d3b554dcb0eb0085c1b48972b,0x04f99ff1cf7ff3b958db0b546deb25d147a073b09d3b554dcb0eb0085c1b48972b9738e55feea22a4c69bcb3a41acd20d19a26f5f2749c5e8f8e8ccbe2edc94ff7,0x9be31368fa05b4defc8790852dc5d5e0c000557e3269eb757a5dee5971ee8663,ok
0x1accffe976fbe307e0d2b2961e1ef42bd15959f0,1,0x032de96122c6800883633d55af1d8fe537f59d2490b6b632b9a102788a0095b5d2,0x042de96122c6800883633d55af1d8fe537f59d2490b6b632b9a102788a0095b5d28d76b8c7ecb6e8e5147fa48843c58de21308fb4fe6ccdd8a12cb1a27df7745ab,0x5145d1b14e1d2d41e159cfc26d5bbdf09d2d4f467217fd4f37adcd4b3e8158b9,ok
0x1b04491c3027969e1153ed2e763956859fe55057,1,0x02511beea6f0981893a4940c8f10a1792b6531579e8d06c01606edd587661e867f,0x04511beea6f0981893a4940c8f10a1792b6531579e8d06c01606edd587661e867fb27b18609a5eabe9f4dae1ba499f54334cb7e0dd17a1c39477d206488f1ebf86,0xc8737c185ac343d819c053c90c17e8a0886b81245cdbeede26ebe9ee8a320b3c,ok
0x1b850778ada35efe0217df026e0c2d0b493a62d1,1,,,,never-sent
0x1ee3e37d73844c19210b3ea24481762d13ceef56,1,0x02c57d439a2780224031733654dfadf174a3efe77857ef7d43e2223a9159d31ab0,0x04c57d439a2780224031733654dfadf174a3efe77857ef7d43e2223a9159d31ab03870a44722601b2d4e5d7ba74361ba471da9ef83d6c31beb5a93a1c250a7873a,0x1b95fa972eb9fe1e0391106a90c46e9892ae4b2f369722d6f8750c76b17db192,ok
0x22dec95f72f3d7bd8143ef23e7053f5d2e9b9bcf,1,0x028841f29f8a6732d6c034962bf18883701b9d870d944acf9657420ec367951974,0x048841f29f8a6732d6c034962bf18883701b9d870d944acf9657420ec367951974af3af24a5d38f1ed3bcf8ca228a24a6d6e0e3547cd85300cceebd80fccdece88,0x4d7a698f8d0a9b175166b04f0396f72182fe815c5bf8b8218952c489b4b9e0c3,ok
0x23a0896b92cdc7df51c125bdd0e3905128b2a0cb,1,,,,never-sent
0x23dd01ec30a29e12c39b7b697f998c3af57a971c,1,0x0343900e378dc4710cef1e4e16a7870105580c8e5d8283b177ad2bdc41a5a67092,0x0443900e378dc4710cef1e4e16a7870105580c8e5d8283b177ad2bdc41a5a67092a3668e09e420bf6c0ff10652640c7085e5b1942bb71e449057d920153063e9ff,0x9a20a89804f71138658088b33f12357649ae9d0013ac785509158b5ffe0a533a,ok
0x2404cc279910daea3b619acc374f76294142a309,1,0x02e71677c0c8b8649150cdc11f8d9a267329186220be2d29557da461b66230cab2,0x04e71677c0c8b8649150cdc11f8d9a267329186220be2d29557da461b66230cab21c8c158a03372a2f1c4e89a3ad4709395f66427ca9bf25f940ac77ff2bce982a,0xf2b6f073fe358caeb307a3761983e6d37869270236dfbe1991c0b2fcedbc11ff,ok
0x2507a82c8d0df99179e85f6caff95e4f2efa9e62,1,0x021e37bf186d00c2c17aa3954f284b30fb2b36f3b225dc089023f490ee68d97b6e,0x041e37bf186d00c2c17aa3954f284b30fb2b36f3b225dc089023f490ee68d97b6e16066a3f7bf50fa8e1446d5ff5d029d6028fbb8d20363e706dce4752ec178486,0xce0815fbda1e0da54b42519705915dc218c064625f697c2233e080df5ee19045,ok
0x254768d47cf8958a68242ce5aa1adb401e1fef2b,1,0x023ca867bef882850733fefe4a0be0b98ef4b303984429c872345c0b936d5ae0c1,0x043ca867bef882850733fefe4a0be0b98ef4b303984429c872345c0b936d5ae0c174888613d88b1298f5149c7d638e0db119868e2d338e11cacce52448720d16b6,0x503736bf26d5190da5b2456739763bd05cdbb7f2b3291c5ccc04baf41d56a89c,ok
0x26d2fd4636e81fc094fa49d165596ea82a69d560,1,0x028d5388e1a2dc8cfaee423ab281624410fe21c3f102d65a9471ae560bfa4d5941,0x048d5388e1a2dc8cfaee423ab281624410fe21c3f102d65a9471ae560bfa4d59413451ec9988816ba52a49c3c90f8059acdb665bb22214dcdd492872b74e59fe84,0x7847b16802fb4f7c1971555859edf61be89a0862ce13407fa401d71a6e5e6a46,ok
0x2701b92b31fb6e17c6e10568a096c5c3987c3ad6,1,0x02934cd8627ba6f2be1498a1a373c7d0e097651e159f8496c605aee74c03ef8186,0x04934cd8627ba6f2be1498a1a373c7d0e097651e159f8496c605aee74c03ef8186eb39fdd57b30e4498e4afddd2a218a7d47620712bf1e0af8b949a015f43014e6,0xfaaaa8bf5576981e2c5960342220e62c7b0272969ff7ae2d494aa9b0d901433f,ok
0x2909274430f875b7c65ac25d1e900816ec96e6d7,1,0x025425cca9f7747ee4a81e753125d46bdd41dcd2d21fcdaed5060d3942beed5806,0x045425cca9f7747ee4a81e753125d46bdd41dcd2d21fcdaed5060d3942beed5806dfbe7d81a3c27d36c949006ac12a9db026811a6774090eaaf6eb7a505755b9aa,0x8dfab8880b59709ec88d7bbec1f41ce11224c7e001653440bfa1d56c03976194,ok
0x2ab6f51f76a8bfaa260ffa7792e5b399ee0309b2,1,,,,contract
0x2acfd0152bdbdd5aed36984d4897e08449a189d7,1,0x021f766fe6bc53b03110cd7bf4d74c01d86fd4d888218258d4ab34aa156661a998,0x041f766fe6bc53b03110cd7bf4d74c01d86fd4d888218258d4ab34aa156661a998845f89bb90c66c389a24c92c8a6f1d4ed0a50b87d0b40578750a23bae6e7ee2c,0x134223477e4bf667e1fc7459619cd365e0433c6c58cee2a4d1f66977d625c2d2,ok
0x2d01867ec76e026f629cd0b3fbf1d91b31d2048e,1,0x02d1391acf3cb749a6d733e0d093691803a5fe6ffed220d679ef66a45c878cffb8,0x04d1391acf3cb749a6d733e0d093691803a5fe6ffed220d679ef66a45c878cffb8a293a25850d732d688c4144af54f599a3cf77d61ce21f05c1172cb83f1bad276,0xa8f3394d7250c6fc05569396eb0fc969bf1d947c7654efa31e3f26eaaea320be,ok
0x2d54ee0d7c55d67d9cc31fa42304907da64d5876,1,0x029f9288bc5fae760dbe0d900d6fedfe2e3e528a1f5f7475fad5cc641175cf1b2c,0x049f9288bc5fae760dbe0d900d6fedfe2e3e528a1f5f7475fad5cc641175cf1b2c4f97e0102de5604bd71dcf391f37e793a1485d028576f2d165f164675c7d9762,0x314d1cc5cffdb817ef3473d3a1df07297c832bd1931571aa234ada0eefbf4a03,ok
0x2d9cbc4ecfbd1b8f66aa798fd51585ae058daa8b,1,0x02908368c4b1850aeadd8dcb546969d962734bb35b680d13ae783943c52188a9b6,0x04908368c4b1850aeadd8dcb546969d962734bb35b680d13ae783943c52188a9b6039ecbc79aa866c0d4268ca9e35fbeb1f81eee6c83a616797a90d9b64daa90d0,0x84f5ccd5227aadb60f85bdc40e800696a0530d98978517e6671d7a9edb8f1eee,ok
0x2f3e361fbd5eab9e384946f562bef4afa5c22b1a,1,0x027d4f992a11b8a484b97c9395749248f4fee0fda6fdc46ba585521946d783f834,0x047d4f992a11b8a484b97c9395749248f4fee0fda6fdc46ba585521946d783f834e9db7f460e15e3915a0ed668ce69e8cc0dcb9e4d5cdf116580f512cc511f6d0c,0x0d25fea0aa2e85d408b75bdfb1d0d15cfd925931203d169241d8114d11229979,ok
0x311b0b40eedcf3fd99119a7e25688e15e41eba29,1,,,,never-sent
0x338419bc85bb2fe07219cea73af9d70d8498aeee,1,0x0327b0d789b8de5680199255a361a990d8175bbeeb221b885a353d10fb279c3360,0x0427b0d789b8de5680199255a361a990d8175bbeeb221b885a353d10fb279c3360cf3c2bb473040c29be1bb19687583f90962d936cc7fac2376615eb3a1a113ae5,0xdd76b5dac0c94975da199190245fb4a11b7c046b0a20d47ae8320479d84fff29,ok
0x37dcf25b56c4d112eceda5f72595525620696918,1,0x0352442568af65d46c85a78d71c5658e6ed5e1414f6024b10f9830d845f68e729c,0x0452442568af65d46c85a78d71c5658e6ed5e1414f6024b10f9830d845f68e729c4062ba04187eb306b8d51504723e8aaa886a498567f7862805ef011da013ff0d,0x9237f5db006a71ac51901d8637229c07c99d75f2c651cd7cc119f6e9bf2077f0,ok
0x3a49fdeeabe2ef0d85b0eeaecaeaa883e1f5cd10,1,0x028505e58d3cdbf34091217c6323bb8d670529abcf61644fb35da4c8f477fb8f24,0x048505e58d3cdbf34091217c6323bb8d670529abcf61644fb35da4c8f477fb8f24da92a022366e749584ba7a654109b548d4b0f4f2631f4f0ee693b2204b979a30,0xd357cd6a27a16784e4aea8a82628b75ae634a9afb561ef997247874439247958,ok
0x3bad58514a98fcdba7ac0b010a0554e3d724f031,1,0x03599a76705183de393c4982cd5613f1bf162a429f8b951acbaa32732f3a1b5343,0x04599a76705183de393c4982cd5613f1bf162a429f8b951acbaa32732f3a1b5343d01e3b0e2ec672481bb00c3d303d87a9d3e9c1f5f210b0300bd476dd9f456627,0x38eca4767c5d0f3704421a639aa841566c30b68023e06da9b00630992eb8f497,ok
0x3d6ca4b9d40237b581230154f33185e8531b0993,1,0x039e4726b54d003d0b4cf40eb30f7aca430e9012b4b3c69bab70aa92d25194a1e9,0x049e4726b54d003d0b4cf40eb30f7aca430e9012b4b3c69bab70aa92d25194a1e95fdba4f59a40bdf3a046bcdc02df8e370440564880a671724c4946953d05d549,0x4733efb7acb9eef3c17eadee0bc8b7b482c77ceb329e850cf1ae4ba3c4e8fd3a,ok
0x3eefbc9943b2afb7c67842307380da523395bf46,1,0x0382000088d95d0d1498d2291b4444af194a68ab0922a938f6c27259e6cb478a0e,0x0482000088d95d0d1498d2291b4444af194a68ab0922a938f6c27259e6cb478a0e0a130c9189ee5e39ebe3bbfc14cb6a4a6e34e2bef7a37579ec6fb88da240779d,0x61451a2288f8e528f8cee3349ba3b437ccc37ce7a4d60996ecf7b1c211c69c6d,ok
0x3f3e4d8a7f05331a1ccf79a7018ba6b75b6a27b9,1,0x03f60cbb41512296aba4396ec6e8627957e452c7308f85fd50c68c5bb0a2ecc225,0x04f60cbb41512296aba4396ec6e8627957e452c7308f85fd50c68c5bb0a2ecc22505f22337152906c154975b65597ad9a3690d3a80b26417c3c4f8233bb02e40b1,0xd80281cbe433642a08527213ea27fb44c8d5801e4a8ec6f7851fc0ed106fd6ee,ok
0x4183fb45c316ad244a85c20702305b6e6117d70e,1,0x0296c3fa7f21b8997e7a5b3fb2f520dcd82753cbe285638d08d6108e6fd7a76eb2,0x0496c3fa7f21b8997e7a5b3fb2f520dcd82753cbe285638d08d6108e6fd7a76eb2f1daf6f6ce389461ee6e4e8326b688c0fa442a22e1dabc787ea700ed3563d732,0x9c9a17460658dadb80f89cc6df569929d840b587c90740fffacc15299866de9c,ok
0x41b79f42a3b6fbca794a702d86e9a6b05a56994d,1,0x03ba0e56af2860c97e48ba4fdc055751f029aae09517b4ad5b4996d0b1dcfe63e8,0x04ba0e56af2860c97e48ba4fdc055751f029aae09517b4ad5b4996d0b1dcfe63e8826bb4f3ebe84606459d2791072d77b6161059fbb6cf23adfbac3b13f3808045,0xa0ec451536515e1181e95cad6ebbb6a70507edc7773fccb211457a4f3e259130,ok
0x42a5a3cccdfab70d792541551a737a9762d54d2b,1,0x024c68fb7ba62fc5e6b17b921cb7a6e7815e8a4155236f37bac17e5680693a1afb,0x044c68fb7ba62fc5e6b17b921cb7a6e7815e8a4155236f37bac17e5680693a1afb86a59cc220e9e9ac4b6aba89eada9e0cb31234aa14efd1b1413e19baac493652,0x729490ded295ff13efed2b9863c88b6f53e5ea0682e9afdf4867b76df248f0a2,ok
0x4419bc78f55fd6114303380c1f4f79e7d1be4f8c,1,0x033bbdc7956784de34d3b3da7bc2a427e95a3f116b173c41216d5573fd3e00befc,0x043bbdc7956784de34d3b3da7bc2a427e95a3f116b173c41216d5573fd3e00befc919bcd8e261320e5549dd6b34224d48fd811ec27f803b52bb476682aa3eb5f5d,0x6d1346526bfb49e7c68ccd5db4279a0220a06fdd84e560ebd21795b73011856c,ok
0x44b31cbab22415884bf063dbe6067d6766facae5,1,0x03a18dc833dc44b7e3ad0d0a3b0eb75b06c6f8984b065b023546e04b47f867d867,0x04a18dc833dc44b7e3ad0d0a3b0eb75b06c6f8984b065b023546e04b47f867d8673f2954bebdf92c41528fc6132a19cbeb1590164344238439f047b90e5ee4d899,0x377578729e104f37bd1ad06ac2cc7031c7f3a23eff8a229820c546926cfd5d46,ok
0x44eca60441d3970d8d60ec3239e6d6fcb8b45a3c,1,0x03d4695b76c35eabc2456fd26c1cd947990aafdbe6d919464bd28624d9fe10e244,0x04d4695b76c35eabc2456fd26c1cd947990aafdbe6d919464bd28624d9fe10e244b16e139be41a6df3ef939f9f492ad23ddbe1eb46281fae94a475defc00c08ab1,0x5b1bd3bf5edbd06180030642104abc47bea7b0cb2dc4cb8d9c16c19b767e139f,ok
0x44fcd4610acc8cc1da18a491d401421662da5366,1,0x03a54e48f675d6a69b95746dee2035512f80ecd60c0aa91c2b5248c67436de9758,0x04a54e48f675d6a69b95746dee2035512f80ecd60c0aa91c2b5248c67436de9758287dc81b26d06eb14bbe07508a74100784b93da8024f3288c7f7e989e799e5b1,0xe3a2c2ddda9e6ab94beb1a3b645deab0e6dadab928a37a85fdd8e9082867011a,ok
0x45a89affe69d4f2599b85069f642d85f8fe1cf36,1,0x03bcb810eb468a63aef2545f45f6330cd92ed83094ca52fe6fa3fbe98195f7708e,0x04bcb810eb468a63aef2545f45f6330cd92ed83094ca52fe6fa3fbe98195f7708e02b4a751b40946f2167875ab3c93d69f694b79473dec29cce7461dc38082fdd7,0x49abd94b2d10722d18b318a6c7796fa8904b499d94bdf18dfeff7f32f4ee1cd2,ok
0x4791311c1953d343c753f8ec830339c066667bba,1,,,,never-sent
0x4865cb919a5e82539b4ae3ef14b344eaf2ffc405,1,0x03ba975db055f7cf2431559ee5fef4a4b34599527d8df6abb90b29939a3d959897,0x04ba975db055f7cf2431559ee5fef4a4b34599527d8df6abb90b29939a3d95989754fe340d23bbe1c0c069759b08906a6437d907c00d70e4fedf6c81c973f4dc03,0x314492388e339aa24a3d1508533843c586b3dc5cc39ef1a1d0bf5f8b457ae902,ok
0x4b790db2046ab8ece77852ae6f62df2c9ae6559a,1,0x03233df13cce7068d780a39c8ce6d19700a1723bcbd2e40b7963e1a103b211e799,0x04233df13cce7068d780a39c8ce6d19700a1723bcbd2e40b7963e1a103b211e799b12a25bbdaf6edc37665fecc22bfec7f7cab9c3c298a5afaa7827246b5e1e25f,0x448d02cf2f514b41d984ed81db1ea2cca778ae1008c933e07e59bf3d6491e941,ok
0x4d32c8928dce876717232721c9bf3f6bc5e94862,1,0x031174f08591397139a2477ea01763c11dc86ff8cc9d5be136912611d52934d724,0x041174f08591397139a2477ea01763c11dc86ff8cc9d5be136912611d52934d7247bcf77d2d0301d47e1d011dd98ea5ab329821d17ed3b5334c3d8c35c876782d3,0xa2253148d4c6bbc94fd21fd88262fc9ef2b08ca4164c9bb5af6244ac19c89f5f,ok
0x4d66df5af7b904b3e640e9049701311a0c760b79,1,0x0203283bcc31d75887cfa14c57c157aba462ebaaf15a190471e97976446fe16de0,0x0403283bcc31d75887cfa14c57c157aba462ebaaf15a190471e97976446fe16de048b8494f6c291841d479d7832ee3ae7568641c486a2a5600055abf1508300688,0xf5d268f78c4119f75c0c8c0a4bfc2a02c6671b5a490e5d5e2aed09174d11e0db,ok
0x4ecf2d3a41f0fa23ea462b6fae68b940c453791b,1,0x0323d09f9e463cb1996936887e0958414535deba1822804f337e2e2eb27500396a,0x0423d09f9e463cb1996936887e0958414535deba1822804f337e2e2eb27500396af7899d0cac4c1b2d1b3e1aca0fd2223c48af56d8039722331b8ca179d50e0acb,0xd82d3150897f68133563e90d91aa2309d53a6e393a4eeeed4af38a972c38dbd5,ok
0x4ef9bbb67c428fe52fecf5fc307ccb1ca2950de2,1,0x0346bce120f6481fcc78c19c3a302fc51ed48ab7cb2a5d24f25089b47d3e22d09b,0x0446bce120f6481fcc78c19c3a302fc51ed48ab7cb2a5d24f25089b47d3e22d09b801da82e648bda82c96ca28ecd6f52cab8b43d0ee113dde82a967d55933c1ad9,0xcc6ecd6e62d03327513d676ff3df72dd616ff47b6eccb8491e626fd8682499c0,ok
0x4f67d4909fbd3181f31931b434357fc22e379104,1,0x03a07fa15cc851fb4cbb4f9e5b7371cb8324016f30699f02b12da18225454ca815,0x04a07fa15cc851fb4cbb4f9e5b7371cb8324016f30699f02b12da18225454ca815807480898ae3f7e90dca59df5b2577b2dd52a671011715bf9da9b7043c3c3151,0x9ff6cf2741d585fa6f56200a9c50e0d7fc5167c5cdc14519feb42a1fe4b28566,ok
0x5017750e3219fb94bec436ec31f835faef11282c,1,,,,never-sent
0x520da439484591270433eedff25b4d08e22a65ac,1,0x02a6010da5a6ab8f0b4565ffd2fcfe739dfb4e0775771bb122cc746d093a80ba89,0x04a6010da5a6ab8f0b4565ffd2fcfe739dfb4e0775771bb122cc746d093a80ba8996dd66a648183c77fc281074f43264edd73b0dae61b47b6e5f8e31112df1befe,0x496ab0cf9db3ad166bb2db5666f9e6c754a13abd1efbc4279dea0bc2257248d0,ok
0x5249b285ff924cb0de2d6d75fe91cab7b2ef0483,1,0x0365a55ac9a37912fe2e530849341e00260ee4ac83649722c594dcc85f525a5471,0x0465a55ac9a37912fe2e530849341e00260ee4ac83649722c594dcc85f525a54718dc0797b3bfd54b15b76652ccb45b140d80d869cfd593d1e92cb5227f33002a5,0x6eb81ef79fe2029e2dabedd513015ede3b37ceb49d7f0921ed3aead914da1b5e,ok
0x54c98d7c0fd45a2568dbb8db49aa7ac2fb1d560e,1,0x03137f89c4dc15424606b3a8273800c6da724f82a73b4fde1433fb81085d5ebe93,0x04137f89c4dc15424606b3a8273800c6da724f82a73b4fde1433fb81085d5ebe9382fdc6f478ee0eaf068c5acaee9e19f782f262a6b57ce3eabe0ea0bcaa2bbf9d,0x8f411efe58b31c195339b864aff1f8a491871e4af2399678db38fb039e387b1e,ok
0x561d6620be1724d5d37aa8d2659dcb3c3d2d51ab,1,0x02b1c480dec626378d03a4910d441753a439f9257c92edff9cfe51cdf6c95d5782,0x04b1c480dec626378d03a4910d441753a439f9257c92edff9cfe51cdf6c95d57827ba6774da0d0b9730d7bf1fd98714af7abf5f721dca6268d30e57f4ce9adb570,0x23174b30bf2913b53aabcaf60144ca2030251de2c095ea4ac2fd7d9c76d2856c,ok
0x56f2205e445c999d83d8607e03e19cdb87f7462c,1,0x02976c4e3cd1340697e5d88a7222d54a0dc7349338ab375abbcecfec10c1126a00,0x04976c4e3cd1340697e5d88a7222d54a0dc7349338ab375abbcecfec10c1126a00f1d728f1e2f12128cf2d5745ff025fed95c258c6a740208329e41324159ff1dc,0x6e8f19b8e4f2228348640795363c739f9a80364654d354919c168627b4322a0d,ok
0x57a415f5e64edad0a8f5a15c6f55fe8d6b24bac3,1,0x02d419859530ee61c8f942010fb449bf97c1f99038a233c71de5ac8188ad604ffa,0x04d419859530ee61c8f942010fb449bf97c1f99038a233c71de5ac8188ad604ffaba04bb449452ebe5db852919bbdd67e6b0628cc37cc561b483d91f54222a0f30,0x6c3a04da6528821f25e0f5167850148217ef92a8e5b78ed7dcb27327df062876,ok
0x595d92d4166d71380af13aa8d3b54cb3ac614e46,1,0x0246bd44ea28b8ea7c8e6ffdbaf1100c61fe7e621a8aab5041300e68ebc2845dd3,0x0446bd44ea28b8ea7c8e6ffdbaf1100c61fe7e621a8aab5041300e68ebc2845dd3bcf63aef162b29949411cbbd5064bf258484f30c0d12c813e9264ab625d7a06c,0x82715ca151ef0c823541f3d11c50dd099f8d7d5e513eddccc420b2f50149208e,ok
0x5aac7854bd729c4ca5d1dcca8198725d4d6ccb4f,1,0x038dc547e34f9bb7cd0e9a9f91e4fdcea2573379630b650deda15da878d79b01d4,0x048dc547e34f9bb7cd0e9a9f91e4fdcea2573379630b650deda15da878d79b01d425f84ecf069a5d1cc273c00a0a6a88be2d754a193815d21cdb1034ce8073e439,0x0217ae5b46a260634f06e6d7f2d21bb54a29dc49a615bc2a81507cdd93054f3e,ok
0x5b8529482ebf5a946ed066252abfe979f8aa3099,1,0x038f73a273197ea7f9528a25f982c147ec20906d750fff9d1860ee0acf7e672cd1,0x048f73a273197ea7f9528a25f982c147ec20906d750fff9d1860ee0acf7e672cd16046a875c4a14244673326209b9e621a64a93e0ab8b947d3873d629eba58f62d,0x5d7ab5f854e6c9ba1ae22d5f20d21bb365d8a585d3d12c1eed85e807c0ec8ced,ok
0x5b8f0bfd2b4932c330f3498bbc2e6f2b0967c4e8,1,,,,contract
0x5baa316b2ea6fdc7f9caba6bd64cdfdf293b1e6d,1,0x03d327a3a9f974b7426ffeb8185ffca2ada10e406d7f07e025869c587b925ee274,0x04d327a3a9f974b7426ffeb8185ffca2ada10e406d7f07e025869c587b925ee274a738d7d2cb528a8c5d0c2e827a1ef4f38b6757df5cb40969b346ec0332925ca7,0x7fb954a71118150c747e2bc583cecd907b8cb358755db0d1a5c24844b95ad302,ok
0x5dc8956c8224587d045920dc1c991e1909c058a3,1,0x031c7e2e6f92f018f527af979c049c5e0402a84bdb8f663034551a691f95dd5a88,0x041c7e2e6f92f018f527af979c049c5e0402a84bdb8f663034551a691f95dd5a88485ff75083cccd7ee4bf33a68788ef8121067604873ebec836d36bd5dda17cdf,0x41c0d6c39ae79016fba899debf47ab79c60a7bb113e6e963028a5cec9834c3ad,ok
0x5e0e048a64fe1134b66351a8ec1f0fbeee7cb508,1,0x0203c478779ab211713f3d1210c670c79bd0b8de71e8fa339f7db8d79fab702a62,0x0403c478779ab211713f3d1210c670c79bd0b8de71e8fa339f7db8d79fab702a62f031b9a85cf651340df0c434a0bacf222759f40a37551227b36451806bff1ab2,0x6a497ffac82f3e8be6cf708bd730eb14f05c4758c3efbb10dd08fc91ee67e995,ok
0x5e1c5d5eca111cb51755dfa2f5dac980412255e1,1,0x0337a76a6be8676166cd4b158f0b176758d798a494969b0c18b2e74239cfe61fbd,0x0437a76a6be8676166cd4b158f0b176758d798a494969b0c18b2e74239cfe61fbde4c505d621d438a4837dc5726533d8c9b5815c75fc646d3bf837f5f3d7e14587,0xa532a6b0931e9b160cf669141eb18766bbac3c3f787f50429723e84e00dfd3e9,ok
0x5e3bb9ffa698ae15672b03f38e8e562104b86755,1,0x0239b2154ab6afc9c0443f2c74659802721d2c49096968360a9dce0d7c27a21e97,0x0439b2154ab6afc9c0443f2c74659802721d2c49096968360a9dce0d7c27a21e97ddace0c64bc86e35f7f35a702e1d4c68ecd856d998eab170cf3818aa74fca8d4,0xc13690d510096023048e3b7a3085d2b241a44567c7a0bb19e8f5361bba2969c6,ok
0x5f03622ec2aa940b0eba0f52149051d4a62e6c89,1,0x034ea3c4c82e7e02ca307174e82144d466c8090362e99818c9a2a9edcf5ef6581b,0x044ea3c4c82e7e02ca307174e82144d466c8090362e99818c9a2a9edcf5ef6581b61eaf02e7b8f287c06722df6c715832c8094b738cb63838624324768db71807b,0x5cb4505b531463a139bf4ba776ea4ebb3967a3e051e38e287159d06fb6554b65,ok
0x5fa5c46496414150a0d64ee844ea3427317e145d,1,0x03ded63d828f248c5b3522eaf906939efd90762730095bdecea21b5b41628c3e9b,0x04ded63d828f248c5b3522eaf906939efd90762730095bdecea21b5b41628c3e9b9a3ecf8d13218443384b74bc7ecb11a3cfb8e9f94ee05722d4d38eb664bf9689,0x26d662df0df758b17945a7e6fa87f484d29332f371a398b5ef749ef7939af9ef,ok
0x6015db1d04ba5e1b9992613859fb4b4dfed49004,1,0x02174f1f5a9382eca49fe07e4dde2627d0552f214e72386b5cdabfcad8594348e4,0x04174f1f5a9382eca49fe07e4dde2627d0552f214e72386b5cdabfcad8594348e4bbf1fd1526911f494be203996f7f7ec5ec1b2ecfec6fe1b5da9f6894485fa5ce,0x07cb6f38d64d1d42454fd185b63e2fd37d60c29013022d1dd410997891fe3334,ok
0x62275df735f108139fa469203076c778c64087dd,1,0x037c8539d07fea1238c0f5136e7ed9f4c4dcddeea4459dd32dbdc7a7ec04375d13,0x047c8539d07fea1238c0f5136e7ed9f4c4dcddeea4459dd32dbdc7a7ec04375d1330c43208928163f76428afbe356964e3185ba06203f82711c3886019139e7b6f,0xd08988b6e1e45a7b9e9e1a8a04ca432f5053566a0e56d16176909e7900d5bb23,ok
0x62b92927dabf97bed0f7849fbee1cd52e9615b8f,1,0x034d8ce1bc71d7cb178865b83e73a7d4e005851648713912e40bddf017b6d737fa,0x044d8ce1bc71d7cb178865b83e73a7d4e005851648713912e40bddf017b6d737fadb8a1bd44c897e8dc8662cfeeb8e3575c5dbb9d1e5ec2fd174ef5a63592f30f3,0x1dd57c72588361ba6f75e54249064348cb51dc6896784f00fa110530ac3f2fc8,ok
0x63e276f101a2e21ef8f18709649ca53ce27cf5e9,1,0x033ab12af62564527eb39d237d21c92437f3409d6feedc77e3cb88bcc854f1a96a,0x043ab12af62564527eb39d237d21c92437f3409d6feedc77e3cb88bcc854f1a96a1457c9cce7fc70892dd7df6a5017cd665e22c5287ac295126a4336e9a7f5faa7,0xc141abac7ca252565b4f56c901facea0a9973315558d1f3da6e9f4969a4072db,ok
0x65dae20d53d51371f11fd80242219f0d6ba36bae,1,,,,never-sent
0x66aaca1c63f77c14cb9859d10f8f38104cefeb31,1,,,,never-sent
0x671a2de8cd372f9d0724d877b11468c496595e6b,1,,,,never-sent
0x681ecfb30ca5f4126bb9e570415921c228670877,1,,,,never-sent
0x68ce514dcf22e1c491c9ee453e2302a63dd84a21,1,0x037252a6491fb7ac03c2a41980984e29ea881233da13659dd472ba8ef17ae20672,0x047252a6491fb7ac03c2a41980984e29ea881233da13659dd472ba8ef17ae206721dbf2af018397992718c6b36662a65362392b11561d140634968704dbf444c3d,0x181f65684ce4947c8a72cb93aadfdb29bb9997e3d539d226e159cce18d0831f4,ok
0x68f8dd242f2445fa4028d4e7efe1dc5587edc190,1,,,,never-sent
0x690f3d531160201b6eb7d1b0a050cb687462e5bd,1,0x0268c89651132b0070234d9dfffe0232e894f548aa72882bc293dd8a0ce2a199ed,0x0468c89651132b0070234d9dfffe0232e894f548aa72882bc293dd8a0ce2a199edd3453ee4378d8ffeda5884b96a28c70af8fa4ece4950c73d7c115050fb751692,0x4e46d99082876bd6e0cd747df6514046db071c2a5e091f1342ea42eb131da936,ok
0x6911b74fe899c5e6cfa9540c7aff7138a1eb64eb,1,0x029a705229aade5a07395d8c07adf1fa56c862adb5c83c68f2a250f5e09e364285,0x049a705229aade5a07395d8c07adf1fa56c862adb5c83c68f2a250f5e09e364285b97c24c2eec3abc5c11928d6e23f3ce98d5d1d3f50b9166315a70df572523dfa,0x33212451685512418838a33480bffb91c538075c3bd227ecd27fc6165727f71f,ok
0x693041f1515e9326e09ee62b16a2f4bd9deaf6e2,1,0x0392af7aba91a8a9d5907b75ed12f7ceb0a0210b0c59337cc01aa154afe8ff7e16,0x0492af7aba91a8a9d5907b75ed12f7ceb0a0210b0c59337cc01aa154afe8ff7e16eeaabc94acf6258f452c4ce83b55a6d5502fc7e8644b5eb583fa78e423974439,0xef15d3c38e5f47f2375fe3ea17bd8a9bf2301d39931d9e0c8d49ccc51318a7b9,ok
0x6a73c2753a3c6cc06e58b325f25735ad0c5d69be,1,0x025eb4a16c7934ed5b5c3b102866fc5b5845f1dbd67278ef3b15a85696924c204f,0x045eb4a16c7934ed5b5c3b102866fc5b5845f1dbd67278ef3b15a85696924c204f20a86a93091bd5825afbfcb7c7d5ad3b19f5b200ce5b9c6c6b27d2446b6f8e2c,0xe847bdeedf203f287c195db1fb8eb7f8d8394758cb4ec3b8385691117b2bbda7,ok
0x6a7a39fbb9bb2472ef2b093d3331b250eaa33b7e,1,0x02d2bbfce3b6cd8e5e4344f34efffecb0be8c5f8cbc42b50ff34780fa881f1c264,0x04d2bbfce3b6cd8e5e4344f34efffecb0be8c5f8cbc42b50ff34780fa881f1c2649663b95ec25ce1a9a8e1228faa05f1f148d3c5877d0dc7bae270316dfa5c7ad0,0xae267d9a4067118b75edcc0e0a3020e3240e37078ba9ae6a8577cd180858d748,ok
0x6b6f406a8aa7176bf5b16977723a423280479632,1,0x02aa3a73925677d4eaf26581d05779eb310cf9f132fdd559937c754bd42a5c60ef,0x04aa3a73925677d4eaf26581d05779eb310cf9f132fdd559937c754bd42a5c60ef4e890ce4848b7c3f9c490ce360ce074a9c54b18d3a1cfb584f890ce8bc83fcec,0xd388af59b1e89f4d00ee18547afb61b380d14d29f7248119838966706be29bf6,ok
0x6baf22c2b7de4535f9abbf69e2cb7db0522a507a,1,,,,never-sent
0x6c9c7b7a8d79490e034330d8f8118a57eabb478a,1,0x03d49f2bcb1ed757f693404886b7574b929638f033068bb0b377b5487ab1145a95,0x04d49f2bcb1ed757f693404886b7574b929638f033068bb0b377b5487ab1145a95b3175bf11e35d16cf3d5fcdb6f967022757b16dad6d37f22e6bf306074f0f27b,0xc917971b9074f3bff7cb37ca45e714e101134df450e8d840e30986b3aef5c9cd,ok
0x6e4ce46d2cc8e586fb960f5ddaac66bcb1c31161,1,0x0239a75c209789dea230fc22529326eb7e481a03ee6291a6441d2412763dbdbbb4,0x0439a75c209789dea230fc22529326eb7e481a03ee6291a6441d2412763dbdbbb4913381f54fff8b5c093cf6ed31c579a7346d96f2c2e735d1261c642ae152dc1e,0xf5425646ab935226baf1bf83c83ecebf6bd456d85c898622ec5f6fb9142cf2d4,ok
0x6eda108aa2fffeed209eb398530c9264140a6f36,1,0x02c6d59be330489e45b24d0fa30522d0a690ceffb431728cd4dd3c07bc4af300b0,0x04c6d59be330489e45b24d0fa30522d0a690ceffb431728cd4dd3c07bc4af300b069f5a5ef7226a27b26d07f1115dfd88f96415ba9d6c83d6adbe80432cd0a252a,0xc8da1345c20d7bd14708c2c69384ba92f0ea5f1fcf579252e585d861d2b58c91,ok
0x6f68a53b7a0cd9db8af82534c25bf633cfcca5f4,1,0x03cc7c2c7162358531f2dd5fd7503533dc811433134bc9ee0aae0d413c296953e8,0x04cc7c2c7162358531f2dd5fd7503533dc811433134bc9ee0aae0d413c296953e83cf318721ab6a3ca118fbb1d1de57e3da06ef3bc4c15cbffc323bd5f2d255b91,0x08df403870f3592f808c22c4061544eff35ba513106687abac5c206572d9de41,ok
0x706bebc90ab96bf5de1ed535267e8cb353e0448d,1,0x03281e4dddf3eaee7356209eb8e9067502a814db55aaceb634938900b42f4c5125,0x04281e4dddf3eaee7356209eb8e9067502a814db55aaceb634938900b42f4c5125e54dc3e1873c1b05fc61b5c861ed1880dbfa60bfb41be0e14d00fc84daa9968b,0x2e20f9f00e618c73e51faa041ac42693a4f8ab4cc7bc8d528ba6bf5d6def8553,ok
0x7095d3ccf10fa52325006585226e4383268a8fab,1,,,,contract
0x7103de0e84caa04ce31a286d0107c270bee08996,1,0x038e6db439b32db44eae54d5c327a905fcd4565667ef9eba776613cbea0c73758b,0x048e6db439b32db44eae54d5c327a905fcd4565667ef9eba776613cbea0c73758b8c6a65b94696b22901e14b74c4a58f28c8acf89f3794dc585497c12131fc8b45,0x2d3c917e6f579f7a80642c460a672e6056caa9b694efb45f6decb1db228564f0,ok
0x710467e37833456fa33371622ff06e2478ea2bf5,1,0x0383b14c4095ea37863c42515f7390f983517285c359e76cfa079fb9116cd84b08,0x0483b14c4095ea37863c42515f7390f983517285c359e76cfa079fb9116cd84b08858d4275422d088ba17449869d34648e72016b3d2b354639572855994d930827,0x502910cc9ccd9258aeea123848fed3a5aad526b16d386622aec8eacbbf01eca9,ok
0x71bb5913d2ac0bccf0264dc7fe23a08683029c96,1,0x02717dcaef85abdb62bbeab62209961150be42a49749783b02a14ccad8c7d2ab67,0x04717dcaef85abdb62bbeab62209961150be42a49749783b02a14ccad8c7d2ab673ff65d11c41103506ac700ecc7065a6f875a282e4d94e2e95dd91c0c93c46b18,0x69f4ea7df7702f9a6d82201cf4fc12f55159f47e75aff5ef09771d5aa11d7381,ok
0x737b4bad42aa643f25c5b0d94eb9e9dc1f47f5a6,1,0x03861a0127b41398becc3104740b4802d89d8aaa4ec6b3de4fbbf33f823a2a9c94,0x04861a0127b41398becc3104740b4802d89d8aaa4ec6b3de4fbbf33f823a2a9c9477e2371383a0cbdea12fd9c29d673f679bbe5c447773dcd64ebf7b81b57b886b,0xfd77dd39075ab0c6b4a8c5d545fcda60ae4f2ca3ae7640f71a3d6ecc11dc5d91,ok
0x7500c970df7896a7f217e6b9bdac620918b3de6b,1,0x02a37cc15703b14f493ab46a3f6bced6a6f77f14d09ea734e8e80f630fd2e1d4ae,0x04a37cc15703b14f493ab46a3f6bced6a6f77f14d09ea734e8e80f630fd2e1d4ae2b9d48a157a2b318d9f10ebe3188034ad87dcba4d966262da5b8c0e045e41fce,0xb24c340b35c6b64918ee3f3f5d7c7254a879ca9bfc4e2d6648431988864368db,ok
0x77166deb1ecf389e0e1247f7fb5b01adf3d18be5,1,,,,contract
0x7778dd8fc562bfb26cc4af01d6e4e956030e3bcc,1,0x03b4e7bec7d3b9a01a6f363605db3027d78839f6b150242267e8a0e81a04e6f5f6,0x04b4e7bec7d3b9a01a6f363605db3027d78839f6b150242267e8a0e81a04e6f5f6f91bd2341aab53aeea588a35375ee56ff36201d9afe1c098c2d2051c462edbe5,0x88b1e67bbac577cce92d0018a9da614426c5c248289815ad7d49b4990c8146fb,ok
0x77a43a7694523bb2f070efe6312fe46d05e06081,1,0x02da570c3aeb039f549e0d590e047fdb706e640d74812ea359c8729eae43f959b7,0x04da570c3aeb039f549e0d590e047fdb706e640d74812ea359c8729eae43f959b760be4c66a7dcb270e922f60b8a9dd66e52533b727f9e54905eb3c3a193bb642c,0x4ac232a4828172f761f129fa61a63b1eccc01c2ee689a9187f0306241dd22be5,ok
0x782f4294fa9268d1f33fcf80f2f15ec5d920a7f3,1,0x02faec9e4ad71d71b1acf79d1c5505f3e8e14c9c30cff5aeb457f46227051336a8,0x04faec9e4ad71d71b1acf79d1c5505f3e8e14c9c30cff5aeb457f46227051336a8691c062800fbc88243d36a72f387a593b94e9a19b6c0e6411489b0843945090e,0x4b24a0b58f730a0656e697a0ebbe394a86698e3f9c396d65236bc1d203be51a8,ok
0x78b4ffdce9cda381da6e7f16e27689adc24af4e5,1,0x03c45c519afcf096936b7c8ccf91ad7e5484f6e13bd00d638652ef48df699480dc,0x04c45c519afcf096936b7c8ccf91ad7e5484f6e13bd00d638652ef48df699480dc65d4943b7f81777a1bb21272b90f455f7c47528242d02401bb5bf409ff39c793,0x8bf6c560f4b4cd0cd186462cb3a3ddbc000d35be5aaf0e95e4c61cee3846b083,ok
0x79f5a55d5132f36553f0a88a7eca43d39ee2bab4,1,0x021dd8b8e65e9cfdc7351f225b6b97b313d3384eb07b0eb15a341e821c3ffa3009,0x041dd8b8e65e9cfdc7351f225b6b97b313d3384eb07b0eb15a341e821c3ffa30098c3500133dc69f75c446d1743f1b624ff0c4fd56592018fa0aec09133cf0255c,0xfcfad995583d2734e5626dd7e4ef13a58bb177a33d9a33a67a89c3daa315f1c8,ok
0x7aae5c8c8108ab2122635f50d2081cbe8d84789a,1,0x02b6d267da220e48ff2785c08a81cfab2396c84ec8a735742269d3a1ee3e2e5a3b,0x04b6d267da220e48ff2785c08a81cfab2396c84ec8a735742269d3a1ee3e2e5a3b3dce5a9775081adb6102306e92b952d0d0b1cc29507265aa694783ce5d268826,0x551f0c1f9ab4a2c7cdf4d3b8cefd0fc948a0dd12de12b71d61b84a530c68146e,ok
0x7acc935cf41bcf6d6f3815169d7b01ed5fa3a208,1,0x0369274d78e801187d7a85ca11f965e4c60bbfa3d59635d7ea91abeb75529021a0,0x0469274d78e801187d7a85ca11f965e4c60bbfa3d59635d7ea91abeb75529021a08d9f3dac90a10f12921c132b449e2b61b1621ea4d6acf05ea836333060fac7d7,0x8acfe8a08ecbfde7390e18d977eee082b6ae8b0416cb99a136d2370adceb64cb,ok
0x7ad002d8255ac69dd818fcaee91e8a534d8d30a8,1,0x02c57a543f9ef16712071e840b5b0977df37a2f3fee90046b87d4e09f1a1d6afed,0x04c57a543f9ef16712071e840b5b0977df37a2f3fee90046b87d4e09f1a1d6afed3cb4e61cc06650f86ef2f56f02a10ef2dc41bf2b43c39acfab3167228a82a15a,0x6e6d33af180b341739ea24e3c974b835efe4f6efd11e0cb3b4664e5a5fe76a57,ok
0x7af164fbf7d29bb2c4a01deea51de9b7e32de68d,1,0x029748225ff70e9f705a7247a7d5a63635d5402fd72c275cae73c91fa343347884,0x049748225ff70e9f705a7247a7d5a63635d5402fd72c275cae73c91fa343347884019e7a4c8b694208f6db5f91c899c5c735465ab7ed683824d975c06a3e3637ca,0x279b9df7afa0ee469e03e13d1fd8dcbf938f67f7f2fe9d854ad905cba4306841,ok
0x7b808866cb5c310cceaaada84388ff7ef9147efb,1,0x0376687e59ebf5721423740bf4cb21edda88a9730a06e39571cdc10dd9ecf04ea4,0x0476687e59ebf5721423740bf4cb21edda88a9730a06e39571cdc10dd9ecf04ea4ee65d557472f335f864cdb15db129a6b34e20d98ef36841eb0845fc5d7dbd671,0x0029756a267dd59e44f47ff9b235b1907a63846c1012bd9734f7b320a53b4c63,ok
0x7b9b36492f2c9d91ecc114a62287b83cbf4d19fd,1,0x03cf2c7d350e6b36d755a6b09cc6fd2c456c5b1d39dae28a292a2970b0993c7509,0x04cf2c7d350e6b36d755a6b09cc6fd2c456c5b1d39dae28a292a2970b0993c750950d1a5b5a049d261bd2f244c60b033bddadf27f586fb933712689b23c161b2b9,0x9ba43d0ce89f6cc674fedf5b501f8753407573fbd421c50ec8f157bca6d9ba56,ok
0x7d09d85e8b8cfe99ff8db0684c81e7dac47feaad,1,0x032957155ef4142d3c1d2602e08f422df81f89262b6ce428512d2cd978e3d5355d,0x042957155ef4142d3c1d2602e08f422df81f89262b6ce428512d2cd978e3d5355d0a0f624471142196b7b8ba0d88a2c1d6a12faea04ec575a3f1eecde2a281c8b9,0xc53b7656b34a81120a2355c6d4214394fc19ca877792cc9160d3e21dbac8339d,ok
0x7d1f985d3f3d6f2ff2f3387393a67b710aeb0d29,1,0x03f9b1d024980eb839d6e19bf01cf6837aabbe395c115c91c40af02a22adc19948,0x04f9b1d024980eb839d6e19bf01cf6837aabbe395c115c91c40af02a22adc199483d86d23cd4d0987fdb8af6911db4385fdaab7cdafe43a5dc605e3cf75d00c6a1,0x24db74492ac9151e92dd335bf05c41f70eb67ded9be7c02f88a5c1dccb61fec8,ok
0x7df87847efb66eab8a0f0f288414dbeaedad04a5,1,0x020b02c9aaddc5851b32a105136ce199a8e6a287e9b10dfaec3b38b1262168f264,0x040b02c9aaddc5851b32a105136ce199a8e6a287e9b10dfaec3b38b1262168f264c3ad8317cfe99477cea0c2cd3352ee9afb92eaceec1354415933048ff2c7f276,0xd917ee07ca84280b5e281bd78fca3c36381d35a07e8704036876163361b8ff40,ok
0x7e89a97af7e2cef0b7e373a1fdcd7c2a8508f35a,1,0x0343c6a606289d8cf188a9ec9b248501e5965997e53f723bfeff0927d6b31e2258,0x0443c6a606289d8cf188a9ec9b248501e5965997e53f723bfeff0927d6b31e22583d759ffa6f5d803d127ef1a10abc84bc50486cff3d609972acb1affb2c32fa87,0x4da48f5a071e14316a49738c7fd9eafc2cd1f1de331eaba88047d2133ccb3b95,ok
0x7fb2655c24058306ff89eb186bff1f98e0b33ded,1,0x03af293f8560ae6fe5a0be5cd608762fdc1de77616dfac17defa65d8df0b10ddb5,0x04af293f8560ae6fe5a0be5cd608762fdc1de77616dfac17defa65d8df0b10ddb50dbabbeb3d89ee83fcd5049edfaa3af5eeaab24ac85c8ab91b157095ff2af0d3,0x6a3805df491e9d7126085cde44367c68aee3007657dfccd011fdeb9ccf4c80a9,ok
0x813540c8b574d89b4a0202cde3c104624275b6fc,1,0x02c288c84757ff23d190bdb1dc6fbf615d29b969de57fe43fe2f11148fae1e5e41,0x04c288c84757ff23d190bdb1dc6fbf615d29b969de57fe43fe2f11148fae1e5e41116bb6fb98751b34501fce8777119a1278b6730e63f75ebc560c5f527500c418,0xd7b068263d3efc01aa7eb5e880574e97143a7a50976f740ad170f340dcf95cb7,ok
0x849393c5748023828c816c4f634d80cd63636803,1,0x027bb68468720770a2e7dad1e7211c428cce2a55c3c9bbf2ac350bc6c1439c6eb3,0x047bb68468720770a2e7dad1e7211c428cce2a55c3c9bbf2ac350bc6c1439c6eb372f3371d7f442d0ebe525a4a24e35e96c3d358e45be6d929307a574231327a4a,0xaf9deac7064b95260a4ac10b305a848e114b789e1d8d7c80097ca5f6ea9268e1,ok
0x84b37f0107156493f508160b8f0f6c38ef475916,1,0x036893dc660a6fa22e078d7831608dd386842bb0c67726026b9880bf0b17bfa0b3,0x046893dc660a6fa22e078d7831608dd386842bb0c67726026b9880bf0b17bfa0b3f2de69c2f1b0415ebf19c5983fd07e3072c04519fa36b96a115d72e809b00ee7,0x0518fba7167716d7d260ae7d817ff7e82c6cdc9472448965ef619c2c0d7be3df,ok
0x8552b1df7a1304df261cba4a1873a07f6bf40f3a,1,0x025419de610c0e0353dd7c6a11190d59fea473ee4a7f6070e5911949f74fd46ef0,0x045419de610c0e0353dd7c6a11190d59fea473ee4a7f6070e5911949f74fd46ef0cc5d54db319b101a456062966153e560e1aeb76657ca38f8ab14820241745636,0x725ba59aa725730d96388b008a8bb2293c1d68aa24c60557f00a9c4b8ec2764d,ok
0x8691277ed948ce445a7cebccb34bafc6ba926ce7,1,0x036dd756df8cd5de2654700d853e342fba3d1719ca1b5fcebfbaa3dc13d1f91733,0x046dd756df8cd5de2654700d853e342fba3d1719ca1b5fcebfbaa3dc13d1f91733b7575d3ca43aa129dcbff38f985b8a34a84f5d0cae63ff924809edec75437033,0x004a20e636402f0c11c7642a32712a394e7487b3493f9c4a34da44533828653f,ok
0x86972db13fb69aa3a5b281261490bfeb2f8a2fe9,1,0x02187f37a86d945ce2f5f4817be2a050dab34205cdd8e35ad39d370ca6809fd5e2,0x04187f37a86d945ce2f5f4817be2a050dab34205cdd8e35ad39d370ca6809fd5e27876b19d81eb28c535f636003345331c645923e289fe4f33c7a28e9cff4efaec,0xd55fb83dde1c80cccc24c1ffd41f9c685c1fd06d3eeef595583a60e9e3621fde,ok
0x8982756d95d2b3f3305eb9d87f70715b779d4ae0,1,0x02babb190a490569cb8396f471911ffdac7d3c0b885124ede615e51bf8d575d5e6,0x04babb190a490569cb8396f471911ffdac7d3c0b885124ede615e51bf8d575d5e66ca38b79a9eaeb916f597b388dab75f243d909168687154e39772b25491ce048,0x6ac8d9e6689e5c16f413c90110fc405d363c6238039ca5c0e4696a4e1f3bb638,ok
0x89998ecbd4aeb30800b6ec2735bcb5648a3f6192,1,0x0212fbbea31a26def083dae3b1eb7971730801d682e27ca8728a76604a4d3da7bb,0x0412fbbea31a26def083dae3b1eb7971730801d682e27ca8728a76604a4d3da7bb5537a7cc87693cc0be9047885d5feb07c7d6c6f25c8ad1778bd766c0f1146f94,0xde3ee9c577c4c289a7b1fd521099ac5ed1ca7a3d49c576e4ff876e278db153c3,ok
0x89d475ed42a8c78a5afcdd61b4cccc2309e3c52f,1,0x02dbb19ab0c39aa71bcbeaa965b3c8cf10c5204504e50aa6e788e022b28ec47c20,0x04dbb19ab0c39aa71bcbeaa965b3c8cf10c5204504e50aa6e788e022b28ec47c20b205b278e0788d0015bddb88ca5d722ed1bb7147c369f784397be13c13a047f6,0x437236f0841ccaaf0a9c2eaf39b992238ef68f7e8e4e3cf3ae71520d10cd26c7,ok
0x8c71884d603fcd326d85c2b45f2d724eb32f0e34,1,0x029fb9b59f0d27789bc834594b67c118564b84f4bc09cb058df08733a23e82f396,0x049fb9b59f0d27789bc834594b67c118564b84f4bc09cb058df08733a23e82f39680a1a92cb8c6a0ca09745fb60d3e98e134a685202c36b8413a03007933b9f1d8,0x2c9d660af237ae2bcaa627308395fc2d3f8eec24d3c448e9b1a8f0116711b9af,ok
0x8d406dca171947544479bdd677bba7b46e6aa194,1,0x035107a7df34d2a43697dc0245163789ec13755bd876b52600d3e61287ee3f4f3a,0x045107a7df34d2a43697dc0245163789ec13755bd876b52600d3e61287ee3f4f3a2cc5e67d3eacb3b34a39bee157dd4e458618617dc2b34bbb3ba6484d4a890315,0xb7fd8080c3c9992318d53668eecdcdba93eff93dcc8ba53ebf2a6bb883eda427,ok
0x8d70286370469dfe409c5bda77dde2625cd6cd86,1,0x034c8f3eb05b5de0c88a59a844275a87bd91566db04ef2327963c4b6f0bf049be3,0x044c8f3eb05b5de0c88a59a844275a87bd91566db04ef2327963c4b6f0bf049be3023d99246c8ca171d58ff76490d13e8beea00f52ad3bd1dc174026d2d4e71f7b,0xf291a122c2743dfa2e73038267d3e41b8a4c647ddec1b76e5a5f40daa85aabb0,ok
0x8d95aa22a0efe1efcc155e8d1a6daa1eafc8d567,1,0x034da521a5181d8608e8da4355aefcbbaf18f5d262acc6e9c1f1cb01f2009d0cd0,0x044da521a5181d8608e8da4355aefcbbaf18f5d262acc6e9c1f1cb01f2009d0cd04757b14a2dca40fc9f2b891198ab526dc26e2f247eae1110105fdecafbde1853,0xd26dfa1abec112e159d5f5e04baf56bbe553dbbad1f1d613cc982dec2e55f817,ok
0x8e2ade35caa2201cf37f685fa983b6a6e36ad1ba,1,,,,never-sent
0x8e9f6684b8b9c10cfbc76d08df5b45cd2d2debce,1,0x02f43a8bfcb7200d0a6367a4917a834995d63b9f632cd566046628d98f16f0cd7b,0x04f43a8bfcb7200d0a6367a4917a834995d63b9f632cd566046628d98f16f0cd7b6c80b94e155265b36a36f64f9ff807f331ebb25dd52caee35fd6f681d976404a,0xccb6baf8a7175d853ce6e3ca519f771886b93fb17c89459f47f035a8e2de99d3,ok
0x8eb8170d3aa9aa467395d8a7a897faf4d5dd0249,1,0x02a3b756ca2300d11c81ad4761a3f843cfd07ce850687da21a83e862e4def810c4,0x04a3b756ca2300d11c81ad4761a3f843cfd07ce850687da21a83e862e4def810c462e889236a2349ebf46f64c31598bbaf56ee2b3c896242ed9f91f7e52cc25cb0,0x88d72f5a7bc3dcc91a1a6ba3a88e4d6f416fcf0412de5125aef429b9d7dbf310,ok
0x8ecb220fa22b697963a0eb6989dd6412bcae102e,1,,,,never-sent
0x8f3081f152055a51da9ebe47316d6ab559d6a77e,1,0x03a638765a9c8753b87c4d759ef1094dbf1379ad7da267d6768788315e2c9b61d8,0x04a638765a9c8753b87c4d759ef1094dbf1379ad7da267d6768788315e2c9b61d8178e68a30eb5b108e3b6b5e40c45a5fb64433227c8dec7721d32bbd5df10197f,0x6ce25aec8e827501e778147b44426202eb334a12132439722ac987cce7fb7fb6,ok
0x8f6129943d5a3af5c4018e8eaca773dd51f31560,1,0x037615bd1600d2526c7ba9a9f6b036c87392595a1a6f33db1091e07e2582ecf1af,0x047615bd1600d2526c7ba9a9f6b036c87392595a1a6f33db1091e07e2582ecf1af3a1a61e5a40f0578bd4bd873a38be717cdcffcdbbe16cdd29c582e9adaa47859,0xe566f4c7237a2099d8db0e4d8fd1bb72310b0633b91be5945355d34e75292683,ok
0x90213ec41fa4d1c8326e8a67012f9ac880e6ad9a,1,0x033441bd4577e908c60bb2462925e628a5674061e3b042a3295fd781ab53b258f6,0x043441bd4577e908c60bb2462925e628a5674061e3b042a3295fd781ab53b258f60cec1697973e4d660a7d7652571ce755b3fdf1c36548a97f52c5c39b17a7b259,0x12263c2859f7b8071d0d981f5f7755856f3e74c831975e07286a0537e90b7519,ok
0x9078cb99e5ef075a4a5deced8fddb46876618c47,1,,,,never-sent
0x914dcf1b5cc10a0e9224a587fa310e09483dcb7c,1,0x03717bc23e8b62605ed9f6123c83353bf3d3df63638a831a802804fee5d36a34d0,0x04717bc23e8b62605ed9f6123c83353bf3d3df63638a831a802804fee5d36a34d09d8bae8db77557f3ac4d052efff2c605450a7c4099de540be2d2e5a8cd973785,0x53ca0f9ffb8e530694dd4ed1dc929a08ba180e43bbc989115b1a29322fff30d4,ok
0x9236ca04ae3e84ef4179872ba536df606a43bfc7,1,,,,never-sent
0x9243fed0055c8aeaa31baf425c3e96c19de9cd43,1,0x0223c53fc031a8b2779dccbecbb867034c647a2a2da71fb154762705bfa1a245b7,0x0423c53fc031a8b2779dccbecbb867034c647a2a2da71fb154762705bfa1a245b7ee6cf919b5d644094400d0fb13970982bf83f2b8d49fbe0049dac39bf7566b6a,0xa58ab3548913b89c8db0de915c5534a2c87c2a652dee1cdabab706cb111dc511,ok
0x92ca65838d15a69c8eacb7861da0d141056877ee,1,0x03d2505dc85d0107fc92297a1c66928ed79cf2c3065bda181e390ca880e9af13d2,0x04d2505dc85d0107fc92297a1c66928ed79cf2c3065bda181e390ca880e9af13d2a0bac6858b4e25338a336d2a7f63328ee4e5827883c71b9534dab4484fe3f293,0x66eb8dc935690b024c408502b12d1336ecb266ccb0e1e914b1e296cb4b7dd8a2,ok
0x9684df40625b225e920738dc82219f0182a73876,1,0x02e9a9ef87cca02b1f186056cbf490011fd7f8d861c802bfbd49ec2d9ae5501023,0x04e9a9ef87cca02b1f186056cbf490011fd7f8d861c802bfbd49ec2d9ae550102330df2cfd7e9c33b950a51c3373b88814cb467fae16e0024db5d7fedac7daa20a,0xf9c8fad9cce5e68f6b253cbfe6ff65d620f3bc137579b08736564ab9543b8d65,ok
0x9a2d5340d1f4eb2bf952eec43bd9ec5788674fec,1,0x033a83895a6e61a612a6453c7fa90e4e26d2a18d92c2f707f8002863463cf067b6,0x043a83895a6e61a612a6453c7fa90e4e26d2a18d92c2f707f8002863463cf067b676ec19a92b112dc4407c713a45cdd799129552b53f46b82dd88390053fea44df,0x6f11b42a25bcde0aec374f35471d9715f9961d1d2d58075e0fef10660a6a2305,ok
0x9bc4d202afa5f209678bb51d381196555e526092,1,0x0339d31b773ae6874a81c86d5aba5617133c65ac1b2dff00e646243cbaf1673e97,0x0439d31b773ae6874a81c86d5aba5617133c65ac1b2dff00e646243cbaf1673e9791b7aa1a6b5cb3f401128fbeed6c40d0e96d110cccdb3f6e8f53d5ff68c2d831,0xf5b6c5140c95bace2440be989325ed58677eec464da0a83e6c3856054416ba53,ok
0x9c92fe4f99ae041012d26673e8536731e88af828,1,,,,never-sent
0x9d259c062db6c9c73c26235d72c168965c872ea6,1,0x02c5447aacc94c06198dc5ef22c882c22e504795d800ec46c6da14fe913bd17b78,0x04c5447aacc94c06198dc5ef22c882c22e504795d800ec46c6da14fe913bd17b782721c2697ae4d65856e0c69b7074839d52302e500ff617ee42462a4f9c02016a,0xc62413216e721d007a9d892ec1cbec93d1064df900640fa37bc9d863a0e6b448,ok
0x9d7b6e37797daca79cd072ae99c23410367c9a06,1,0x02069110c9b3e72c70b8a4350da0af36e86e56dcf9de5779aa0c15a300f49aae05,0x04069110c9b3e72c70b8a4350da0af36e86e56dcf9de5779aa0c15a300f49aae053b1f9f9fe017b98d9a3ed26a3db37e95f7e66de7106e09d5f90d16e526782cc8,0x1036abcc19da60e9bce6c3b71b3942abe1948fbe53219b61fd3017b94054fe58,ok
0x9edf846fdb1074c08f3e092ac9091d9dc80bc5bd,1,0x030bfcdb318b7e9d43a49cd7d5423ab85060fc3c1840f67f79028ea75f51036d96,0x040bfcdb318b7e9d43a49cd7d5423ab85060fc3c1840f67f79028ea75f51036d965bcf018e534eb490fd5eb10f198b15834a48d0eadab44218a4cdcebcfcc894cb,0xff8a4e1a67492bc9c4652652ae64200ba092b07d112453fac0ba9711b9c38028,ok
0xa0cd4faf8e4acfef6c19888afcb01f37065a6408,1,0x03dc0664bdb8ac629ff6371734f55bbae54ed17f5582448db220761bf44f7a9980,0x04dc0664bdb8ac629ff6371734f55bbae54ed17f5582448db220761bf44f7a9980f9c2adf99c970ecb32846955ee647749fd7179fae2882b0dce8c7af5b5c6dd4d,0x857ba10e6279f83d4c04729c955eda84fa1c67e172e127d18daf8c3633373e49,ok
0xa0fd75da39fc51f7090aa5f144b2f14319cf463b,1,0x03815617b11b640bc9bc620d57990cf3ed98fda40312589f3be56b632649fa993c,0x04815617b11b640bc9bc620d57990cf3ed98fda40312589f3be56b632649fa993c523b1d876f95efa37c4e48c5e3f8a64a5e3af8e892c02fd5a5e46f80a2a5813b,0x5b7b215f5652a6d88e738b8874d127acd2af2e30543942d14e5641d26793c82f,ok
0xa1f4d04cf848cea3cb833816158c3dcbbadb5c6f,1,0x03efd179a942116fe1d09b5bc790e22431d81f2391ac84a9ba798855b34f47abfb,0x04efd179a942116fe1d09b5bc790e22431d81f2391ac84a9ba798855b34f47abfb342d99ca11cc53944b8d4d8b7551e910f8aab8effaeaa5a3c7545b547ac2302b,0x5e0bf198f8109928946620a571d04a180a0216608afd3e9e3bf8ba970aed30a8,ok
0xa2313509d048c11e31dc0db617a9444755eb7238,1,0x03035aa07cefcbd63204a51b54df30adfeeac0f910312aad1bded19feae7f02b68,0x04035aa07cefcbd63204a51b54df30adfeeac0f910312aad1bded19feae7f02b68480de8847597b25b2d61a6eb4b19fa2e0322eef092a12916f9e5238cbb65f357,0x684a3c767981db2d41d47d3d60858389fd0732fc95403abfc33472ed87ab9d2d,ok
0xa2449b2a272587dbf2e552b89b2acdc6868e7c7d,1,0x02383906ae3284865bc6a98d0aa47528deb2209a1893b552430eec297e726645a4,0x04383906ae3284865bc6a98d0aa47528deb2209a1893b552430eec297e726645a4908bb244fb1d1d3378cb982f1044284a166e80bfed72ece6a8dd1c0eab8f01a0,0x56f6563be8ba70909ab3efd19bbc2026cfbe26c9a988df17f05f8ee8902c7121,ok
0xa24746c0117141af51a36ff32ac2dd289be36685,1,0x03b25a1587e2af811a11cd597161c66e9adf77fe31a4acb1dbe7556a7997e900c1,0x04b25a1587e2af811a11cd597161c66e9adf77fe31a4acb1dbe7556a7997e900c1e1743d2f8e56ea50df6e4879030daf8e1a208c10a36fd9d4345521d2a1249e9d,0x5665fd7a55f68cc6073dad5ece750ca995275f0282d7c1a56ba063fdfd0e332b,ok
0xa2a1ed1fae3f23aff58d612437e17b03b0e1855d,1,,,,never-sent
0xa2a1eea4805a48b253f20a2c926b5edd4a41a46e,1,0x0347c332bd1e41aa13db141f96bee773127854173d32665b8beb0633289850212a,0x0447c332bd1e41aa13db141f96bee773127854173d32665b8beb0633289850212ae24e2fdec093e795d8b263c61bafdac4b39e91e7586d58547869b71fab99b5b9,0xafb04212c0ce608f01559378365d1d28c15147187145b80794f8080645fc20fc,ok
0xa2bc6ad673862378a9cb17bb8eb9b6c0ab3ef821,1,0x021ff0d8c4a87810bc3ec632d542c3a6b4b3ac80d19a4d367e3c15150749384194,0x041ff0d8c4a87810bc3ec632d542c3a6b4b3ac80d19a4d367e3c151507493841948d610c6c7f3b039a6028e3494eb994f5d244267b0bd1d71c900c64e7f6eeecde,0xc025515431f98e3e4d6e05a98b72a80a1097ae42dcdf912c93b000b8ef28e796,ok
0xa3c15e969b9d51b59728056423864b5064a1d801,1,0x02911926a53b3c402c801f3ee42cc07368ff456fa0ca8884abb4510b05c531649d,0x04911926a53b3c402c801f3ee42cc07368ff456fa0ca8884abb4510b05c531649dd513e9c15710e6e68344db07308f2359b7885d02ffe736d72b78171efc3efa22,0x26e82d0ea4d53b3b5540210cfe50d6e2c70edaa7c4537a744e058fba63fadeb6,ok
0xa3c1f5b17adf24d8612ea4637c1a74fca0ff6f60,1,,,,contract
0xa3c7c44130f2bb2292d1d88de0f7cc29769aa0dc,1,,,,never-sent
0xa446197096117798ff3b667bd75a589288a6a7f0,1,0x02cd609f5dfa8506e98e7350bdcb1137d4195c7f1583f42643824f9805a8ba3a06,0x04cd609f5dfa8506e98e7350bdcb1137d4195c7f1583f42643824f9805a8ba3a06b2a26c6a22072c96de14cd2174718ae9ecde03f3874d2f8e66bbbc46e8069c98,0x27258ff535f72afc71ae888ba8d0263aebb89b959d1ef060a2bdb4779730bf22,ok
0xa7239b3403d7dcb25fc9786160656b7f7cbc73f4,1,0x02a733b4c7884b88dec1d6bcb7d907b667016670e2a8d63702cd5d74bea812d95a,0x04a733b4c7884b88dec1d6bcb7d907b667016670e2a8d63702cd5d74bea812d95a5900b251b6017e90bef80c9d34688228fdb45d6780822b4815f069988cfd57de,0x648e4d0cca442f12994259c9419987e64e7c8c33b08fb5bbfaa068fc2b522761,ok
0xa78b15874af53dd681a615fa005d4fd41286e89e,1,0x02cfe8e224cc2983338c6deceaf57d8ab3dca3b18849718114b3d48d5c0efe1197,0x04cfe8e224cc2983338c6deceaf57d8ab3dca3b18849718114b3d48d5c0efe119789407b39c79a316a5b5d59b1088aaefc2d3a6b74010b2484d43aecccc0aaadbe,0x7f8851e478390e8b3e32b8bb197666ed85de5965d425690585a802f0690eaa1c,ok
0xa90fd1de9151e5cf394c2e5528f0111d7cb30417,1,0x020c449e3cff967e5e7178113e539ce590b71bba714e98488a46d2d20a1ba1d6d5,0x040c449e3cff967e5e7178113e539ce590b71bba714e98488a46d2d20a1ba1d6d50fdb7ec001ec3a0863b5c05523cca7d595bc0de65706555fc167782985b4134a,0x55b99732696281dcae123a1b69b5a80417dab3815b2afd3508ee06583e4b9df2,ok
0xa916fe8315da797d83027b011dc5f35fb8088d0f,1,0x03eadcae4f8f3a6e28b35f2264a8eed120347f2326a41d00175790daabb9a87ddd,0x04eadcae4f8f3a6e28b35f2264a8eed120347f2326a41d00175790daabb9a87ddd3cc9e1ce2121e54cb2000e53b15c3282a272bb90ca0a929290dc1232370b2251,0x66b79768ac1974b0ba44ca1889d93404477e2599297f21ebf0144e25f10be7a1,ok
0xa9f4602b0276debfcc4f8c81d6d19a8e381a0510,1,,,,never-sent
0xaafa93bb4db0a15afd1db11fd55e4e5c541b5f23,1,0x03442556cc7f1f70d18c9b0b4bf24b765f7d7dce32d7013e40ff471fc8728114ce,0x04442556cc7f1f70d18c9b0b4bf24b765f7d7dce32d7013e40ff471fc8728114ce58e8977782df08d42433ed1f9b203ab392bedc7081a0e74425e147ce8d264bed,0xa45ba022fe041897b9cb9ac2e1b536dccb524f97489f716f2f886d486117a7f4,ok
0xab2467493eb4bf64af51d8b5921a983cad4351fe,1,0x033795793fced4f7b1f503859586ab297b1bac63b693d7720a47c520b888087d02,0x043795793fced4f7b1f503859586ab297b1bac63b693d7720a47c520b888087d02563b849b567ba2d2d2c9c1b4b21327565853c4cc17f6797bb6d132543ae1a89b,0xe9733507d6789710e7541a0bc680cf72a325c468a1157497957c6ae5f2f86295,ok
0xac9d8b42fde38f6718276837b8d2348d414e4a23,1,0x0237f7e668165ccb8beebc51da17d4abeb9aadfe8fa041bd59d1e266af86c34be6,0x0437f7e668165ccb8beebc51da17d4abeb9aadfe8fa041bd59d1e266af86c34be6894158fdba14d534fc14533893a1255daa1458d29426bdf7c1b28744bba02172,0xb1b209e50f3c37d3422d07a8b7d655a1a4ae102e691e359ab6e9b5a4d844f207,ok
0xad5d9b9e062555ef621fbed3c8bd86e618f2f0d3,1,0x027d75f74113ff280815132e56bc60ec5743128d01fd1c24b36673285a99a6c6b0,0x047d75f74113ff280815132e56bc60ec5743128d01fd1c24b36673285a99a6c6b076a547b0a893c6a1896dccea0a2e113709791be137113b42fdaa85e83ad814b4,0x10e6f5e26ac96db0790782e9965287e6ce9bcf54b5ffdc216e7102e6e545c7f4,ok
0xad83954e1584e7df91ef1e1a5f5661684e2dc751,1,0x02543c87fa8337679a5cf05832c562cbb90e0123724ee333448fcecc7ac56757c4,0x04543c87fa8337679a5cf05832c562cbb90e0123724ee333448fcecc7ac56757c4af967f3b49a1485f3682c6a4cb4e6702d60bc85fc431660313dacbdff729ba7c,0xcc42665e6a0228bd56845e01253ba9201946af70e8cb497c557287c3cce04db2,ok
0xae1b2cf7c1b241fd77e741a2138493599b7895a5,1,0x03d01b367e0c233787602af2c56ed4804b29050ff4a0cf36d37a14307aecd7a1f1,0x04d01b367e0c233787602af2c56ed4804b29050ff4a0cf36d37a14307aecd7a1f15bb4128775b0e6bb0276ad6bcfdea7cb6054a0bce121ee946064c258d9d4c1d7,0x478ab2451059441166cd9cfba202e5b0028707f2f8562e9dba4933ad46a20118,ok
0xae7b39b96c8bc15156b1ffaa2708aa3fa93c2098,1,0x02f57f66e45a395fe1ba49866c21f04799acecc69485e9703226963cae57698f7a,0x04f57f66e45a395fe1ba49866c21f04799acecc69485e9703226963cae57698f7aa7e484e97aae986056f64fe1060ad7b742be473f4440b5c638ffaf8a1884a2ac,0x666623435f41c670ff5313bf4d24d32c1f68dfd7e15926317af6abab01b9b52f,ok
0xaebc1e87b6b442263941723f93ff025c54b1ade5,1,,,,never-sent
0xb14be4727d23c36ec10bfbaf4b07c683a987dada,1,0x020f0b9cb03bc32f7aa26b7a8c114a4a19a175d042b969a4f762f36c0267a4190a,0x040f0b9cb03bc32f7aa26b7a8c114a4a19a175d042b969a4f762f36c0267a4190a796f545eab87677d4943e813afb6144ab0836530e63a4c6cf47000843233d6fa,0xdf8e37b3e59e47d3d09d414f96229c681c7571f87d73d6d18d9b8bd18687598c,ok
0xb2861cd1ecbc01b4cf239491f8b951ca652b53c0,1,0x03978e873f137c5bccb4feb2cd8ff608b59b5390508e5bead812c259dbd2ce870d,0x04978e873f137c5bccb4feb2cd8ff608b59b5390508e5bead812c259dbd2ce870d6a9f341fb0589f406bf85d350134ce6f6e560a94c3bc051c52e2309e877f7213,0x4552c5369565a817bfe0accafd8081690b0c70203c140ec32273aec6e822523e,ok
0xb2f3856b029b08ffbb03b07de7fa2394b5a0b334,1,,,,never-sent
0xb39895fc81b5018d639ac200083755b764299637,1,0x0234aa1552ae8fc83f67f4e204cdcc9a2f24b12db2e72c3f670e3e1f067267d78a,0x0434aa1552ae8fc83f67f4e204cdcc9a2f24b12db2e72c3f670e3e1f067267d78a8f545a063ee341b3da13ad8fa5967c63577509962f0e6c106815a54166fd5f82,0xca98ebae9baa35974b887315965707cfc4307e0dddf17bde055ade3f005124c1,ok
0xb693f6ac9a09dacbafad05ade7e0881e07165753,1,0x0281db8ce39fb203122b5f639f15b2fc0ca37c387be5f4eea5f9a019d0bf1bb1e3,0x0481db8ce39fb203122b5f639f15b2fc0ca37c387be5f4eea5f9a019d0bf1bb1e39c9f5a5326628cd686909cb4357453b57ea32b347cc108c2a628c7d6b0690372,0xbaf8eebb11dd0dd1debf5d19c98d915d1049a49ad8308af59e1498c0a8a932a6,ok
0xb7d7c7fd51a3d421b533284a06c4b2e2c9ecd3a8,1,0x021381abb36551bf3ece879671f9830a16d6b929d577e0979de041e16b003b4e5a,0x041381abb36551bf3ece879671f9830a16d6b929d577e0979de041e16b003b4e5a99ce59b482f318cac97477f929583d2c0ff1b1172bec0d39a4c2f066fbe6bb38,0xe86f8f20730a24fbc860adba9f7759cd4cc63150115e009ddfedfe3cc8be4ecc,ok
0xb7d827dd04a6f9a1837cac93c8e26738eaa264cb,1,0x0359df2d1d05e485514ed29920b5b0987533c7eacb70ca34453886c3648f92f5ee,0x0459df2d1d05e485514ed29920b5b0987533c7eacb70ca34453886c3648f92f5eea2ded0cb86c74ef26079ae16f604ee45ea13b0dec5c0144c703e0cba15de1e73,0xcccb43e116ba3abb2b4fcc1bab5d5a98d15b2b5e61bea73167af7aca0e764142,ok
0xb80e35239bb8bfcd424263323bd70b4dd5ded737,1,0x039eb54ea4d80016119d2a9c8bdae21ee1bb6ce615bcf9b356704e41c30ee4860f,0x049eb54ea4d80016119d2a9c8bdae21ee1bb6ce615bcf9b356704e41c30ee4860f9165da28e8264b65fc5f611097392aa2bf92f2fecd7a1b25dc7792e5877fc65b,0xcced90bb382393f3613176d6f1aab5f45670c8545bbe33d437e4f00c5f2d5522,ok
0xb82df2b56417c6f7e7ef3e5c6e131e7768471727,1,0x027a38de1a17f804e89d3e32db7ca25804e2cafa98d6cf04934d0d4f96ec8d28d8,0x047a38de1a17f804e89d3e32db7ca25804e2cafa98d6cf04934d0d4f96ec8d28d84b08d1637bfb47b65f580a7739cbef1b636e0008dc7606207e26a448627930d6,0x87671315127157ec929e8ac9cd116b16e157347230f599884ebcd4944ae6ef11,ok
0xb8cd6aa5997560ad1077b1cd2e134b4bec30f3d1,1,0x036abc1b2380ee35229b711a200920803a06c65aec7e8f4362e2adaa48746a7fab,0x046abc1b2380ee35229b711a200920803a06c65aec7e8f4362e2adaa48746a7fab1ee555c583f2c239a02e7444c633d38c6ce4110c69f9cc01095b42b587d767df,0x38f33e02c4eb89ac8ad4a8a2e5f9022bbdb676c51dd0c649e70d0fa65ee3ef9a,ok
0xb96dbe0b0c2c2b58415f6244d16c6d3bc2d980f2,1,0x028f004b4ee9994d5bde24afd879fd17fdcd664a06cccec845d87b81ab73fd0228,0x048f004b4ee9994d5bde24afd879fd17fdcd664a06cccec845d87b81ab73fd0228b4f0d00d791ebca3b756b5fece9b514a01b7c3bbec1a78fc0aaaf0a02336cdb8,0xaac5685c416f227550ae264e5bc873a126cdc10f4f476c8140d9bac8b3c6bf61,ok
0xbaed400fee4c55c94ff05b4b579c2bf97480f2b4,1,0x02feeb0343c594c1ea855408f4b1d98b41147b071495ad35afdaa26e6953da8d01,0x04feeb0343c594c1ea855408f4b1d98b41147b071495ad35afdaa26e6953da8d01c9e46ba2d183f3f10c6de73b38ab0618963545017621cf1f987118207dab81c0,0xcbb330360903c1f8a8710dad31f80c6b457e1ea5e1f6addfe21daf5a3fd706c0,ok
0xbbb0822eee43698befd364ef59276e10690d6a16,1,0x030297c603466e773fc947e079ff61608bcdf0bcd6aa11b7fc5d366fec1d39516d,0x040297c603466e773fc947e079ff61608bcdf0bcd6aa11b7fc5d366fec1d39516d40fd84eae6c14ba12581a84ce0ef8cb8106d45075e990c8b4fb2c70739e62c45,0x5185cf5d530f40974991ec448a89c5f8f1aecc3c0ee7de6bbb90b8ac29462178,ok
0xbc406d8cd5e9618c1b3a79a77a2fc465d6b56a59,1,0x03beb0b5cf54fda1f5ce94e39ff02a514997fbb64ce16f3cefc2f2ef113b85059f,0x04beb0b5cf54fda1f5ce94e39ff02a514997fbb64ce16f3cefc2f2ef113b85059f8558715cfb13ad0133789863a032eae920bf74f32311abd5603caa803c59e7cf,0x6be86f71a8d7208928d88c09dc3191f4f51345123d6dfb9beddfaa3c4aa65b11,ok
0xbc7340f831e8825bc3c813e81716ccc855806fe4,1,0x02b466574baf464c326267f2d4c1fdecc6d1c013944e8c90f52eb6c221c53cebd1,0x04b466574baf464c326267f2d4c1fdecc6d1c013944e8c90f52eb6c221c53cebd170ce67b942f07bf816e1a4063d6494acfd42ed1a254c0f4551150262ed6a029e,0x7b95fd91c593e924db35a5246f43fda0574bbfded42c563120d2941d9b850e45,ok
0xbd857eacd1d0354b16fe57d711d5b8a40a467a85,1,,,,never-sent
0xbddf7c1603043a8398bea0b79a60f55c582b8814,1,0x038df314824ced504a281d344135da8d57a05071d1d3766db6e47f0293a1248d07,0x048df314824ced504a281d344135da8d57a05071d1d3766db6e47f0293a1248d0720b9f912c73de71c90b1810aa6dee0a53247acdd3c1ab552bc0f5f119a453d77,0x232c0d78b216bc32d12be8a3e31c76b887e54b48e18cedb58ea9640f921fcc44,ok
0xbf2d54bf8b4db3e894d7acf6324372f9819c5923,1,0x03ba462a8302037d4c018bff3b63961864f977a777dd7e56392724e7d53faa9fba,0x04ba462a8302037d4c018bff3b63961864f977a777dd7e56392724e7d53faa9fba873c6216213a232c8b749a0fc14bc7684d747e80c1c688d28b5d4f002e0dfbb7,0x62301aba1d5227b627c9aca3c2e82f75e8d9068738c954ab9e2fff3ff6a158ef,ok
0xbf74875bc9f1af2ac963f004579cdfe433bb3698,1,0x03f5d018020c580d84450114d77bf986fa12b1116ec71aa41147cd0e60b97d8b71,0x04f5d018020c580d84450114d77bf986fa12b1116ec71aa41147cd0e60b97d8b71bd73a1b6407f1ffe364233cd07d1e7ccba00ca99a5f5f5b2427a28f64ecb1ee1,0x868c8582429e2815ee7563c887b46716bcfd634a945e53cd7ef4dae5ba34484e,ok
0xbf8531dd7a1d79330d5a373f3deb6cf23194fea0,1,0x02902c62b5c13288ccf90a209465ee4219781b6d870a8e5e12dbf164bc6c94121d,0x04902c62b5c13288ccf90a209465ee4219781b6d870a8e5e12dbf164bc6c94121dd1446f8b08893b6b5662802e2dd56fd5f71f5170da1f36bc9098b0df140a8ebc,0x24af14a88f66f541be0080153cda8ac396cec6d3116795ba19396c1b630c8c5b,ok
0xbfb5fcb34c96d71723e98bb5182b4e934a895113,1,0x0342a3a32bd340f6ed74fab3d4e542394589817adb09da22e02998714fd8af946e,0x0442a3a32bd340f6ed74fab3d4e542394589817adb09da22e02998714fd8af946ef8f1cf6ceee5d69c0a977f8548843c322e34ae1fa3cb5d0ec4fa10859e06f579,0xcca6633e1640e478061be7c69e410f1117fbeaa4af910566d3b6fbd22997dd8e,ok
0xc30bbbc5095f0afb5496f613e018c4e1fd42a954,1,0x037f1a2fdc0ecf6d483105e07c1e152e093b47d622f34be6d3ba9409221ba9046c,0x047f1a2fdc0ecf6d483105e07c1e152e093b47d622f34be6d3ba9409221ba9046c32c482019c6f829bdae6281783ecc6417ec3bf80358e5746ec5345774fd73f65,0x7d9c2942a4fb11f0d92ec64e2a23fda6bfcdee5a7d8d062de7dc0239acbfab8c,ok
0xc4436415e2fe276b809da2741606de50168be488,1,0x03c8f121642288290891323d1148e2de29cc2725a2b6bfb6a6c92081eaef08dba4,0x04c8f121642288290891323d1148e2de29cc2725a2b6bfb6a6c92081eaef08dba42a8ee367f560e39a8267c9ad6e8f8ecaa8cfd461983952deddd181558c7e21eb,0xf99352307d4e9807fa963ddd545976e995e9a5be781da3f3b864293bf3a76584,ok
0xc72088052e349e4bab0c2a8aa7fdb9ddcf887522,1,0x0392c593162e99288fcf2a9b99bc33a980806f5f2ecdac569d372d9e6ae58a522f,0x0492c593162e99288fcf2a9b99bc33a980806f5f2ecdac569d372d9e6ae58a522f9d5db95fde1b81cea3381cf1ab2d959558c5d9ffb3a0be50e0d2e15c5743e873,0x39ff2c96094f42297f422b635d54f6fc14d3994db7ce1689dd3c4b9b33b39158,ok
0xc749828183c1278523497f1b933f85a2c95f2f0d,1,0x03afdf509799ffe3f8f2472694c1b3f98cf34fdbdf3205d6d63bff03a6dbad5560,0x04afdf509799ffe3f8f2472694c1b3f98cf34fdbdf3205d6d63bff03a6dbad5560f6cde6a3fd0da0dc29218fea1ca9225f2e0123c841b568ed214f7f4164943105,0x9a662e295c661e20f29121306554710bc18c0c360551a6e40cca6ed17aabe4b6,ok
0xc76350a971eb8281c4350313f5dffdabac2ab118,1,0x02090ddb4b393158c3aded135f86202b1871c33752a8708a8c47c20396fac79b94,0x04090ddb4b393158c3aded135f86202b1871c33752a8708a8c47c20396fac79b947edaab402bd79926ca2f62b853bd9a08df3d1e16464356114e4725437df5e008,0xc00cb68e9664ddc6dfed88ed5d9402549e7c7a2929800d03dc1ea2cfecad8f65,ok
0xc8d70cdeac2b46b88969c71b5be27adcb1cb3dca,1,,,,never-sent
0xc8d98104b08697d9d422b82d4b6706c6b610d319,1,0x025cafa9203bfadb626dd5054284e3cfe0cff4b52e1b5f8144a9a6f2d738db0133,0x045cafa9203bfadb626dd5054284e3cfe0cff4b52e1b5f8144a9a6f2d738db0133d0592324a74f8bd31f22d6c2e48cd71fffe980cd0df28717ca2d1eb4dd1f0e9a,0x9929e359b4debc5cda4a54621a95c85298cd59fca27ba21818298b592050a4bc,ok
0xc9c32e67102040b3529671d7aa36df909d2db951,1,0x0332765ca0e12a694e161cffdb21d3f45e9c609ec45e97857dd5f19663a3efa9dd,0x0432765ca0e12a694e161cffdb21d3f45e9c609ec45e97857dd5f19663a3efa9dd664938bab4dc07c478d46367503ce693d2cb27a71677d0c3b7cd7c1067693b25,0xd4464c1873c0254893f15544a74b0a028a96cd9f2b44cc85d18def69b074a019,ok
0xcc4e4e50bbc2d6035bbd0af2f0275ceaece14cf7,1,0x03b345f686ad636a42ee6d58c8bdbdf9b82f09743aed22094bc02d9c0ad3689a23,0x04b345f686ad636a42ee6d58c8bdbdf9b82f09743aed22094bc02d9c0ad3689a23b7added703be1efb9ca60549d63a393e76163bed48a3ad4dc244e9a4e119220b,0xe0e5fd784e9b1fb100394895e68a0b260df3c4abd112e6044260d5e32ded54a9,ok
0xd0b53741b51937608f0b254b93214868820700ab,1,0x0285178b0d8c851739e1e9acecf2b7f7c34e1aff7820d2dd5cd3288abc23b1e932,0x0485178b0d8c851739e1e9acecf2b7f7c34e1aff7820d2dd5cd3288abc23b1e932e641fa0c581bc6675c3374a4ebd1d3490856a80cdac93edf72cdd2d176b1df34,0x4d2cc05af2e99d0bd57fe59d74ca0e70ef7b05844a7823c45ced6e15f6ab4eb6,ok
0xd0eb9e03b368f14ad86f94cef1540e16c8bffdbd,1,0x0246843b144cab5cb2e86b51e4cf267e91b18aae34a611a39a168dadc0eba8dd49,0x0446843b144cab5cb2e86b51e4cf267e91b18aae34a611a39a168dadc0eba8dd497757e211fedaf8f0cb677aed57df4bb0d79c4aea25b0991e9a8f6d29ceb58142,0x05af956fa3c3c95f637a8bc2368b6b6683decfa3b67f66077f854458e9fcb3c9,ok
0xd1a3ff511f36b1635a44136401e6ce758cf8c3e7,1,0x0361d06f57d6bdf9a2830792fef30e2b10b13fc4c09bc13038020b60eeff870567,0x0461d06f57d6bdf9a2830792fef30e2b10b13fc4c09bc13038020b60eeff870567e5566bbb9ce0305001dcf4339ae55cfd33bc5b67fe9a1b3d6cc405e3f54dcf29,0xa2f85c53b94cffd2b46c1046d9d731e481eaa4009404c5240d0133e1ee639799,ok
0xd1aabd3f8b2c93594603339510dd5a5673dfbf89,1,0x0238c703bdabf4289deca4ff14ba478950826dcd2dde2c7471b43d09a96bd71343,0x0438c703bdabf4289deca4ff14ba478950826dcd2dde2c7471b43d09a96bd713433c556491795ff9cb385785a1883855cbbd2ccfc4a23fe10bb4aaa9d8c760c83e,0x20ce3bd99be435588393183cf0fb5a68ecf88b24297de6849149887477e75ce4,ok
0xd78de39426bcfea2a4e8d8c0e8bcdc0126c00ce7,1,0x027e89dfaa34bc208e5d90f29db271530741e6eb750dd0673d69b9e8f5641c8540,0x047e89dfaa34bc208e5d90f29db271530741e6eb750dd0673d69b9e8f5641c8540777b4cc30f1e33b3a7e88af15943136615cbe9282d88c101c495437621c081e6,0x88f391dfa462ba3b50ee5a26104c07db668d357330c8941998609887fbb7c4d2,ok
0xda7cfaf9b6dcf9627688c3940f0fecc17ec489e2,1,0x03c8024ffe97a101a2010dddc50f6d3158ac6a8849eb509540667a1a2b0228b9b8,0x04c8024ffe97a101a2010dddc50f6d3158ac6a8849eb509540667a1a2b0228b9b809e888609dd8acab0779e7c4ba72f5b7cb33a328c92afc21e54c288728febd6f,0x3a26b38a7943f911da6af99ac113738ee84850f0b41648ff79aee4b5effb3c75,ok
0xdafafa31a75793b6e5fdea5f0c0b5e3ed572a473,1,,,,never-sent
0xdb1a1fa0ce207fac16b42372297d2d81f56f8b6c,1,0x02692a48ec55ea8a09889ec118c137fb613a4faac6c386dd821800df9dda018581,0x04692a48ec55ea8a09889ec118c137fb613a4faac6c386dd821800df9dda0185811436e348f3ae72084a6a0ea2fca63579ef8cefe2cb990b885686276b872bf022,0x9bd142e08277bb772394cfeee906e9ef75333387ba7a159ccef9f2b82ebc45c9,ok
0xde056321f6706c9d17afcfa5341be22f6bb5e2e1,1,0x0221089dbc3448f4dd11cc7682bf26d5e6ac5142b6c79e563453ee4c84b0ead3d6,0x0421089dbc3448f4dd11cc7682bf26d5e6ac5142b6c79e563453ee4c84b0ead3d6bc16e55eb3caca5e5c176147628c921e45ccbf024281017c834aa8fdbf8f1bb6,0xd5b401aef9f87fe7eb128f243fd9019181b260df593bb1e3bfefa0180d8a4b14,ok
0xe0f3b0355d9a3b293c3906a4209b1f382ef2964f,1,0x026c5f147c1101a0b190abff02fcec266c5845daf088f83db9334b1c8c39d4ba63,0x046c5f147c1101a0b190abff02fcec266c5845daf088f83db9334b1c8c39d4ba6339857ef62297fd81fbf6ecd7c63f671bfc811ae1044199ed1730ffbf7443e9c2,0xc8594b08c32f6282c576c0dbcbef3842dbb969148c90803aee1aded0fda46fc9,ok
0xe22a9d592fff6bfd0277cc54a674cd289efe3950,1,0x03147bab662c0b41b79e6a67968abce42718d0e8c4f2e68df8de4ff4c1bcb4b2d6,0x04147bab662c0b41b79e6a67968abce42718d0e8c4f2e68df8de4ff4c1bcb4b2d6d44f488f3cb1ba86f70e85b6ad7ed4de4f49b001f81e078001fa9d87bd52b939,0x06c3409fe52817992a827e092bedd31cc98d0cd7d9454a2e01b2f11a53fccaeb,ok
0xe3e9f857b106158c9e57af3e8676cf462e4554d1,1,0x03d97586dc97e5b563f471af983db1d89e562858d175c2e460c43f084183fc4e6a,0x04d97586dc97e5b563f471af983db1d89e562858d175c2e460c43f084183fc4e6aea973336d5697b2faabf4bf81d87e8d96fd879b8308645028af86c2963caeb85,0xa65aaf09132fa1a2b081e05b4bc4cbeca3c1bbd0e81b50667ada830b9813d14b,ok
0xe61739b53babc8a6025e1adf7bdefa9e8c802d26,1,0x02c3f5b6ef241db7e4e723f642864f09c0999b3f6fc9916b1f0b94d5a0500146a1,0x04c3f5b6ef241db7e4e723f642864f09c0999b3f6fc9916b1f0b94d5a0500146a19d40af5c05c815639840115f8615a62b3cf9b1c5705fc528cff3df8ef7e5d374,0x52ee798acfa4055e98e3192fbe82ee7de408f6d55e6ecc703cec7e04ba1d75ea,ok
0xe80fca982a14655eac9836e191bef8ff615efd43,1,0x02f7e92bdf7ec3c66f0d786d1a41a365567b1f7235e800a606c37d05f832fc4741,0x04f7e92bdf7ec3c66f0d786d1a41a365567b1f7235e800a606c37d05f832fc4741ec5d3c2b46d5c1c0d6716084f4593e5ccda948c5e9fae47593c6a7b6aa5d530a,0xc7b7a92f04cdf87795bb4c42076bf1fa344d8d5217f9461a980fe646daa00ad5,ok
0xe88ec898f8f16bfaf29f16b42c34647879efbbcd,1,,,,never-sent
0xe989e71c077c5ba70baaef77a11548b3daeab1ea,1,,,,never-sent
0xea71de9a658603c39df43c630d43e36b3be4bcca,1,0x0250471bded4afa25f0a7f70be9d56a0cb0e58a7cb74755bf464add221bb7509eb,0x0450471bded4afa25f0a7f70be9d56a0cb0e58a7cb74755bf464add221bb7509eba0375ab74c40731aaa1b16e7e57c5e29298071bad03bc078a16d6869f5e703c8,0xbf8f1c15119cee4a6208e0aa052f20c15712833eaf3f1a8f0f3a15d61964e942,ok
0xeaaad24e75c916c80b9d9907d8be707821143a8e,1,0x035001dedc4e204f231610e68fe982a49a4ac4c943879bb00346320338c0847205,0x045001dedc4e204f231610e68fe982a49a4ac4c943879bb00346320338c084720579fa2fee895df661306ff66b830ba51a971762ad1e19463570ca4f815cdecf1d,0xf59c8d1722adabc3ee07eb62557c25c1688f82498b761d5498d619442447cf6a,ok
0xead4e75883c3cdc2d364d37befe2143593d82a16,1,0x02260aa38095fda52f79098218b5e3ed64c8960dcdd60dfa6cd7f7d3b7d62edfb4,0x04260aa38095fda52f79098218b5e3ed64c8960dcdd60dfa6cd7f7d3b7d62edfb4d2637c3328e93413b5a9d31621032695378f3eff06f08b8c5e7a7877e9ba253a,0x9ee57281ef32dc9b61ff5f2a4abdcd0dedb82992e0d563b0d1aee3ebb053b96b,ok
0xebad404c9d6cf668bcc5486d338d1407c695f19d,1,0x036a7c09afd0148bafcac10807fd0a60aa44c2660912a65789d8e03004eb2c064e,0x046a7c09afd0148bafcac10807fd0a60aa44c2660912a65789d8e03004eb2c064eb18eb4e10ab12d9705834dca23e6e2b8cbafe83dec707b97b4a647ef123d056d,0x3d12c9348de35506b75637fbcc6af44f0411c8d16ba572eec2f4abbd0329d584,ok
0xebee5438ca873a46b32071559f54e616671abf5b,1,,,,never-sent
0xec5caeeebb2cbf44b45d5012ccba64cd86d2a689,1,,,,never-sent
0xec66be8fd88703f2fb7163bfa07e8b8be799e18e,1,0x03a104e17404d9a8e926db6bf2c0aad5c1d02f19060cd06ff24ede7dc2bb60372b,0x04a104e17404d9a8e926db6bf2c0aad5c1d02f19060cd06ff24ede7dc2bb60372b2249c6eb70f90e70c1967f6213e8cc7350ae887aac8616c95d1c06f328c5de95,0xd8816373d7834ae31a73e18f8b7271e8108cff6f967eb89dd5ab3fbbd64d735c,ok
0xed04acbf9df59b9db80851bfeea0da51bd6de997,1,0x03632556b0304ad419214b66078beb41ae0b5c7f06f7232788c60f97615465c73a,0x04632556b0304ad419214b66078beb41ae0b5c7f06f7232788c60f97615465c73a871790e3fcce01cd1c14bd89e7beb097c7974e47b4c3290cf3a7f2dfbf16db7f,0x86caf0ce2cd8bc023b64b72815cc1997a5dd1f06688740f97416db2200f83370,ok
0xed6c9724ceba607162dbfe01c5d6f024cf5f1c94,1,0x02ebc19b190ea144b08387cd5ace6e958aba6d3c363085a29c68b821ce031cfa2c,0x04ebc19b190ea144b08387cd5ace6e958aba6d3c363085a29c68b821ce031cfa2c90f0d96d0de052e02326d32872e493828df4e7a88336e975a1bf25a93df4c0ae,0xbc38da2556c8701cee769d4b01d3d05073e8875518535e2c58e3f1e4dc01b2ed,ok
0xee5a344776ec4445c253102752487a0744d3028a,1,0x02887e739735db35655fc2ab39db2db87009570a0ec2eb843625338e68d253a30d,0x04887e739735db35655fc2ab39db2db87009570a0ec2eb843625338e68d253a30db7eaa2260969d3e3519871b83448291001580baa2d6f03c072e7f1de3a0b1488,0x48cb5a23ad1b2179e87e95cc9fe6e11b3d637b9f362c563cd13f802849ec8343,ok
0xee8cb6f8e3eb4e243e35b8c8626a690dd39aaf5a,1,0x02f343c0d281d40fce6cea32c9ab56b8203f9a744b8c5fc66c6dcb29b5138444eb,0x04f343c0d281d40fce6cea32c9ab56b8203f9a744b8c5fc66c6dcb29b5138444eb96440df4a52e663b54d66c3c104d356b3965869c41a47091eaf467bc2415180e,0xceeeefe7bc9785a68aef512e3d98cdb48cb8f69b5c956840b83fff58bd9afcb2,ok
0xf050536e7cebbfb309101715f4fc626a1cc974df,1,0x025dbae3ac3901c2916a19c807a05eba66b2bd55c8c7ab0dbe923895d24e0d6f40,0x045dbae3ac3901c2916a19c807a05eba66b2bd55c8c7ab0dbe923895d24e0d6f406be1f636dc1421e751a6894f0ce1740602e86b2a41a31c77ebaa8edb8020bf4e,0x7c15de94a6f97403244e387efb3eaee91f0dfb486b06e9845ea2cbc1f8673b98,ok
0xf199290b023c04da8153536720e171c087459f65,1,0x03ac216e7918283d26bf1354258f5cbcf94b54e24cd8ed1d9a9ac75d89569fbf57,0x04ac216e7918283d26bf1354258f5cbcf94b54e24cd8ed1d9a9ac75d89569fbf57df3023a6c59fd55b19d422b6e9a2f3f5bee73720a3dec50cef4e88330600e6e9,0x857e067d2822e64350ae99ae2f663a7b515cc5c3c7767f4054d6ec31b3b80bdb,ok
0xf332fe88c77af992f247755d5a0bc7546645f002,1,0x03adb3cde36ed153bbf3cad7280a8718e12bcc9cb6b42d3c1930ae116633db2dac,0x04adb3cde36ed153bbf3cad7280a8718e12bcc9cb6b42d3c1930ae116633db2dac5a3de8bc2600c8585740e347b7562339686493b4bcef7832060712887c1d172f,0xa87f0d3707b99d21cfc4691629e65db116e224e5273ba0ee3908c5e7e9e687a2,ok
0xf3dc3d3eb5c30f7ad72dba8d7aadbade7b4743ea,1,0x028698d9b8ceed46e57c57ba5bafb35e9cc5a6a42bef6f4559cb4ed446c437f058,0x048698d9b8ceed46e57c57ba5bafb35e9cc5a6a42bef6f4559cb4ed446c437f058c45f4eebe5375032ba7b6941bf4e33cad8711c93829a78ecee6387edd6267e18,0x8a7d7e05249cdb5d1882b4eaaec471d52ac03cc55162b3ad177c9cc71e8ec9fe,ok
0xf4281f47fc8c524aa23abc94b4e10b0d7d46218b,1,0x0348b1a1f328412e1008d9667e75f28b7c72fbb92cf1c52e11565f22afcd6bcd1f,0x0448b1a1f328412e1008d9667e75f28b7c72fbb92cf1c52e11565f22afcd6bcd1f62234e9bb8877d9751d654fe3dfd821c84b9927bfc2236694d2094330bd242e3,0x92e0e4536a7fe0dc70b60fa187d653857b1eea222cd87842b7ed82ee2fd5ecee,ok
0xf4367ed4dbd13e5348b11436d3805ac8db20d9ce,1,0x032f55c3f40937bdff3e632ed29d5466a7455d19dd4704e370319cb018a31f0e6c,0x042f55c3f40937bdff3e632ed29d5466a7455d19dd4704e370319cb018a31f0e6c509b236027a08aacc908a8f20c3090b5ddb1abaf9cb83f5417cf6dbd6e5f5c3f,0x62710830df76aaeb31d6b6d419ddc60a3895f953bd6c668e77c9f288bf2abf4c,ok
0xf4af0bf52f146a097222fbebd7e45b9a77308b00,1,0x0328debb729fab9f0a3c6fcfd7322a674985c25d9ef5bd9cee69fad501323196a9,0x0428debb729fab9f0a3c6fcfd7322a674985c25d9ef5bd9cee69fad501323196a9342d84eb72806a667aaf6615b7a2c751b4445f73d9f30dbdd41485300a74fa8d,0xabbaa7658f8c86f1bd5893b738df1540ad4f612fd67e0fd8e32d315fa58bc925,ok
0xf501536f11b94abcf5070a4d0b61150cb09fa097,1,0x026b64bccffe7813b3a315491253116e1cc487dff251a4b6cdf88e69d68ea2abfc,0x046b64bccffe7813b3a315491253116e1cc487dff251a4b6cdf88e69d68ea2abfcd9eef77f85428570c387831a1deb7741cb94f7b00c63f572b3032cd1984795c0,0x8aa20e1147b0c2439a12b5478eb489dd8a5a6ed6cca79cfa15484430be6957d6,ok
0xf5b75e51c0dc8fe40bd6e61749475347a98817bf,1,,,,never-sent
0xf5f44beb5d8db183c6b7b4abc60624ea3fd1f715,1,0x02415926bb426be1363c59e4142ff6ff729f79d80f4440daa39373d8223c4c1030,0x04415926bb426be1363c59e4142ff6ff729f79d80f4440daa39373d8223c4c103054998d92df95b37043a875c8add7284c3ec4be76eafa628bfd6089cf611fcb34,0xc609831687cef8c7ea102c07128e298348eaa671de40be1812c698a45a4dcaf3,ok
0xf6b22039ded81c11439d009361538a3847a55cc3,1,0x03748d291cac9bd9ef6c4933f91050dc8ed445037b3a8383c23bf9bbb1d769c97a,0x04748d291cac9bd9ef6c4933f91050dc8ed445037b3a8383c23bf9bbb1d769c97a1515073b04273c03bfe5512b8fcc831eb54eb2363c627782e5c04aeb07caad19,0xb5459ad8e96ee2333f93fa480488c55c7ff2dfa8195c6d2c1236e1096e166b18,ok
0xf727a2a98afd66f3d3afd56577b34e8a6ed6c33d,1,0x02f863a008b9e1aa02b6010e44f9d68dbd13bd766cc74d5de57888ec83618ef8d3,0x04f863a008b9e1aa02b6010e44f9d68dbd13bd766cc74d5de57888ec83618ef8d3ac26a2d445a33b6f6cd6e368d415ad2ca3dc41dc78c60cdd5e204a8bbf33f9f2,0x34135e10344d61fd9dfba2000bebf721c7a4e253e0106b19a793f7c28463da40,ok
0xf792a15b9777e4e3dfa92e57b7a86df7e9ce9635,1,0x020ef444077928eda4d067c6ec4b6f8035984cb2cbdb70eef337ef717f5ae36cc8,0x040ef444077928eda4d067c6ec4b6f8035984cb2cbdb70eef337ef717f5ae36cc855893b3dba39bcb8f47fbf7b9ef5e7aa449f33c0c7686fbcd15be9c729a01e20,0x4160bffad13505d62738817ca81297c7aa9e18921beb5f98e884bad51d8dba1e,ok
0xf87a096104080fe2918d742ad13892364b54e37a,1,,,,never-sent
0xf885167d8058e0b4bc901cf91579675a076d8316,1,,,,contract
0xf93962fe1c9c5085d429beb407a654edac210e56,1,0x03321585d5a2a936367155aad48485d8f4ec9ac6ee2071d9b3dad2072ced1a05da,0x04321585d5a2a936367155aad48485d8f4ec9ac6ee2071d9b3dad2072ced1a05dab870a10996129e348dd6f260af04b05a51d534e7feb813513245dfaf85608ddd,0x21b6b90d563dcbb942cf525a1d30ca9808cac2eac62b90c4c2ad712511239c38,ok
0xf9e13d8fc6c8f74449a9cee1088822b817526588,1,0x03bff86a75a09854f2168aaad4ee8969cc49cbb1207017263d02d533e9d35d88df,0x04bff86a75a09854f2168aaad4ee8969cc49cbb1207017263d02d533e9d35d88df804028f58994e2f626299b32acfddc94ae00b6fb56aa2728250858bf0627935b,0x4db0531729042fcaab74235a5f500c0e00f4c8aa4598c741b446dd7ec6e0b67b,ok
0xfa07a73a72d22f7d03030fa9a7df8dfc5cdd64d7,1,0x026238391dbf5dd05a110543c70d09b5ae838f2bcef8e7b997badf920b02a2984a,0x046238391dbf5dd05a110543c70d09b5ae838f2bcef8e7b997badf920b02a2984a5c2a41b9f5b4f14ae54b07e4211767de1e4e496b69d75c0ba07c5e06969d6c3c,0x5b9d00350667df57d9f13bd3e2010b5f4e2a5cb62b10ab589f87d7fa553110a7,ok
0xfb4d88881873048fac82600671b6177d6c316054,1,,,,never-sent
0xfd56c861e8d0df6a72071833133d8dfd8a92fb36,1,0x02a82e84472b4459cdeac9925972129fa32674addcd9ba323dc63b09fb002a68c7,0x04a82e84472b4459cdeac9925972129fa32674addcd9ba323dc63b09fb002a68c7f187e9d7d7e542a1bc161701f5d446ebd32219b7342866db65945ffa4060d158,0xe1a5eaaa55d74ed1fff8161a48339d5c7dfdc8abdbcc229ba2b02b94e5102ef6,ok
0xfe9fa575c62b2bc2c393622a4fc4c29f8018e633,1,0x03348455cf96cd73b4c044439e0b06db8b9310880e334d51edebf2aa3c80fb057d,0x04348455cf96cd73b4c044439e0b06db8b9310880e334d51edebf2aa3c80fb057dff742c0400a55b7f303357cf166d1b4a7fb481459ce984a4448ca376fda90c89,0x71fb9843507c1e2f92ba7d15b550f1ba4c693fd89d967fb40cc752e80393cae1,ok
