addr,amount,pubkey_compressed,pubkey_uncompressed,tx,pubkey_status
0x44998245c27a9182d9dd321726d3d493e6a2fff9,52230931.14,0x02ef5287ea9e46e519025648c5eddd3c3f27675cd0e35a1e6d5a62fab7c18e46ed,0x04ef5287ea9e46e519025648c5eddd3c3f27675cd0e35a1e6d5a62fab7c18e46ede7a7fb4742fa09135f54bf69c04d443a9c16d35d5c7a60a63bc96e12084956aa,0x82f3139207630753ea662fdafdef7485c2f4bd29afd581e74ddfa40801fb6c2f,ok
0xd2e6ced96b569ba6685c2e86ca0a98c7ec50289d,30201017.67,0x028a3861a47227bae6d173a9383accc6f5e61e83fe154c1ff78803a9ab1bb49296,0x048a3861a47227bae6d173a9383accc6f5e61e83fe154c1ff78803a9ab1bb49296ace41db9150ead8cf90237f56683b7e757c7a8454264e6759aace61845b8fcca,0xc7a705c6d99898250bc48dc15ccdb610916a8e62ad35116cef13a8b5782049d7,ok
0xfcd67eee80f7abfabdf456ae4ebe8c3e040f4545,25525476.67,0x03421b672c770df9a6d20de9f7d9bef0b5d54e776f365a918cdb5b44fadfa8eb1f,0x04421b672c770df9a6d20de9f7d9bef0b5d54e776f365a918cdb5b44fadfa8eb1fd5c8aec7b541cc8fb4154272804676ee7d9618f0721d15404c6a3207e148a759,0x67c7c180d1dd6c99c21b09d3d70654f83e91c8d79ee8bc904272dc7224929d9e,ok
0x19fab8f7dffff38268644eaebd3d538f68036000,20109025.22,,,,contract
0xb9bc2d7d80c09466e7212d202b3fd3b7b9ab599e,12146295.61,0x02cd05892eb24042da84d016ae00bedbc3f489f1440b5e7a698f3b87fb544cf987,0x04cd05892eb24042da84d016ae00bedbc3f489f1440b5e7a698f3b87fb544cf987a85bdd438aaa9083496e4b6077c14eb0dac657847b4f59e8f53b5afd4f33273e,0x0634686ce66925c0f1f2ef63be5f410c44589319983f0a008bde9fc7761b49ff,ok
0x2a64e64214781930f2fef8ca44da3f8ecdc0ceaf,10750316.07,0x032c79487c5b0a43ae17cc415b9d427c97b121c09edb06d74299ae7f326227cea8,0x042c79487c5b0a43ae17cc415b9d427c97b121c09edb06d74299ae7f326227cea8ea8c538e77ccfd0d647e9d948e215c5a5dddf23128430d7e11d9821c81203355,0x0695cab2bfc0c33e093dbdc6626770cb28fceb380272cdbd22c45e01cd5275e6,ok
0x8d79147d64985566c8d72183612e953f966ef81f,8824600.85,0x03e9d73be0276515ea08681aa12dcd5f443f807e85a8c9d47e2abb997fec2e8551,0x04e9d73be0276515ea08681aa12dcd5f443f807e85a8c9d47e2abb997fec2e8551b04e27f5737e39ca600c1ad2c58676d35ab4cd40ac3ddddff20f5621f9973fcb,0xfd14200b9dd5e59009ec1534c85be755e30eebc60fdfb451fb0366f3ff2c45a8,ok
0x04392a8b863bed204196ab3473796579e8b10388,8166564.52,0x039977dc30d9d3949c451db2854c3e05b0f3c2bf53420bd37162578b796dedd97b,0x049977dc30d9d3949c451db2854c3e05b0f3c2bf53420bd37162578b796dedd97b38da4c10dd738ceee3499c3f008272e93f69326fa53436728392d7d32a8e908f,0x4b658f6773c185d3060a0d0d12ee9b7408cac71048646e03df911c2e221b7618,ok
0x0860f25c8f3be3a98db4adcf9371ef79bdc2e32c,7669428.47,0x03d3ca0ea0111c4aa3577af74475aeb9abfe7d672b27dbeda3bae4c38b4d3f2524,0x04d3ca0ea0111c4aa3577af74475aeb9abfe7d672b27dbeda3bae4c38b4d3f25246379cebafb1c21013416205486059492bad4085541cdbff270e0d3b27ac878e7,0x18d8124a6d10242695c3111e6c7fddbd819a097dc472d0f442b56a92b46336ef,ok
0xc4b920473545fb871da743a0cebb7a4e88ce5727,6641710.85,0x03bce5c71835e09b39610d11f12721fb5b0ed3894d9945515242d3d321c106b0f3,0x04bce5c71835e09b39610d11f12721fb5b0ed3894d9945515242d3d321c106b0f3dab5bec091c0da7a871bc17f16ec8466cf263f1ed548a3b227f382d6a4dbc27d,0x2e2f902f2c129fde098b80f181ce9e48b99e2a25331706284112b530df1c7069,ok
0x1b0bc5d02086051418a566f406f52592f365fbd0,6564871.94,0x03fb4a8c002eee5bf677e0c178cbe03657f4334e86183e56c56cc9452a876a75d9,0x04fb4a8c002eee5bf677e0c178cbe03657f4334e86183e56c56cc9452a876a75d9fcc0f3c225d07852d2abd91c680bfb35edbfc562746dcb5cd78b7d557bb36d21,0x22b07a3cccddcd18258dcadf0650661eee12a49d4f4782036e689259cfd7fe46,ok
0x7ffeaf30e33b5f56a2c89756da8d458074a3228a,4476217.81,0x033d702d920e7b7e7bcae1990a129334d8abd6cff7d00e0e18ec38ee6e3bae09bd,0x043d702d920e7b7e7bcae1990a129334d8abd6cff7d00e0e18ec38ee6e3bae09bdb7c4a7078ae890e2d13dcb9f3647f5d42b45f597d5287b02f010a63f72ec922b,0x80a110460a7d720a89dfb4d500a1c9616f2358abd8852fb41648771c6dac3cf2,ok
0x45852af87d14e20281fa1525aa1f64b83793700f,4370768.47,0x0319de8585a472cc647fba26a4ab5f9fcb6313cbcd9039e5dd6f40696a0b59a900,0x0419de8585a472cc647fba26a4ab5f9fcb6313cbcd9039e5dd6f40696a0b59a9005432635ebf9a9e910fb8bb3f8c8efb6d2f21f49d5f62cc1b3f33cf01caeb35e5,0xdd43355a87d56c9f2f8b24eede13a451df99a6b28d50e14ebafc39e8a4afbfb3,ok
0xf8c8c07e2ee32e00da62f010fad4bfd1c60b7d50,4251787.06,0x023b769fecdd339d69a57bef47b56c4fb54eb7a704251adc8c82f97d0fa75add51,0x043b769fecdd339d69a57bef47b56c4fb54eb7a704251adc8c82f97d0fa75add5197451865edb852751c45f3fba725e51db28289e5d6186d36ad447d389e2363ba,0x370a8ea144d44e3d0c1f0bf9fc31767cd8b377aa10422a61d96544de58fb7045,ok
0x362f4a7e7fdc2d69b7a3dfa8f993ef0f5737dd3b,3870625.52,0x02c63e1c5f926725e7849cfa04a0fd03409cef0c3723502e89b995c655c36b9dc1,0x04c63e1c5f926725e7849cfa04a0fd03409cef0c3723502e89b995c655c36b9dc1b2124abcda105d96c04ceeb11a49ebb6ada78e3512de169d536bfaebcd70a352,0x672304bd7cb0ee29f2f22439e16766274e7e425cdd17714c474f2c5fc90cc159,ok
0xe0459778d774f3c1539ab100e37886ca02346c0f,3239286.22,0x0273a3aec329a5d89d34dac33296944e9490bd06a17c24d70fbb46c3ff3ac8d6f7,0x0473a3aec329a5d89d34dac33296944e9490bd06a17c24d70fbb46c3ff3ac8d6f7fadb41effffdcb33e31cd89f4d93d421cdd467c5d2b3d29d2cc282b97e42028c,0x6e53a712515a35eb0ce75a94ad736b7c72158dea361aff7dc0e4a1b186d50bb7,ok
0x01b684806577d94a1769535f353fb13eb75e6d51,3129960.71,0x0381ae7f699b7c959a0fce65992d6c13a501e2986ce413540d577c08fe8c79db8e,0x0481ae7f699b7c959a0fce65992d6c13a501e2986ce413540d577c08fe8c79db8ef2bc4f2e0356b2b3fc8f7dbbea42afcaaddb50c69c2242c54a1798b456344257,0x7a6317371efd3be1cb606ce09732d22a7a44de36dbbd409e53e62f572eecad7c,ok
0xeffb61a74238c5bdec0f5c2904960c3e2a679ab5,3066786.74,0x03494faf35012a7ffb8b03ca37b23362b36995891931268013b90b4c23f9b5f426,0x04494faf35012a7ffb8b03ca37b23362b36995891931268013b90b4c23f9b5f42666f9948a3b93744d1ace9aa90e867b0bdc5ff3b97845e9e09fcf263a36ba4af3,0x44575893d1ea6e2af2cfbb68ee8ff92438ba3ef5c6833da0506451821a097d91,ok
0x0626f46cc8c57b3577f05025dbc34cab2b759443,2282002.70,0x032471bb415320292e2ff9a25618f068987cd5d941aca3f811ae043f9b2a6af790,0x042471bb415320292e2ff9a25618f068987cd5d941aca3f811ae043f9b2a6af79018d5624f1571b12dcb305f79efd861ce25a8f7eece7b2f5d04a9739f1d9f9c9d,0xe97fc4021a3f366a07eca423488bbe648f7d055506cdbbef821c957e91df9b66,ok
0x5e7ae57b4e0f663d1be7ade6e37f1805dc918c0a,2066556.21,0x038af32cf66a0b9388f932cec5b0063b5614ab1d23d70e5b2201ac30456e6ba84b,0x048af32cf66a0b9388f932cec5b0063b5614ab1d23d70e5b2201ac30456e6ba84b375154964047e4fd306f31ac22a41b9fe539a4ce9b677235166f26b9ac0d8403,0x3f1b96e866b3320b51ae8832a2000c6735b530ec2d3cac041be1f729cf6d5c82,ok
0xafe3e17f15ebc6bad19778edb7f735b66716b4f2,2055661.99,0x02edb6156a1237ed9efcd5635bd6564b29b9a3ba6f59a1e49c33ff3ed2d71a2e99,0x04edb6156a1237ed9efcd5635bd6564b29b9a3ba6f59a1e49c33ff3ed2d71a2e99b52b4c5fdd57c1e97516fd989283e988bb8fedd014dc3f324b27a7eea59de800,0x5d846d09a6c4d379999582042d823e0ff4adff690bd856319e5dfc3ce2d1b9a9,ok
0xa722b2248301579bcc2f4587ee0e98166b643b58,2041820.87,0x02623040f52858a6b8d0755ba0c032904f6a6a14f063c2c1e7070b453de61cce5c,0x04623040f52858a6b8d0755ba0c032904f6a6a14f063c2c1e7070b453de61cce5c1081c9f07f0bcd9417bedb71cfc6b5cf9e6229fbad994f84f3f2ed9792fb6080,0x6723746eb4caf62912492fd303c380b219778d4519af9b11292003d4cc7708c8,ok
0x58406c2e3d738ab7ca1896d7510bcd85aff7ba8f,1810928.12,0x02067d8b91fb1c0cff515a5679336f8287332b3f9cd5bea2e449087a7f23539964,0x04067d8b91fb1c0cff515a5679336f8287332b3f9cd5bea2e449087a7f23539964c8b1a7195398e1b4b3fb3a5f1c2a39c4fbdd0e4493995cb09703f02c0cc358c8,0x1f8168c2f7e5cdfaecc00d08833c4119107aa21f566d2c16a956a3439452cd85,ok
0x45f9e4135e17d17ae1489e92d010abb7115007f0,1571879.05,0x02bb61bf737da0976682dea720a1b766c1cd70b93548d777b0bdf8d6f9b06eb7c9,0x04bb61bf737da0976682dea720a1b766c1cd70b93548d777b0bdf8d6f9b06eb7c9de8aa93bd3e56f9389ea94ef223a1b8ff34baac3fb3beb93d310437146bf5fba,0xdce4cc128e625967f21925cf4d11de83e1e0033e50d3c493a95d994a3157eaf3,ok
0x48e7949590819a6ecd9652293e26eec752677240,1536849.11,0x02fbd34b128edf386826c3d78b4737110f5b87da7b2fde5ff48555d79b41e68f99,0x04fbd34b128edf386826c3d78b4737110f5b87da7b2fde5ff48555d79b41e68f997f67804bd1254e0030f228162de7d2b4797b94766022835797b35754576cc410,0x81421a8229b5672edcd37f7f96a0a41c0a78672f5d0b69393df669f6f674c61e,ok
0x3a4b023e1205d464e087c9736103c34d1deb73e3,1517840.48,0x0382f8b48bce9299c44c03f8f6f5f3bf6748054119e4e8c46934d0a1d20d21a738,0x0482f8b48bce9299c44c03f8f6f5f3bf6748054119e4e8c46934d0a1d20d21a738d27a8bda93a8e382b68552f6d19327e8e75d7ae71de6b34bb9f9bf71c542cbd1,0x441b1ff848a6158abe3f97031336f8a6424d84f4c55b1e97ab2a10559ef1b9ae,ok
0x8e01ed2e09c477ad01e04caea735f897d3c6c2bf,1446966.19,0x03bc6a633902eb3627b0a07e2cf80f037ffe2736b7103daaa303bd2ae97e430c50,0x04bc6a633902eb3627b0a07e2cf80f037ffe2736b7103daaa303bd2ae97e430c5042057b10c2c26083f95e2207b1b9c9102550d162fc98cc85081aaf8bc40cce4b,0xfc93023dd4c3e592d779d902980c73e117f7d75970aced2c912ad164f5d23c94,ok
0x2bc87b025e03ab3b2149ec0a0c7b88c5c0a9da79,1398545.85,0x021f7a8fad51459a32d03924b18751f414e4a0ea8541d3c41868d0650338d3af6b,0x041f7a8fad51459a32d03924b18751f414e4a0ea8541d3c41868d0650338d3af6b5a1972981f3ca3209051195956059f41e7b45b97e2b0e6fb839cae412aeb1008,0xb534375f0c2ffbc497864dd0d4fee7f196d470150dba6fd871603f1cf26cbb9e,ok
0xe97de4109eab6e69d9b3782e86fafba79a2c3ad5,1304933.75,0x03c680b1d79040433a7d596eb39821cfb1d44ef1d487138ea1b9e69f6d7d48098c,0x04c680b1d79040433a7d596eb39821cfb1d44ef1d487138ea1b9e69f6d7d48098c8825cdc5a09cf24cfd028d7dd701a8d7d31b0dc422839293cd24d00a0a389193,0xe3b83f82602be959eb8d5d2f0f8af78d380f462cb806fc218486e6b10f848d4e,ok
0xee5c6073175553b21b1925381affa43bb1ee5497,1297389.94,0x03d6ba51585a929aed6d149d97eaf29d77ca9525ceae1cfc386cda08561aac9f10,0x04d6ba51585a929aed6d149d97eaf29d77ca9525ceae1cfc386cda08561aac9f106b974aa4f333c1a29e37dad3b25b296d9d921975e115e199d0190aea327a7345,0x9c7ebd8cb305d532c259e7add2f80e0aeaf01d8b0a7b2270893a8f57819611f9,ok
0x476be5a80d5a1ac93a98ea4ab1afc4f116fa2efa,1269599.53,0x03d00619c4aaaef2b8f5240f56149af4cf8d599e3b29bbcb810f9000b198e357f7,0x04d00619c4aaaef2b8f5240f56149af4cf8d599e3b29bbcb810f9000b198e357f79349ef88b416ec5b072e283b04e711f540273ca9df87107ee76295a42c86c167,0xb5af5614f7cf2aaeaac60021ff2df4459c9b777d9f3bc24f70bd1363ac47b17d,ok
0x9c1a148bcc582bdff0ffc4404099d8d64805ee42,1145752.72,0x03ea0c53f09e379030be83cad2269bd19bc4295aae24a6dcdc96a6cb91e1af1dd6,0x04ea0c53f09e379030be83cad2269bd19bc4295aae24a6dcdc96a6cb91e1af1dd630190bb4cce28526de4206f2a0aa5547c350e2b23ba4257bce2be68c4f2d3ca3,0x2567d21249739ea627b0fa844f294c1782f73f5e6a68a47391a6793297e1d049,ok
0xe2945346f27de8f7be616c0f0fd3e9b31d563945,1135588.47,0x020bc6c65b01bf8c18285718ddab4f4596af55e349f3528c1178cb0ddba0329b44,0x040bc6c65b01bf8c18285718ddab4f4596af55e349f3528c1178cb0ddba0329b44b5c943da57d79d0681942c95eb79450cccaf65580ccc3b999a839a1bd5d28d24,0x50204ae878f3ad37b3afbd527ae00febed72734af7beac9a0c6a5aab18960815,ok
0xeca8d188945379ae8936ea84f2bc56925a332416,1106849.66,0x03ee6c86dbf14105ee9b771594c3160c00b082718758ea9e49fb6411fd4c77412d,0x04ee6c86dbf14105ee9b771594c3160c00b082718758ea9e49fb6411fd4c77412d8b355b350172452b4a3123b4fab5fe976c3028169f68afa4404d5f7749d19e09,0xe2a87f495ffdecb37e0f686f3dc78dad5b31b37dec86b0e931778f5a2bcc766a,ok
0xeb904a5fee54bd05db80b0e2e7b43c1bce10bbc4,1075266.72,0x034acc82342eed6392b04d9635dacdb36e3263a321a3e2b2e64450ce2f36871289,0x044acc82342eed6392b04d9635dacdb36e3263a321a3e2b2e64450ce2f36871289f1af989a58b6ab0a239d3a22cb34aeab8e4de182da38a9d7a39134db4fc25913,0x167ebadcd1781ca45357f783ee19fa1ff291299e63040475e1980f70d12486a0,ok
0x4d05150e03ed966ca363e5fb2ef5b4ab358081b2,1018028.84,0x032377f658b48cbb4fbcea5509bb6b4ef6a0a064d973d895401d27ae918df9210f,0x042377f658b48cbb4fbcea5509bb6b4ef6a0a064d973d895401d27ae918df9210fee51e763b4ce00c65248ca3b24b286983e115ad29a39254ee5d699c81c5324c9,0xfc7ee7c5986e27bec05dba01a1fe65360483e5346985ff462c988db8738e0b80,ok
0x0e39e66d9fe4f4431041ccda46db31d6265b585a,1016541.85,0x0292eff6a14fe064573ce5932107be902a4927eb0cf0c36d3f66c13b1599998a25,0x0492eff6a14fe064573ce5932107be902a4927eb0cf0c36d3f66c13b1599998a25c53d6a87234eb88888f568c1858c459b3a0938c6a7a3d25511f8cf8136656ef0,0x01ce878e3c8dbe5f7fb33b553cbf9b48daad7acab2897ae22930359b5e3c02aa,ok
0x3bbef0b3040f123d11b6b7e3c8971185eb38caff,1016322.14,0x02ca95ef2da71e5e9be09d5677500de74136d1d66ea5bd50c2d485c53356ddc1de,0x04ca95ef2da71e5e9be09d5677500de74136d1d66ea5bd50c2d485c53356ddc1de2fdc7fd82c426219530d14b1aa113da2ee8bdb86cfb1a28349afe8d8bee35e7e,0xb28f3e75e98834c5a0f6b7e3262507f85880826f25f4b07a79f0eec9a48ebf16,ok
0x0ada25cc9e9be50ff8ad29799ed653e9b3dc6928,1006878.94,0x021aeb5b5b7d2480155af58dfac72cbe482a95fa4c7966b7594faf9ea9a4b064af,0x041aeb5b5b7d2480155af58dfac72cbe482a95fa4c7966b7594faf9ea9a4b064afc0baf19ef1a3d2c014dc661e91b2c304c583ee66ed7530290a6c6d802aee3ef0,0xec4aed4b9ad60aafb4b984d8833ce9495d9cb20ff1d3ca5c1c6c135d42bb2ee7,ok
0x5e65692ad99a9017ae3a7d997bf3ac14e044b0c2,1005924.36,0x027107cc49a1b81c456b65b65bbef8f6f6e82a75530f295aa5526ebce131b918d5,0x047107cc49a1b81c456b65b65bbef8f6f6e82a75530f295aa5526ebce131b918d5d10836677292498b31aa4afaa0f78c51897373ff9f05ca5ffdaae852eb5d8efa,0x5c078cd4f2fe44432654179e5c8a9863c01582bdc26c79c523b93199397cdfbc,ok
0x254768d47cf8958a68242ce5aa1adb401e1fef2b,1001295.78,0x023ca867bef882850733fefe4a0be0b98ef4b303984429c872345c0b936d5ae0c1,0x043ca867bef882850733fefe4a0be0b98ef4b303984429c872345c0b936d5ae0c174888613d88b1298f5149c7d638e0db119868e2d338e11cacce52448720d16b6,0x503736bf26d5190da5b2456739763bd05cdbb7f2b3291c5ccc04baf41d56a89c,ok
0x5a31facf243c2c395700a371647d07204ee79c25,999500.66,,,,never-sent
0xc8db756c22f1a536434ffbfd7759bb13c5e711a6,928343.15,,,,never-sent
0xa99505725bc83a38da8a3786a06a1d709ef642cf,926537.83,0x02de9c7df48867bdd1489a0cdde0145285aa9d0e35f70cc61242c1c65c752e9881,0x04de9c7df48867bdd1489a0cdde0145285aa9d0e35f70cc61242c1c65c752e9881dd3b31d8adb361299971d54f25e28c8778953efc0a16c87f31afa63f9611f166,0x9c620bda2ce0bad048bc36e00495ed06f50740bbd88c2d6100a597c82841551c,ok
0x0cde7d5cffaef5009d0c772296bf9040d22f7f64,915785.11,0x024cd0686d899c8e3c57e3357a105f030256b6019a0cbd8aa23cfb537f83b3b11f,0x044cd0686d899c8e3c57e3357a105f030256b6019a0cbd8aa23cfb537f83b3b11f7131638425b94a46b383302284661b1970802329fea8efd5861651fd23015ae8,0x7f6d8de32b923eb343c16d76355d332562025468a4142c9b53396a6c64580bf4,ok
0xc4e597145e010b750eff5de328e0860d734dfc27,907496.26,0x0389613c27d50bb47f4b53af1339be1bb6e00efdb81c8c9cce15fa279361c11e4a,0x0489613c27d50bb47f4b53af1339be1bb6e00efdb81c8c9cce15fa279361c11e4ad16b9168a58cc07c3eca753c9755d89b243f441aa0b3ea4d4dc9e6cc69575b77,0xfb2ddb9fa4f31346060dc99b9274b20753873afed3c27adf6724595f290d271f,ok
0x70c3f70f559051c581a6871cabffd75c50f0019a,865586.46,0x021607114cb5bea75b85f5bf6228db828315db66f88e41292b315c37a8e9372023,0x041607114cb5bea75b85f5bf6228db828315db66f88e41292b315c37a8e93720237469eb2fc9c5b5094fd171614795b3f014c3376bda199a54cb136c7721839ab8,0xcd22e9f14b0b902629d3e4107069579facf9972b7ca2fa91b7c2ebaa3921113f,ok
0xe0e723fe30aa47361432066886d1b73214c0cac2,851485.30,0x03c9ed1274da2ab5d4953802fa3f418af5f905a46757096a09ea551076350c13a6,0x04c9ed1274da2ab5d4953802fa3f418af5f905a46757096a09ea551076350c13a67fb99548a7e5e9376f888bde6027b22b520df446a25e94a86dc1320fd61a0c83,0x66dac28b98ec42eb43f9ce29917b003276c0e7c7c3d035efab9c17282e01dd46,ok
0x6e432e8ad8a24ac6b7beeea2c40c53794037f898,797366.63,0x0304abfa75c0ccc51a232dc601544e445cf75c96772b77b4d132fe8217239deed3,0x0404abfa75c0ccc51a232dc601544e445cf75c96772b77b4d132fe8217239deed3c25a86dc7f5efa700af92467b79ce832053291a0490d811334cc6962f070fc5f,0xac969862c09d83f38b31203f1ee821119013f988ed2494fba46d316c818d4756,ok
0x8652097dd6e877614332dcb2abccace13214d90e,769371.48,0x02cdc431d111c32c9047c15ba9adcb84fbd1f7f083d5459daceafb5eef95316576,0x04cdc431d111c32c9047c15ba9adcb84fbd1f7f083d5459daceafb5eef953165760bcd3f659c8e4bca1f1a84807399a361c75fb6479887f071865bb0296fce2f34,0x256dc6f62f3e47c64dd4814e0e8a93bfe4db329a072da482e90c35a2145e5b5c,ok
0xed768d1f9e6da3f7c652552b0453de200d0f1c4b,713146.31,0x02ba6671c034572ae6a4dfbb31b855a510622eb64a89f0a17d2d7fc2c4f0b80644,0x04ba6671c034572ae6a4dfbb31b855a510622eb64a89f0a17d2d7fc2c4f0b806449b6bdb02e8ad086474dcbc399d883abb5f142a7ca1abac2337dad6bf2fdb983e,0xa12ce18deb8fc650da091ebcdb810bc79a2486016b4432af2148ce19db1bd7a8,ok
0xb5fd7bffb973314bfa2f90dd3ba74dee3ba9b22e,710796.91,0x025db1813dd29c3ccf809f4fcd949120d23670fca67dc50dab3da25444b1e3d354,0x045db1813dd29c3ccf809f4fcd949120d23670fca67dc50dab3da25444b1e3d354c5662f37a83df50b44c8be3897fee3e07045cd80dfb16b22995f0a36fdfa415e,0x9a838d039738fbc457f79fb3d82e5db783bed6212104128508ad73ebfee3807c,ok
0x0b1e38f32500f236b68751a1fbf4420eb332aa76,701480.85,0x02c586776432cec64dab79a3536c1d81cd2e7dd2ff5c19a7a01d2ac0f95b889764,0x04c586776432cec64dab79a3536c1d81cd2e7dd2ff5c19a7a01d2ac0f95b88976463e725b94415c2924935f35c44bd325449bb400ede553f205e83a353ede65cba,0x7371d5e0b30a0e2a222637f4e72eaa786424cbe97b9e3a7570bf150a9316ccbd,ok
0x0ea842f737f59e71b838e8e751cbc678401dd2ac,686895.28,0x020aa608ca700083e5b95640cd087c5f285c44a87f950d4e17758fe3d84f9e6399,0x040aa608ca700083e5b95640cd087c5f285c44a87f950d4e17758fe3d84f9e6399b58488ca5a6da97ab66dc358f64efb01854b9e0a72a487961f88e9c9372cff54,0xffbbc6ee120143cea023d507fe664fda18b85a48921c65518674997cf7de123b,ok
0xbc3bbf6158961e362ad70ec94e58ef46b19fb926,682802.12,0x03a0709e219ab42263c2b7308e40abcc3eb20401a01cac612f5fee3998fe5374e7,0x04a0709e219ab42263c2b7308e40abcc3eb20401a01cac612f5fee3998fe5374e78265a5a60f7787fd3b4a7321e6b33f870f72556bfaba792d0836b48e4a9a2e93,0xafdc2660aa2d128442de9ad16f53d52b2f55ebf6bd44dde48c17a19db7ab5340,ok
0x19c3f1a2e3f4d28c0bd5a4eac18ddd9b01a18ecd,677179.00,0x02ba8b26e076cf69651e72f438215944cdc074f6219643d23eff6de5f7dd07b053,0x04ba8b26e076cf69651e72f438215944cdc074f6219643d23eff6de5f7dd07b053e46574d852d11a953713f44040f75c1c79f0c5347b6630d526f6cd533637d4a6,0x13e27b83b092ed18acc62b863fcca5fc01c75ad48cafc160fb9c50ae0b068ce8,ok
0x5ab73154a4e5ad6512e5b233a7a8364a80111a6a,674938.50,0x02dc71840e79d7e157788d6b30529148440925fe0347f50adcd7c4ec90ddd0195f,0x04dc71840e79d7e157788d6b30529148440925fe0347f50adcd7c4ec90ddd0195f7893ac2020665991765d92c348f48adb590e10e05ebc356cc945994f21fbcbd0,0x1170935fb9783199002d6fc202f46898824b7a91db24e8361623c9d30e8f6118,ok
0x68d6c0d62f776089f4466a4263501d8597a5ea69,661889.41,0x02708ffd73d71521031f3390831b3ab4485261b8c187f48f55091496aa2d5176a9,0x04708ffd73d71521031f3390831b3ab4485261b8c187f48f55091496aa2d5176a99c1c2f2849a2b1c78d20ca56b79146f1915b0f532f3a9ce67a5a1caf95fe8640,0xbfeae38fb12b803a7b541d2702cd2eed6163fdd99a5232ae2ef64aede40aaab5,ok
0xfc5831587d37969226da5bdd8b90226534a2c06a,654803.41,0x025b36d55fb7bad918c49abc5fb9803c170dacd3de9e3bb6cd53395cbdb0d0e387,0x045b36d55fb7bad918c49abc5fb9803c170dacd3de9e3bb6cd53395cbdb0d0e38765a21896ba75d2f06df579c93a2e9c6c4d560f2e21b3a014f372cef0e02fb5a0,0xe01bfea8f2726d1eddb787a4241fbb6d4eedef2009ed7b31fdd173e904e49ef9,ok
0x3671f028bb74df814333b9f9f6a122515366cd14,653398.68,0x03ee68020a92e598449b19f562954b04b15c964db9bf166ae8674a5550b0b35c62,0x04ee68020a92e598449b19f562954b04b15c964db9bf166ae8674a5550b0b35c628dbf9638d5d6b3ce634a47e042a8d8e60588eaffc0e1fe01dfa85a33b01fdd0d,0x4a25253259cefeea21abf3ec81c2af630d7e1d2d393751d746f6bffe93d892aa,ok
0x81cd8a48b8fb975a7d3aaffc71b2713d9fca6bb9,645024.43,0x0249339acdfaee0af467d3ea039f27025f54a2700748d9da98a3d6e1368bf653b0,0x0449339acdfaee0af467d3ea039f27025f54a2700748d9da98a3d6e1368bf653b0243adb0113a2cbe3b46c127383bd604db58c9ecf851f8ed53634aae934cc8f96,0x6fdd0cf3bff06b402becb7c23189850cc4570da6100faeb63fc225a35e18791e,ok
0x760a6314a1d207377271917075f88e520141d55e,644087.17,0x026594b5ec8abc0aa361419019134b59077ff811b0d9a476d4dcc8471205ec3bd4,0x046594b5ec8abc0aa361419019134b59077ff811b0d9a476d4dcc8471205ec3bd414f82107287aee5c5d24521e50cd57419fe36fcf94bb7dd99bd7910b346fbb54,0x720a560f6fc039fe9f432138154eed087a324e4520fe0bebf899a8d0a5790dba,ok
0x4a94e4b2f0a2d40d39242f61244391ea6ec6f774,636041.19,,,,never-sent
0x725aa470a31fd3f69cc291071dc1138b7113c330,631620.69,0x03749be48c8a268157fcddd4c40e41fdda73f89a544243eb4caa78f21f45f1718b,0x04749be48c8a268157fcddd4c40e41fdda73f89a544243eb4caa78f21f45f1718b6bcbd5fb63a60d3d14db679c30c359824f2b75f05d3ecfaa4b85774d5d9c033b,0xe77cdb3b108be83353afffefba8580240fa445c05404920ea54017fb2831bd7c,ok
0xda16453c9843431102774e03fed09c84bcbe98a3,630824.74,0x0200cc7a3261db0c414ee93757207f9992fd281a09489c7a12c3093d68aa01847f,0x0400cc7a3261db0c414ee93757207f9992fd281a09489c7a12c3093d68aa01847fe4f0eed1758bd13df2006116fcb898f28494150a2fc1e55bd12b646fe4221c4e,0xe52b1666667a6854a82ec2c48d04377036d01dd73b94510b976dbaf6ef05d5e0,ok
0xa3fa22886c1430e568121fb0d4956c13d8216363,626572.62,0x0339275135f40503ab1fbe248db732697b1a2e3d00f7913b9c1ffaf74ff0277fe6,0x0439275135f40503ab1fbe248db732697b1a2e3d00f7913b9c1ffaf74ff0277fe633fe5a92fd595196ad1150a70f1ac3f9d0fc7d4e088b40a0c0dd932a6937686b,0x7640ca1615b8aef7ac5fc1eda4f702cacb8f52a32a39efe6166eaffce68a5dfc,ok
0x2cb91b4356e08f59e6e28b8d400a5fddd70604f7,604017.72,0x03efa1af857774ce18d1d320c98c42f04bd6d06953fc40176130716202f21c52c5,0x04efa1af857774ce18d1d320c98c42f04bd6d06953fc40176130716202f21c52c546afb30f7380084ca2e6406ef69fb9548e3c20221d6fc0a19679053c5713779f,0xfc4dd59655fcf7a70301cdbf4bd48c5eee98e770b4261dba95643c72895bee5c,ok
0xbdf27cc0775aae45dd8d22371a3ab06e9e793d59,583835.27,0x027ffa53f93e7167193532ac015fcd2402f1e2a0340c15439d4b98fef57208cd83,0x047ffa53f93e7167193532ac015fcd2402f1e2a0340c15439d4b98fef57208cd8335cd1fd99887bfcacb649b9ee9cfa6645a9b78ef9f5b4b81b51f73b41eca1e06,0x12e576bb009578388423106845571c23d406eb81d9641145cf84e2194a8cb445,ok
0x6263ecdc72a3adde80f244705260a26bd25608c4,553274.64,0x0205cee2048bfb3e318783c3297bdd32e6d5412f3857a3b11273520a8dcfc4295f,0x0405cee2048bfb3e318783c3297bdd32e6d5412f3857a3b11273520a8dcfc4295fe12d62c80a13b9e4a806c240bd209564840dbe4664476410e5bfe9bbc459f72a,0x873b1e18daf08deec58a0a11d93a656fb831614b6847696f9c3f6942b860ef1e,ok
0x415faefeb038eb69acd1df8da06410e17c447e29,537668.32,0x031f83b7ca9d50c65186a105b313e84346f73b29ee4fd3f69782697fc39566ca98,0x041f83b7ca9d50c65186a105b313e84346f73b29ee4fd3f69782697fc39566ca98112a27f75299f8fe75f25ac5da5f03da9a16dbfc308c36ee34d40ea1db2a5437,0x7c042cc6ba1f32049cc241a5b4f62d2ff43f4f3f9bc61a22bf30b7d3256a3c00,ok
0xd285e57ab944cbcee30d018e1e21fa4881c659cf,533836.90,0x030dd79d3f2814377c564b2ed12b62f7e7a084b73076a1332f631cb66d332af0fd,0x040dd79d3f2814377c564b2ed12b62f7e7a084b73076a1332f631cb66d332af0fd551b1bf233f2da2ac8c2a6d564954034d1b7abe80fbb02fd31df7042d6177295,0x50ed65c04aa947933615a6dded764557a5e9c7cd615f0357ae94a0a139452eae,ok
0x44fc905255c6e8cda084be92fa2a9fa527e136e2,531717.91,0x036d9843e38ca38b9c4087113e35abe1edd68002fb31deb0d640d8968d81aa9408,0x046d9843e38ca38b9c4087113e35abe1edd68002fb31deb0d640d8968d81aa94082cb2461a6bc2c1770258e29dbd9990ecf94d09c8251b9a6c3e7738b32eada3b5,0xbf61457197f7bb5b19482915d7236c3db241698615d05deb7fb6183cc2cae160,ok
0xdeae28b64675005114d9029f1aeed9a51263bba2,526264.46,0x0208a46dbe934387e3c9ab0d3fc5b7cf85f617ef474d021676014ee8cdbb7f4ed9,0x0408a46dbe934387e3c9ab0d3fc5b7cf85f617ef474d021676014ee8cdbb7f4ed936a4e84fab7f7a0c17ec7daa504025a5b664af2dd39a615e2ff6757868c518ce,0xea8f3dcb8065813adcfeae3b6e021a7d63821553164b08f09058f13493bc0b45,ok
0xfc96fa2d2c55df9671c3f24f8ca6df1337ff0cf0,521718.04,0x0241171deea8cfceeed3d2db7a69c1a9d12fd05d372894f82b65e86e81c937b408,0x0441171deea8cfceeed3d2db7a69c1a9d12fd05d372894f82b65e86e81c937b4086cceca7d832c535d62dd19eda8d4335687311a4067e1283c867952a4c579a340,0xd24aca8a3726700237c327a4dcdea0d5226798fa17cfd9f9ae6eaacc7f84c276,ok
0x76816d7e2cfe01402c7ac6f45e0e066ed60cb3b6,521133.50,0x02d5c5937ba19d4ccf348b3d411ecacb504b434fee8f00ade22ab5a9d75fe35d1a,0x04d5c5937ba19d4ccf348b3d411ecacb504b434fee8f00ade22ab5a9d75fe35d1a6506859ba924f0f800b8087d20909edbcbaed70e4756175f5c689860201524a4,0xb0a5b20f31fbb95b8e3708e25e7ea258904db40e8ffaf3684b90c3f0066aec99,ok
0x597aa2543278216eb6f0b71ba8313fe4d06f817d,518702.55,0x03bfcf5700fde06e50f7ddab9f375acbbc81d7874d6c66caa541b12033683bb1c9,0x04bfcf5700fde06e50f7ddab9f375acbbc81d7874d6c66caa541b12033683bb1c9325af707a33c730348a33ff41e07c491428ce463ec6ca1a3cb0de2c428f2067d,0x3f92924850663bcc5c9f2046364b3195479fe26bb5a7817c267d042ed7351d01,ok
0x7e4ed5e89bfa4adfbc8143fcfe64f20e9a5b09f9,514176.56,,,,never-sent
0x3111968a00e452742236e81cfe28a38d6dc6cb05,512662.43,0x038e5e4d4eae2e97a4adf8ba6c4d9ea5a995229e2cb38238d5a7bd95fec77e6a2b,0x048e5e4d4eae2e97a4adf8ba6c4d9ea5a995229e2cb38238d5a7bd95fec77e6a2b5b7fc6b51475a9b3e8d6b2f6f9322141dd1ddaacaa387e3a363bc931033ead43,0x58088ea8d9601b87d2a0e58998e09a57534c252164f17ed328fa28a54c6e600b,ok
0x61523a8d1561d4bfd539c383d51604e04bbb799b,508781.90,0x02b81a6823d4d16e484bf5c8891f7583bfabb43062616660e5411563637fcbd465,0x04b81a6823d4d16e484bf5c8891f7583bfabb43062616660e5411563637fcbd4651f33e5dd07df5ece6dd0256ba36b66aa884794b1cd82d939f8e723f545db975a,0x5bffe0d7f82546a0d2a76575fb4f576f7d035b75b782765edc1f5c4ec0f20476,ok
0xcf04182c9054160e7bcbbbc0c375b042edeb0652,502331.87,0x0360be9a873667bca2d4a8b81428b68c7537c8211b8b48c637206d7b10bde2de01,0x0460be9a873667bca2d4a8b81428b68c7537c8211b8b48c637206d7b10bde2de01deca22fba8e55f896dc251cfdbdef3270f8b88eed9f25b0b5f7aedead57a86d1,0x79144e9445af61df39a0cd93428a400cb55446e4455989fba7d1e95b46f6ab30,ok
0x2ea0eadcd1695749a8073e4474575b91aa69cacd,500353.08,0x030a1b5865152c350e4818682cd32649498f8315ba877159b3feb531494cdb9273,0x040a1b5865152c350e4818682cd32649498f8315ba877159b3feb531494cdb9273f16086fd8e30639e384bd1523bafcb46480546f676ed81a8a35fb1f970cae139,0xe9c43ea0f372d78f8d8d89349891f0ae1105145a2af2ac60a33c4ddb54f5036c,ok
0x4e3a713f0a646033b1981e21cc577392446896de,479264.56,0x02267245ac9860b3304e4914bf33225f1a28785e6a359c634366ead3edaa816d69,0x04267245ac9860b3304e4914bf33225f1a28785e6a359c634366ead3edaa816d69cd56d8ca5fb319250ca266a8e22e21f1853e656bc074f76fcd3753179e6fb384,0x98d1b2a176ce83d42b57dd3fc2bf61e6cc5c5172164d66729ef3797d7e644279,ok
0xbc97b1d7b094b4e98d8bd13107c9094f7d087372,475976.17,0x03891961cd1679b5dbe5c4af3b471316895ec090b112d072172690111edd835430,0x04891961cd1679b5dbe5c4af3b471316895ec090b112d072172690111edd8354306c5bf7d5d74256a9673aa8bc62aa802cdb927c370bd61a637bcb7f217dcb93fb,0xef1ad7ac67ba86d16f73299657a363ebcc2e3ed4686f947c668baad27f19374a,ok
0x4b6ab04916dcfb0e2041d99b2b6187303ca47a42,474739.35,0x0224fee77c560c0eb10962bc279d60818d089355682c991cc11ff0b701f31a0d8e,0x0424fee77c560c0eb10962bc279d60818d089355682c991cc11ff0b701f31a0d8e62ba47f4c7555f4e33604c0de5a01230b6cb1070650b9cead7780d9069aa0780,0x9bf49a6b6bab4535b7e76548412f5eb9c2a2e0a0aa13a16c48355527dbf7d2c9,ok
0x383b794bbc1e2c08851947ce99cb749b42e4b9d0,474375.94,0x0272c3b9303d3c2817c38fa14580999d64b0d9044a29305a8da85baf5e693d8866,0x0472c3b9303d3c2817c38fa14580999d64b0d9044a29305a8da85baf5e693d88667cbc3de36802470a161033a76bc966d2ab3d89c4ea3aa5cf968021cf946369e0,0x87b82767606337eafe4c6527191bc025a700a1c9594fcfd211d9f3825919e296,ok
0x3b89aeef98af5d16edce6e7ad134f47d3a18d21c,468169.69,,,,never-sent
0xe252e3c0b18b6db34a7a8d3b0c128b437a10af99,450271.55,0x03db8967fb4bcb94c4340fdb36922e1ca8407db3a5739fa6719adb882ac93fd5a4,0x04db8967fb4bcb94c4340fdb36922e1ca8407db3a5739fa6719adb882ac93fd5a4203b69a0ddaf6c60e43d4c3aa8477c30a72534e2826091d8b4269c909080167d,0xb6ce94ffabfad7105e1b67c95cd85e695eab65d80a55d2ab1062ad8bf055ee94,ok
0x3e1cebe917f26fa3608879623995d5bbb83936e6,449975.84,0x035e4a40f61f8e629d086da0039e132cc1fe2b17c5777fa326780ba38e1da6f67f,0x045e4a40f61f8e629d086da0039e132cc1fe2b17c5777fa326780ba38e1da6f67ff16911287a4c63fea2c8ca923681f3e6d62d1b5bd11b9c4e07a399465f8d231f,0x54595991ea2b63d0899912276ffb5471f822659bcacf28a77fa01d0e9040d182,ok
0xfc5ac2481a8ea66b1d09e87a70fe2fdccae8a93e,439379.04,0x03b6fda6c5685f6bca0ebd1d8a5d382cdc82a8094add4d79d65e7ebe782489845a,0x04b6fda6c5685f6bca0ebd1d8a5d382cdc82a8094add4d79d65e7ebe782489845a2226016e6608f13ba2d18dabed619c1c97a1a747d2e5c1bd711bbee3111b3ac7,0xd084a61790230da04e2e55993c9b7b72e7abfdbfbc83889b606b49c103edf8a2,ok
0x04bb78493c41a6232d014a421ee741792c1ad250,426758.63,0x032c63f11b1a996ed85bf20ebc2068482072c94f3a6bc22f5afddf4e1172c966c0,0x042c63f11b1a996ed85bf20ebc2068482072c94f3a6bc22f5afddf4e1172c966c055712869cc46ead8aa8d27877238613d7cdb6219f1872ab5de278f7687133345,0xf29fcc4b572ac78c9c79ca3963e796f354d5388d093a81fc549793582454dbf2,ok
0x867072026c8c60ed2550dff131481e3b3bb1fd8f,418069.70,0x036115c65998b2903510b119c4d1927c9719224d1e2f7ced6400fdb472bfe59d83,0x046115c65998b2903510b119c4d1927c9719224d1e2f7ced6400fdb472bfe59d83a1755ed23590c862cd432da4659d2f224f944d5f87bef92ca3b6da059464c5bd,0x4d1ffb605c472985da7906febfef080e6491756be41b2979ccdce34d546d834c,ok
0x8ac1cab38af8772d0bcfc556ee464186a5bf3962,414770.58,0x020269fd7c904484d6aa95e87415a8ee4d8285fa10577a0fb448916c9c43d69b81,0x040269fd7c904484d6aa95e87415a8ee4d8285fa10577a0fb448916c9c43d69b8173b1ad077e72c14da14034fa1da4a432a89d4639c54329b928e54e7b85be48b0,0xbf2eb21695d77bc0229e6627c4d78d2f1bb9eaebdb112903c96452f1211a946c,ok
0xdd49092cf1a07482dd5432e1b0480534401e6243,394633.58,,,,never-sent
0xe31eaf798479ff27f662f1fed35f4041430220fa,393489.99,0x037a543062c021ffd4b53935280eff842b0125acd1afac0b01638256643f4a3eb7,0x047a543062c021ffd4b53935280eff842b0125acd1afac0b01638256643f4a3eb7bad8f507116d0a45f873e94b14e75bf064135dd3524df61f8cfb32882b6f4743,0xb4fd82b0e8b3b6f3f5b0f3913bb80ba6cf4d891793f41dee6016d9fb5a30f48f,ok
0x39a5532361d8c750699de07b89c54d948ddba9e7,390958.19,0x02781dbde9fc15968a26862428a9a56dea28679a650c16c93ef35b7651c0601c22,0x04781dbde9fc15968a26862428a9a56dea28679a650c16c93ef35b7651c0601c22821fd2d39c9a4a1b04d9bf2dc31a17ddeffbfb22579182747c67bb42e345bcb8,0xa94daad031759a46840b08221c9d4d2877b9ae2ffc0f15f546bf57ebb7f2ef7c,ok
0xe873c19b33cab017ce0102df4c92f6709b4f5a20,388233.33,,,,never-sent
0x515de3cd5356e8fe5a973db7e05af1841ed9e5f0,381966.79,0x037511461a2f101a2c80ef76bdbe3c5e782101ec54b6fdb35ba6c808960da9256b,0x047511461a2f101a2c80ef76bdbe3c5e782101ec54b6fdb35ba6c808960da9256b84ee148e47cef5b556708ecc48ad25ff6e332ae1705116e2608ccc56689d208d,0xaed0b0157beef8eae7333d2fd2a3128459f55dc42a524cd1319c3679dd1d1ba2,ok
0xa9dba4aeabf7af1c0c9f68de7381b93fc07c5a32,379747.98,0x0205ac5f69b841a4c667617756afce13e86458dd8266e69c8395a1fcf785ce3909,0x0405ac5f69b841a4c667617756afce13e86458dd8266e69c8395a1fcf785ce390930ddd2592a3383499d56e35c22d7ffbfee03027284ebbe70e0ed8d09b1c091ac,0x2d59d4cf0cc2276656a68d5c29c0fb8a75c2efc75229bbeb4e32b3dfc74ae44e,ok
0x2111809658c520c9bbbfcac7aecf84e72d8c95b7,377933.25,0x02d46ab89661d878c3f46cc44fc30dbb2742cb825732e43b4b8caa88a2cb7609a5,0x04d46ab89661d878c3f46cc44fc30dbb2742cb825732e43b4b8caa88a2cb7609a5a127cf099b3318e2ae34f273182f35f78243ecda315499d276237e21e2c12238,0xd8e2b9e66e72fc31bdb199be8a8df1529e9ae35d18dd7786ef89bbceaea4609e,ok
0x2dbfc1d5bcbca6e08e9d50adb974cc51e1ccf8b7,374964.93,0x037569efa419894de6363e13f371afcecb347f0c9f5d7acdcd6f28d6de919e6ee9,0x047569efa419894de6363e13f371afcecb347f0c9f5d7acdcd6f28d6de919e6ee916ff50b5106e7adbfdfc59311f4ec23b752fd9e2cc99c407aa1c4b6083f85db3,0xe6ced06c669b1049e320c76c4744d22cddc7833ea71966f38c348bc63ac6cc3f,ok
0xec309902d575e1d80fbcb60fc459a8fed13cef05,366083.13,0x0289d209acd56a3000d02114acd7b9744dbd35b9c6332d92eb324754fe6844135f,0x0489d209acd56a3000d02114acd7b9744dbd35b9c6332d92eb324754fe6844135f78672652ac8e964eded54fdeaabe8c1669f7987da3f1e57400b2528676cc2c32,0x50ed11374122d69e067141df45803a8af8b51ab034fa390bec8a0526dd6b071b,ok
0x0028be83aea26315638e81e28a2fcd3fd378e7db,361149.48,0x02eb1ac6d82972f2279fae4f3d281512958d6a123f0d126bf5070ae21fe190a777,0x04eb1ac6d82972f2279fae4f3d281512958d6a123f0d126bf5070ae21fe190a7775efadffb1a1453ef168ff76a3010ad1b8393129ec755c3131b8d3882f6966484,0x194946760ca3946739afcba0f7b6ae49d2e9ac76677040c66c3ba20cdd592dc4,ok
0x505a1b76c671dfc70a2e72992b676e747404d97f,352507.14,0x03b1c30f80befc450151e7cf3af0dea814c6314de6dfaebfcb9bdd515c9d1f4e24,0x04b1c30f80befc450151e7cf3af0dea814c6314de6dfaebfcb9bdd515c9d1f4e2431e1121b57b1dc894fcf39884ff40a0dda7ba9d389e712d91762111041f4c2b9,0x5293497e08c8d2d0e0d5e8d5c22310784d06bd362aceef8fe5ddbbe03de21bf9,ok
0xd2b063bfd95d05eab1094ee6dcb5a9372c07a867,351290.55,0x03a87d869f58ffd3cb46e5c3ec1d90b5f1e30d73c21488a5e5c4359ba5872f0d99,0x04a87d869f58ffd3cb46e5c3ec1d90b5f1e30d73c21488a5e5c4359ba5872f0d99f80f93a3663a03894b1f82f5bb5cfd349ba0fd00e6dac002b83d73ff3dcf9095,0x2821b358067d88bf365dcdc1cd1c0acbea03abf0469efb7a4f3d620c44a71086,ok
0x5f1f3748f9532fe73f9b84eb071899e3d950737b,348744.21,0x03888853efd07463d7242a33b109522b850f1e09d986f827ff93242325df12bc15,0x04888853efd07463d7242a33b109522b850f1e09d986f827ff93242325df12bc156a740266c363e5eb084365c77370e56ee525f5fe955b9ddbaca28ca5784d0733,0x980b05c1e4face016772e32a8e2ee4823ea48cd787155c6219c1b28e84c7675e,ok
0xd657c0a2a4775595f41a9c84800db841a9b1cd5d,346834.13,0x0303fb4b6045c992a4d1d5fd59999a30c203164d4f2718df9372342d30bded425d,0x0403fb4b6045c992a4d1d5fd59999a30c203164d4f2718df9372342d30bded425d78f61976ed9f4a157b5de5a5df5428ad787a6f3729e8d54a11722a8590375dbb,0xd7f59bf12297d51ba3f3c6606143163ed52985151a2f848f71092f1a6d89f9f0,ok
0x98a7d05fbb6e31df91fcb0893e5e9c29def26e72,336638.88,0x026becfb8cf7ab0f099ef5a81e1d328c2c1843365bf33c1f8cec495d1bd687e419,0x046becfb8cf7ab0f099ef5a81e1d328c2c1843365bf33c1f8cec495d1bd687e4192683b9b0a42dd7f9bfa799624a22afb3f629818eb3aa0cab40c69763d777803c,0x0e0885724028dac19d4c2acef03ebf79997aeefc3863ea94e544205e2670c2c9,ok
0xf1dd8d8a27c2474d8c6aba394b09e21ae017e545,331323.53,0x03e2b0707a4afb05af2814b1242ec7b738857a51683dcdc0169fbe46f8cc90f0f3,0x04e2b0707a4afb05af2814b1242ec7b738857a51683dcdc0169fbe46f8cc90f0f3003d3a4e9345cfad1929b20f201e0c5ebf3e7f4b8a01c269d618a63b3174c217,0x5b01deff76a8a48ba614b24392507d9aa26079f46a09fda864ddf94a1643c122,ok
0xde72ffc2ee4f6d4f1ffaf4d0ebcf12ffca9d431f,330909.08,0x028a2898b2e1f907c7374d737126e2b232c892dbc7c03c44a3672859411118415f,0x048a2898b2e1f907c7374d737126e2b232c892dbc7c03c44a3672859411118415f2696f407f777056733b779f56404b3663697dbcc5f082976566be94833c6a0ea,0x967807820f6ebbf97638b64fdd386893f33716d1334a6211fa4125be855ee93c,ok
0xc7a1fe3637acc1f4c147c98f2cc54be8420d1531,329706.61,0x032fac06085405cfac5453aec7461568076e08e9ab557f6d1c02ca66af9644ee90,0x042fac06085405cfac5453aec7461568076e08e9ab557f6d1c02ca66af9644ee902b3a89abee587c1e1c1795565f6aff28955109c537e0bbe97564dd61fdaec1df,0x2df6a44637627c4e68f33969949d25b47684ef5ae77da974cb7471de3af13e2d,ok
0xd881be01bc2bdb8afe7de1e0e8299d4ebe9b03b1,324042.70,0x033e115df7ae4b7014b38dc3438e9b23e333b96556144636430541250a315546a3,0x043e115df7ae4b7014b38dc3438e9b23e333b96556144636430541250a315546a3de2cc5e64680e4c6803908c73a1a0b25d49c4d4946e29b13f1def7802b81f749,0x9753db9c48245ec6fb29a00b22332c10283f8eba435ea798549aec8a36a8a8a9,ok
0x63c59fa8706812eb65a348f972b6b15cfe17c435,320777.40,0x029c35019451f83a568e20524857866e06ab94be38d0ae5fbebca187192cdd0113,0x049c35019451f83a568e20524857866e06ab94be38d0ae5fbebca187192cdd0113f36c9efa38f9374f9815268fb28ca3e02154e5cbfc413e9da47e582f0f1b8bda,0xd1b1b3f4ea5c2506bf43e5a3b7d1eafba6ba160c30c82d4b993f0a04c87a24d0,ok
0x86da5a57359ad024d9a3f40b31ce12ad65356f0c,318842.91,0x02377a723b455e567b8d837925df3831877b4eda18eb0f8a639dce1b19bf141131,0x04377a723b455e567b8d837925df3831877b4eda18eb0f8a639dce1b19bf1411314251112dd2cb3c1de3809cc559f3f804207ecf07f15ba386f11e8adbfb0eba8c,0x00829f5d55e78019faccdf6141c5cb95668859f0c771d689c06275a96c1c5ea7,ok
0xc65fa000ef613416c5a2172f288e2942cc39fb82,317318.28,0x03f4e7b7ae61f04304f75b53387342ce097ad7c996439bc89e03ab738856b8cd09,0x04f4e7b7ae61f04304f75b53387342ce097ad7c996439bc89e03ab738856b8cd09b1c1c0db9b8cf2080cb6e843999d54954ce27a9fb3b2521f18fb9f8230e8c1d5,0xf9ad8fb105ddf419d3e841378f9010d1155b8ac3b34a20971c01d4de5818ff83,ok
0xc2dc5eb391af52d491a662b728a42d694f30be4d,311741.26,,,,never-sent
0x3d208a787d9cb64f5b6a93997db9f1433eafff2b,302753.20,0x03a34520cccde72c77b449c942208cdb88697e9319a0ff7a855ec9d0c04e6d62e9,0x04a34520cccde72c77b449c942208cdb88697e9319a0ff7a855ec9d0c04e6d62e90986b9e46010f0b094e02a710bf7c598230608dd090d22d350b75b62da8a9973,0x258cf9010ecb2bc9ada445aaccac0c59aa054b9a44996d87aaf1c2e6955fc9f5,ok
0x6615e0aa84de06897a10bca73ccf546fd72b2a12,299243.49,0x024eded9dc5e9f8cb5f275402b3d48df06fee08e92186d61b0c8b5a84b5c7540c3,0x044eded9dc5e9f8cb5f275402b3d48df06fee08e92186d61b0c8b5a84b5c7540c31968b225cc908c2343adec7dd3518713009cd8661272bdde426d01a37736ac38,0x8a1aac5493c54786cf096cce1594aabbed61489ffe7aeba194e7e54937bee2ae,ok
0x90b3ac838b28a158e450d9bf57a09077d62a8861,299210.73,0x02bfae52f3a1c38ee2bd554f34ea77207727904d6a3bbf2c75f201a750813eb2d6,0x04bfae52f3a1c38ee2bd554f34ea77207727904d6a3bbf2c75f201a750813eb2d6c0c00b3a542a6da2bbe92d6f33bfb550980ba54bb392b46b6122b19f023ebb32,0x4872f3b6a012d6f497e30143108f5d9ea973634206011b584c5332658dea70e7,ok
0xffb95fe206182c1bdf35d192a1f8359d21694678,297418.42,0x0262f35bb97553c340345d32c35d635953cac2e2b4358278e03a6d389ec7f049f1,0x0462f35bb97553c340345d32c35d635953cac2e2b4358278e03a6d389ec7f049f1a9c7ae8ec6cb7726abcfd004ad45de2d950a4bd516b83aa7e012390f490b3142,0xb5fbbc0804f754c219efd134a4a5ac1855a8ef76dc9a8c44c6fa8569bbbf9da6,ok
0x1525981b79261f8cc6a4f638d3301c0c9e79d1f9,295673.86,0x030b1ca317aa9688c01c6801dd85a698f6a535c49cf29d5eb7d3ab9502c7c2e01c,0x040b1ca317aa9688c01c6801dd85a698f6a535c49cf29d5eb7d3ab9502c7c2e01ccecc41ae99013838b392089734c1c118e97d1169cf5b7a0687d38a70b26a28dd,0x5d1d6f16cf4d27fed3b4527cf5b2d90ebc35c9e8c6d3d17dd8d33aea2658a9de,ok
0x2cf05441fe4a2d3cd30b916a9872a736abe15804,294450.53,0x0260543c01f2a13e87cb675ded75e59f2352f0782738feed24572c8aa16fe8a771,0x0460543c01f2a13e87cb675ded75e59f2352f0782738feed24572c8aa16fe8a771e3748cbf0e2053bd8fa8f2b4c87c8597a1cab7f8f318226ad5838b5248f9c750,0x30ba738f613f7a34fd5c821318e2e194873792a3eee589c0a12a0baf270b2ef6,ok
0xaaecaca4bc57985f106e0642c7946dc3381ac707,283610.19,0x036dd5fe28d0789821498306c198ba593260178e20a62e9cbaea2da5b165d31646,0x046dd5fe28d0789821498306c198ba593260178e20a62e9cbaea2da5b165d3164656bd1308852dde305e883aaac018b266d033e2b7d2ffa69ff7bfe0e420d86b47,0xdf39706bea72cc01269cc86b215b1e6c6b2ffd3207603d8404dcb0e2001458a1,ok
0x07d7be4e0d905f95b9f43f9921fbec10cb3fe691,278277.90,0x0340363f2a633abbfcc7d1653e6828d59fd13e07b7c69e7ac5003360896d1f8501,0x0440363f2a633abbfcc7d1653e6828d59fd13e07b7c69e7ac5003360896d1f8501b82d3135cbb55c3ca2381986207573aefad556c6d82f808ad5af1816733759a9,0xdcb6d1c651b7e133c1476d3cc62261ffd9d8a0b559afeaaac1f161709b42ebd2,ok
0x2bcc22d094b7400707cac14163db912d4c372e83,277603.13,0x025d0e50ce201c50be9ca688229df60e3d0c8fc192c5ab2de850b7ac667b5cc364,0x045d0e50ce201c50be9ca688229df60e3d0c8fc192c5ab2de850b7ac667b5cc364ba7b411971bc1a13bf8197d299f2a3712e6342e3843c9638a2a3cb28a25ec42e,0x5460facdd5c677cd44182d2c44d826cb9121b7e13d4dcd65c403d29c1dd48486,ok
0x9694f2d0f196edc60f0ddef6f7a1a65072a8de9a,276068.94,0x03be228833f6031c6983eef8e1ed742135cf078648cd3eac673d7831b5b606fba2,0x04be228833f6031c6983eef8e1ed742135cf078648cd3eac673d7831b5b606fba2073c9990ad32a9bcc560794dda2759af2ef81b1eb81deda3aed50e433fe3387f,0xb66144e82d70acd0a0b1538890a2ab36bc392091188e7cc97cce539961d722e3,ok
0x5a27676e99dd2303238bd2213a0d239cecbac590,274079.26,0x0317ea0028d143be165f3ae9a876092a1a7968473179b217a78d9b353ab4c330a8,0x0417ea0028d143be165f3ae9a876092a1a7968473179b217a78d9b353ab4c330a814171a756365ed9b4fddb6bff89abbfcdb9b656f6bdda15d7a9813897774e7fb,0x54450fb284ac0d33ede2b63fd36aec3254dd457dda44bf767151d6197272ac2c,ok
0x32572ab7968f117caaa58233e4b664e10be956d8,272098.96,0x02502910e5565a3aa8ab744e67cb579d6d2fb859ae31be8ff3861b64c28ed23d51,0x04502910e5565a3aa8ab744e67cb579d6d2fb859ae31be8ff3861b64c28ed23d51bcc2e1aa7795927245ad1f7adc97e458773539a155e7de7adb52818ea3328fa6,0xf9de37195697ff1888c192b6db3345aff2a052b1f67822fffa5364e910033eaa,ok
0x7ec40a1a7ab368b0c4cd446605cf00dd6c6cc0de,268473.94,0x027ddbcb8f7e660db4a26d0de7f60b8071ce00aebc30b27250b11619be7b3315e5,0x047ddbcb8f7e660db4a26d0de7f60b8071ce00aebc30b27250b11619be7b3315e57ecdca94c6629b79c08cfc2413dcff09a35a4bcc2c7c3c6cbc8be7ddea6a2256,0x34166b623f850a7ecf0ebf69783ae4a15fe066e8194eb868f3259f90dd2ee83a,ok
0xc922d159f98ebf0c64a3d1de8a37eda28554442d,267742.10,0x0227694cd919f93e328b8cc9001f02788f60b18e8f202deb4cd019df552d4bb746,0x0427694cd919f93e328b8cc9001f02788f60b18e8f202deb4cd019df552d4bb746df03713b1dfb42b13586cbed23ede0788c5792b673bb2b65a51497cbd3d2c446,0x1ebf857665d716b8862679dfb28b14669cec26f18e732d6d7ba9f897be038467,ok
0xe3801a162bd77195c583a5941cf979dc994b31d9,261277.97,0x030616843ec20452a4b2b3f72d224231efb4b4463ef78fb22f181bb236370ab2b4,0x040616843ec20452a4b2b3f72d224231efb4b4463ef78fb22f181bb236370ab2b4411c45c4afc681772e8ea2c5352ae2c500a339154615a01fef97dad2ddb5acd9,0x4c45560fe080d7f5bf9a6d6a24760461825526f8417f115a501971d850003018,ok
0x4c91195e15f2192ce48ca5dbd74bf522b81004f3,261039.38,0x02ef0d4b30c41e4dc984d84f4ca88e4c0638757aafd37a673d4f06e0e9e0334048,0x04ef0d4b30c41e4dc984d84f4ca88e4c0638757aafd37a673d4f06e0e9e0334048d373222690db374cb9db5a767a2fe0dc1e89a0950b8628bf3cacf02f39bb9c00,0x815a71f565c6c06c39c5dee4e4aff830fda6bee5162adef5f9d195e45a6cfb32,ok
0x5205ef2516cf8b8c3da55d8853f49d56db9ff903,261008.86,0x037a1f70491f30d3c5fa866770c7da710db59f7dc6140ccdc54f42dd41c35c4c9c,0x047a1f70491f30d3c5fa866770c7da710db59f7dc6140ccdc54f42dd41c35c4c9caa0802971c72ab779a7971587e4d39a89d7a14b42b072e77114730e8e5c94b3d,0x98779621a535b5b3022c54d23d9e2827874d212e73d7b87d869533bdcd161e2d,ok
0x8b1f59e5af0d2712d668f6a56875127091757b4c,258636.21,,,,never-sent
0xe80be74f1ffb0dec2b7c649a7a290d5adce48ef6,257051.66,,,,never-sent
0x4b2b287ee0046d022d7ffd179e4aeca05ece8061,255984.30,0x031bd4dc69068395241a95812d73b29fbb977128f2a7061281e98de0051e7de09a,0x041bd4dc69068395241a95812d73b29fbb977128f2a7061281e98de0051e7de09a8326548a10c70ddf4491763369bec81048d9f261fa236145dd8a30fa789b7739,0xd76a04abe57905e93480ba3064c8f22f81d03040e26c6110c3f6e57c837a096a,ok
0x161c49f75f37a4f4922d19bbf1b92c08a410a8f4,254524.44,0x02b5a2c137d49b6b0021519991deb30436c3ffd15fb63d585893c53f3064949a73,0x04b5a2c137d49b6b0021519991deb30436c3ffd15fb63d585893c53f3064949a7350d9cf4b4afd1d10e02a539bef5c0546861748de64daf44316e9164413a982ac,0x8008015096eb8d780f615e3a26086956dd89206ea76c26fc378a3173ae9c3107,ok
0x0b375247de62dfd497a2c80e28190caafbd5907f,253442.19,0x0345a8d4d4caea5ee8f57279f92ef89b157c00880aa37f6eefe0e7a5daf64373c6,0x0445a8d4d4caea5ee8f57279f92ef89b157c00880aa37f6eefe0e7a5daf64373c64beba114e877ba2ed9d6f30a3f03a65c6b5f29a9f0002a9b6715d03ece5220fb,0xb70e17503a7291e0d7d272235c3193e9f64757bfcbd44c6a56ee4a23649278eb,ok
0x2ddccea13184186d49b00dde028c2e10b4bb8e6f,249270.19,,,,never-sent
0x227dbb43a13c339dd94307199028a0c5d0c2ab6e,248658.07,0x032b1ba91004938f6c8028347ca2942364f29647d041945023605cc0a452f04a9e,0x042b1ba91004938f6c8028347ca2942364f29647d041945023605cc0a452f04a9e77d57db1f1c4b8c18a1e3982c242dc04b987e9c691d9c016b35567973a2a922d,0x3e1391991a3fab6bcc2766f6a104f28b1860e08985d9bfaba8f84755ef3d1656,ok
0xa6c9457f0fcacc6b053f50b7188af4593f99e6cb,248321.79,0x03d3966829f2cbb45050bd6dade124636b7f0d2c7a0eff3776c562124d90034622,0x04d3966829f2cbb45050bd6dade124636b7f0d2c7a0eff3776c562124d90034622ed736356948517c5fbba048f1171e4f5a4ebca2e9039a780bb7759d83872dc41,0x40b4061a5a9c922edabec71ec5a27b1420538123a23aa99e22807ac65714c053,ok
0xd3639ff485d958ff1326c0616e36208535606939,247343.86,0x0324a9014ba3089ac55b72a5eb74f3d3e34df7aa717f0408b3f79ea92624557b6f,0x0424a9014ba3089ac55b72a5eb74f3d3e34df7aa717f0408b3f79ea92624557b6fb4136fe55932d56eea4fd72fde2add41ae35ddb0d36d9b327d9248f98b2e4d25,0x19097cb95ef36a7955abddd8ac7c1209ab7765c9f93e965a670dcba3d3bed945,ok
0xed4879e5899bdab0642e188cd3de5e0255e356b3,244189.18,0x03a9a51fbcc792084e817e5b7142d63c891930ca105ff0b83f2c960df1b7fa41db,0x04a9a51fbcc792084e817e5b7142d63c891930ca105ff0b83f2c960df1b7fa41dbe78eeca101fa9212dffb67a5f2b0ef18862337af066795445b85c6f439f940d9,0xe6ad02bfdeb751b952de83bb837adc47738023fabdba0a460b3741e131c69b58,ok
0xb58b3f559b64e4ced7b7dc9aff915310c62cd2ab,242598.26,,,,never-sent
0x27b76378dba83ea916d00a3de78c1ecc6beaf1c6,238520.19,0x0318ac85f431484fc50ab331a12f6d808e43b47c2f50f35a057d8fd6e8c6a5193c,0x0418ac85f431484fc50ab331a12f6d808e43b47c2f50f35a057d8fd6e8c6a5193c871cc9435d69982509261417460c42551443181f5050dd44ebd94f0da1252a37,0x425a6b39751cc62004f1603f4286c4cb3b83df7e277f3085ba750b2b672367ff,ok
0xbecc574cb735ede08f3a744ad0098970d85d6a7a,233591.76,0x03bf0689efebc57891ad282ca85e3e73d1b0801264e2cd1efd412abd55a6bd7e1c,0x04bf0689efebc57891ad282ca85e3e73d1b0801264e2cd1efd412abd55a6bd7e1c3d9fb814fd5ac63ffd441442c9c2cb6bb8fd0ffbefa0e710ac95d953b0bb56dd,0x95cdbbcee500ef2c8bd5ff0cc25b2f3965f0163400ff2e32ddf3286e83122e6e,ok
0x08bae64a33d8defb53ee9df657bf343c559718c4,231214.23,0x0382a2aa29fb6545922fa1678c18601608d71ff8e85354f623916bec5226e6edd0,0x0482a2aa29fb6545922fa1678c18601608d71ff8e85354f623916bec5226e6edd0058745efecf1fbeaff00068fee44608a710ff16d9b5f4919f9fafc08e423e175,0x07efaa838ee0d46acbd46c6608fa7b4fc7c5d2f8bbcd197803e34a577bec51cb,ok
0x9053a9220bc89da0898194057dd7bcc3bf36e90c,230144.77,0x020611dc58b4758931ac50d3d4598f64513e1c9c5e4a8fa0b136806658a289d84f,0x040611dc58b4758931ac50d3d4598f64513e1c9c5e4a8fa0b136806658a289d84fbfaca1f7609c324e187eaf2055395297da4690522e07c53207f3e5e603fe2d16,0xa7788fc996be5f07391d81b5650de1cc84757c37af7e9d2da43001bd6294645a,ok
0x72a02d91d48ca566fe0b83677306e8fccf284ad6,229384.14,0x02e842bb9ed058e0a2a6edebd0f1ab0e1b71b48a5d4353534d66c8d11d407975f6,0x04e842bb9ed058e0a2a6edebd0f1ab0e1b71b48a5d4353534d66c8d11d407975f6cb1fed9343d5991b0f1ded1aa66b1409d903bca7b2912309fc2a00dab390c0b6,0xac2189e6b669d4e3e86a61edd59c409c549fbd771e223a70d38ead37120a78ba,ok
0x495ea8d1d774358e912dad6163e9c3b6e37077b9,222450.50,0x032997413e10afe10eba94f079ca3bde95842fe849d3b8d7a57edc2950c09be79b,0x042997413e10afe10eba94f079ca3bde95842fe849d3b8d7a57edc2950c09be79b907886739624b2e5b54da0f15c2c6bd01c3391f940cbf103bb22b77d15fbccd1,0x8050c257adf716f3ce080144eae932fdfe725967053a0226c20b5c2ecb7681f0,ok
0xc256257c3448802db17f344add35d13c14da4faa,219577.35,0x0240abcec16444f0c531f4f386267ae130b066d8c744dda76d828192fb23aac0ff,0x0440abcec16444f0c531f4f386267ae130b066d8c744dda76d828192fb23aac0ffdff3a23e052d7fa4a218f8e100e72d67a7710895047bfdfa6b747f9dc60bc4c8,0xd95129fd7cff7b021924af99142ade9ceab538cb01464cfc3d247375ec365e23,ok
0x9667f6c21086440d21b381c3f91c2759f192c854,217797.58,0x038d025d64dd7949e3633164739d710f1b436675c7295edeef5d954b7f32826f84,0x048d025d64dd7949e3633164739d710f1b436675c7295edeef5d954b7f32826f8433fa8e0844f05a0992418340a5ea956e416f55633ded7b4c5183ff4af0c5079d,0xe3c9230b748f0dc74d11527f276a2a959f0de7694c2e54d82d729a888f27de9c,ok
0xbffc996f12c3a565a9d0fa31577b5d30ebbcda3b,216758.94,0x0273449228dcf3e9d88d722e1b552138ea087e4bd6dab2d76e33d91a74ba392992,0x0473449228dcf3e9d88d722e1b552138ea087e4bd6dab2d76e33d91a74ba392992c37acdc8abc1779efbcda44441e34da84dad78a15b51d28c95bf4360e1be2688,0x03c938362b8484fa3bd9c9e5e8d2efa3fcef5585f5590a002782f86dfa536ebd,ok
0x44a4474be961b7683e34f2b204660a842e567e48,214721.34,0x0287912a57efe842146c16846825a473a7eeb537de1ec75b4ce4dcccd29e5cd7a0,0x0487912a57efe842146c16846825a473a7eeb537de1ec75b4ce4dcccd29e5cd7a0ab37f83d514546820d68a81c88c283f699ade8b6b387515cb2cb36cbd6813e5a,0x646fc53c14c888b108bbbbeb8933fb3ec545e13be324efb7cb05925930bd0a8e,ok
0xf366561c5c7d6508248c16f836368392fd7723a9,212460.70,0x0291aa24b1c8e31936bc8da722cd50bf58d213952c53d4cf527607486c880d2ad4,0x0491aa24b1c8e31936bc8da722cd50bf58d213952c53d4cf527607486c880d2ad4c0299c36676bf2a2aa950b0e7f4f101b9cceded175a492961c490f3ea9aafe98,0x155fbc49a3ba7b398ad31b0481d3fd2f63b763d289335d7741d87400c6a57cc2,ok
0xee9095f793493eb332204c8838f3337aa6e582b7,208662.81,0x02dc260286ba9239278a336cca9dbb4ce2ae570989cc9b27def93f9378fabb0b81,0x04dc260286ba9239278a336cca9dbb4ce2ae570989cc9b27def93f9378fabb0b8126b47f52df72eeaf87aab0625007cb14a0d6d56de0b30c76d93e5f557d0bf39e,0xf2cb5da28c1d75d7d63f3400ec9589d1725504a19fba6a06922602226f7d7cf4,ok
0x01fe9f0b37412498bc62f2086674ac9786d27e7f,208659.67,0x02e1a2b1dfe32ef5b3efb374479d25f1d7dfa8099e519f32944bb67964f716e698,0x04e1a2b1dfe32ef5b3efb374479d25f1d7dfa8099e519f32944bb67964f716e6987e9d51fe39ab41c9c8d62841035c4cb052bd91116cab47d74c75fead9c3178fc,0x1d7bbbbd09edea294e9ac8331bb1b2c4c54e74a2c07b162474d58d66225ff37a,ok
0xd15cd937831ef368ec6de6947bb3e2714658e1cc,204570.77,0x0233b5f2190128e083f6d9181cfbee99ab886a962a0c181729149daf9dac13264a,0x0433b5f2190128e083f6d9181cfbee99ab886a962a0c181729149daf9dac13264a8040310df4026239e4762c452e61dd70613ed61ea7c6124c4b0eea40e294b996,0x4c97eb34b9591945810707e7dfb85194ff7b22d5200e251555d9d2d9243ae39c,ok
0x7c02f38de25611887c16b208f85f29ce625f4687,203654.12,0x0340944027dc4f17ad9927083b40727b22779c114209813528b34f8ac2eba66230,0x0440944027dc4f17ad9927083b40727b22779c114209813528b34f8ac2eba6623001eafe60b8cb04bd55cbf7d82734f9afa90dd2ee60c9207f14055452775521f1,0x2b6f217d5b41d4df8135d27eaa2d0cadf82c7615625c671aaa342a05348b2e16,ok
0xdd1f74a9bc67a74d1c0d24f9d17ff942c2181776,203608.41,0x02f925c834eb07aeb7297dada75a422ae11e424e726a00ddd465376232ee34b933,0x04f925c834eb07aeb7297dada75a422ae11e424e726a00ddd465376232ee34b9339b0c2c7a126ac98dd733a05bc5054b8ec5cbccdfd9e0fdb9192ff93fdcb65cf6,0x13c2c9561f092215c4c2ea85f014497bbfe7976fea6fa9f826ab7976ff014459,ok
0x918fbd0720364aec87c021f63c8bd3dd6638aac8,203154.42,0x02278af6134c9865a2c03d92183d277a74e0d2e6bd264660fb5f4ffad600e078f3,0x04278af6134c9865a2c03d92183d277a74e0d2e6bd264660fb5f4ffad600e078f3b89b3b9513e94003dfb93021653d13a8b8fe301b8b07c6c02288cbdc754ef866,0x93e324198c7e495447bb47c2799455ccd37244f5a7aaeaf493fe7ddb5316357a,ok
0x618d8c0df790b95c1f0aa938304d9059037972dd,200574.73,0x02ed20ec6aedd30eb7a6188ccc31418bd69108cfe899099fb9afb79aca310ca98e,0x04ed20ec6aedd30eb7a6188ccc31418bd69108cfe899099fb9afb79aca310ca98efb67f70a17a86eea864f2b64b1638fec453d904bcf468fa6f3464075437e681e,0x7b86ba42b6dad4e2237a09e2b4d54f6c66bc173575b52dc3f4d9fbe528a81a28,ok
0xc23604faa1e8755c9ee391dc8938393c22c41793,200206.37,0x0255a286650f4c00ce9b78ede7bacb799d3024ca8bb58125025e2b436fc7ab2c62,0x0455a286650f4c00ce9b78ede7bacb799d3024ca8bb58125025e2b436fc7ab2c62af61cc6c5a722a362cc64a2e0b1445f48e8d9d76309a53c542e995fc51482054,0xfdf307fec44d6e49a689548a9b1e44ee61a2f1985996ddfcae59ea00d75c8cac,ok
0x4cb278d8dee9a05982160e4f3851d4a62680ced2,200000.05,0x028f4d1da7f10e67f95c82df2ab3e90a799bdde872777c83524a6b224d9cf0b43f,0x048f4d1da7f10e67f95c82df2ab3e90a799bdde872777c83524a6b224d9cf0b43f12e6a7233bbfb1bf238535c7894a73d40bededb3049495ec48525b4799d2f548,0x3309db24f2b832a0449ba59a0e1857398b8aecb7c91b92d3cf980ea543c9bf81,ok
0xb6d2757f1639f382949e56b8c75cdeb23b729b55,199438.19,0x03238c91e30529d9fa6e1c25680a8ec6f708db8bf9dc6b42dd20ccf80e33e28837,0x04238c91e30529d9fa6e1c25680a8ec6f708db8bf9dc6b42dd20ccf80e33e288379454952d1c6680f5a80a35b4e58b777b1b63101a31425e2447637caff3412a3f,0xd100b28a4afa35ca925aad8ec4f6bfaa7185469570a7782cab6a17240c59e4a4,ok
0xdfb60cc9f46f8784685367ab84c66037ad4261cf,195398.71,0x0360a253b32810a27f1d272bb779d5749e782dc6498abc1df8456254bb472020ba,0x0460a253b32810a27f1d272bb779d5749e782dc6498abc1df8456254bb472020ba528609778a7f801ac2745cd4ef1a74edee3a071961136c90faa8e143353e3ea5,0x9a103d9f208b4f4ca39c0ba20a9f8bd1bb355fb97993cc3b5a04bc7b863f53b8,ok
0x31174b747548a56003edd1507ff11119117ef736,193850.83,0x02fc23bbdc7f6bb8f6cb2d62fa89b3ab136a67b9fc236bc90005d8c9d8f1844ea7,0x04fc23bbdc7f6bb8f6cb2d62fa89b3ab136a67b9fc236bc90005d8c9d8f1844ea7477760d67b8e2c78df64e51d0af732afa15838e74e2dccdecc58f6004a46b788,0x38c1a692e3c0416e767063c16171db84eaacbcb8649ac88c1a5340cf82faf7d3,ok
0xea83404d76196c89821ddcba14d3dc1111dafe81,192546.19,0x036de97bb8999e1f918882b48e1f794dcdf0270b01dfabb4606467bd07037934f9,0x046de97bb8999e1f918882b48e1f794dcdf0270b01dfabb4606467bd07037934f90271a499fdcb19e83ab7f9ee644827dc19f0117342acfc7dc5b9d45681e08011,0x5ac51f99b7a92973291b75bc71a2a9ba3b67eec4622ed8d48955678c97b228b4,ok
0x2412722eb11cab4023b0979f79f58839b364aa61,192238.75,0x022deeb0c1fe4156217c8b6e87433afa2a4ab9c8c66e657b7f0bdd6d3c016315a9,0x042deeb0c1fe4156217c8b6e87433afa2a4ab9c8c66e657b7f0bdd6d3c016315a96d749ac596c0d45e9645196b05fb82a2628802284830c392916c22dbea006b02,0x3112feb9f41797398772c07cc8c0a0a38bc560112c39c77157f0fafa14c87d7e,ok
0xae672dca4464c1c2d5a79f03142082824d88d031,191539.37,,,,never-sent
0xb31e8e0fa531db8e18a6cb9c9db83f45a598c76a,189813.09,0x022dc2badb960a8227b5fa8f7a6767149cb8fcb31ba9911b2fe726d51237673c6f,0x042dc2badb960a8227b5fa8f7a6767149cb8fcb31ba9911b2fe726d51237673c6f5d40fe9ff9a08adbd6dbf7764c1fa5128d2b6c7df2cd576930a5a7b2bab5e58e,0x6ae7e2d6279199181392666523bb7da6675af0a81bc7aec077d09ed2bed0c8f2,ok
0x038f28a39559de6c586728d60a47d914880589f1,184235.83,0x0292fabbb7bf628216d6dd6538c0d47f58fc4fcbf2752f83f8301200ea4c2cd0bc,0x0492fabbb7bf628216d6dd6538c0d47f58fc4fcbf2752f83f8301200ea4c2cd0bc267aaf46d7f7fabd518442e98dbdfcf7602501c3d0333d781f7f9f24d29c3bdc,0x0d62c24422237cfb07e8b494e1e8370069f346b258e220baf6ff51a58bcf75fc,ok
0xdf94a7c1b948d47b33d02104a1b921614979b7e1,181945.57,0x035f79bcb115b72b27469c85b5befa0cdb4520294841422b5764f541c23e9159c1,0x045f79bcb115b72b27469c85b5befa0cdb4520294841422b5764f541c23e9159c149104a569af8c7aee164843b25e31a100b657066aca7f9261c415cbe3cf00753,0x7ddd3bba9a5dd2565118bf86d9cb152d91df5210c66e731232b69c4978226584,ok
0xe0bde56ba27a21557c9c6b30d30fb7e5bc079d8a,180210.16,0x03f9ab8894d450ab2919d017a2a6b3400e9a68fdc33ec01484770ba901ff69f190,0x04f9ab8894d450ab2919d017a2a6b3400e9a68fdc33ec01484770ba901ff69f190878bb1c0620dc6930d031be7d89a15f6ae3ceaef418f013edeffb0dccf3a223b,0x0c662be97e1c4ac70f543b3ccf58ca4fe3f06a219297ab62b1276b1b637135f5,ok
0x24360f556c9dd85730f04993de51bfb42cbe4df6,180040.33,0x03b195282d211378b62141ae2d944d083e53b9d4d9018cedee4302595458092e68,0x04b195282d211378b62141ae2d944d083e53b9d4d9018cedee4302595458092e6846638a5137ed68b51e6b09290d41cee33438865d6052e610842a8b49dd19850b,0x6306ea1e546770cd1a439c98d2a9a924533540982b548ddf1f758a18a35abca2,ok
0xc390128456f5e35eaab28d4061eccae0c1ac7728,179416.71,0x0320589d846b0a535920a9c7d2e2a1b2824ac8ea8e800762e0ffd1bf7826993fab,0x0420589d846b0a535920a9c7d2e2a1b2824ac8ea8e800762e0ffd1bf7826993fab97d2657ea8c20437eaeba08129eacc0e0cb13f3471718b20c88f5e4daf9f66d7,0x799dd975a25bf8f8ace829cd6c6c31ad5b54bfaf9b7ae1ee1d19049004709459,ok
0x465e0d52207b0d772eaba41b84c1f8f99cd624a0,178779.87,0x02612313756218a13da0fdeb7f29c6999bf6729ba518514251d19782fb469be8a9,0x04612313756218a13da0fdeb7f29c6999bf6729ba518514251d19782fb469be8a91bfbb846e634dfa026ea818f97aa9577ff851b7af9ea9976e451fff2b0a41fbc,0x17d514ce5892f3ac3223efbc9bd17a042c3dbb909ef9ca6b1da3fc798cdbb7e8,ok
0xbffa0adbfaa0e20b734ac365e63affeba8f1dd0c,177984.43,0x020286d335f91ea2fbaca958cf740e42303af49c9adb8b8671b3fe6226942741ed,0x040286d335f91ea2fbaca958cf740e42303af49c9adb8b8671b3fe6226942741edec44cbec9b01645cffacfe5905e135fd50059f5dd735b460be4559a2a6b30e98,0x9a5970dd50d8deb8428baedf7b6030a81efbe4cbea6441f25ab53b3fadb22c65,ok
0x70969b84378eaadc2377c6b5a5270ad1fd1683a5,177747.21,0x032881a4d66a5905aa9bac5f449a97f6c7f177c0fe7ae7e967a981d25d9999f9c4,0x042881a4d66a5905aa9bac5f449a97f6c7f177c0fe7ae7e967a981d25d9999f9c4f0aa93e6e5939ce05d17a10ca11dbaa32da4be745a9cddbb142da9ca93b490c5,0x36e54f1bfe3b571c7525d253d5f4646b45a05e2a9cacf1817112af513e4046fc,ok
0x1727a8066ecb1b54e13f07b6332150ab2e94f2c6,177706.38,0x03aff458018756692598e647974e3ace3f032f840ec037eda29eed6ee17634f4a9,0x04aff458018756692598e647974e3ace3f032f840ec037eda29eed6ee17634f4a9a025e987fd3fc0862577a66fcff42e650bb2048739f8d5df4a4495ed67af14eb,0xc028d1985bb4bd4695c5e6ecedd0ee480f7e935d13e8a3a7589d59830af92691,ok
0xf5eed342cdfeff748debe1e50ff4accff32593f3,176325.25,0x02f6afeabf6abc83ed6c7b202035fd6eb8c961768c8612872b4969fcd831f65269,0x04f6afeabf6abc83ed6c7b202035fd6eb8c961768c8612872b4969fcd831f65269c1d6eab3e20ec0141bce9d7cc4a9f4d3f08a773e2ec3d40a2772b5589d2f2596,0x2f0247719535a9e7e9f8cd0f6b1e6c89dff933bf57f967b047789445e60b84e5,ok
0x5c2248818c6cca7974eb7b5901fd4dc0e5f0f897,175850.35,0x02e191b987fa25ea5c159e17badcfc406d11a5222b70d99e0499059d63a73967e4,0x04e191b987fa25ea5c159e17badcfc406d11a5222b70d99e0499059d63a73967e4549ced6d125cd8be43921dbf3e94768308aa1047a7663bc01d271df10b0a1b28,0xd38d2ce4d47042b8b1cd46fa0bae3b311462112633782319b654ed81fc2a0a55,ok
0x97604e74de5d9ac469ce508a746a4add11881891,171757.93,0x039826b9f5a1c5e7c19b764739e82d127b02c107e2df78d5cbc433ffbf92064e3a,0x049826b9f5a1c5e7c19b764739e82d127b02c107e2df78d5cbc433ffbf92064e3a78a26458671aff29c51048a2eaebd7d85abb61d7eecc8264c945916a61b292eb,0xb4496cc65326c70320ea7798fb4994a312dfafac1b60bdefc1bfa4c49cba3cf5,ok
0x6d2d668009e030007fda355890f61ecd29495ed2,170907.58,,,,never-sent
0x7a6cc15b610a720a9eabac1fe29cf9bb1a6ee6a1,169610.15,0x037e5536fe1981ba80b95e9929502477fdb5440eba084116d833f25c7527f6cdcf,0x047e5536fe1981ba80b95e9929502477fdb5440eba084116d833f25c7527f6cdcf01950d276da2f2a1af92fe53cf7463435463159c10409db4df717b158bbfb607,0x215a013d2a7ed611d74c51e566c53baf92a8f36fbe2703cf62209f9035ab839b,ok
0xfbdb250fab368245a07b02387e5aff2ed6a4bda2,167151.04,,,,never-sent
0xaf40195b48973085c3c0b80310323dcfed3923aa,166945.44,0x026d1370f9808423c94486cc66f43a84468869cb8a1d9c024e69acc6f01c22da72,0x046d1370f9808423c94486cc66f43a84468869cb8a1d9c024e69acc6f01c22da7236cc296523b4e72cc5fc4c84909af47f9d6c33bec7718ef6b77c7b34da0e49c6,0x5acbe28ac2b8efb3dcb6d2cff3b88f4b894ffaee3804451a370631ff51aae8d2,ok
0x0a96534f248c9b98330e377f1091712ce50a9206,166776.74,0x037a2622091bbf5b4abcfe74d5ba19f191fadc38f55daa61d2e02a8425d055990c,0x047a2622091bbf5b4abcfe74d5ba19f191fadc38f55daa61d2e02a8425d055990c2b46c5c43e2165a6e3c24c0a51a3e1b31736991dadfd7381596625da6098b6e9,0x44d8888caa603bb6cca65e5c95efb2952911447a5adc5d2c10f99ad567b0c35b,ok
0x3bd2470eabc41fe666598ee48faccc1487c140bf,162877.76,0x035ceac58621151ae0510821cb7c4bff70a9c1799964c6bfbf29db3f0c0abb66a3,0x045ceac58621151ae0510821cb7c4bff70a9c1799964c6bfbf29db3f0c0abb66a31cf231db00c5a4f278b0edb58042ae9f977c02331ccff867b27b3de8607d731b,0xa00ca774496458a33182a028ac1434060b4adc777c40bdf229f5d9c15ea2d8df,ok
0xb4cff1114e89e53d87f5d3c233db3a768820e2db,161391.10,0x03e14c2b74de65b6e3c346f83a497d1064997ba0498be03303ef06ddc16962b398,0x04e14c2b74de65b6e3c346f83a497d1064997ba0498be03303ef06ddc16962b3983f2707cd6d01034e0053341635bf6069fdd89453d2a0a890fdf05b56a5f3daf5,0xe4d56716465eb4c266cb44c2dbf91777c0a319be1dd765794c112f1c08570a1e,ok
0x91ad8aff7eba4a9250693ee94a92e7f853dcf5e6,161268.24,,,,never-sent
0xb1c96e906101bf27f8959e40c4392ecb9d497e89,160221.69,0x029a65961deef41c6dcc3c354c8bfa4715b70a5a74d2faa888f22eb1c5cfb8fcce,0x049a65961deef41c6dcc3c354c8bfa4715b70a5a74d2faa888f22eb1c5cfb8fcce0e9d354d1e6307bf8a82ff9c1dd31610dae887b3d86d0ec3f8f61139cf302a3e,0x0c0e39c01f5caae501d24ba9dc3956fc0998eab8a5c2a8483587eb1da7504158,ok
0x5b884452ee814d59e1869ca8cc83e5dfc9995a0b,159986.95,0x029be9b376f45f10f463b350a2decc51a5d6e59d00d581684d5c0e2079546d767d,0x049be9b376f45f10f463b350a2decc51a5d6e59d00d581684d5c0e2079546d767d2bb34eba12b8d4bb7ab6ac6f4f2744ca5f6a799243aeabeb77f861b173490cde,0x11721db72fc27af571e121a90309ce8b4ba800dfd36093fb3496705c1a2f35bd,ok
0x2ef811f96e67108b2bf224bc30944a5f7480c9fa,158516.40,0x02c4fc4e9fd888c53fba0878954c7490fe5031d0a91d0a3ce92da2d35199520522,0x04c4fc4e9fd888c53fba0878954c7490fe5031d0a91d0a3ce92da2d35199520522730d01f7e161901e7b673915968a0e0eb73190887a11d604d4d7b42a41a481ac,0x69f64387e78c644a3de036cabc1bf192ddd596975d09f60758b332b4dbf8a5b9,ok
0xe2c6049024ce44dc33a43222e22c8869f9cd73e0,156442.47,0x03d3a7123384547e8ae377c75aae57dca8e9a8da5ce2bbd016c8847b17016f8827,0x04d3a7123384547e8ae377c75aae57dca8e9a8da5ce2bbd016c8847b17016f8827215ca547d30abb6f4cead16db8437b8ed15bd52ed9b2838ce61eb1ca85586999,0x61872f0a9436e89d32f0101b7de480f2a1686970dc8c81510934f784a90b7362,ok
0xd5819c09522b9eaa133991ebc996880621efa4b9,155789.67,0x02dbd6beb0898691eab8d365c00ae2dfece3fa48a44b8bfc3d13179a3d842bdc35,0x04dbd6beb0898691eab8d365c00ae2dfece3fa48a44b8bfc3d13179a3d842bdc35e47f6a63a9d3221c64f01367fe7d55af66cd2bc204fda8253b38ca57200a5954,0x045d9d4d8a6962c3cca14b3c165413acd032451878839cb04008ee1a667e04ff,ok
0x7ac2ad1c16d30af77f52a1e3c7abad8612e363d3,152306.03,0x0315e17c18e2baf1e6a6dc9324a200ab4d8bba07a7e2a6f5ed27be1ff844bd3ea5,0x0415e17c18e2baf1e6a6dc9324a200ab4d8bba07a7e2a6f5ed27be1ff844bd3ea5c5bc463d8ccfca8435466642cfdd25f88445627621dd22d950c31cf60734c1a1,0x95824968061c9a8e2965d03d7e0f92ba9c91e3df2ae778bfff605c39dace1d5f,ok
0xa802a52020620b787d261e515b559315c3f99a37,149251.84,0x026c1e013a729b65b7cac50d846253f5a4413d321cccc3e45835f8d331ddd7d718,0x046c1e013a729b65b7cac50d846253f5a4413d321cccc3e45835f8d331ddd7d7186c6df8e38152a2fd58b1e81d94c2eefeb9f6e5121f3d9c31a33e470fb5ea225a,0x600be44696aa845fb89e0b17a45e114e34b738b3c0b87007991191339846d75e,ok
0x7d773340e9d5f5b270117e5675948ba1b18c7de0,148984.71,0x02dd763b1c3e0b3965eed12cf2d0bd456328181af13a034bd06da21d2b81732a72,0x04dd763b1c3e0b3965eed12cf2d0bd456328181af13a034bd06da21d2b81732a72ad4f3aab9ae136aec2c188b539519577387af27213c05cbb78eff7cc8a912c74,0x9b8625591726c4e9b7c094ae8af2af1269b2cf7fb13ebfd53e94f23cc00c9201,ok
0x93845ed221a87fdf6ec4a2e87319e12e1a66e83e,148194.07,0x029dff78902dda52ca047c21418904f573c3236793b2b8f4c12bfb38b5ae7fcdea,0x049dff78902dda52ca047c21418904f573c3236793b2b8f4c12bfb38b5ae7fcdea34cb65e59df2e620406e9958eef080fa5439bb369c17df8590479ecfa50cd924,0x7b06ffd6fe57eee5280052be13c2f97e66c7614a4e8b203c8da1e24c335c36bd,ok
0x1ddeb0c6e2d8123ef438c0c8cb964d6ee3cdc935,147175.31,0x03d47002d87022a6fb589d301df78c3dbcc1eff20af9263cc6360282550d7e8a40,0x04d47002d87022a6fb589d301df78c3dbcc1eff20af9263cc6360282550d7e8a40bfd3e3842f76918bab01e834526b323a680a531df8a1375504646335990ab155,0xf4c48eb02f270e3fd7d786f861c0d951bd84e97707748f4c51e7111409dd5290,ok
0x87b00f4f836e0c5d78255aeeac62566d9e51af6a,146172.26,0x03158a84c0decff4e835db72375c73878a5ebb7b66ce08d3affbc36fa7102027b5,0x04158a84c0decff4e835db72375c73878a5ebb7b66ce08d3affbc36fa7102027b5e329e74e4b9a2c8db8191b5e8035655feccd1a968e8eddc81185487732b29241,0x275410cfb50af614065217dbfad7d3f6d337e658c006235eb4b99d59ce00f80f,ok
0x3d006d8e3a6eb9bbe170fafc8a1ba82fc4fe1c5c,144068.86,0x03f44a85c99baa8253db47e743c87897c4395f72375c3c698d64949751a0b8155a,0x04f44a85c99baa8253db47e743c87897c4395f72375c3c698d64949751a0b8155a57a5ba5f259ff92d46f8c362c2fb01551f062e413f8ed4ae1d8e5e8750d002c7,0x259aa953f813a1cae4cd8fa2bd41e4f7ccadd866ab57ea5b9fda638a28201319,ok
0x8498649db6645e1a39f32e548826d6eb4e6afff2,141373.67,0x0334c24991a37c08b4e0ff998cdd358523fbe54a3f3b03e57900c37113e8736ef9,0x0434c24991a37c08b4e0ff998cdd358523fbe54a3f3b03e57900c37113e8736ef9c04e27be56666f9f0114c95f70febfbc4f3f61aac233d1e007f41f1d926bc311,0x9cd33bd49cd277f759240049d6a2afceab9b1a0efa05b67f83bba4c586e7d297,ok
0xa35072498ec2ae77c804babcf692fbd69fdc262d,141123.29,0x02b10f735cb107ea0e040c9f8418ac4f27940be0e8d30b6b7d51663920d7cdd3e8,0x04b10f735cb107ea0e040c9f8418ac4f27940be0e8d30b6b7d51663920d7cdd3e80c17fe02ce5dfa370cd5496811339d3620be3b2d57411e024be55e342ce54c82,0x42eb76a201d8e30a32967effc9c666eab3efd702d3c69a56cc690e52c8354b5c,ok
0x6f281bb0736143cc3dbb5281918d6dc7d35339f0,140997.89,0x02d13587b6d84c9b7ba7deb05bbd697da211356326c5e3298f314fe9423824bd24,0x04d13587b6d84c9b7ba7deb05bbd697da211356326c5e3298f314fe9423824bd24a5a56fccf9eed3ee5528556c6258c150ec0fd01e2d51a90733863f9924154646,0xd028be87434221f86ad1c6fca1e97daf62753abd8493c730ea0f08befdca2b2a,ok
0x3f8550c6ef10ed9c95ca850dee528d25fe862d74,139769.36,0x02b1aaf35dc3c08871d88e4b717fd3b3def8742e8d27536698e5cfe96d89f646c8,0x04b1aaf35dc3c08871d88e4b717fd3b3def8742e8d27536698e5cfe96d89f646c867c1995f9ace9d40cb60c5f7861bdd227bd62401633e32d468f024d357df3b7a,0x8a3ba0c5479650da60c1c9061311301793abcf407703f114a2701745aded1655,ok
0x8d0979a0156dc25e14034bbf199dfd4052e57723,139524.31,0x0251db8acc59bc4e8f347527b91774a08a43d1a30145a81b40c05cb70d9aa32a84,0x0451db8acc59bc4e8f347527b91774a08a43d1a30145a81b40c05cb70d9aa32a849a12de8a11a49427359c8dbb64a08004fb9bab900efe3c42c7f73ad376efdc7c,0xc799b153e36355e0128f4796a25eb1918ff54ddb4d5a51fadbda1c6f429369d3,ok
0x64338a791ba8f0584d0059edec9a6bd246d41ba4,139246.92,0x02a789ef40a207d5d4dca3f8b275f9406cb3ff331037abbd7c059a76162a871269,0x04a789ef40a207d5d4dca3f8b275f9406cb3ff331037abbd7c059a76162a871269b8e8f7fef5dbee80527b12336b0b11a1655795cf13a9328d2b9610b561dfd362,0xcd0efa5eb6ef5991c2a30bc8767e2009969a00a26e327e8557c01cba44095179,ok
0x37e6f3e5934c69a2e0befe44c865eee7e5217649,134413.96,0x02c5c270137d94d4060846831588ec2efa4f3fc736995f38563fba06350bdf1b91,0x04c5c270137d94d4060846831588ec2efa4f3fc736995f38563fba06350bdf1b917cc27f35f96bc4a66a791c3b942c3c5fd28aa8b9d7eab5e95ba3b9ff6151d50c,0x056191a133c5523b9d9b22577b84613fb74c6b9b28c9cac0e1e1d3d2a431a649,ok
0x265a335fbddad52b87f3b5297acd1111e0bc3dfe,132288.84,0x02a8a643b3757b7b763a95e406b9271ea85e8aa01e5512191719a4e5576ef4be18,0x04a8a643b3757b7b763a95e406b9271ea85e8aa01e5512191719a4e5576ef4be18d3002dcb6b4e63e603d274e197a381926df7f80089cad5abb19b12ac975b77cc,0xb788dd699293fa168ab1e0e069c302c6e0bc04d8fc09faed42e74603adf33333,ok
0xe521ee483fcc5efdb4be0f6a50fef292abcdb3bc,129524.73,0x03b57f569c1985f2da91640ded97340e93c1f74226a43f6e4613774852620cfc10,0x04b57f569c1985f2da91640ded97340e93c1f74226a43f6e4613774852620cfc1023a39211fd8b759f4d01ab211450a2cdb75e829baf74e9abbe84248e9d3eb459,0x0d4f2df5c358de03197cf95e05c5a8ef7fea837742261ee45fd1749b2a49ef72,ok
0xb959bbfa32e9e0745018ea23586d61b92e610173,129004.26,0x0304ba18286dbd8f10b00d47dd5eadbca3c6a1a62b2562ede0460acba1b89aab20,0x0404ba18286dbd8f10b00d47dd5eadbca3c6a1a62b2562ede0460acba1b89aab20c39c97082809237dadd85e939f4504dc578e3782aa185186cee160d0260dec0f,0x5c26463fdd2e769a090e91114c90431253a946fac1776a52b1fbbed639ae9c40,ok
0x830b046d442d9bf37e2289ffcf8cec4a2edf7010,128061.39,0x021c2bf53d7df9909b5b7ecf02d5fdbf601a2e73db9dbf74f13572726f48b3c82f,0x041c2bf53d7df9909b5b7ecf02d5fdbf601a2e73db9dbf74f13572726f48b3c82f17c9788470e697b19fcf11100e51a622b29ba601203ef0440a782d483a24dddc,0x8ae08e2e2c67c345da2970660db7257d614e1471c5556c2e41bb0c487d330850,ok
0xe93636aac64838fbea6928c50056090966901ab4,127328.33,0x02d0139af0eb388230d0e3cac52b667e4eafa20abf004beb43885ed549cff2b552,0x04d0139af0eb388230d0e3cac52b667e4eafa20abf004beb43885ed549cff2b552e677baaa3bda61080b22488e8da19127c4ed14386a625f03fb6ff7781af15516,0x4844c0109dfad4f2cc65865ba0d9031aa1eb992254c3ef1d9bb80d97aca4ea62,ok
0xd74ff889b65a9f0ec79c8be44ae0f11d379d4df9,126425.37,0x0324c0ddf6e9a6949a5dd14cc17abbd8fde9e3ab37ab003a2c5c6246c3c4060954,0x0424c0ddf6e9a6949a5dd14cc17abbd8fde9e3ab37ab003a2c5c6246c3c406095417a2127e89ea0ac1c07e16a5b342b95234a6c5f9ed700e343128e454f98f4971,0x24a89616d15e92f9e820e7a3f4a450b683590e0c9be7e15f03f0225e86350332,ok
0x569f40fb13d9af9181e7d13724f74e9629813136,126015.09,0x03dbe5136ff95516c95ec87f3de36e743bdd698ab6b65ff23f0b19c5dd9e9d97d6,0x04dbe5136ff95516c95ec87f3de36e743bdd698ab6b65ff23f0b19c5dd9e9d97d64a8d745538f443b860c7668ad7e22621ba1bff3206dafd3f4d3fd58b2bba3d71,0xaa30604142ae957da0657a9f202ed30f9360663bfb4330e3ea0e2b27df9c311a,ok
0xefcf747355306ae46f0f24bd1a8633498a2bf087,124618.70,,,,never-sent
0x05d90f7d6d0a1dc67c2b8fe63044b71a09e14549,124008.13,0x03ef8adfc81b558b348daad7306d16f426b952bbad99db133ac24fb739e5d6a455,0x04ef8adfc81b558b348daad7306d16f426b952bbad99db133ac24fb739e5d6a455c9ab6bf2c9ccaf5a9246917a668e7aa612c60d8be02dc438eea431c0eac227cd,0xb8a7a921c56cd893eaa564ef5fe2ee4bfc698f961b9d4fb7f96af8454f7b0fd1,ok
0xa2d18f6c4ccef7b82ee920c5c6ce2cae1c870abc,122707.00,,,,never-sent
0xacc81e58bd20f0cfad70242ae195b80b99210b8a,122236.28,0x02b8f0141dfa9dc6b36d0cd555149a2461ac547f07254ff4697d9a9b90087bfbb6,0x04b8f0141dfa9dc6b36d0cd555149a2461ac547f07254ff4697d9a9b90087bfbb61fd3336912ff16356f2a52ecff57d66d59d99791e96386711468e95931cb899a,0x9341747b88449973ebd2b32e452ebdb9f3b0d2ca8d6aa26e5bb194fc4ec1cbda,ok
0xafb6191040a845d5d062486fa9d9cb8715cbce46,121552.61,0x02695600f6085c68691cb75c382fc19f6d357708750f77984af209b40adbcc935f,0x04695600f6085c68691cb75c382fc19f6d357708750f77984af209b40adbcc935f4b7ad1c0839273e38243af0896331ac83912dccf67ff0b50bbcb0d28d0b9b66a,0xc8ad720037f36b60605e783a65e0c8f779ca1d7163f2c518c40f35bf1fb162bd,ok
0xe32fb8e45c86af8a33424628d157955dfdebeeb2,119806.73,0x030b61cd749b6c36e09712aef0fe07dbdbc0a0cfc2351d24cd79827758176a6a29,0x040b61cd749b6c36e09712aef0fe07dbdbc0a0cfc2351d24cd79827758176a6a29b384d78b69c6cabfd0c84785fd677effb6efd44c5bf8a23a29b6cadb6b6647e7,0x5cf5668915e7449e80aa824dae86c01bad859c444155d91755e5cec58eacde9b,ok
0x9bab6fb3d7a4025be1acf0501936337b5bec05cd,119735.64,0x0236a504b459195cfcb2b6de9548d76b1ea5f811b45f6e48d42c79008c8a393aab,0x0436a504b459195cfcb2b6de9548d76b1ea5f811b45f6e48d42c79008c8a393aab9ad9d15dd0cc04697c332700125299c5afc1df56097158dc44cd824da7322212,0xf57c8e7d92fd27535417e88f9269ebb38d283c5611b677d03bbdc88aae4b403c,ok
0xa68df4e3387b2583a04f46f74e985f79cc8f54fd,119143.44,0x031c39ff8044589d42eca45b9bb2ec29c608cbb684e025b78b2b8a3b152a4d61cf,0x041c39ff8044589d42eca45b9bb2ec29c608cbb684e025b78b2b8a3b152a4d61cfb31e5d26b33d408b7758f814895873bd1d317f7d72f3903f0378605009692571,0x719e538e44d5311b14456a119e9ebeb9eaf30f530d54a1b7a6aa7a8a886da1c4,ok
0xfc87a1017711b68ba48a11a01224b9329da5fd3f,117298.01,0x031d1a91bd74f492e1b4bac431867ac6f363b667334a1f2c1f32c36922d94f74a2,0x041d1a91bd74f492e1b4bac431867ac6f363b667334a1f2c1f32c36922d94f74a2ebd807ab2b8f1668aa853f29172f450ae7b40bb84550802d9b61b13b40466cbb,0x1f3d4718dd5b3b86cb8cce7c95d92231eab92f2b2d0b2f4346997a7123dc6d4d,ok
0x25afc5359456be27d2079db8edc393e64351cb21,116485.64,0x03f019a0e5d3fa23dee44effdaa8f80113175fb60ac28887f63e1f978ecb290393,0x04f019a0e5d3fa23dee44effdaa8f80113175fb60ac28887f63e1f978ecb2903930a6b43c040188c79f497c1f1fd2336c1660c11176242e34210ec690e928c6923,0x036fb62da35fb9cfd0da58687ea39d9aa210e2d51c5676cc8c159ff48101972f,ok
0x15cffef1e2789a89531e8738d3a1e1141ca4dc19,115783.67,0x032cf4d7b5c2d3162d31482e5b005e9f4a34cb9df9c82e6aba901e601abacc8f54,0x042cf4d7b5c2d3162d31482e5b005e9f4a34cb9df9c82e6aba901e601abacc8f54be7765b4fc8fc7f8a5c234ce0fe3cd28f3f6044c4572b962b928f84eaaabe579,0xb4e3680d63602877eb941a1ddfb05821a13773e733c7e8726f6e8f33a5f52474,ok
0x19d0bf089c30b3fbadf0a612f66972c2f2dd1c25,113678.89,0x0371f83eeeda3fba98bb400befa8af6b75c9e4ab9df56c5392b926d9b015e995f9,0x0471f83eeeda3fba98bb400befa8af6b75c9e4ab9df56c5392b926d9b015e995f95c5cbfe7e98eac697b47552a9fbb75180ddb2eccf59db5e9cd3dbd166325f1f3,0xf4b87dd5aa42fec9caf645f667bb7c00b1731b9cf9d9a5f0f4fe0bbbcbc8109e,ok
0x94a9ac6407e53edb4539b3db0f2166888a152fba,112929.32,0x03659e200a300e6dc2a88ce489074910cf55640c7fdea03d8c0f524dc1cb48c026,0x04659e200a300e6dc2a88ce489074910cf55640c7fdea03d8c0f524dc1cb48c026a7c45cd627584c60b2812b0d738e7fcad8f9420a3eea7cd74ef39086c75af171,0x28508f0ede4041900019db2290fc72a65afaf73415273fd94559b7bd5b8a9381,ok
0x5c999bd175f55ffc313439e0f12f7a4e636056b2,112527.11,0x02ab3f262916bd4bf40ffa7e2c90f8b5549a672741103dbab55d4360028ad6c324,0x04ab3f262916bd4bf40ffa7e2c90f8b5549a672741103dbab55d4360028ad6c3245baa9e33e5e6bfc58217dbcb46095d62940765bb0060a7183dcb7f24dec78a98,0x1034861335fa7786f27675b6fec81faa9937e825b7f5d201224dc74437761f84,ok
0x1ee72b512debf71757920833c0be0d457a939926,112472.91,0x0387ad9cf03838c25ea42d30dac866416134c11f773cf07713941982e74912960d,0x0487ad9cf03838c25ea42d30dac866416134c11f773cf07713941982e74912960d74e9ec34c7190a19aabafb05b60ab6b52c7b54bd5c7446ce08331743f2765d41,0x27606fd0e6b2e19c7272a7b4f2b53a0da9e0bfa1cd9be273259578212978d1b8,ok
0xc723de53d130b98a73491079f375ad66265bd543,111428.30,0x03d87789f20bae99581e3dc43006532fcb6f6c4de9afdb79c92f3b2e460868c4f6,0x04d87789f20bae99581e3dc43006532fcb6f6c4de9afdb79c92f3b2e460868c4f6a944d52c881ded465d8f87d639108203c17cdc7f7f535e13cac1f67f8151e945,0x9800c655b243ebba4b2cdb1695df79acac11eb245e606e94fe978f25259fe650,ok
0x82e11e75935635098ad5e9452e6fc834a5921249,110506.73,0x036aa5e3e97bc80703b55862b0d8bf184a2879af4666dfb3129edcf245cb257da8,0x046aa5e3e97bc80703b55862b0d8bf184a2879af4666dfb3129edcf245cb257da80f53b3d4223981ca880b5fcfa1632dfa509fcbe34ba9448b9e3617f7ecae33e7,0x2c8c957c36b5971bcb5b7f45df1ff195fbceff3351cea82a6e71c7b71f99e81c,ok
0x291d5aaab8f4cfe3af2e97c4d66915b4c24e72b1,110240.98,0x024d7f7d0f05ac3ebec2ab0c21b7898605a3eb31f094c03e9b35148765676512db,0x044d7f7d0f05ac3ebec2ab0c21b7898605a3eb31f094c03e9b35148765676512dbe327e0cc66a41a0118c5d98c42190b38c15c63e3a07ec744064a2809b2841bb2,0x13838216e156482b805417bf2166e6f22fa86a69f7e6acdcfd065f660ac12b33,ok
0x6bcb0d83cc1096670abaa2f83d8d2d46b6541df2,109394.84,0x024a4a5c785ab99782aeedd94144f2d3b08ff3514dcaee04442e3122f24b17c745,0x044a4a5c785ab99782aeedd94144f2d3b08ff3514dcaee04442e3122f24b17c745169175df93abcebe69c5111c13c64a10b0887348183411f64e35c88a1106c510,0x26453c014e461079d8d0c5ab59cb7475f5f40a9b42d33a5fa3f5e88b02f43167,ok
0x847d46c98d7202c24c5022b4d110216e4707fb83,108357.32,0x035454b6a0431323f4881fad0910ff34a731eec2a46e2b4b819055704d703f8c01,0x045454b6a0431323f4881fad0910ff34a731eec2a46e2b4b819055704d703f8c01a5e8db73f3e3e22b58030cf54df4b93c2483b7a8b9b806f178529de3cb59850d,0x88141a456c68cdad5bfd42c1f1c2e12ce1f5dd92f0a1d924fda804ae805e0b33,ok
0xcc1319685209a7708c39cbf1bc1177903ab33fa0,108335.84,0x02de9a4e2c38c916cd0534d08edee5607fc2d26e37f2f72b20dc810d4ff3573480,0x04de9a4e2c38c916cd0534d08edee5607fc2d26e37f2f72b20dc810d4ff3573480c33c0e5e3a1cd283578b6302411d3963a8f3796868734b8b1605a6f3f0e85014,0xbec01267b446c22ff0f1649abb6405a04cdaf798725b2c9f234ead7caa3347e7,ok
0x99a13f8ebc7fadb53a92c68b347760f1460e094a,107687.77,0x02e949ab842c3004052da0587193b2a940d0f00cc10ef6771bfb15d87dbb190a02,0x04e949ab842c3004052da0587193b2a940d0f00cc10ef6771bfb15d87dbb190a02dd4c14f76e5c4cf7d432479645ee98168568bd69fefb1d7d27c430244c9568f6,0xf12fc4b719658b7f47947c9dde387d13ab5b14dc5975e603d09f3cecf7ba9905,ok
0xedaed0522fe6bec64a41bdcad13642c6a03897ba,107540.84,0x0379ad4501abc68bd15595933eede70dac333a41447bf1715d10624b92bca7a191,0x0479ad4501abc68bd15595933eede70dac333a41447bf1715d10624b92bca7a19127bbc3d769f3259617bba33e7fd0317f2394f3d84117ef3abf11f621ba85f6b9,0x2ffb3f516cca6614241d411230d45f7d8d9031960a11ca8eeb476cb6a67c8666,ok
0xde0e2067ad2a1d6d3d0125f17fb8ab29c0057b4b,107371.15,0x03a6e1f51f73f24c7c923db638f91bcce5f9d960890302052612fefbb4bcbb7534,0x04a6e1f51f73f24c7c923db638f91bcce5f9d960890302052612fefbb4bcbb7534c58caeb0d53c62db9c1383a7c97faed3a6013be214ccd0ac0714ab6847831c83,0x9706eaac32d1d3a1d0a0ac53dc189760a7409c1c9036956808cb67ce98359237,ok
0xc54a55befa1fd16e1ef8fd2005a08481caefcf4b,107254.73,0x038ca30ea18f6682c244ed968f7d40614affe4bf82d13a1e4f37e6def488c0f194,0x048ca30ea18f6682c244ed968f7d40614affe4bf82d13a1e4f37e6def488c0f194e4fd21426729714eae07918bd521c44c88010abaeb3c742cc3b50552a68257b7,0xde47a7921f241b62a14129859e303f2453a0933bce0d0941d26d86f7c4321bd5,ok
0xd24cdb13a31a09689f023c1ff9c0577fcf51cde9,106988.99,0x03d57147ed88ea1d5c109662ae4b936a0b8f41f0e1709424866abf168c323d6b38,0x04d57147ed88ea1d5c109662ae4b936a0b8f41f0e1709424866abf168c323d6b381d02d24fa44d96e3db05a15664dd54e8f8a7132d44a8ad766739d5eeaf59baa1,0x8252439be9aef2850a57a16bee79c9a432b0b180ce53abf41bf597a06c43ec9f,ok
0x8e6aa910f593cf952b9ef2eb6977849533b53fb6,106958.71,0x03a045084e3c57c07497812977fbc13c2c2ec30e4680e19f29fc35bf3f09a3024a,0x04a045084e3c57c07497812977fbc13c2c2ec30e4680e19f29fc35bf3f09a3024aa7b94b73703130b61d2faaf070861440f5f293a5ac7c4306f4218df14fa50ecd,0xf1fde5b467d3c55ce13e74dc8702a0753e89eee0dac7fb08fffb4aa710f870f1,ok
0xc974656047ae876d47f4511ebbd8dc8c2d937c8c,106676.91,0x03dc7d2c4419a4e88f63191cf6a4d6fb1ad378df93ff2b0e12c866d9c4000274dc,0x04dc7d2c4419a4e88f63191cf6a4d6fb1ad378df93ff2b0e12c866d9c4000274dce1fa7256c6027c72569dd1ef0353e253127378c6414156bae9ad27ff8522fbef,0x64c6e73685a28072d505d4a9a64e4e8e3b439b331e741b4bd99755723e72d66a,ok
0xb261a9577063f57ebdc7663ee2c30bb9d0162deb,104679.65,,,,contract
0xe605659ba16c21fce07029a1dc4abc1037307d9c,103816.06,0x02cb20e5308040a2438585a5acc8392e12865923d86176a3aa3e1a2c0384fad040,0x04cb20e5308040a2438585a5acc8392e12865923d86176a3aa3e1a2c0384fad04011819443b40bbca5179b06064850134a5cc38a139b606d9c40dacf3c1361f306,0xa386126bb35ac740b767d014ed49b838afc2247f95174770150aefd5db0930b7,ok
0x1cce837c4ab2d9dd44fabe503d213c992eb67cbb,103281.73,0x03110780dd964c3efe3e3a2f7dda7ed11d7aa1c9ed280b5dc47f445acfb336cea2,0x04110780dd964c3efe3e3a2f7dda7ed11d7aa1c9ed280b5dc47f445acfb336cea24ec5f00f98accc69abdb90f4590943f85f514242aa1c40f9d2a663b6e237239f,0xfabdd5cd9d42baecffc0a758a824b667cdd7164ef26877ea61fcbd31d0f2a434,ok
0x347d361e401fbe520474fefabc150f5f914ed31a,101467.23,0x036da2224017ec6eb2125dabfd46e08a606fc1cb6270cfc59134b7d135adbfac61,0x046da2224017ec6eb2125dabfd46e08a606fc1cb6270cfc59134b7d135adbfac610bcd2a636468e400809db084f3383a8221629e4c7a71e52109ad83874c66dbf7,0xfd9fd317b6839178a48bb43468740eb7e7c71be2904b4030710e443cf4c60276,ok
0x650f26ef6408bedf8ad6ce255ace369b19cef331,101213.50,0x0244336812bcff22abc1a7cea0bd7a93244ac109c1e99ef7c53accf9d4749a4aa1,0x0444336812bcff22abc1a7cea0bd7a93244ac109c1e99ef7c53accf9d4749a4aa18aae6b127644a33f4119e9ea8a6cb8b56327e62b70e76614491cc18962450872,0xc5fb6ee56bac985b18685889e8ac07921e9a4827e9f3196fca0ca6841502eb13,ok
0xf00bd11bf7c06ad80676a08f399b592b8b873502,101178.89,0x0258887747ad52d3439822827c77876a7ad940d7601b91e59e18ec43413f71e64a,0x0458887747ad52d3439822827c77876a7ad940d7601b91e59e18ec43413f71e64ac3a0d740039a318ea7d4ce78fadc8936985333ccd991562c3f01cb72e68438ea,0xcdd7eba0057ce119e52dab71bb5d2cb38164d458cb13da083769e25659369bb4,ok
0x394e182b076cebb9f27a63c1d032325fde5a14fb,100554.32,0x0364e0787832b3f89c6ced6bd482764afde8bddc2e0abb9b80bec58841d5fc662f,0x0464e0787832b3f89c6ced6bd482764afde8bddc2e0abb9b80bec58841d5fc662fa18d418fdaadd0c86f2a6a9ec5de57b3d132cc931325fedf5d25ab3006b04def,0x31100a982e79ecce00ec11153d9ed6fdda57d585885c9bca00b7aeb44596ae4d,ok
0x24f67d9db1b40b591e9b83e17dc2f4456f31bb27,100490.93,0x02304ee268905e0b28327c9476c7a15628b720522dfbc967ced80b2fe8113c5b82,0x04304ee268905e0b28327c9476c7a15628b720522dfbc967ced80b2fe8113c5b82b4497b66cb3a39d6f418598367a72ebef29d192defe21897ebf2260308f502d6,0x8c8310b37fae13aa497a084993b004fbd02913b7c12f3968fd88314997bb34a9,ok
0x83e6db752e1f5ec8bd1341c48f60e193689035f8,98398.30,0x02495caf79737f8739d7dc793dd07f3973605c3ad76199cfcb1c41d7b22850dcd5,0x04495caf79737f8739d7dc793dd07f3973605c3ad76199cfcb1c41d7b22850dcd589a3f6ca49db03d71dbf93f663c96332d4d74dce5c0feb2d87b8a43cd0cb46ee,0x8965e94c3a994f221370ad5cf50d6fc201a26592d10dcc5e7fd86a25e4f618ef,ok
0x7cfcd549a8142febde1eeb005307f14374320722,98113.65,0x027e3b29ac299d1654e432d667cdd1ea79e8478059723df10e42fc66832b8af19c,0x047e3b29ac299d1654e432d667cdd1ea79e8478059723df10e42fc66832b8af19c79acac08d78e6099e0e1d787f0354107ac905823e53aa3c6d6b9b7fe5d9884ac,0x4b06a85f6b7f4d6a954c55aafe38cf300c06a5aaabea30a0d76cb883c1aceb58,ok
0x5ea099110c8de9b39ae86e1915cd89a015168248,97495.67,0x03ee83fbe05da6983d18650eb5a490fe72c294313dab77af9974e15b7cc05ae683,0x04ee83fbe05da6983d18650eb5a490fe72c294313dab77af9974e15b7cc05ae6830eab37e0f2e2cb19c219de296406629e3787242dcff5efc5589f8c2686b3259b,0x01a227ebd57391c1257d925cef13cb1083dc6492910f4c7001032a8408fb647d,ok
0xd9e9e22b308478e2e7196d6fa72b981705852ba5,97482.48,0x0312b6bcd184b868d34c47bb5044af10e37c268a5f0c1614bade7a7e383b7f41a1,0x0412b6bcd184b868d34c47bb5044af10e37c268a5f0c1614bade7a7e383b7f41a139ea89219f274d1272f1339b789945c566b5acc80125595040fbf3c6213a5f13,0x38853df62f68b6c52526223da0a9101938762f0ec43bc5e95ba58bee0ec50745,ok
0x5e50dcc5652ffbd7bdfbc3e50a7f587196a856ca,96771.41,,,,contract
0x53035b201b041452267903b04863e52af2efc337,96449.87,0x027280c9d444cff74dc3c610214f2f8f876c43fc1461644e874c13e752fb037f96,0x047280c9d444cff74dc3c610214f2f8f876c43fc1461644e874c13e752fb037f9624037625973e49b67299d943711e3ec794f270363427c2223366d7850a1768d2,0x019d47f1bea3e647737694468b60e827c4a2b7c9679cdc65d190af9e29f3fecd,ok
0xd3d73b7f2cf645d748d2762ac3175106fac671df,96327.92,0x038833b88001250f03eaf3b768b06f477b4dff4d41e2872354ecdd5d1b066fb5eb,0x048833b88001250f03eaf3b768b06f477b4dff4d41e2872354ecdd5d1b066fb5eb5a21aebd32b14ecc3e2613b87f8e0c0bbe061b83af5b43abb16164502d952335,0xddbdb5aedface1a341307e8e7a8a249b5f5d2f3ff7b48d3d32404c9d2f460e87,ok
0x9a3b136c35909946451f18ea355a411bf69cc4da,96077.86,0x02aa19f053224100e20490057a13fa46d0c66ca94c447b47f2bf790adec3898791,0x04aa19f053224100e20490057a13fa46d0c66ca94c447b47f2bf790adec3898791305c9814bb35a3a9382196e93b4d78b06e278347f2f1103454fac683d977ff06,0x2912218b05a7ef2c8432b37fd7559a627878d7a465e25e5be69ff7020d2be8a8,ok
0xee36000d5d7195a6b452cb44191fdeca49e5edf3,95315.45,0x0327c7e48a475e083f89278bb4fd9c2f382779cc61022ac5608d5e031f8e0a0c41,0x0427c7e48a475e083f89278bb4fd9c2f382779cc61022ac5608d5e031f8e0a0c4136e96d3c4e9e2d88768597d627ebf1fd24b6fccb14cb0e37687bc87ff958c531,0x3217f385f01706860be43b8599581e23e9cbc36c37f731bf963a7fe9b4c05339,ok
0x9f576731650285c90fd3ff209cc452a4255a3538,95302.53,0x0213c7449607fd7d793ad862fc2723c14c26d18010763182ba42109ea32e1515c6,0x0413c7449607fd7d793ad862fc2723c14c26d18010763182ba42109ea32e1515c6ae831a0a68a846687c69e37cb307587f22b120495c5b1279f7c7c5cbb9f28dcc,0xbb5df938f0851d32ab9eaad43cf97716d1039e63114d6016dc96e586f44bbda8,ok
0x0dfd6a23fc50b2580117074d1bd1bac26c4b207a,94810.86,0x021e64f29f783e92ec06d130e5bffe24ec90c06040b54c3d260f13660a09e82cfa,0x041e64f29f783e92ec06d130e5bffe24ec90c06040b54c3d260f13660a09e82cfa9388cf4e11bafc7bccdabfb828fd04dcf1f5956edf4db3ddde2ab9ad2c5918b6,0x1705960c75196aca1985acf96a193c9358a85f9dd247c68233c071ec9f299c56,ok
0xb15c938cb816759ccede926ad43fe489c4d0861b,94542.69,0x03ebfa355c7e7ed1abc84ee46ab7e042f6e8be0ebf032d7e73bc8d825f9c936ce0,0x04ebfa355c7e7ed1abc84ee46ab7e042f6e8be0ebf032d7e73bc8d825f9c936ce0c5b4fe83d64e3c687a5f1445cdac0bacffed0340bd63648f559c37e9057d7153,0xc207eba970100e7e350518cef8eeb88dac681927d89a97952783194bf7bd642c,ok
0xec02e674460b954247fe73b7d549e7f5f9250983,94194.02,0x02d84be2fb8020ecca3b92e9e0a83f95bbb8fc8217b35e3b3d53c91975b8da16fa,0x04d84be2fb8020ecca3b92e9e0a83f95bbb8fc8217b35e3b3d53c91975b8da16fafa6cbb9e2c163dac075fc97fae1c7252756c4ab3c9d1b289682b90b72aa7f02a,0xf36b4eb2df53cd0b14dc95135091fbb10e71e81241915d11655509d625e2576d,ok
0x56786e13ddd7cd48fec8e570e031ee469a922c16,93868.65,0x02f950aa5237d073d5405779c95f78779bdef6b8356160f7c4847eeae76981b51c,0x04f950aa5237d073d5405779c95f78779bdef6b8356160f7c4847eeae76981b51ced5da767696b0bc12387c1a0397a17a3a4ee877bee398618413a447ff216287a,0x9c19e83361609f6b97108d498621838b06efec01ae24e7dcf518e0bf4e584e55,ok
0xb515c4c4bc685b3ee0e16c3d43042d37b7a3b290,93854.07,0x0376aa926481e462d1746419bf2bb465dc76ac0bf3fce44810ab508118db6ee14e,0x0476aa926481e462d1746419bf2bb465dc76ac0bf3fce44810ab508118db6ee14e2142ba80aa4e239ed8593173cd7acbc6d836381a5739782b750884ef70df6e17,0x31f40c7aaefbbdb618ff1fdf7859945768629101242a5f227046b83816f53b74,ok
0x1a7d90e4952a0085c2704c2ea075ca45f036f459,93619.24,0x03e6cd89d196b34b570a0cfc67c292cbda22af397debf5fe0f573da28941af79ee,0x04e6cd89d196b34b570a0cfc67c292cbda22af397debf5fe0f573da28941af79eea36fa67dbfa3444c34abfd85c3bb880df38b74c2a0e13388129a9b9edc659199,0x84b28005a6aaedb3198556ff3baa60ab27d519ea212c37cf49c922aa63b88b81,ok
0xba77a7bdb15940ddd981d266ae052f5bc9a0ea13,93337.16,0x034f904fbc17527fd28a08a8ae5c11707fdf25dea9aebe9afebdbb789aa21a2ecd,0x044f904fbc17527fd28a08a8ae5c11707fdf25dea9aebe9afebdbb789aa21a2ecdf84931ac3e1da9a9b8f6c02e791c9d4f090032e519bcfe1092147b26b6b4dd3d,0x0b3817ad25a581199d3c5b27916508cd8b70a44fd74865829136ac2e01319205,ok
0x8d1f94a17ee8f3c6094cf6ba4ff1ced8152a94bd,92449.23,0x03a2d36ba62335f10f093772978559e0f4e3f2f7c22e0091096626a976b9836422,0x04a2d36ba62335f10f093772978559e0f4e3f2f7c22e0091096626a976b98364220c2bb67f5d85f0be4303d8a6219687b36d824e8e6e4f3da7f2f0a5be2da345f9,0x3b5b31ec95411ac003b2f6332c3252d60d870d166490196d8a9412b168b67e9b,ok
0x8825cf1d33cff7c51801a584e815d24560576d9e,92021.81,0x02a091838d5916380cd131448146ed7b21cb6c229cdbd536d8c7809286bc86b08e,0x04a091838d5916380cd131448146ed7b21cb6c229cdbd536d8c7809286bc86b08e7b89d330e3bff3996f5cecb7b5b8afcc06a1fd8e077652b8aee73112d8c38642,0x0b63d26903ed270f186c08e955b9d832e78200017a68729f661a4c382bd0cfc6,ok
0xded216a5b1e0b036b0da86489f21bddccef11458,91793.11,0x032d97f28e4f83351c560864809a539b054aa8c2f8e07c98b73a5acca63ce9745f,0x042d97f28e4f83351c560864809a539b054aa8c2f8e07c98b73a5acca63ce9745f073f8bacb8140f1388af0b8247c0a96354d8edbeb0b8a120855ab2ac3c693a41,0x24809aad68878a229ca49807cd65de5f473c6344f65c04170fafafbc23f4a6a1,ok
0x8450f110e2311ff111faa21582fa11458cf2a49f,90100.25,0x025adc47024a7fadcb980341a52106839b50e172599e9af9d4d5c27a6b773ed37f,0x045adc47024a7fadcb980341a52106839b50e172599e9af9d4d5c27a6b773ed37ffe57ccc4ecd24e3ab2c61c9cb1efd104923810440ffb50ada7e9a40f1bcd7b7c,0x566a58f6fffe981be41b28f5885b6d13c090c50ca900eafd1ae1464695183d1e,ok
0x92249e76237987f2ff679f32189ae90fea508ba1,89857.53,0x03e58ffaa5bf0a8e9cee0f1775ecc217b58572d13640e63821f5dc6e86d21a4bb7,0x04e58ffaa5bf0a8e9cee0f1775ecc217b58572d13640e63821f5dc6e86d21a4bb7de44f003cdd79d99141be915673571536e07e85a264ca146742fffa89683b5ff,0xa6cead6b88e1dd7dce3c82bdbcfa7fc71a493f6b8bca44e872e01d327e2d16b6,ok
0x139a7368b05d5b938608ea0a4a71269eb7c0e818,88511.69,0x02977b6158bbcb81779c1c7701eef6d1f4f4b4babd276eb6f31169fe37a876c22d,0x04977b6158bbcb81779c1c7701eef6d1f4f4b4babd276eb6f31169fe37a876c22d43b80cdc4280f9b77699fe73d93183e3fe27f91051264fde043fb3bc5521f4f4,0xbb6f0d3924de821faf9edeb3372f3a6415f2783b90dbec5bb4511003a6a73f19,ok
0x962b9892e4a9609dc75e4ba1701e1f40eae79127,87885.43,0x03fc24fa9252fdd9ad06ef0a11d19a7cb494587f27163edbfd780b06cb1951973c,0x04fc24fa9252fdd9ad06ef0a11d19a7cb494587f27163edbfd780b06cb1951973c12a8a26e558d13195d09193a3f1e0a02ffe8016c97c7c6445ea4b2803f17cf8b,0x7013ca1f85eb8edcc8dcc299103db74cf105f12c673a3680b4e30477f9dacfad,ok
0x12632f4ec1966f9c5edd59bbfe3096b1db3b8bd5,87799.99,0x02179ad568f262728011a88ae588d91b1989dcdcc0e1debfa73aeac9c60e9ec9a3,0x04179ad568f262728011a88ae588d91b1989dcdcc0e1debfa73aeac9c60e9ec9a3ebbf3e5f07c8819db986a2b0acfe6e3679c3bc2d115a550a5a20888330c1b402,0xf655ae2c6c4062041314bb6ec876b2461f39e90195d4570917a5da8bb9ca6aca,ok
0xbc0d826f32e83ab78a6d3764a6109d337c378504,87784.60,0x031885398ebc01806a4c3e32052e329f459218e9894cc432f6c52a8b5bf91924f3,0x041885398ebc01806a4c3e32052e329f459218e9894cc432f6c52a8b5bf91924f3331095c070e32122617155deec417695b5915e8b6ab6f60a49bffea52f2c3091,0x614ba94159c79fb8eeb5c542ad9b4296b623430b677b150083a4ffbdfd6ce0f8,ok
0x356c043fc1b01ba6257b442a174907b3ccf8f18a,87300.19,0x03371a5f9e63ca6f968ad2c6a154ae88d381dfa14d2120e61e173ce18456562dad,0x04371a5f9e63ca6f968ad2c6a154ae88d381dfa14d2120e61e173ce18456562dad26e9e2de0d223b19f4b5d07f8c30494ddeec4592ad30d116a45f3c78d201ac45,0x3719a7babcd964e1c3f3339ceb20620ac440c6eb9eebe56759c4ce8aa4fd3594,ok
0x667ce55df9f8961fd5d4ead60fa56e5cca921950,87125.68,0x026d364de8c40a1826b4889c5d6ee7a718554273be38f1e0c90d4a343856e31d26,0x046d364de8c40a1826b4889c5d6ee7a718554273be38f1e0c90d4a343856e31d2604efa5ee06f3792277183a8b232a938dca02a8609bd6e4f7fb154a9a89cdaef6,0xe4c8e8e678e0b7bd5427677b74ce4a0d5a2647ae305e519a5b1e09b538a4fdec,ok
0xc5811ddbd4fb95d6a4136c1bf58cd7d83004818d,86929.47,0x03739be05fd46423c830233b2c9c9c5c1b3d5e641a207e9c70d736983efa9d1307,0x04739be05fd46423c830233b2c9c9c5c1b3d5e641a207e9c70d736983efa9d1307e9fecf0781c76b093dd10193e7a994c41bb6f718fb20f032e6c7ff21cffb7653,0x55aefc13ddbfebdbc7df65cc694e83e5d59db56b80814c15f42ecdf6a58b0cc8,ok
0x3310f29bdae5559ea3b9d24b0f7622ddb206550f,86535.13,0x02ff5ed7c7e72c5b392fd4f4dc606ec58cbc07ac4177f0dabe453cf3b2367f4481,0x04ff5ed7c7e72c5b392fd4f4dc606ec58cbc07ac4177f0dabe453cf3b2367f4481762f846508990e8317c5caa933890160f711cab6726fd09f87d977c9bf8fb748,0x3b853d3c4365182527f3ef0dc2f5a4f84d1a78040f6aed9c23bd013948327d36,ok
0x60b69af9ac41806e131140ca69b126ccb1ab3a7f,84671.73,0x02fe515004bfedc32e4c02e38439c81fc0961ae89ca6f5b9808d6cb13adb38c132,0x04fe515004bfedc32e4c02e38439c81fc0961ae89ca6f5b9808d6cb13adb38c132429f8401a5eb4ec2adb05b6f11ccee542d1de61b191b6793834ab3055bd3d51c,0xef10c7eab4f895d0f4f11c2a4a1d709ba37b29bb4c9def792584044599700b5d,ok
0x5d44319a643bc6071b8cc4ba0feca9ad04fc93aa,84466.06,0x038367b9bdd68a43b784e0506f551294d58ee3dd3e1da4eee804b06bb377de34ae,0x048367b9bdd68a43b784e0506f551294d58ee3dd3e1da4eee804b06bb377de34aea2ab44854e4c63302f0b7feb50565d2ad490c659a0c74f05ec4e150ca783fe0b,0xe63040bb386bf0942cda699044971d4d753c471adc3605cbb7d35c59209919bf,ok
0x8122412d9cc76fbfcdf0c3ede703c39d78c5d9e8,83785.29,0x02fcc2194e4e3937165f166fc0f503b18b2b0b75733b92280e06629f01829274a1,0x04fcc2194e4e3937165f166fc0f503b18b2b0b75733b92280e06629f01829274a1ed55d10122cd1a3a825535991c3badff6a0079a4a7e772c9ed6190c5cc2c1fbe,0x84f75dc84b25fdb10509919d103129487c566d497ff2ba0e3bb5f07f6c3ab3d6,ok
0x1413c02aebe46ca49fb271f6460c695267b3b1e3,82650.49,0x02e2b429b7a7153af5fd01c36778a519998fe17e67eda9e7e546e53847e205c936,0x04e2b429b7a7153af5fd01c36778a519998fe17e67eda9e7e546e53847e205c93629749f55f6c81f4a11336ea2298f9c0f0ef70872ef0a94b781aaf3a305333762,0x4f575f9f05ffd26fd7fffba9f2295c75a36e13c5ec414b7b53ac7ef46c450fe4,ok
0x02127b7a45a6b98b77b81f7a45f3c85aa4383579,82405.09,0x023252c524a09b3709f04df450312598840a2a20d59e488611969288aa8013b4a2,0x043252c524a09b3709f04df450312598840a2a20d59e488611969288aa8013b4a2dd6b473c320774739008a926082de699e8e10bd9a211f4e8c389ddb4691eda3a,0x222f93d9928234ffeb311a84fdc5584477592e29d71987f8d2df6dd750862c1e,ok
0xaa8ebc58540f6f9a2ea512465e13863df5c327d7,81727.32,0x02fc42959e7a268064587357eda6ac73e6684ae0e5bfcf63e09e9acf51d39b99dc,0x04fc42959e7a268064587357eda6ac73e6684ae0e5bfcf63e09e9acf51d39b99dcac3f2c862551724dd5d0cab2bb5a1eaedb75838dc4868d7ee27675fe6dfd6322,0x7a63e884da539c9785da2ff1ed8459dbf595267c463143ca364d9a05b51ae064,ok
0x54e14ef4fbf1759c80aff8a2745282abcb431c1b,81552.71,0x02616852dc357de9a436397364395357a795425443c851c455d2bb12afe5d688f5,0x04616852dc357de9a436397364395357a795425443c851c455d2bb12afe5d688f5e93d4a028a2c786013e8a7eab9ee5ac05ee653680681483d0250dbeafb1734c4,0xfc7d3aee669726b2cd02713306ef10bba826bdc1b9632a5733cd042220202521,ok
0xcf928e7d433be1a502ff1d7c998e7a16286b93f3,81483.30,0x02eb1f179a53c2ddb7593f34ea5de6e1bd1b5310205534cbb32a479beefb32c7b3,0x04eb1f179a53c2ddb7593f34ea5de6e1bd1b5310205534cbb32a479beefb32c7b369af5e46af7e49c455091064e9a52ddc075024922d9fb303795ba346448b402c,0xeccc3acba5d46d6137d63aef6ae6109270960d409b6efa826bd4de135a3a02aa,ok
0xdd3ded2218e67be97da17e7e2406378fa198efa9,81240.03,0x0373f36be39398518d0e7c6059df6097494cfda20397a3e3eb0340dcaab8366440,0x0473f36be39398518d0e7c6059df6097494cfda20397a3e3eb0340dcaab83664403517eb2a205d1224687ce5c5a29692082a319f7eff6b5009d9c81ba5bb8e3edf,0xf7766bdfea75ac07b91bdd5e999fe172e0a2a5387d9135f169976a75bb59ff5b,ok
0x23257c698048bef6e3df88361c549c7a82b2bc97,81137.70,,,,contract
0xd77e743342b18b15ffcdc1abaaa763b3d705615a,81024.61,0x027efb69fdb7f5f22899961d159a309820b455f2264e9be6ed9cabed67e98ac66f,0x047efb69fdb7f5f22899961d159a309820b455f2264e9be6ed9cabed67e98ac66f9a8e84e08c0d623a69dac40a2fe059b0bde3c912da89aa007e09b6d01bf104c8,0xb250b0793ca34a3acc6684cf41a78d50fb39b156f01afbb5bf010379c8c29b1b,ok
0xa9d7456b221103aaa3dd9e5c8e27b35c3fe97ca4,80865.71,0x033d3dd60f579bf53a13d1797a696f8a598cd1aa7068872f9f68029344ecacc5d6,0x043d3dd60f579bf53a13d1797a696f8a598cd1aa7068872f9f68029344ecacc5d6859e947a042b30254677da9af37e4ab3177533a78fa535189c67b92e1aa5268f,0xaaa95ac24f6036b843e57c0997cb31fe807ceeecf9ae2ecdf21c68b350a2625d,ok
0x14b36de17134f2f71a05419ee4feb81987d5389b,78501.40,0x02e8c8646d8a689f454252a5ca75c89382fb1d3e8c05c436d5d8fc3fba6b3b710d,0x04e8c8646d8a689f454252a5ca75c89382fb1d3e8c05c436d5d8fc3fba6b3b710dc71de8cff99beb1a6097a5b0d99e27252d2c6e410feedeb1614456d01dd07918,0xa6198d0b0563308ae1cb00eed7be8a94cde95ef557a513ff68c3d0f188e84437,ok
0xaad8c1596866877e42ba4cca83305c6e9ed7f470,77634.18,0x0268b6b11d74f1e85021ba9f1501e31bc23ae8ce4ca5ee9cedca07048c9122db46,0x0468b6b11d74f1e85021ba9f1501e31bc23ae8ce4ca5ee9cedca07048c9122db4657ce9ae942b8d02d879f1e7e0ade36aa6aa48bf2f27aa6ad96fc76df85472da8,0x03b22c5d86bb102b16b7cd521b4b14e916c57dbe62e8ff16a94eba940a80038d,ok
0x084fd5127e158ff8227d95ff6899305d51d5bd56,77203.52,0x03f3d96336f48c1eda03684bfb867e44347daf31858405f388d4ed774ec44034db,0x04f3d96336f48c1eda03684bfb867e44347daf31858405f388d4ed774ec44034db51d5a5c914590d392f15299fcf3b6203791a07d22d13a0372239b119f6a36123,0x179c0480c01e818cdd59dbfa6fa1f41e1a0320f413b4b1821e02bba3496526b2,ok
0x7c61b32eae156b82196551233f57f9b20ef63a70,77147.56,0x03b8dc974c8dcf673aa82241312dc3be3dc0b0776e8128c16111bd9e90f73fe811,0x04b8dc974c8dcf673aa82241312dc3be3dc0b0776e8128c16111bd9e90f73fe8112876748ce17ef7cbe964c596c73f19ce9817fd648293ca5962c7ddf78a76b7d1,0x0f0d1cd8360328b02eb026f0ee3c6f802c0b5252b14bc5c93d62ae9ae0d8c7b7,ok
0xc1277eb0415f98bdcb8da5a9af91ccb543efe6fb,76781.58,0x02ca65c44a3c684274effc2f1fa062faec8c1df43fe352971b00081c3ef2c97911,0x04ca65c44a3c684274effc2f1fa062faec8c1df43fe352971b00081c3ef2c979117f8a3ec08d643399bb541781b57dd78e3036460a3d6fc552c4e7d7f9a574fc78,0x26fb10996c9df84a971fdd81ccb6a8ebfe1d5bd2507831193d802b17a925f6ef,ok
0x19decde77c8fb239cb188330486424e42732d2cc,76213.77,0x02b20bc543aa62cf5078ddc09bea093ba7777e552da1fb7623dd1cbbd9e9f0b54e,0x04b20bc543aa62cf5078ddc09bea093ba7777e552da1fb7623dd1cbbd9e9f0b54e06e17f0866b0f360b9620e7722b6e227fa8c5f33d26773ca4446c1329bd9cc4c,0x0f273bff62911a9fa0b7e4162d6db6b86546596f4bf7b762f13901feceed44ae,ok
0x93698d01659adbfedf26207cf53d3206d2ce40b6,76207.09,0x021413a75e7f966a775166f0f074ac7f7e4cd0d5cb3e092d21833042902993ac5d,0x041413a75e7f966a775166f0f074ac7f7e4cd0d5cb3e092d21833042902993ac5dd75eaf0d166832037f9fc6009402b7773c0bfe414f4ee953d32fa42707a12834,0x1227e14978563dc0ef71d50134f8a56899799579aba373a0410768118034791d,ok
0xbf201aae7e012310b2a0d684bd456027a19e6563,76022.94,0x03cbc2e0e777aa6a5618a099518c08f2d9b8e43a83d68c30e453f9b94189f744b2,0x04cbc2e0e777aa6a5618a099518c08f2d9b8e43a83d68c30e453f9b94189f744b226e7aa6ac53cbe6a7a08f8d4569407cbda35e3ea7831ff5eb6c03a026556ae0b,0xf43a544be904a912868eea66e13dfc57de9fdee9293e152de4f3319218420f53,ok
0x01d68fb87e9c76108536e4b734a3423247755d09,75583.95,0x03ea4108306def894260d2a05655dcdd21d62609f7826eb5ea041d8a4594477270,0x04ea4108306def894260d2a05655dcdd21d62609f7826eb5ea041d8a459447727065b1c9f5b547506d1ed40d70b627c204d8b5cea6340435d00eea20b72c7192b9,0x23a0d36f4d7745606a01cb21c8cb703012355dacab24135f179e392a96cf6c2e,ok
0xb2dba6629f8b1f4135205f6faabdfe463b12647f,75448.50,0x02b49671e8096e5b65445c138495e564b36202607c2e4dc117e3c9ad40d2987a57,0x04b49671e8096e5b65445c138495e564b36202607c2e4dc117e3c9ad40d2987a57057178ed554e105d9a20ca5726a7fb4a79210d4bd67945abbc4d865bae4fdf42,0x81ca6f1efe1d6a1684dcf1e59eac7baafe086fc39c70d8cd1f26e88aaace2b24,ok
0x88643c224f37f2bce9532ba8c9765c91cb6d2973,75312.53,0x0273e794a7cf8dd6fdd7b7a262b04961314f8566c571202537a838948fde2bfac9,0x0473e794a7cf8dd6fdd7b7a262b04961314f8566c571202537a838948fde2bfac99b58bc1adfa811d7744401da7927db2e515fbc552272d91a5303b8d95b38a4be,0xa01c2db47e1c99cf3e275e8875addada0305737841eeb93d0b6154c85802d438,ok
0x4e648a170307e26bd5c6c92ea06ff7b2652bf3aa,75200.61,0x024b5c7f98c385dbc42f36f135b2acd0cd25a23a53be5ab1af923e0f948f8818bb,0x044b5c7f98c385dbc42f36f135b2acd0cd25a23a53be5ab1af923e0f948f8818bb9f66a50ed9f8c092f5d69a23412101d4656d59b3c703608284089f1c6f2f36aa,0x562a0a8b725ae49b1512ef6bb7742163cae44b3b652cb8513d05b41a3a13d133,ok
0xbcd8a9a31b0f50e385593d6a26a8bd8fa8b23067,74620.77,0x0371f588dcc6d2dae3db14fbd3196a575ab4f2d647241d50ce4571e0483a894a32,0x0471f588dcc6d2dae3db14fbd3196a575ab4f2d647241d50ce4571e0483a894a323078b3f5bb649dbf6cd26cb752513fdf942d4cbe84409a77e60164ba9a03b615,0x953a17bd5264cc2481719f034d4b81cc114e66141c6d0e47e86f90076c9532cc,ok
0x408f4072698561b063e436d50ca6bd4bbd621d4e,74247.37,0x0263ccf5bc48473ae7727529887cc58aa68969f93b9166a9a061a013e48e527558,0x0463ccf5bc48473ae7727529887cc58aa68969f93b9166a9a061a013e48e527558475ed37dbc91480271ac890f396cfab6f77f7f9bcb2615a8d1a3454dd983c9c8,0x266feb8f0f65580276d74f9ba48861e98ecd750eacaf9c4e11e09026e8a0dbfe,ok
0xcea0a1459672a8ff00c519e62c10d172d457818d,74073.25,0x028dda1e41c3ad64e719a7bece62d0358468547500e0ba64d029aa600f1a1c7a45,0x048dda1e41c3ad64e719a7bece62d0358468547500e0ba64d029aa600f1a1c7a45fba2cbd9589de6918d7ad198af752b05dd7958e2272685cc44af9e780ec48c0a,0x424df7ae70e2e1f9546a61a8e764eaf93537a5a70e6310c4d639e9ec21a23eaa,ok
0x0b7e303baa657fdba046d13e01548bb0b22eb485,73673.46,0x03590ff8ca0484611ce1355a6c2b2f71b82236883a7f8fb988e2195cb333628f61,0x04590ff8ca0484611ce1355a6c2b2f71b82236883a7f8fb988e2195cb333628f61e30b3229cfbb320aa8cf5130f775dc64686bb5bfb491f37bf0b2d0e38dab07f7,0xbba5370a371f85c76fbceb690b3f53eed90b8565703560d374d8ef84c8d78267,ok
0xa389a7dafd07602ea3b964f53819b40eaa10b1c3,73571.26,0x03b377d95c7a057814c0dead9bd11161f20aa7402138168c85a88fb48f06dd27c8,0x04b377d95c7a057814c0dead9bd11161f20aa7402138168c85a88fb48f06dd27c8f2b5cba1e29efe861c56e3abc899a99a568c182d5dca9853f0e1450aa5ef2103,0xc7fe3dc0603b89e611086d0bac15b63515f5f53575aff682c5588768baca4499,ok
0x111af688d0ba06694fe55dbaad9baafc1a316f47,72939.84,0x02394bce1eca9a51da42379b8cbab797351197a4ddb605ecc6ba767337cd21edca,0x04394bce1eca9a51da42379b8cbab797351197a4ddb605ecc6ba767337cd21edca4ca06ebbe808b9a6b259ef8efa0568d2bfd853eb29242c3ce3ac47af56b9e304,0xd55d7be628cbb570f6441bee7404ff117edccdbf5e5a8aca77516e99549f9eed,ok
0xc3a7dcc631438f0e6937d726672184a9948148b5,72915.72,0x029364df46aef3918c075c2388d06c9529b301e7d20531a95b35dcd4417218e7ce,0x049364df46aef3918c075c2388d06c9529b301e7d20531a95b35dcd4417218e7ce8c9c55ec0dbadc377f8c3356233105f543cfb07fc018bd4955d37dbb26372546,0xa2b720f34ccbdf287cf2c501601614b21673d28f619266e723b8d94f0f90d550,ok
0x005658c9a1d145d506b91d56ff540e7383788699,72574.45,0x0211e28f72a9c1d291c590bd2c41c5758f08f3a87a338690c41e096429f47f0936,0x0411e28f72a9c1d291c590bd2c41c5758f08f3a87a338690c41e096429f47f093673eb8cd987e1769898c657bbd0d685886826f4a861c749d85c80386087ee5f86,0xb5549d0530c1f0a7b9f56383cd4e36002b75c67a9a1da7faa2602df4b6495885,ok
0xfc81a4476e099c57492a62bdd8f49f626055b18c,72376.73,0x03ef62047ee09a0bb3cbec9707b2f5bbe17cf8444e8e9473665b0e6b07285b7abe,0x04ef62047ee09a0bb3cbec9707b2f5bbe17cf8444e8e9473665b0e6b07285b7abe6a70d6fabcb0339a6ca39ff7a8a94d18c06c6ad149981c8f3a218f596c80e0d5,0x8837229e9e70957eb898c0d5097d4f8b2218b3aa0b02c64eb05dbba6f0f09544,ok
0xd2bd4d1911e7df87ff5011049d87316bbc48bf51,72108.91,0x02c0e2bae2be74a2ece41b17193aaed1882660a916382e84a2d192396678fda7fe,0x04c0e2bae2be74a2ece41b17193aaed1882660a916382e84a2d192396678fda7feb075dbc81a11d5f8011fe58f77c7f411f28fb10210a89967ae02b45ef597935c,0xfe5c8528bbacdff3c4e4156ec12162f8d7c629e24ba3c5afbee8fb4b58df4b77,ok
0xcc2a71dbc6bac68f1b86812812fbd0317a4e93bd,71852.52,0x02ecb649b646269e546a7656acea5b8b787c4175d224d3763ca8d262019356c5e3,0x04ecb649b646269e546a7656acea5b8b787c4175d224d3763ca8d262019356c5e3abe7363a3cb29f40905b9a574b65a92e023e5a545f7d57a1c5042ef2ae41aa62,0xab60cf33496c710061c4e2ef3d29185acacd922ccf9b41723694737708d8d2d2,ok
0xd0117cb83071b5fd30f672e8e2b5cd4e5523f15e,71509.58,0x035b44c7dcc5afc9ca0da34cc29cae67a72a6fb10e3ca8fb38473ef6979da0b82e,0x045b44c7dcc5afc9ca0da34cc29cae67a72a6fb10e3ca8fb38473ef6979da0b82e3fcb45d2920898ebf4b5b553971a8e14e4f9daba37f43c815ca23044246b6c91,0x687f458b7fadd14f2654f9386cf0df6c3d179c779021ac889ad46a0b3fd8f326,ok
0x4d101f660155f90abf780cd5c12cee97336b47e9,71411.56,0x02ca9f21f16227867243d821eb0f9a7ce09ba96f5c92b8cbd8a6e57c02298ccb4c,0x04ca9f21f16227867243d821eb0f9a7ce09ba96f5c92b8cbd8a6e57c02298ccb4ca9f8d749f5c0bb1a644180635035d19c3257c17605c65768731dda7c84e3459a,0x8065cdb55da1a55342fb4eb919aa06ade5c16a6f33196d2b2397f10eb5d01fd5,ok
0x262ad6a299027a1bf88c89675b84075a88145988,71391.87,0x03a2986069504384740113af7455d52eb486b2794bc02b34fa0630437544029527,0x04a2986069504384740113af7455d52eb486b2794bc02b34fa06304375440295279d3bf0f172ecd8982730d2c50b6696921f61ec80003329076964bb7cb96fbf4b,0x95788f051a2f1f5555bcc28a957c13de2830cac0a13e7871c918d8a0587cd796,ok
0x6f5eb6074686452683b1f8e1f4d680f3b5e5f093,71019.32,,,,never-sent
0x20ea08d74d504f10e02b98af948a4719d678a2f6,71004.22,0x033c2a02f474d4c4d63568d7d043cda6792e2867875f6c44718ca10627a8f63e6f,0x043c2a02f474d4c4d63568d7d043cda6792e2867875f6c44718ca10627a8f63e6f0c7f2271443f9d192307b8f15cec31aff91f5e41fcd1a19db797f4a0cdbd3441,0x0be234b455922a224e07dd0b8ed19a7bb80327e18cf8839505b0fd6baa1c74ea,ok
0xbd568cf826b1b8f8770566c293cadfea8327c6f2,70395.70,,,,contract
0xa5e36e2107175a96955847fa5e62ab8a86a4972b,70356.31,0x02e6104680a76ee7ba4ee01754b371973896daf9c9e62cd33cdf9a8b075b8bf82f,0x04e6104680a76ee7ba4ee01754b371973896daf9c9e62cd33cdf9a8b075b8bf82f163d41fd331129a0c122a88b4cb4cc1b6a18b71391faa0106c3dee724a383794,0x5dcf0a64d0cdd787eebb70be1be82b6c5785c1c89f2bcc6a63b16ccdafa24a9f,ok
0xddf0bf2538e83b05b7e32e6d0659a3ab19c6638c,70257.38,,,,never-sent
0x164233074aea2c5b94021e3a94ab0f56b00a853c,70234.75,0x03f7f72a559b502502e689f384029493de3ad7b3668814e9f5c0120ebf8464cc5d,0x04f7f72a559b502502e689f384029493de3ad7b3668814e9f5c0120ebf8464cc5d7ec31b23abc5637cf38e01c7523df0a7d3871626b7f876c61909decdc3cf95b1,0x49ab889c6335d502e9318e8521c674fc5c5968b3c4a50fcd3a91f730ea4571b9,ok
0x3918892443a7c3f83abba8e2d8b545ada69cd57d,69927.40,0x038305852ea1aefd88820ff862cfc23d315f90c8fda99e2987ca3ffe289b44d291,0x048305852ea1aefd88820ff862cfc23d315f90c8fda99e2987ca3ffe289b44d291f2768b36d9c9ed9fd332ee2ed51acc37a278e40dc9e23077e1da35960c4ba16f,0xbe28c7e92bf892d9b4a27a0787a1d969614c1da4fec628308d09123f273d4f66,ok
0xd6e5e0a6b3777b32075faf79c78d537e3262f8e0,69675.79,0x0396d52f6c9a8816ab8bb2dad58379fc84f013a91ae0e955f0095fa2a374dab7f2,0x0496d52f6c9a8816ab8bb2dad58379fc84f013a91ae0e955f0095fa2a374dab7f2db4acf7a7f68bcbd5c97ff5492cc9b4a5bf347c59acad919209da460e69d53f3,0x99f5722272d24c952e82218e52227dff0cfe7c1a2885fae7eda04bfc770b58f9,ok
0x711a9c967ba7ccc56b10d7b23cca5743274849b1,69304.32,0x03238d961f1d05b31ed6a44bf1fe3515830752102474595e3560a533be5e074712,0x04238d961f1d05b31ed6a44bf1fe3515830752102474595e3560a533be5e0747124f59d3e98867135218c57206fd2a60840ceb4cf4c9ec07aebd888f3c1b145ccb,0x8fca8401cdf29449bb128e69744938259df740130b8e68efaab7c43e687c3eb8,ok
0x783038722cb32ebdd2f41cc17ab6c7452c88471c,68561.46,0x039d474e735f13c9182aae79b7151069c6652d8c79c7468528dbe4f1ff8b542237,0x049d474e735f13c9182aae79b7151069c6652d8c79c7468528dbe4f1ff8b542237004c9e85b06d532bd421e74d9d33ec2b43228f9390701cc481eb5667db138071,0xfc27da493df624b0c87aa252d4af93788098d8e2c947ac79a3c6c13d69238d79,ok
0x52b50305384705034fc96a4e3e04f77f6dec5e00,68131.68,0x03a10b20ee67d6d28372642f120aac33e17cf1eaddd73b4b70fda997b2c7c68f74,0x04a10b20ee67d6d28372642f120aac33e17cf1eaddd73b4b70fda997b2c7c68f74975f69e06d12bca8ab85ef9012543c80e63c011f3ebfe24cf50385e9ce516b93,0xfa559610cbf345dfeb7a6646007ba525fc8fdb6bafba0fa5765dc7268936d9c8,ok
0x756d299693b6a3c8f80e5c6b166d6e92c5bd03f3,67715.90,0x03eba694a0e974c78da2fcef6d71c14da899a43d8c318a5209c21021b40d6fa6a3,0x04eba694a0e974c78da2fcef6d71c14da899a43d8c318a5209c21021b40d6fa6a3de2035c7dac02bcbe7909cdcadc2a26cac12404d4d3e1939f4334c77d5cdb035,0x3140a8f7991f499e4ad2ac663f438563de6ece7748130cec1e33c447f09fec5c,ok
0x8574731b254f7be9de16eaeff9cabdb53b3cb06f,67671.98,0x024e62a9064ccaaecca43cc50dc4a982a60ad11d3d762f953030c294ae87910b90,0x044e62a9064ccaaecca43cc50dc4a982a60ad11d3d762f953030c294ae87910b90391aedb2eda26f012d81a0f4453309cf8c79c3a1bd2ff13c735cf31a68134844,0x7a66effae286b503d1ce2b0d79306e3b620d17bcee890f536fdb145a9ef71954,ok
0x603844274d7089b3b744bb8c360df6327562feba,67170.06,0x03fd34fd0bdbaf2d0c3092b8a5a0a4fd3779edd8413c118cfe85c51526a6052c6f,0x04fd34fd0bdbaf2d0c3092b8a5a0a4fd3779edd8413c118cfe85c51526a6052c6f43a4e42608849630ebdb9aa2a5d8b5b2ec15c8c41f42d8445ab76d22e34fb497,0xf8839d2388cc305bfa281d285b10f235b24f48e11ffeb3f68b1a4e528ad593d1,ok
0xd8849ecee2f9e67c85c6c1562eec0049123b7e30,66798.88,0x035b92cdc57c2978eda9f027830e78f0696f7985d769b36fd34cb17bcabcc36329,0x045b92cdc57c2978eda9f027830e78f0696f7985d769b36fd34cb17bcabcc363297e0ae1ac79e4e48665a8506db13d52775f202876d54584ea4df5c6edb1dae4bb,0x3bb3114986057fe46585401974b25eacf25cefc63aa4444d4069eeaa019f4711,ok
0xdfdd6ab0053d1f8cabd516fb1ab93dd1f6fa1d32,66633.49,0x03304de3895c579d414c74e0c8ed5fe3d2dcf33708cf5bd8a57ef9e0f7c36c397f,0x04304de3895c579d414c74e0c8ed5fe3d2dcf33708cf5bd8a57ef9e0f7c36c397ffa3ef53ad87ff49cad7e2ba193c5e05807e6262197266bc3ab348042575d9d0b,0xd0c8f72e1da4f9c9bd760e11ef5c5775ff5a00a3df187dd6ab2b9d4282704a7a,ok
0xacf856e71fe8165d160df4921332a58fc4f6617e,65733.86,0x036742f9af0d2c62cde1eabde490467a0a116fc39cbe4ea81d885046c1c79fbb40,0x046742f9af0d2c62cde1eabde490467a0a116fc39cbe4ea81d885046c1c79fbb40b32768213fa570f8a0eab126186da643a150fbe5c8e5b9b727d2aade53cf91e5,0xa008aeed26d0ad25aac4d2e46e20919d0385b90602b85eabc6f2818e3598d975,ok
0x90fe7e172fdf30e0e734044db21bc968bf1a8568,65511.62,0x029d00ce2e3d07e3488398563751869bc551e906dd311a353dcfeee1fc8b3d2bd2,0x049d00ce2e3d07e3488398563751869bc551e906dd311a353dcfeee1fc8b3d2bd20e3d56855fded3004b737d9ebebefe2b54bb51bee053425abdd693d79aea4844,0x66dd0b234d512f82185c67ada61543b1d623d16c030cb387b47b560c38946a5e,ok
0x575843e6dd6502dd83829a40b1e475f30e121c22,65431.97,0x025dc855382448f144eb76ca02eca87fc4ff4a16229aaa1e1ec87581835289e30f,0x045dc855382448f144eb76ca02eca87fc4ff4a16229aaa1e1ec87581835289e30f0f88b9e70c0f16a7cec8bb4214ca487b40e074fa4ded7eb7c1d6ed33f5c81f42,0x71f0780ddb460c2a71e9141d87d841a26f0b25ceb202e2b21d3cd73cf7693994,ok
0x87058b285bb4a6b666400dc70e01c77b4e0f9df9,64020.10,0x0398442429a7bcf2ca7acd9703cefa696687e6908e475316bc403f3660e6656648,0x0498442429a7bcf2ca7acd9703cefa696687e6908e475316bc403f3660e66566483a00cb1ac32a66f5f17ed15c24138dbd9c4d6f2954714c417d0515c6694d2629,0x769888131b9ad219adab39417ea9c39298d671200b9e18c4d5e42175a5867629,ok
0xef17fe3eeddece3c69f01d10fe14fd0e2b591c48,63202.58,0x024c73852621168dc81d1f9b6eaa9f1f188525ce648101d13415057f9955d73efe,0x044c73852621168dc81d1f9b6eaa9f1f188525ce648101d13415057f9955d73efe845a65a181f52f0f316a720a4ffee6cd358ad9b3bc898eaa15aafaee4dac9514,0x66e929ddd223b76028a3a9dc412736b53fcfe7c43f4b452f93f1ac599550dd3b,ok
0x4a8705ccd1bac13408cf38c72c1a986cd338f27d,62842.74,0x036d9129786e58797d0155898e9ecd353d1bc0a3727d83a155a3d8981ef496c540,0x046d9129786e58797d0155898e9ecd353d1bc0a3727d83a155a3d8981ef496c54082f1bdd871f975f61ffb9b9b548f9fd5862aa115146d00aac750dd664a075743,0x5f62002c9632147d0a02495a4ac407988d923e89cfa522684c5691ab77155eb7,ok
0x56cbc4d21643d63b1de86f2311de5ac7f32cd363,62781.63,0x02a2d8d0663fbcc7635d357f2eadbfb5d62f1e3c7158d96f75288a63204ce22508,0x04a2d8d0663fbcc7635d357f2eadbfb5d62f1e3c7158d96f75288a63204ce2250820009fba3a221315f7cb1492f6cf4846c7266fbee970ed94388d83a9dadedb9a,0x4933afe2b1ce733dfae8d75ed1766ad57ef59590c16e88693612cde700b8675f,ok
0xb770e41d7a3e9b14d41761fed6b200e85cd7fff0,62614.13,0x02c86dc18810a92b6a7b953210f04892841497a045979a943f4d5ce675871a870e,0x04c86dc18810a92b6a7b953210f04892841497a045979a943f4d5ce675871a870e932419c2107a7958e6a645e15ef1bceaf2b9713811578bf30a30ba06d5c64266,0x2ed2d978aa353e06990738a18414a942e3cf84eb013e1f3d1f0c68b2221289ae,ok
0x0c815ff679942b08ee6ad0039514d28ed2c5cb8f,62579.59,,,,never-sent
0xde8a0d367aa3d836f306741f16e85899f0dfc2db,62517.69,0x02c084341528bf8d490f5b16cb79a1fb34c9894a3208b5069bc73ab3d68e28763f,0x04c084341528bf8d490f5b16cb79a1fb34c9894a3208b5069bc73ab3d68e28763f465aa613ff983fb0222479ed8ea1280f56133143c57abcad8a11e42c178aef32,0xb7ddbf33e6902aa98d85d183f75a95cfc27a652ccd7f21334d45bd82d0828990,ok
0xb6d114dfa4ba4fe09cf556dddf79a80c3a403c93,62036.50,0x020e8bd2ec8670e752c1b93a207e461cb8be73203ac4019c2da163bafd0de8dc7c,0x040e8bd2ec8670e752c1b93a207e461cb8be73203ac4019c2da163bafd0de8dc7c6cf4a98b275a3870ab10605153b333311d02719f3586a61e3688d2cc8dbcbfb8,0x5d0b2bcc20dad3bf06c3aa08c77ca7c1b8e56cc8a9ad223a0e29235f84151e9d,ok
0xe6d203c3657f5e6dd347c64104bc768e83f3064a,61988.83,0x02d1b1f7770296eec635da9ee7b7077279b994ed2eedb3e4068d77ca8efab01b8e,0x04d1b1f7770296eec635da9ee7b7077279b994ed2eedb3e4068d77ca8efab01b8e74a1173bf355baa8fe50a12ae4570377a9388d92a20e6570967abdae3df186b6,0x8169dd25810f2128a2efdd8e47e04f7aad9fde429edaf9b55d1efe20756386fa,ok
0xba96233753e13b5bc147ba409785302af1fbcf42,61026.80,0x03eb789dce99e7a7cff99d39a7b8aa4f45fbb03bccabffb18d2f25b2887ebfdfbe,0x04eb789dce99e7a7cff99d39a7b8aa4f45fbb03bccabffb18d2f25b2887ebfdfbea4fb9ff0fed0873e82a736c805114d709a9ad5886fa7c8cd238991f5952ca1b7,0x77e92c510a65d04c7b313c9864089973290cad99153dc372e1fbc609c8957a9b,ok
0x592ceb65adc843a030eeb6142455d17f0c0121d8,60443.33,0x02e27eb0489796f15bdfb7b979730b23644eace587605034cf8a880c14667e3d55,0x04e27eb0489796f15bdfb7b979730b23644eace587605034cf8a880c14667e3d55c1c7f24d3aa1056ab9625446c79cb90575d227f158d932d63f7b6e7b5a93d434,0x69df9b7d53ba1367830b664c9cd17bb07a77007aa2437e5c5e857796712e8245,ok
0xa5b954c04cba071fa8963f6a0eecc61e19ebb564,60432.39,0x028e5c03f8fcf1d26ed20088eb01266d9de4a08bff03ae4227c1b17f15ff7bb970,0x048e5c03f8fcf1d26ed20088eb01266d9de4a08bff03ae4227c1b17f15ff7bb970063f5318a5cd545ac2c9051d46749b159eec7f6abdd2d520b840d7405685188e,0xcc3d06e100a1912f8baea985d1faf75faec47bb252a69c4933d4ffb5e3de539b,ok
0xa56465b739ee22a70fb2012b4973bf366c8265e5,60415.76,0x025519761760c3926d87743a805cdefe908ac2551d7b3bd1fc7eb98d37116fa4b9,0x045519761760c3926d87743a805cdefe908ac2551d7b3bd1fc7eb98d37116fa4b9bf414a67ea822394ed4b731d71bdd177af0c1b8057cd8f7cdf9a53785afc3886,0xf3d6089badc75f7d027432c13a01adb01e143b8d5b84305da95da69f6f647308,ok
0x0b63079ddbc15865b0031b02e9ae47c6a32889aa,60001.42,0x034ab29e50f642a228d871d72c6e0674400b818e89f02523461e20a01ef078a957,0x044ab29e50f642a228d871d72c6e0674400b818e89f02523461e20a01ef078a957b5f6eb12687796bac9a03a99f8ceb4fd3274ca3037c42d961dd4c2161a76417b,0xc88184d0f1293b34e20cd01d12ed4b114f4999e0f7d62721ccc1c969e7d4e1e3,ok
0xe89f65f62f52f52b62e9f47bf173b8265df3e77d,59844.16,0x021ef283f886d4afbcc3dfcdb25320f2a75ce736abc39073dbcc042d637cf79012,0x041ef283f886d4afbcc3dfcdb25320f2a75ce736abc39073dbcc042d637cf790123463fb93c85592a028719a3a74b695cbc3bb80b17adc90f4d9f5f5a669e5871c,0x88d5eac23b9fbe3c3f9f9b133ba12a9022424622b367a9b455dc679c7751278d,ok
0x8f2ef548e71a59194418b7d4cc7365db5679dc3e,59035.75,0x0333568473f3e9413c98ac1b32a9b9fddb26a8415e77db74770f1bd9444feeff34,0x0433568473f3e9413c98ac1b32a9b9fddb26a8415e77db74770f1bd9444feeff34c9aafbf594d5491aeeaa15337279869fe36b574b3b2beebb66dc3bea8152c479,0xeaf08c5d412b55a58f4f565783dcbae36c81778a0a168c946d18ff17717254d1,ok
0x867dba6a19b1f2cf0ba5b5823273c3ac245ddef1,58809.32,0x02a8e77024e33c5b335e635ccf4f4afc69da0c5557caf7bb9fb8dab767aaf3d30b,0x04a8e77024e33c5b335e635ccf4f4afc69da0c5557caf7bb9fb8dab767aaf3d30bac5c4edad9e1fafd690bd30d8abfaa3e12f90dfaa5f570443cb58402e36032f8,0x294ef37772a2156db4fddde66436cc8040d6634c91a624d09913ea638ffd4723,ok
0x620d55f5ece23d7e573fd5a28c1e9711da079a19,58693.29,0x02aecc7412de19e99561a1c5f5d24c8cebb39e038487e2b5ac1367c6354d3f9454,0x04aecc7412de19e99561a1c5f5d24c8cebb39e038487e2b5ac1367c6354d3f94546e17f52984259b8069b77c1f6f57c02a385040670866beb2792c95adf8ce7cca,0xcbdcbb5de3c4cda99c1eeea6a63a55220c81ba57424e8070109c91446b33b8ab,ok
0x0f2b771e7cf2db2e04e9c58177751f3839d5ecee,58643.22,0x024db644f0dfc45ede60d7bfe93972c9488ac8dc4b49b3b1fc550492ebd1cdb6f6,0x044db644f0dfc45ede60d7bfe93972c9488ac8dc4b49b3b1fc550492ebd1cdb6f648489dca1517924431cc6a208da23ad1e057304f086f7c613e1bed11a7a009b4,0x12f70e05864005f5a9f4e85ce04a712b6945fe6620dc7cac7968627771c5c547,ok
0x6774f62cc9d81218f5f82724bc90cd64f0f4a26d,58196.56,0x0336467b1e365cbc8994ac7d6012ff98c69d5a160852aa321dc39454003c13eaa4,0x0436467b1e365cbc8994ac7d6012ff98c69d5a160852aa321dc39454003c13eaa40972cbc46d0770b9e7eb88375198c52508f72dbb3cfb7377d65b667b7fccea5b,0xa89d72895329d01a012417e4e8d16b430287091d58ff91ad6ea1f1c635ccf20e,ok
0xcc174eb14fdccc1ab80ea6d8653042fb254c3973,58114.58,0x0395c8a78c1578143f67bbbed9c58e905216e96d1d549378987c1386e3c9b33eb1,0x0495c8a78c1578143f67bbbed9c58e905216e96d1d549378987c1386e3c9b33eb1f13e0be1f5c9f3a746aea01885ba016b94d50280d8a96321ceae26e693f62d85,0x7c992a5d8f1f56243e3b6aa752dfac4bb047ec0e836d4e237dcf226a4378952d,ok
0x7497f02047e93fbd831fae240754c9c85cf40d60,58098.87,0x03cc32f292128f03d637b1cab92c807384887aff9de532d9f786bf2c3bef36a94f,0x04cc32f292128f03d637b1cab92c807384887aff9de532d9f786bf2c3bef36a94fe11c35766fd91542b770fe443841b0732606007a32144ac72f42485687ba9f87,0x88010e329e7076f0d0ce7b26d2fc0da808eb96f2ab175aa62fcea2230a19e0b0,ok
0xffdcf662018210406b9ce982b2d161cbc8a81ac1,57977.79,0x03f77b32245a98a97803963582f3597cfea8dd30e405c95eeb6389133ecfca42e3,0x04f77b32245a98a97803963582f3597cfea8dd30e405c95eeb6389133ecfca42e3422059b4d363f5495fcaed5f278f4f0c0dce40acb9895aea39ef449fee5c179d,0x866d421814f49fac2c2413d50713d36fdba36bd9e04abc6a7eb3bc8e4d11b0c2,ok
0xf50e40bdcc929d0d0166a40ef9184a573a33db5f,57846.44,0x02da030b85ed141aafa2c3ac16452706112f020af52bf4a7f591befe27391249f2,0x04da030b85ed141aafa2c3ac16452706112f020af52bf4a7f591befe27391249f2dc26c0bf513ffc35192101de3cee676221c8e6a736c719c3422ad28332602820,0x1cd1952bc2b061faccfda6fe0305fbb45b8375c647374faf26f1e861c10bc769,ok
0x53466ec79cd1060eaf8cf597e314d698149cc36e,57755.34,0x039c39d54cbd4844943ab81095d5a434a3803d1b1284a4afcc0f531229017f26cc,0x049c39d54cbd4844943ab81095d5a434a3803d1b1284a4afcc0f531229017f26ccb06ce5732f42962069ed70373f370d6431d301f5924ed1307522f3f43f4d36cd,0x64235094617f63f33919f11405139ae41b4ac4d5ac7ff6ef9a2da438867104f1,ok
0x8b619c4e50e50a67866a75754ad3dc33f5729dc4,57327.55,0x02f50710b9112ffc567867ddc337e9b25be2378c24df36f973551746e83aef0512,0x04f50710b9112ffc567867ddc337e9b25be2378c24df36f973551746e83aef051235cead9963d95384e62eaaa8d344780a203a2b36a73d20bfcd9f34ee9a8ae5fc,0x499f25d32026fc45f13c00b37ca893a0b92f2c0528d7c253535553e6c4c0832c,ok
0xd85289b0d9adee98d2a3302fb9bba10e5d3a30c5,56958.33,0x03ae2f0a35eed805351df3fca318979d99b9cae18cb39419699c63811d65502652,0x04ae2f0a35eed805351df3fca318979d99b9cae18cb39419699c63811d6550265285aad6f450a5db863070d7de34f8be257fd73d435bc2f4ed6b134cee49f2b67d,0xfc44efa1582cbb3490783b3779f6d5af64d3551b4ac42c4198a8d85f309251bf,ok
0x3c9dcd429565e41b2a964c089f8d8bdeb0125a10,56923.79,0x0273930364da4485ca219b9b2b08ae5dc4390d983f58b6dbf6a89621c559193d44,0x0473930364da4485ca219b9b2b08ae5dc4390d983f58b6dbf6a89621c559193d4407d930ec8a38f6ef13ab9f497239ac764253fa4d2e08994e9456ad59eea6f51a,0x874c6535690345eb0c574c9fa369b7fe01d8c81760afed34f3e105eab4219fad,ok
0xeae02aee57522472dd90f46d2bf9928554a36dc4,56077.13,0x03477008ef8fe37b5ac05caeb6884ad7c25143fbbb2fc08658a0cada1882c48c48,0x04477008ef8fe37b5ac05caeb6884ad7c25143fbbb2fc08658a0cada1882c48c48d9ff9848c7fd1ba763d4bf1b15ac69cbde1a1e5fe2eba78a81562ce8385359b9,0xc51353a93a381bb48b352184927035c47cd3ec418c38c8760840ae9450e94e96,ok
0x44ca469b8d6d2ac330ee6dee57d2a8731493d2ee,56005.64,0x03239f57b8356ba63296238beac71d40ebb79947e050625555b36498200eaa073d,0x04239f57b8356ba63296238beac71d40ebb79947e050625555b36498200eaa073d47f6947e3b65e7bbb16cc818c9ba7e40449221f9263a2e3d1587001080cd8b49,0x7aad3905af87edc6c36b79bdb7af0ef48b3db1d4ab94a02e213cbe0eca9c15cc,ok
0x5e44a32d16e90d346fa49c3d7d35b5118743bd47,55640.41,0x02103b3ed9c8fc1a957a47c7baa4772930b9b752aebf93196d4afa5e49f22f1a07,0x04103b3ed9c8fc1a957a47c7baa4772930b9b752aebf93196d4afa5e49f22f1a07236e2b70b5629b30277364ef61b985bc0d6f5a070bd13563070989fedd262c9c,0x3883d5c77f66a90e5af0b170db6728885101981469c26aa2f1b01f74282921f4,ok
0x18b5f62c3830668d64f859a5a71511b2132075f1,55214.10,0x0278b780aaf1eafcf54e2e62ea3c25cfc7a1c29c7b0246cbf911ba50ff2428f310,0x0478b780aaf1eafcf54e2e62ea3c25cfc7a1c29c7b0246cbf911ba50ff2428f310e1c43b91e02a23cf2c5f1b9e31bbf97efec449279deb8c280b50a3734d935606,0x61812d9159a61bf5c5d890f902b03c4a6f97e7f4e5630a696d826f3fdbf19f70,ok
0x067ad88bd4edc5ab39fbe4e1a595df2fdcc7005f,55008.58,0x0346fafda3f39bbcb4a62c9e20e9d0aff6bcce316738b5d29037ee92246780f27d,0x0446fafda3f39bbcb4a62c9e20e9d0aff6bcce316738b5d29037ee92246780f27deb77beb799957dc1f0da455ffa8f8188ddd6b85a0bc0f779ef3939def301f8f1,0xd510cdffda0110208402e29397cf2a1d5263e64540c6774e933ac40513566fa7,ok
0xea69f5b872620f3bc584ded4ce6d3846ee9c5bed,54772.96,0x02c0352ba4fcc2a045c2ff522bd8b6fea08b8ae44489e4dcd029b31494863c0a0c,0x04c0352ba4fcc2a045c2ff522bd8b6fea08b8ae44489e4dcd029b31494863c0a0cd4db1478fc0f0bd888565b7930bfc6fb920e1f07644f9780a84714a32ada67c8,0x5e0f71d1247b0675e94d6bb95d6768773219c78707a688860df19a90a37186c6,ok
0x8040767bd1304bd210aaca8b3f43ecd3a1717949,54594.76,0x03ace5e82ff85ddd83c359ea04ab446c3291e620333d214e0657ea2fe482bcaea4,0x04ace5e82ff85ddd83c359ea04ab446c3291e620333d214e0657ea2fe482bcaea4ee23c7502663af22c49e41b66f1763947dde92a162cf23a50277cf7bb0c202af,0x2a01d5933f085da27f7b34d83c6e4d2a0619223d2f0d5942b37d30fd4cd3c186,ok
0xae239ecc512f12bffbfef83b1232e1f2d536416b,54362.11,0x03541ca77f829812061feda99aca4989270d0fb6d3a8b5c320e163de503f854084,0x04541ca77f829812061feda99aca4989270d0fb6d3a8b5c320e163de503f854084c2f93640393a69a84e63b83a1c99630dd3a876ef4cc5d90a6180b4077923fd29,0xb2c238f58cb115b48cb4766e69b8caaad65509bda57244b068edab155186a08d,ok
0xbaf66e1f03d860a790b0de6cb9aec272a5b3abb2,54207.08,0x030ac9f590e35ec6054b754a10f2b6b6ba0f8cacea2f056e480ec49daaead1a58d,0x040ac9f590e35ec6054b754a10f2b6b6ba0f8cacea2f056e480ec49daaead1a58d0fb806e3068f4ad6959baa338620f16545b68df59bad2f1301acb88fb0532c55,0x32a0e0025020ea8dcf1ebc1e51ce1b68b019eab7b5b692e3e0b886054d0d3ad2,ok
0xa829642c8eeb00ed32bc29678870b9a4074af14c,54063.30,0x02e02f412e9b43c2901932cf3c3a4529f477c0f688ad8f392ea1377cd65251e638,0x04e02f412e9b43c2901932cf3c3a4529f477c0f688ad8f392ea1377cd65251e6387f006f971f4c1f57c99f2539b489f865a3f023db8fd7e5d6bab7dfa10db80b80,0xd96854b53bf819ff2ee1106d69be42a5e06758b89588ae2113831d8166abfb4f,ok
0xa74271c591fcc31d6ee67c6ef93a8233163b7e34,53940.01,0x03d5a5d2ed787d55d8ac4d5507b9ed1db75f2a7fe4375d5d220ef3b7e275e47d00,0x04d5a5d2ed787d55d8ac4d5507b9ed1db75f2a7fe4375d5d220ef3b7e275e47d00f144bddc589d9d13254fd1b6983b0c136622a429b477a6eccc66bb3744da5383,0xe1345908ea79a81fb8d3d7e98ad8f51473e8661b81a93a819b0a23cfd205cde9,ok
0xa14daa53e1887e65d93b15bc792464d9aebc421e,53539.71,0x02065c26417f0f1d6df521f58c61b343ee1d1ed5cc745bc70bbbf750df9504e643,0x04065c26417f0f1d6df521f58c61b343ee1d1ed5cc745bc70bbbf750df9504e6433f7e8807d9ffb6518a04b6c2cc4796a9dfc38802695fd524f55ab8c41a137cf8,0x3efc8a3cc640756d9355cb912cd0e38d20251b8a00cb6dc32ed8ea31b3925f52,ok
0x3a6b433f4b497f1d5d49f3462d4d40992288fd8e,53354.81,0x028ed49e43b612bd1e52d9c51372610a7bc2ac634b76ffd1e26c232d5fab06ca35,0x048ed49e43b612bd1e52d9c51372610a7bc2ac634b76ffd1e26c232d5fab06ca3564162915dac3bfdcc2d77d7932b72d75349e08110ad3a42b0e96bddaf79b1d92,0x78dad87ff5cb4f051b588dee701b14355bced5f093ec8cf03bdda685e9f69319,ok
0xe412d5bffbf1345549f70c2f5696043761b5793a,53350.07,0x02b2f314ec09a0030389a11592bcd0b07f85a879bc12444502e24851ed3a2fea3a,0x04b2f314ec09a0030389a11592bcd0b07f85a879bc12444502e24851ed3a2fea3a355964bcf289ff56cd724a2ce7076ae8e58fd2f6e90aef5c0d0a5d169923e89c,0xb885354629dc2b526c2f9892ea0b3a3b4b8981dde1acc8defdd7cef3a3e187ce,ok
0xd5bff4af9633496d3ee11df95ac2c126141e0c16,53318.91,0x02ded4ed730876ef3979c703d2624bbb7656535462bc579676bfdbd8d88a42ac00,0x04ded4ed730876ef3979c703d2624bbb7656535462bc579676bfdbd8d88a42ac001ff4fe595397ddc9eb724564741384809c73b34301756481888b5096af10100a,0x5b9c7c4712c4b1a2b3d972aa22172a5b9203e7898beb759fd7db403419821d25,ok
0x24664d171236dbbfaf5fe8ae05813341e63f36db,53055.76,0x03d28790bc9c3484a9474612dbe6df3b9eddb9c886a18984a28b5ad1e2e6198db0,0x04d28790bc9c3484a9474612dbe6df3b9eddb9c886a18984a28b5ad1e2e6198db003be0e6a46f4aeffec8d7158de63b9d9fa21c243b77668224f6502c74b612549,0x116379cb4d25b981cfb5c1413be36e78ee17e0cbc77600fed3acb7511885384e,ok
0xd854b38cbeb222d1684087c05161efbe6cf9f14b,52766.98,0x02578d8c86fee12dd5962ea5080703cd73e30269aedd812c50fa33e3279c4940fc,0x04578d8c86fee12dd5962ea5080703cd73e30269aedd812c50fa33e3279c4940fcc7825a87c741d06a24723504e29fdeeda345d58d8a181886f055be4ff486eefe,0x062aa7fc08f6bf27db143b76f671cba777e84caaa698b68ff01048daff32e781,ok
0xeffad5bd22a02f92e114f1079d4549265e36ca94,52740.52,0x033fac0b5c9e8881ce1197396ef44e7506ae15ecd5bc4ac128e1ffd59d81703b28,0x043fac0b5c9e8881ce1197396ef44e7506ae15ecd5bc4ac128e1ffd59d81703b28576f9c06612f3a41add31e03be0d67ce1ad0d65b32bcd3d5d3216d222bbf8d69,0x59310d77658c612699532c92297fb6b0adb929030879069d9ace9f095aaa8cfa,ok
0x30f7453f7fcb89fa6fc8a2309f9786eba43242d7,52632.66,0x0204cf3d2426da74422380a7171d95dc1f726054723d2eb59323f5e54c6c24c2ad,0x0404cf3d2426da74422380a7171d95dc1f726054723d2eb59323f5e54c6c24c2ad2312d51f4c1a9028369f91db7d7eaa615f01e9c83ccf04895ceb984297b38e2c,0xe9b12470820a1e28ec8a7319ee8c2479a941507f50e548d275b164bb4cf5713a,ok
0xb0bde6b2e440cdced97da38f7f94e8bf1c07ef75,52339.97,0x0299a30bb4290e0644fde091bbb28cb792c5533bba5bb27f5ed18f84e0da3bd09a,0x0499a30bb4290e0644fde091bbb28cb792c5533bba5bb27f5ed18f84e0da3bd09a79c510e4bc66b346d4bf5abb627efd01c77edff291d6136b1d1b00a1094f34ea,0xf49240908224509f18a5f615a66fee73b8ea5d8bc0e6a10ad09a90c26d538888,ok
0x46c21e16cd70ea53fb2bcc847871ed5adc088e02,52052.96,0x023c4459d6f04d6d8fe46889f6ac096b05ceacb2ad64e2c04620e3244789fbf669,0x043c4459d6f04d6d8fe46889f6ac096b05ceacb2ad64e2c04620e3244789fbf669423857e9974ead94138e1fa00de86a2b11f9e630b562ecca93daca59cf0ede96,0x1b78b09838889effea20922aa78656ff5db268fe0045a734e2752c5a4bc67341,ok
0x81a229dffc8f945858a598d19356faffb1c8a643,51303.13,0x02f16db113a33df13d4c67f1a2d44a22bc6aea57c9c8c20d29cc107d171c206785,0x04f16db113a33df13d4c67f1a2d44a22bc6aea57c9c8c20d29cc107d171c2067853a1b9405c23ed84f8af5f35cfde5b375c8a555813eb03681dc9899c49b462064,0x86b0af31f7a9e420a77afeb2088b626c85249db609323a232f118b212f2d56af,ok
0x12b53171f1143e8bb7051bdcf0122dc2ad02c387,51292.56,0x035898a32f7647e5222a8cf4fe9676e9a5658914d9058b9203119bec53e31ff83a,0x045898a32f7647e5222a8cf4fe9676e9a5658914d9058b9203119bec53e31ff83ab7d0882e8f66650f8de887d244f7f43480c6c84333988024339e4e45ad31633f,0xb84801061b87769786b621f0f499c4e4fd556351c8fcb9c9acd416f5863eaf60,ok
0x82c35e598e40b1b87618dfb0d31396d76bc255e7,51162.52,0x02bebbc8047a5c77d0cfdd9725fc7c56cd0f7741742762999ebe9744e6575bda47,0x04bebbc8047a5c77d0cfdd9725fc7c56cd0f7741742762999ebe9744e6575bda474876f3eb9f8b0bb73544b0d53bebcb395df8225d97d38464dd0d280bd9eee2d4,0x293764b4c443e707abf6a52c01bbe8034911777d28e31efb2817841ca7277665,ok
0xde83021d129adb30186951f520f4ad8d49433e8d,51118.18,0x02a227ef02f43a9c221a97f0639bd9c4077806148ddf7a8cf1d982b32a92baa7c3,0x04a227ef02f43a9c221a97f0639bd9c4077806148ddf7a8cf1d982b32a92baa7c391fd4c94b95ebcdd4868aa9cee03f01fbca23259b8a762445879e75979e59fb8,0x582b44390fd6a5551b273dccffe0d28ccb7f6a3e86eef0600472d8d7f6e3510c,ok
0xb4c44ce26c524794e9f7f743829dc4ad988490a4,51075.07,0x02cadc57edfc055ef81af16ba7ac9c3c19e03b879ccbeb50477b0f996c1c184fac,0x04cadc57edfc055ef81af16ba7ac9c3c19e03b879ccbeb50477b0f996c1c184fac5f3ed593f3ba5384b7bdfefc3bb3e76c617297ab96020becf4557b5ec06126f4,0xbe3ad203ce240eb30e45cb852571c32ba987d4fa43b2615845da0f50bd03442b,ok
0x1fd3a7f7cf1c605037a2ee859ec48facb33ee11b,51036.74,0x03e3ec1faa5c6186cb26a1f268b1cb71c7b84096bfb1782d9f5d4ea691add782b9,0x04e3ec1faa5c6186cb26a1f268b1cb71c7b84096bfb1782d9f5d4ea691add782b98078973e9c70e7bd4ade8b29aaf08292502f9ed010f1fc9edc47f8f45de1ecb3,0x204e1b7ae7f6779256b77f47a652cbe3964655028399f5bc45f2b3f2b7ea2553,ok
0x224974039610c22db886e3af5c8f0533190febfa,51026.34,0x02e2d55e5bb05a6a894bc860e8f1b8fb837c4bb599b6c7fe53f0e4875fa2db2f2a,0x04e2d55e5bb05a6a894bc860e8f1b8fb837c4bb599b6c7fe53f0e4875fa2db2f2a5dcbee9243c47a3e205819af6e7420342ddf7a17cf1a5dd4d9c5c20a5f5c7c6e,0xa74dac4b7e7e291331c5e7154cce8657f07e1c9e5c3125e3b5609ee44ebd5f91,ok
0x04fc5906a7155b20db4afd8266f959b2a5de0086,50820.04,0x02ab6dfcbf47f311da563475d1e423ee23eb3899705b8123fc2f3be4c7478f0ac8,0x04ab6dfcbf47f311da563475d1e423ee23eb3899705b8123fc2f3be4c7478f0ac821750d2a120e1a5dda48d49bc64d545998636d6624553083aa02c8916bbc17be,0x10e2d01ab374f224d098ed47f008d989f101ae04fc67f95af68adddbc7bd44f7,ok
0x04d6781a86463b8e8798941780864b3768337a44,50613.68,0x02e3ead122170dcc816f979cad9a4f3d80fdb8ed24455069f8e26a4175676bb32f,0x04e3ead122170dcc816f979cad9a4f3d80fdb8ed24455069f8e26a4175676bb32f8e1d77501cfb799675a15d3448282c7d1a3b131e61e0e24968e1d176b23e24a0,0x5a18883dcb579b4f8d702d9b1f78afe63b8781365ae97ffeb3b427c9ada1fb9e,ok
0x9fffb73846bafd8d02a380a37a4f940f53f13435,50580.31,0x02ad2f8ddd5bfc7250ed6f3e5c0fc3793f89b2185b9b18ab173026f6a1992014fe,0x04ad2f8ddd5bfc7250ed6f3e5c0fc3793f89b2185b9b18ab173026f6a1992014fe331dc255ba2eaa1ed1a6d74552e23664aac7b6a9cb5b2cb6960aaeef7dad57c8,0x17f5f526c7ea65dbcd38165decefd63d824885439b093f3cd9252f2c0eb26457,ok
0xb3ac09cc4eb4bfde002d2a00b7a4771d72ab9b44,50444.90,,,,never-sent
0x4a40b33d2817636837c3ce01101060ecdcda9ead,50219.72,0x023ae40159b2b780427f4dbf01114bbd9daf110503023f41bca055f98c73b96a9d,0x043ae40159b2b780427f4dbf01114bbd9daf110503023f41bca055f98c73b96a9de66fa2f1e10b116651a390b46e7561596d165fc00ed2253a7dbf2812142aa44c,0xcaa582a60999259ea57fba1357b14ab65f0ec37d055f7205c09f5426d3dc67b0,ok
0x251dccd91d304696b29fcbc8ef54d36bd3243f44,50096.11,0x02cde69bfa205eadbb5f5ad6a0ea16e58ccb6cc9a6cf81925e5855291e0e4edc72,0x04cde69bfa205eadbb5f5ad6a0ea16e58ccb6cc9a6cf81925e5855291e0e4edc7210a757ffb937e58ecc42b08304ecaf5915e661767e99a4a1a6e74589f52809b0,0x37b5f29c833a3f30d10dbdfd35e83f5f291080c524cd33ccb62ce5218d1fd252,ok
0xb6377d1c0bb4b05a184063d12aa834a16fb0f395,49899.62,0x03d8acfe7b296338636120dd9670bedde564ec9916eb7122b603719cbc8a172e22,0x04d8acfe7b296338636120dd9670bedde564ec9916eb7122b603719cbc8a172e22e875ac8451652514a60f9e4e145c2acca2fb8df06d486d70d684f46203ab5117,0x8fd16a718e2ae271deb9e34513e487492a7476d3cafd6d917b3b71a5548c2063,ok
0xc9fbd1f27ed01d18f38a3d47e3f4b9eb0f01dc98,49724.62,0x021924f7834de1a024dd30b9c38ad134b35af6553daffbd592d0e342dcd1f94e2b,0x041924f7834de1a024dd30b9c38ad134b35af6553daffbd592d0e342dcd1f94e2b7ad8c794a90245243e3efb4b36c7c7b6d4b289a3d83d0a8e55d657dd50606e00,0xebb95fc078dca296ae229d9824efae1ab5b9a21034e8fa2eec5d9ce927464f0c,ok
0x21ff63dcb2b5e297a1ad4600d2b58aefe055c25b,49508.55,0x037586b9d4134210c5fe4f0625b265dd1a32fc8fc81a4f6e49c27b3825a4790e7a,0x047586b9d4134210c5fe4f0625b265dd1a32fc8fc81a4f6e49c27b3825a4790e7ab535a8288e320de79944aab00bdefc107a8245b98583860ad645823c57d17adb,0xbf37d65fc92b925c3cd8e5836072400d7c9ca0e7cdf56d0cd7a31bf360b1db6c,ok
0x5d118b846c411dd61b15611f7d11eaec2ebf98db,49219.09,0x0225dd73644dd80ef0901092437163ffc415f2c74a375006dde2b24ff63c811c16,0x0425dd73644dd80ef0901092437163ffc415f2c74a375006dde2b24ff63c811c1631be1b9bc7fe267357a48209a657f8873a97e5ca72a6041be3406731af821562,0x5d9e9c0053fd2cf82128c77baf93476283134fcbed15752f8398bb60e2994b74,ok
0x886f9a3a132a4f6926a1e5cea8575647a336f59f,49167.54,0x03b442737b73b494c95d1296c9408a67043f64554ab4a681e3db74fd168d6df71c,0x04b442737b73b494c95d1296c9408a67043f64554ab4a681e3db74fd168d6df71c2f53ac26c4eef9639ec5438e8ef650aa8e54058f282d44c0a16f997a9e7827e5,0xc1b9db9b4c3494d5d6cc5242cbc609d6bc0bff9c7b8756308248fb345cc84cf9,ok
0x4e8a511f117c80b97db153fd0adf77986078e175,48927.89,0x0333c70dde75824fc25d5974dc326164e2947134be2ecf60619062c158734d3aff,0x0433c70dde75824fc25d5974dc326164e2947134be2ecf60619062c158734d3affa5f6a0dab13f8d932d4c6b821fbd3f6d666738c69df95537f040c2458a16c3c3,0xa9ba544252b2830fbd1a596edf0b5dac15563a68123d81d98bf9680a6d1032e8,ok
0xc754f377b7dc3a5c54944ec5cfe6a0e4e0be8d4d,48680.11,0x038ee7cff0796a5b825eef9917ec7375e6e626384132f0a62dce80f96179a0cdfa,0x048ee7cff0796a5b825eef9917ec7375e6e626384132f0a62dce80f96179a0cdfa3ca730076d899393bde22869432848208f62d11c51f23b6870e205913c3374a3,0x36e1b3723d4addc1ab99670218cf69b3d0dc27d9624a48badce3c4b3a3add644,ok
0xcca6825f1eb6df7056074d08a1f4171a52cac324,48606.47,,,,never-sent
0xeff5f304a0904e4492d6012e85cb1f77d476e024,48500.06,,,,never-sent
0x13cac5e9d6602311c47c346cebf1dff6b766a266,48448.15,0x039b53b9fdcc88ae891f34a500576bb2ba333873c8caf882e6a1db1facfde19134,0x049b53b9fdcc88ae891f34a500576bb2ba333873c8caf882e6a1db1facfde191345bbf6b73b28c633c614f12c28d7070df0cc068378761eac45574bfae97dc51ef,0x7bb0a120e49aee8d04e98dbf8a52041113ed48132d05cd7e0e5f7b5e2395be0e,ok
0x85ad1f3259ae887e53bf07a1a396a0401967fbb6,48066.00,,,,contract
0x3a7ce2d8eed6d4a2e8c188b049141720e9e14ff8,47686.69,0x02ee27f64041629981f8a3e54e2aa6848c96d832731b01381f5e7504858715f831,0x04ee27f64041629981f8a3e54e2aa6848c96d832731b01381f5e7504858715f831be5e9a3ac1ea49ff001ac0ce4a0da28d35ce29fa0a4358874147b3f013e2ef40,0x6ff09eb989be54f4c7ef69f491aeac15cc5e1db63d01d7095e18aeecabb36661,ok
0xcc209ef4b053ecfac025bc776a144ff13a07533a,47381.46,0x03051b112700124502b8b8722b2e17644d6adbbdc6f49f1d0722f7aabc138d90db,0x04051b112700124502b8b8722b2e17644d6adbbdc6f49f1d0722f7aabc138d90db5cbb4e7cda3a2c0d7f674c85e139f18c9fcf2b08ec8f2cd32f54a474f73539ab,0x933619d05ce7f7633a3e738ef53e44f79a1ef535559c65ffa082bf6902d9201d,ok
0x28e47b02eae65a5f50b63ada685b7ec3898de8f1,47339.21,0x03c580f1a30157761dccba1dd47bca62e09add185063390801123effe5271a3305,0x04c580f1a30157761dccba1dd47bca62e09add185063390801123effe5271a3305e5f09d43318bf17d53e8de69e3585ab797b1772429522af499d8818ded5eb8c3,0x703a7a8a8bcef665411b710127cd620a170a092935ef26994b8939679b9cec81,ok
0xc9fa9fc3b76e9ce60366a5014d51b349a1fef7c7,47221.89,0x026f95efb368732ee064c9805dfd46d0d3098d8c20691ad9d4d45b4ca803cc10cd,0x046f95efb368732ee064c9805dfd46d0d3098d8c20691ad9d4d45b4ca803cc10cd1c2a8ddaed5bf777ad4aa7f82457edd0179bdd18c2a4d7e34d85ec910211a07e,0xdd2b0ce6671a756c1c7e2ff14db4ab0aaf707f1b2972dd7013fa7e9084a4758d,ok
0xe54997f88e84b4a3f4b2a1159fa8a3b39984f658,47034.19,0x03f0aef1460347b773bc27c070813c67c455a72dfe73d3a4563602b29af4c33178,0x04f0aef1460347b773bc27c070813c67c455a72dfe73d3a4563602b29af4c331786f172f1b804b285fea8c99d70e078192e17ef04f2bb1e2caede0bc9826c98245,0x558f5c7d8eaea06647f44332ac6443eda4d6584fbd1f7c0f00c6dcb8eddbef99,ok
0x4fae279c73fb1bde09a60c4503eeb11b594e91a8,46343.21,0x0355edc0f99a82f7070e04c3a7a2e8ae1df1e4698fc117681ab0204f59b9295c87,0x0455edc0f99a82f7070e04c3a7a2e8ae1df1e4698fc117681ab0204f59b9295c87e0ed23fb2e6273af1d839f2e8ac0f46262b3dd38ec6259f9a1401d73143a82bd,0xa75d9c73a3d7ebc5df6b1c40c50478793e19e7e01fcab3f82a2aaaac6bc97229,ok
0x5ed366e362d9c3ae2aa2f87e8eaaa1b898251f0f,46015.85,0x0298c36d16c32125124415724556af5160705529d36f0fbeab42cdb6b42e88573f,0x0498c36d16c32125124415724556af5160705529d36f0fbeab42cdb6b42e88573f8484c1c2031292d70ba854c63d04928937df8be262bd3786d67850a7b999456a,0x5d17f0a19212b93c6a166ad2c14e834ca83a38952e2031fc8868211c8d1b9b19,ok
0x9668e7eb5fcc8d8d7e7b9e1e4ef09d5454141784,46013.44,0x03ad8c2201857b3167e20ea7971c84006bec5d8ff6598f58070aea31332ea7c452,0x04ad8c2201857b3167e20ea7971c84006bec5d8ff6598f58070aea31332ea7c4522793db5fa64ca7ce5371b9115f067df75323cf61c5efff1e1749956908eaf191,0x556ee60b88b2b30b7b7371f46a2b66fb47deb2c3b560cfe19cffaf4219005640,ok
0x179f5877ad343f4b7ce5c96096962e4adfb2f79c,46009.38,0x02f968880e1df4107d321f8d33c078ef0900ca8760ed6e7cf7ab8dede394f649db,0x04f968880e1df4107d321f8d33c078ef0900ca8760ed6e7cf7ab8dede394f649db0c70b44c2834e1584835ead5e1202c42769b0be0ce72be89ead28dcf316fde3e,0xb7f7b658831e74778bd0d761878b32c4c63b267e7fd8eab36debadef84b5b1d4,ok
0xb0f952e1bd24166dd819b2eecc0455befda245be,45775.07,0x039f170ba4904fe2dd0bf3fe0647067b7d0a3e7523657953c638e773d298a5282a,0x049f170ba4904fe2dd0bf3fe0647067b7d0a3e7523657953c638e773d298a5282a4bf9ed1ef5d7353ae711af45d623601221eaf87393ba4f1b3a5ee3bcf17a82b7,0x618dd9e17a81202af0ee80435b3af733cb914e7580118150d6760d4410219073,ok
0x001e89dc15c3cf73af1f884dbc168df06b1ab689,45113.48,0x026f671fc536fbe9b27611d62d656e998c642c0385c154fc94f0650e9d502c26df,0x046f671fc536fbe9b27611d62d656e998c642c0385c154fc94f0650e9d502c26dfb1e8e6c0f3f897ec18c535b2fa39088a7651d908b0609ab06e3548ba18a23a9c,0x8fa4194d485b9a93bdf94429a380b1be88fd169f766426b33698be9a8b580c3d,ok
0x82312964a3decbae95306a9229a8a4dc17215671,44584.22,0x02a21235ca0d1b594ad009c666ff2bf8c138e6dfaf14fd896e14c5dc391b4e6d20,0x04a21235ca0d1b594ad009c666ff2bf8c138e6dfaf14fd896e14c5dc391b4e6d207db4ecb9fb5c882350d6e82c8d5cce0da192ab768414a2fb4315123c660d7f94,0x1432d5773e7441d9b9b5cb5c2bc72a79c0296db561b348de68bb1a9986a0116e,ok
0xa6f2dbd30c1a039d9822f7e4d7f5334320de9ef9,44564.26,0x035bad791984500da0ba20feb309c5d300c63b336a2f50af850c494486c112147e,0x045bad791984500da0ba20feb309c5d300c63b336a2f50af850c494486c112147e11b6561c1daa92106b1d3023b3aa1141c79e643039a5bdccb79284acb25b2f49,0x04fac451a044754997116daa439cf0ca9f3f109a053711c98309bf26e4f09666,ok
0x202fd31bb0b8d73ec7871f75e174f013a947a961,44176.52,0x03293275bfe03d2e679584ded18ad0af975e17f58ff1e978e7254a18b9ae1a3eaf,0x04293275bfe03d2e679584ded18ad0af975e17f58ff1e978e7254a18b9ae1a3eafcb24244512bcb2806da3ac9b1dd23b24ffd920059c850c7f6c38b471620cb849,0x769723255f6cb82e171be57b85c1ecbaa0165064a6aaab717116e87daada8b6a,ok
0xa0d1a2ac29ed68985226672d90c6a288f9bd3c8a,44006.73,,,,contract
0x8e9bfcd073dba70bf430f5936cac86442613cb05,43925.04,0x02f9157a548011f7cbd5c91d8cda40c33e2c137881b634e04df3172d69cd44b8fe,0x04f9157a548011f7cbd5c91d8cda40c33e2c137881b634e04df3172d69cd44b8fe7a82984838202200fd0dd607daec87919b3df0474d946230ecf30f39e6b93360,0x8097984ff78cd29e3a30413222b396256c3b20df0984894e055bae49d734ab0e,ok
0x88a7de184a0b21f64d66829b69cfacf8c9fb524d,43810.16,0x02cd90e28c4696d82c008b6fdf4c4536324fcc04093f7a7219cdce8aa41a4e02b0,0x04cd90e28c4696d82c008b6fdf4c4536324fcc04093f7a7219cdce8aa41a4e02b0f6164651335467b881eef2497a5ee7dae6449d99c95983501ea4678c6118056a,0x08b8503575084694e469f3cdac3f04f006bc778994d8e14938239aea423060bb,ok
0x3921bd9d6749b17d1f4b7106c15173eca2fd8fcc,43205.28,0x032986697b786b973d614a36d340649c95ffd8a95421c049691eab8928033e8453,0x042986697b786b973d614a36d340649c95ffd8a95421c049691eab8928033e8453493250e904855d27c0d311be80fa472ceda9fdc1a53665dd80be8d83a23c32f1,0x48d41495109ba5daa93f3cc87a12d841039d4da3600ae4db5bb040073ac7b630,ok
0xd62c10e3a867a459bfbf60209e4da053f158185b,42344.65,0x02e74cb1ab950b21b0206f32c09b4a2f9e7ff6ac5f866e79a18a0d0210dbf83df3,0x04e74cb1ab950b21b0206f32c09b4a2f9e7ff6ac5f866e79a18a0d0210dbf83df334d396d2d3042ec0da2dab5f85e13c8c82c12a415f27584cdfa490759329a794,0x4d183a8779b993a09cbac88524a4bf4d4169770a189f937708994cb1480eaf6e,ok
0xbc1a5d3dc108c28f27314cff2528adff7d15e514,42260.60,0x032a1c495be53df39acea967ea52c2400d92e4abe9b7b4a8a3d4c68058dd9f1f7b,0x042a1c495be53df39acea967ea52c2400d92e4abe9b7b4a8a3d4c68058dd9f1f7bc284180c41821a122e85a07fb76962983c818536155544194077caa8e5829cd7,0x37c9e5d1e0a7499745e59c9520c5ff6d89411961a56af3661133ad8045fb07d2,ok
0xaecb1e845c1300342dcef354fccbd59971cb932c,41876.07,0x0281262d473f8f04762f9046452ecd36140344c3228e2e47c7e897a00cd0dc3992,0x0481262d473f8f04762f9046452ecd36140344c3228e2e47c7e897a00cd0dc39924ea2bd19dac3eb9e2ff4c8f691d1415a54eab62983b00c1883a06e1d99588c9c,0x2574d52ab99e83742f90f20964e98b0071a5757ac1456e591668e6ae5f91dec4,ok
0x4821c132372c3ec1eb4a516f5f5aedd34978404c,41829.80,0x02c0dab7ea0d92ad4b7214cec2b5135d81274d49641806f83aac28e0521a9ad0a0,0x04c0dab7ea0d92ad4b7214cec2b5135d81274d49641806f83aac28e0521a9ad0a010a21c36289842fdcc5096ec4c313709d0e3aec40ce67e256eba59802de4c442,0x7386b75a6972eab5869220816aefa8e2b378126eff1d8d5963f70a17b4e39a22,ok
0x8d776a04cfe1dec915f948e06008e99acf572445,41812.78,0x03cd594da6ba1ae1d6793582ca9bd3a8a6ef550b72220c5894c2c215fe65f3a2ca,0x04cd594da6ba1ae1d6793582ca9bd3a8a6ef550b72220c5894c2c215fe65f3a2ca1aaccdd0875e62a6a205aa73b7fabfc23b99b74b9bf4aa95babbb0da50c09d8f,0x8ac5890d1483d85bc6004f5d6b16b5326ac0ac9bfb6cd3b84933968e0b15b199,ok
0xfb6b1557d67cee4f6fa04c203e0a3bf142ce4a85,41557.41,0x037d94294c292cae4669774b641737981bdf06cdd509a5f644bb5dbe3e0d240516,0x047d94294c292cae4669774b641737981bdf06cdd509a5f644bb5dbe3e0d24051695cf8545cf489764c4579331f1a9a735a137e701dff1320c9a68ea23203d4e0d,0x9112b09fce041f0fe4e3dffd86b149c33c9cf4b9d6346b7e21a81206f616c5d3,ok
0xeba6751566cfc18d4a51fe27be8692c99ab2621a,41332.16,0x033246b7b5cd68040a7cffa92da7ccbd33a88be46f8973892aa918262b7905e74f,0x043246b7b5cd68040a7cffa92da7ccbd33a88be46f8973892aa918262b7905e74f24cf6f5a0b51e03acff6164209be2ef99c2014ca5ab7de69dabf47f2a8f18859,0x772b3fc89a0d87f9103efee5687216786f20ea437e4dcb55e9bd6ef59ec77dca,ok
0x3a83097181f5331f08559cdf384fc3bda9615853,41079.97,0x035977f7620c0c54692f1402562e24520d24ddf2e55d5527ae6e56fd0f64abafb8,0x045977f7620c0c54692f1402562e24520d24ddf2e55d5527ae6e56fd0f64abafb86b9a13517b76c0e42e7a2fb7d8712e597a5fb1d991de570c093a321818eed3dd,0x088179cff84711585baf190e7236cbbc4b2292e7d6c1064d44fd6f0a89a4c71e,ok
0x861de0806e09534b1e9ef623b80e12a2d024ca35,40868.23,0x024901ed6cfd03745041b4fd7110efb0d607d36a25a0470bfa5fa132e1b043f5ab,0x044901ed6cfd03745041b4fd7110efb0d607d36a25a0470bfa5fa132e1b043f5ab5b3c3c5c49f5fb35f990c60cf9f0c080f1e9a4c0c1e3da106307f6b4c12cd4f6,0x2449a2c9b006694ebbf789331f02cc51c5876495864da89eb916e561b4443aa6,ok
0x44532f4c859906c9ab46214d1c9442550efa6205,40838.89,0x0225a55bf09aea53bb13e4625ed89a37b5b137ee3471585371833bb380c347650b,0x0425a55bf09aea53bb13e4625ed89a37b5b137ee3471585371833bb380c347650bc0f4896fab2d7e4cdf9e276dfcc654a6d10a22fd440b57b5a54beb366b9cd032,0x5dbd4cbab0bb0d5dfe3c2ffc915a029753172fd1811c06733206c72119d823b7,ok
0x6bb4fddd46785f2b8251c06ac63b67a6bd1fceaf,40388.17,0x030853b3f5f691d0854aad3a121223598f3beff2e3d8a4f1eefe4c8d880106a3d9,0x040853b3f5f691d0854aad3a121223598f3beff2e3d8a4f1eefe4c8d880106a3d94be04f31eefb3a667b259801a5bca492e08127ec1d2ff934efaa624f2667a0c5,0x6fea46a0c6425b3ac79ef10b2c16fd9665a7036b0019fa385323fc5f4deb93fb,ok
0xd43f9a641259a99db894cf46b1bf1a99b213f5c4,40377.01,0x038453b3f917b255d02ba6c93f115147328442ffb91769bfdfea5d8c04f8c03d80,0x048453b3f917b255d02ba6c93f115147328442ffb91769bfdfea5d8c04f8c03d80c1150fa99ffe82f38cf8a4e0a99ff83346c43ce31a014aa6c12d124311d02913,0x97b1a52c90a6625d8917f49538495128894bd18d226079f9f49451d729e13f24,ok
0x3e098b0fe2aaa6582d9215508207fbceed6313c1,40351.09,0x03f5c22510f550ec196b1ea20d6f47d0eaa0b18556536fcd616a81a3122a2d7f97,0x04f5c22510f550ec196b1ea20d6f47d0eaa0b18556536fcd616a81a3122a2d7f976d095da0c8c60a598c1801ab4f1f7c5eac3c2ff48d9c75e9acd767156c872395,0xeaecdd892a69a7aaec93245461caa1bf6cf0c101b7eecd7e6eda5e6178a268e2,ok
0x16f255a0efaa0d94d4d8dd928633660f00361a2b,40238.25,0x031f336cf70f9c18de3ddfd98dd6fcc0c1ed02e83fdbfc86abdb5ef8b3d2c3855d,0x041f336cf70f9c18de3ddfd98dd6fcc0c1ed02e83fdbfc86abdb5ef8b3d2c3855dc65159ff7cd2303f2f26bfddd4ae4fd8e66180e7b09fa80396ad91846cf9a99b,0xd7b895a0c36375f4b7a501b8105ca09e0926bcf8eafae73c4972553c9a7b2d64,ok
0x9b197cf953ecf8d4137f875681726ae076ea9a86,40044.94,0x023c1ea1de51b7e350ed2be63419a1e039d6a745001bbf37bf6a02a4be68196e70,0x043c1ea1de51b7e350ed2be63419a1e039d6a745001bbf37bf6a02a4be68196e705d19bde26e1b5ef5dabf5f7b4d6b8998a251f44cbfa2617eed668e619618144c,0xb4fdee29a8f4b23fbcc86b954076d7acab760ad607571683e6fbb27799140e31,ok
0xf3e1b55a28030b516226ee53b2d177730b7d355a,39808.94,0x03daa488d97c339a894a9f276f49136ea7b104e9e1c25ec4a4dcbda3255f9e71f5,0x04daa488d97c339a894a9f276f49136ea7b104e9e1c25ec4a4dcbda3255f9e71f55e1f6988c532ffede3ee8dc656dc3c5bd237ea1da519f9792d47687443f9ffc7,0xdf6c26f0b12094d2a4eb8599853781bdc7f0dbafc9b0432468f5774fc3c2536c,ok
0xc5ef1818924cf27e9245d68fe433ce2e9fdc4a67,39739.61,0x03ea10dd41f1911072b1b305f45dca49d90a562b7463190f41d46d233a3827c9af,0x04ea10dd41f1911072b1b305f45dca49d90a562b7463190f41d46d233a3827c9af56f86ef74d4c5aee75c3763152afdeab231b2594bb73e86beef52a061f905f07,0xb4b9a33613f5c61b32a933a07548d0114063bc67861e042aa1d04d1a87b02197,ok
0xd77eac3256eaf3355c1a4c6a4fcb08bbe1144ae8,39479.56,0x03b9a6df3c18c5874fb7ec9961813a20dd225491176e5f6a636fe8fb59e6eaf2ba,0x04b9a6df3c18c5874fb7ec9961813a20dd225491176e5f6a636fe8fb59e6eaf2ba6cf67bcaf6ed8081caa415a283ff8e1d789488358e6d5ed19792477aed1d1ab5,0x86d72d4bffcd067660d95b6ac2d847a755638c456374f6ac6d95e7db8b1baf2c,ok
0x4993d2ae34dc5d98d254284ba5edf665501a98b8,39310.78,0x034678f352c5a7d90ec82d1f5cec99b59a83ae77dc644ee706e2a174903355869a,0x044678f352c5a7d90ec82d1f5cec99b59a83ae77dc644ee706e2a174903355869ae74e46898bcca61b52265f30e3409d76d70e5aa455bae38409a873ae62920677,0xd5010003822693e86349960d964d8baf4f11601f4a3b6db65774908193c5c634,ok
0x44896647eebf98edf0f2f8450863eff2d12d814e,39108.35,0x035afcc200baa350b25a27ecd4ec4e8c5d73f0069879fac472d11e638b043bc557,0x045afcc200baa350b25a27ecd4ec4e8c5d73f0069879fac472d11e638b043bc557be9bb1fd26481201a8c842c323a2e83209a251f4eddebb7d5fb8309752c7e187,0xf85ec461f2fbdb829bc3bc92be7be36ef94ded16d2d861aa05fa6c77b2fb3187,ok
0xa0ac200909bbdc706cd75f5d47c5ecd8d87ff4cd,39015.22,0x0245d20e0fc4845b2a6f302f22416c7ade62d0eaf3d854d237ce64765a25148839,0x0445d20e0fc4845b2a6f302f22416c7ade62d0eaf3d854d237ce64765a251488398f1e94635bb4c05eb19f10567332ad3355f2042ed1c73bcb586e5e9b535df85a,0x03eb33f53a6929b3426bc3bda7fad5f179d6429c114a98ddb3f2a27b901da4f6,ok
0x8fb74e74c4e55c4864ac68b03e2bdaecf33593e7,38804.49,0x02a28dc33d9d3d2dbc06b4fb2761d0ebc93700fea22e7ebaa42baecfc0ab5578d3,0x04a28dc33d9d3d2dbc06b4fb2761d0ebc93700fea22e7ebaa42baecfc0ab5578d3b9a66bc435799153ac4fe73b1a479d0440bee25d332aed91b202fe7788446396,0xd3ccef8c2998f5710ccf6867ab6ef4cf124c0a082e6a48b743e12ac56f903b10,ok
0xdec815d7e3ae29440ef5aa5ad9615f6258594830,38530.28,0x025f46bf5ea65c2d47e2deeaa2e2188bfb87417ad8a893c4e6c8a7ef653c5309f4,0x045f46bf5ea65c2d47e2deeaa2e2188bfb87417ad8a893c4e6c8a7ef653c5309f445972465776b1536eb28e33b0269c4b9ea22e01db458a2e8a004f676ef4430f0,0x0fbd4e31b1e7601f6bbb97aba8cfff4356590513401b209548abf1cbcac4f439,ok
0xefae2cf9fc744560bd6be9a4b718605704fa826c,37888.18,0x03dd47e97ec171be36e51cc3b215ffe2806360e0f9b9eaea95475029ff46817c0a,0x04dd47e97ec171be36e51cc3b215ffe2806360e0f9b9eaea95475029ff46817c0af65061b31ae50e6b2784e7c17a4843451f6129efefa330c174937c85e1b3b5eb,0xe06293152e360e0d7dd3b0a922d9a0e0a87e1c6e9e619f0a27f0346500032471,ok
0x972a95a5a9b2c3978f20e238e4246125f6493c7a,37417.19,0x027e1cf55c18024eaa810d074f5ae362a2976e9dcaa0b289f7829fe66bc6408d61,0x047e1cf55c18024eaa810d074f5ae362a2976e9dcaa0b289f7829fe66bc6408d610b0b4206b8ee4b34d428a9f3fb8bf08e3ad4ae78ab18233a4c4c588db660609e,0x42edbd55d742ba943efd03d38dcf8a2b0fb64988ba40b39f7bfbd955858aad3c,ok
0x4cbec5f61c3e90b0600bb8a5f0d35a91db990bda,37259.47,0x024b499baca6c6fe35dcc8b7a58fbb65943624d28fab4be4cd36df24433c831842,0x044b499baca6c6fe35dcc8b7a58fbb65943624d28fab4be4cd36df24433c83184235418a8584a8fc3f55450e3317e4803541e5412800f968a648edaf9c0346ecbe,0x9a0a3d1abe62a3d44e290f9f5e7d4e356277bdf7db5ddcc61f6d332eedfdf11a,ok
0x839b67d5170912bb5d3c65c826d0e06900d94ae8,37117.18,0x02c0a1c120d5a1e05dd0bd4e87d48900a985a647d76369843b7f9f53652ad7889f,0x04c0a1c120d5a1e05dd0bd4e87d48900a985a647d76369843b7f9f53652ad7889f23ea56839ce110ad980d0a49d51729b2ba426297985d517dbf45657df13e1750,0x93035c64aeb86ff83565b127f65117b6b6a38d4c275f66fb62e562c5f2d38761,ok
0x797a6d918ffbfb1ab58072af533fda34df24e8da,36702.84,0x02a1949583b9efe9e2d424d0f6a21f7834c4d0a53490b590edfb3eb0ad9f50828d,0x04a1949583b9efe9e2d424d0f6a21f7834c4d0a53490b590edfb3eb0ad9f50828d1bf8de11677af17f8a542ef7e9eaa88afbcc04693d4856e9b6b45a0ce24eaab0,0xd04a85d64cdd34c63e4909301675d05f8b7d4931d894426d7971f7ed08684a80,ok
0x3d050f2c99a543633f4c1cdde75a05a204699bae,36506.71,0x037895a93af247bd4c679c3f62e290c5def6e2eefd4b125ab676002dab3a7039f3,0x047895a93af247bd4c679c3f62e290c5def6e2eefd4b125ab676002dab3a7039f33779f6f5867c3ddd5d35f65eae9f6126af85bbc161ef9e29d2afb6215d9805a7,0x97eedaa71b8c0575da02c70af1e0a7b8b3f19d57570d84b62d860ffebc119d38,ok
0xde621a590d48bd4a3682d972c72cbe7cd518366f,36239.22,0x02efa33fd2f785c2586c2eb4eaced344f7312ee0b455af1a545a17bc17c3ece162,0x04efa33fd2f785c2586c2eb4eaced344f7312ee0b455af1a545a17bc17c3ece1628cf393e3787d92f184cfe4a05e2058eb1224cfd8a988db0023676b7f77c45e1e,0x6ee57e74bc499fa59234ad4f85f188622791328ccb2ac2dc49175a8c5ad78a78,ok
0xe143706b706cd1aac1bc6300884f3127e6c92b53,36234.00,0x02186177369e78a08f195dc7307f69d3cd65c80b879240170604cb06bb54d40c62,0x04186177369e78a08f195dc7307f69d3cd65c80b879240170604cb06bb54d40c622542a6b11a1fb6e3b7109d2ae23ceb97ff526700d1c4acc2abde920f07f3692c,0x472dd6c5fa6a94bde896dbe521117cf440640e2034f776ddc35f71620c4a0773,ok
0x5faa58732f6629f74181307df6edfce67a3d89f8,36233.63,,,,contract
0xf44131754376330572d2503fbf76041a738ee758,36231.56,0x0338f39a72adb53773e6503577e9b3b0d9a2978cc34930e1296974954022e4b7e4,0x0438f39a72adb53773e6503577e9b3b0d9a2978cc34930e1296974954022e4b7e492ee61e5dfc89be25a13373125b5e646cca010c230d19c1170c3adfa8b371817,0x5f6862311fb56eee6187c5d08782b6e841e4206e7c4e733c31e7d47001a0d295,ok
0xd5b562caf3425f2e1fc1aa5c6e7100a81aa219eb,36118.80,0x02d8d4f248ba1a8a96d91ccdbd9b44b260384988e788126c2f2594db923fb0e4ec,0x04d8d4f248ba1a8a96d91ccdbd9b44b260384988e788126c2f2594db923fb0e4ec59f73b26ab86f693fef78a3cfdbd4bcd262a821a257959ebf29d93e487a8b972,0x990c0b63cf85eac7d66ccc879be23190ae7c691a9fb2279d7dcb8aae5de7df88,ok
0x593cfc43dae33a7277ace8716c295befc2602f8a,36062.90,0x03fd087a7c9ce604334e458cca9468ea8873d8dbdc0f562f851c48b3276e3cb830,0x04fd087a7c9ce604334e458cca9468ea8873d8dbdc0f562f851c48b3276e3cb830d13d646d104c498e598c77d77594c958c04d46c118d95efa489b28071cc1b077,0x39bff94d61280494bce6cca647c875d8cc391fbc5827b9757b549028d5ff35a4,ok
0x599467c80e7e4533b1949e6b41ec8e0fce3f327a,36025.41,0x02c431ebf4c7dcb0cb4001ead042ddf1f03a79ae1bea09f515d313a11f66a58dfc,0x04c431ebf4c7dcb0cb4001ead042ddf1f03a79ae1bea09f515d313a11f66a58dfc02cd51d97ff1c2e9104b437681bf39ee09e0907cff895dc32071a2c1b86d24b4,0xdf69f75d91039beafeb1f052970954bb7529448213802f5d6f962bbae968d8bf,ok
0x3ea65ebc28163883a23d091a7e290280728f48ba,36014.02,0x033f2baf1e0a05fc671c7316f4d000f9725c7c00f59d3b9d0bfff7bcf435fef860,0x043f2baf1e0a05fc671c7316f4d000f9725c7c00f59d3b9d0bfff7bcf435fef8609d174d69667d799710a23555e13bc76530f48771da8a516a10b4fdf849a62de5,0xf79a9df0c897559fb4a523ab75dc2789c3a0149329a548eff8dc3bba55dd624b,ok
0x064af1e16b120bcfe929c1fc9dff971fb4b69fe6,35934.31,0x030882f3eef32a460511682125be0b6013d2d5ea6c850e48ced672e3870156f4c9,0x040882f3eef32a460511682125be0b6013d2d5ea6c850e48ced672e3870156f4c94e5e4d2bea42125e1d144c711941626198e80e577798b413befae7724f8fbaf9,0x7abdcb8afe36bdfa18e0bef679fdf3a8e21875cc1099d1649713f9312c9d11bb,ok
0xc062b7fafa5265f14d6c78bfb6a93f9c9519913f,35449.57,0x032fc36219f4c9bfd819202bd944214038a773bee670c5a630453a418eaab4919d,0x042fc36219f4c9bfd819202bd944214038a773bee670c5a630453a418eaab4919deebb461ecd2f407191e9209a0e7d5fe49ad40ec8809800da40f24feddd0d19fd,0x4d5fe2158a10cb3c7c91d3cbce7e8e12f74675f478d04743d677670045cf44d1,ok
0xc8a3d89e6e2f69b55707efc9c696870bb55cfbc7,35185.57,0x03022be3945184e328f0a27c58368861ed9a0b45c6a5596674277501541162c97f,0x04022be3945184e328f0a27c58368861ed9a0b45c6a5596674277501541162c97f206ddeac8c72258942271add182b619bdbefa1b34dcc1f66315ee040b5a84c11,0x6fe181d6692d42059e5260783e7b8a461ccf844a86b1104c6702482b63e925fa,ok
0x96d5f3561efee445dc0c594d13c649ed2f9685de,34912.87,0x03166057acc550c28707afceed55048adcd84caac7bc7a4917c623f988583236e1,0x04166057acc550c28707afceed55048adcd84caac7bc7a4917c623f988583236e1e291974342aa0dcf7e9ef03d54cf4d90b2df952f42ee7f19b6f77f5480468b87,0x91a740ffa345c141a51f0b10681d3617d6399477c8698d42171f0a68a9cf7372,ok
0x6d91bf6b1eea8bad23d431304e3247631eaae40d,34891.12,0x02c03440b46fc09fccecd0fad9df90976528cc882e874612369da214d8290cd68a,0x04c03440b46fc09fccecd0fad9df90976528cc882e874612369da214d8290cd68a2f50cca47fddb47a6a36434723602e552fd4e3fffac127a135dbbe2c31e8d888,0x315b1ea5ae4e0829e679f867fbd9708a5745881f2004e7e878bba3f094740194,ok
0xedb34d7b03f950387990b1905f88ac6d9e1b3f97,34576.25,0x02a364e2dcd807b73dca913e6bde998c0693912b8a23460a71cfe24ea08e01fd3f,0x04a364e2dcd807b73dca913e6bde998c0693912b8a23460a71cfe24ea08e01fd3f823597db090e912ce695fc726303894e7d4c3aa8a680f566e0a17bb0b353042c,0xd3b0f1f424cd9a6f6d7804e2c8c0af62e796dde9edce3d681d2e8bdd977598fe,ok
0xbfbe5822a880a41c2075dc7e1d92663739cf119e,34028.04,0x03796f4d118faf6ee370cb7994161c48b90381419fe68cbe442ca2cea58a6bd077,0x04796f4d118faf6ee370cb7994161c48b90381419fe68cbe442ca2cea58a6bd077c3652d206f7b8e968728da0a9e7afce49724ddf362d9a69273252139c69fdbf7,0x3d1c6c2294aa009e63f03ffab8951fddd9e8a820c64a5ab5f2599960861aca67,ok
0xf96e7564656cb45705270de2d48a86e6cdc92f06,33889.73,0x027d3f201edb3f9413053c12be3dc55bcb7c91b2dfdc35984feec477c854837186,0x047d3f201edb3f9413053c12be3dc55bcb7c91b2dfdc35984feec477c854837186b2e43751141d3b7f9c0ea946a110e98a5ec4317208c5c625b200339616b9354a,0xb6576db34b639189ec54f58139bf77a93ae4d11fbcaa107e07f3ff7cb6d78076,ok
0xeb2b87904f8f669b039869b906ee5aaff551e015,33590.16,,,,never-sent
0xec4124f64dcd750eb7aa565a5f1fcc9e82ce1fd5,33312.29,0x03fdeffaee883e308e370ca5dda6a03f1269ba871327621e026c4bef7d94612aa0,0x04fdeffaee883e308e370ca5dda6a03f1269ba871327621e026c4bef7d94612aa0d0a80cbe532c20980ec8156dce1cdada495b5d086158504a9c85160ff33fd297,0x0ad789a94beaaaa08c5669a0a2aa47818b91936d16c1d8b14caee9a332e2eb08,ok
0x92ddfbd1abcfc0cabee973f07126c93c82534dda,33173.44,0x0276ee4985ce7a4ad8fc67eeb368d2d212d6410f79c48f6db360b55aba452480aa,0x0476ee4985ce7a4ad8fc67eeb368d2d212d6410f79c48f6db360b55aba452480aa7dd6d63b9df255cc86a613b29f223ce43a4c25a0dd451ecf2fd2fe835c782b08,0x6e8afba9fc11620d0644ab202c324f26d1822e3caa956d44f5a1f86ef82f2905,ok
0x1ee63fca1ceed215572f650ac40bbc6664db85c3,33018.84,0x03d3e1a6034b5e9eed8f7c0f04037acb5c141aed45164bf06b9c50f8205e1d9ba8,0x04d3e1a6034b5e9eed8f7c0f04037acb5c141aed45164bf06b9c50f8205e1d9ba84f2146d9c95f05ecbb4e6e80f4d1331845a8e99645c580540f4e23fcc5a9c42b,0x268a0711b11a9e9711895a3de9ee8e25e14d21dc078b713e39b8e5bcb137ee16,ok
0x5897a6637e3f23d11d08e4ed1d8d31951d5866c9,32866.50,0x03a2e54607104f3847079b55515a30f8949c10b372b0fc937b35aa9f9ccf373d20,0x04a2e54607104f3847079b55515a30f8949c10b372b0fc937b35aa9f9ccf373d200a2c3cdae39fc7464c59f042c41c134557bc67763dc9a7d103143b582b4b00a3,0xad1b8f6c8303ceed944f3292622303312dab73b35ca9b610fc54f3b152221f98,ok
0x885c352a8904925a9201b430b055762cb2d16cde,32720.34,0x0269177db426a902afecf863068698b974eb0c7f5739f16a15466d82d9569443c5,0x0469177db426a902afecf863068698b974eb0c7f5739f16a15466d82d9569443c5cb9f5d2ddd499bdcc66257ad920035989ee0e1aa704d11fb1df91b66789de47c,0x17703f0ed73cdf15382509edd2c32a5d267141b768511621b8519dcf939835d6,ok
0xc07b414f03d763ceadcdd5231b0f2e6c9cfb8bec,32628.06,0x031b7c9580cdbf10d4491023900ca8b81610dd805227edcd2ce42070b711d24b44,0x041b7c9580cdbf10d4491023900ca8b81610dd805227edcd2ce42070b711d24b44fc09eff630072a99006b38b4d577fb49d8fb4a56f81cb033dd78732845ae89c1,0x33f3a838b0e5ee2b28c9f31d8d81b0eadaf46d4f409ca9aec7f168e6b613a54d,ok
0x53024329944c60b942a1e3550e4b53a61a51b6a2,32469.86,0x03e829162cb55d5bb0883f385d59d26478c4d15f97c7fb67963eef89ec27db4c91,0x04e829162cb55d5bb0883f385d59d26478c4d15f97c7fb67963eef89ec27db4c91187114b9097ef1513cb3e0f8b1892c449d82841b0eec37db8f872c50f71666bb,0xc8b605260dd5b08c8d838f90482574e403768022b768f3e6e53f88537a4ad6b6,ok
0x6331a09d75a0cd66fdfe8d86613ff880198bccac,32385.35,0x03ce0583ec5821721067b04f2a6ba9e8f7e84518e813899dd316eeedf26bd22484,0x04ce0583ec5821721067b04f2a6ba9e8f7e84518e813899dd316eeedf26bd2248422ce2238ac1b853bc5ab3fae7a9caa8b5236ff0fe7d548549843a5b0b8aab509,0xbc0c6d6199db4d6d9034eec355020b71b850221892f9800b15b584c4c37a5ea0,ok
0xbd310c785a082aaad2c6ff666741ea8716a847a2,32346.54,0x0315e39b9ca39d434e65e3a58bf7aad1e5dfe75d429722b7efeb44a43e2fb0de48,0x0415e39b9ca39d434e65e3a58bf7aad1e5dfe75d429722b7efeb44a43e2fb0de486d149bee6edf04be7af9753e5bd23523ede40f92a53a5c260a583518dd9dc221,0xeb9c646c33f6a5c83d1de2fba12889133d8a0868cd97ae8f62b3112eade640ed,ok
0x9391ca21e81f9bb17c41900799c0f9f58b80698a,32089.49,0x033a018ee0023aba4413791e08300d5a3e50ca8ed6a6c3b195dc9c8590518990cc,0x043a018ee0023aba4413791e08300d5a3e50ca8ed6a6c3b195dc9c8590518990cc3e5b589cf35540b3ec5a29b7e8bc4e91dc997fb4b093b19ed9d2e8f9919f2ef7,0xce2a602b5e322010bce895cfb7c3316fe394a1affd9a445a0f4e3d856820ede1,ok
0x2d508e87e5e886433bb40a9672cc63565108dd9f,32061.41,,,,never-sent
0x9f8ca3597e80e802b528677ad8030ba0356defd5,31837.15,0x02d3d8bb0ad49d9170224370417b3f9b76019e8359087d684ba7c05b1e6059aedc,0x04d3d8bb0ad49d9170224370417b3f9b76019e8359087d684ba7c05b1e6059aedc6cf982f7e4d5b6f6fcea71246ca1df74b0c0a24cd2dd4361f35e9d227c1ee124,0xe37929d1bad6eca12e5f454392c35788981a221614ab2b6d3aed5e651c3e7fc1,ok
0xb282c65867adff9103ac7905de2de55b188a8d16,31721.00,,,,never-sent
0xa779a8cc2d69b5855e9affc57190f031678c8de6,31687.94,0x03d48554c54cee35eb28d3c432492680766dc2136173f205090134bbeddffc0ae2,0x04d48554c54cee35eb28d3c432492680766dc2136173f205090134bbeddffc0ae21b120769cf115f3a9d17be6d9762614478f54a1f71bee06da5dff3f3c107a1c1,0x1b438ede83b7c82a30de5b0b2e999c5e65bcaf57a6968fdff8af2328f06bda16,ok
0xb04c4920001b2ee23e4db858cdca1508e7063de4,31657.15,0x028c79fc37010b696e0c5af8d23bbc3a46668b77e9b2922b93248e9d723a0d01fe,0x048c79fc37010b696e0c5af8d23bbc3a46668b77e9b2922b93248e9d723a0d01feacfa7ab4b2af6012ab88e8498de006ffcba88dff8103eb99bffe7640bf0c2a44,0xb1e8e9e26bdcda904cea964e0de8847a5908e83ee5b2adf2e5810d26eb38424c,ok
0x8f4780fb038d18e860554758a8e5695a4d7495f4,31584.02,0x038f199971b2b03c8eed1180c357df413ccb937ca11e90fdb017549b0fd6e59c58,0x048f199971b2b03c8eed1180c357df413ccb937ca11e90fdb017549b0fd6e59c588d8d00d2ace2ee31f06afba590a0dfaf2bed2b4abaeb93655d50b745455f529d,0x20a5e93d681461802eb673093515a21f0290a821a4d098174bd63f778e06bcf2,ok
0x038a41597697cdcd5ad953cdff7cbada89a3cc37,31467.45,0x038a8901b08b918431a1deec07de22d15eec6b929742815a88e35efeb28467c736,0x048a8901b08b918431a1deec07de22d15eec6b929742815a88e35efeb28467c736a73a64c85261d3e8e6af93a68d175a61e7a8164a5701dfe44b373ede7878f581,0x48123bea4c63bd4696e143433efc5b2437d1ed73df6fac4c8eee0c67c1c6d5bd,ok
0xa4b67fa1f51c11b43b11910c2aa174febd51ce3d,31338.11,0x038c2030a7daaa3ebae37c36f5a040ae1ad3a7c44336b9fe24f315f584d6638417,0x048c2030a7daaa3ebae37c36f5a040ae1ad3a7c44336b9fe24f315f584d66384179c37a330f2983718e137dca6457e53fd9f115cdcd47762cf16ca8e0de752b323,0xce8ce218cbe896104f0e830fb7d5ce47462dc0df5315453f547cf7cfdaf6f312,ok
0x8f601cf1db616e1c0fe7a746f9920be63461ad04,30943.49,0x03ffa28a8d68b24332a5e4f9e49ce22baa03cb50a6bef2b2d0729b2d44bb07cb2c,0x04ffa28a8d68b24332a5e4f9e49ce22baa03cb50a6bef2b2d0729b2d44bb07cb2cdcd56bc9a9b60e5d4068d365d53e25c1f857781b6cf7551af80f17c290dff74f,0x54e478e6edff344bcb0d7325f7c77cb03f71814c4e007a3a24e700ae20e57943,ok
0xe9ab62e56ae995b3d40321fdc0fc8334b7cc4dbc,30822.67,0x022917e5e146efe597a1eecc77427fe857cf42499397395cfc5cc2ede02b96ed37,0x042917e5e146efe597a1eecc77427fe857cf42499397395cfc5cc2ede02b96ed37e3b7191a2805782f9dc7acfe712f0ac593e9fbfbd01ca65a696971c7fb90678a,0x862642fc8fd94ae65485db63c852a804c9a61f3d676b8e7c06a1df1ce711574c,ok
0x0490ba2e089c9a8cb45c75816c34c860c84f6d0f,30669.58,0x026b0566094d11c264a0f2132ad9ce3e8b1f2f10657c48c40bbf7118b6e358392f,0x046b0566094d11c264a0f2132ad9ce3e8b1f2f10657c48c40bbf7118b6e358392f95297398807506550aaefb74406465ffd607ad28de63d65a73d368078c487204,0x0c66cb34559fdb131ee2c295a7007e025077380d029a1344d6a104968b64a4be,ok
0x47908b6d055e538fd2f17a92440df8f8225dfc99,30591.81,0x03574295305b027b5bc94123f7e0d8bd9ad3ff6a8106f4c9d5b319f2d2c1203a07,0x04574295305b027b5bc94123f7e0d8bd9ad3ff6a8106f4c9d5b319f2d2c1203a07375220f3acb67c3b352a499b78154c53800551d2156195b036766cff81c93c41,0x9ee0ca26392345968f796f4769ccfb80ce487c0e81a300d8a4e5a21c1cd33ac7,ok
0xefd4a432c55e0c9f789a9be7f500cc967c74ae62,30442.62,0x038c8418d65d943ce8b2f628226762ee118119c0d4ad648f6e579e7ffb21f40b72,0x048c8418d65d943ce8b2f628226762ee118119c0d4ad648f6e579e7ffb21f40b723ba6e443828943279e5ce00d2e1232721118a0aa89f9ac145ffdac272dbd1847,0x5c4c8b07fbad8b2a4767c5b577809e05920f2a31a25d28ce496e850ac333f6f6,ok
0xcef6ee802d96ead5f84a60c302ed9f9ce8966b98,30345.77,,,,never-sent
0x4c26cd73c5a59009d9d9ebfcb69dc6e87de9e1e8,30325.58,0x034a462c03d3d7eeb27c1f226b94873f2192a035e4a9bf5361e7581636ff75e9c9,0x044a462c03d3d7eeb27c1f226b94873f2192a035e4a9bf5361e7581636ff75e9c96375a385b7a57a6c41f98a163e3f40edc7fb7353bdf0aa4303f99dd287eb5f7b,0x3dec4f6eaab6464920beec9b9d1b2d6a808bcdf8bc0434885c20b5c921e40dbe,ok
0x36076e5a401decc61c03da97e732c8f1e984cf61,29982.06,0x036e94c4a052e36f5e50fd1afd48e19507e3f25db79908c2b0475b510374699166,0x046e94c4a052e36f5e50fd1afd48e19507e3f25db79908c2b0475b51037469916680bbdf409594ced79e95c5b6807c43e89cf2d5a8a39883436c078568c934d1ad,0x6dcb4cf8e2254bf7f395401a063353a0bc4dd51ab945212979e792a5a31aebe4,ok
0x9b1df568bcbe52abeb4c9ea20953f465184916c4,29907.26,0x0371115ed51600cbca6053aff4fb2dfedfb9e228df036ccee052423774d714ca08,0x0471115ed51600cbca6053aff4fb2dfedfb9e228df036ccee052423774d714ca08c0bbc4db97168e5d46544387367db14c550d2667d32449f4c95f1467b641f797,0xb6ca6fa45248bfd668dae26f0e9b091ec14ee3792c2b898dc7159dd09c17949d,ok
0xe8ec75eb9149ed036eeb28446bcfc1767ddc60f7,29654.99,0x027abf12c391c3a73e42dc1a35f3653b453bd883f5e3b4c411bb3af83e04b6129d,0x047abf12c391c3a73e42dc1a35f3653b453bd883f5e3b4c411bb3af83e04b6129db663a87267593a6b0e7406331a854b0d177f37d1ddb9a00fce27aa097d7c732a,0x408483328aa8820353750ab9e612f7f23c0753be2d0670604eb3cffb878a109f,ok
0x3155a8d1a00ee515b1af232555ebcc0e14ee232a,29640.25,0x03618befdb56750f15d6ca0be8c90953ba1bcb1f2ea4fa7a3164c6b73d971ffef4,0x04618befdb56750f15d6ca0be8c90953ba1bcb1f2ea4fa7a3164c6b73d971ffef4a900084a9999312824e279cc06a05233d5ec63cce6524c64f3410150f9377e59,0x25779b14cb925fdb1d7ff4c50e4ab1b74f55abb6097f55d3a9986de28d646c26,ok
0xbd6117903f5f9a03d9acbd173a64e45096d3a93b,29604.83,0x0360d986a031c8030feb19dedb56cc5e42e5643b6de8e9792ff02693b3bbafc5c3,0x0460d986a031c8030feb19dedb56cc5e42e5643b6de8e9792ff02693b3bbafc5c32b40da507e0596696b6ecda19e5fa95231064a908c87b2c080b6c2bf9edfd731,0x106933d5b04791b4f2f2a88786a4cc4b9b4f7bddcc6df9b8ce3d19f34296c1cd,ok
0xf484ab20fdbbd654e0a89a40018206298147d11a,29597.53,0x039bd37448ac48c6ede9c1d6a3a23c4f8a3a31f66031563d05acc584f35a3cfbce,0x049bd37448ac48c6ede9c1d6a3a23c4f8a3a31f66031563d05acc584f35a3cfbceba77b1e44b4a4402eb11226a3760f41177745bad1aa75bdda0d95e3c14dedebf,0x368b2bf1d4ce9712bb9e1f6fdbeb3107f7d5eb3f239f0c9f84a606533635f47d,ok
0x4f80f4e22df23e5c6fb754e1e9035382bbdaa9ba,29544.00,0x0280494fad3204afd79a0b7c41967f4e7a26acae05e1c9d8fd2e152cf0650e9714,0x0480494fad3204afd79a0b7c41967f4e7a26acae05e1c9d8fd2e152cf0650e9714b3e0eb8f183fce47e803d39b83ab585f03089c82059ee47c2936f4deb7392dca,0xf05936d22ec7ca89d00ff02032267695bf467268a0503baf45c3c2735555b0c5,ok
0x3fd91100146b65248f775b7b034d1bbe93310100,29504.79,0x023816aaa6951e33cd1f1c0d836f55b9a014fb6e31f953ce34fee389bb31b8cf3d,0x043816aaa6951e33cd1f1c0d836f55b9a014fb6e31f953ce34fee389bb31b8cf3d41d9ba05c96d1445d27cb4657db31ffd27573fffbd2a34d5cea948059a2de10c,0xd1e4ec80fbfefe0310100abdfa881b7ba9a8d53a6df1b36ca1e0c1817213e6ca,ok
0xafd71a2a78b953f7764269bd3f6fd3645e61baf4,29496.12,0x03795a3df9ebea8ad27ef5a8bc89d8e65305c9e942137e7a9756b4b69e8c1e4f9d,0x04795a3df9ebea8ad27ef5a8bc89d8e65305c9e942137e7a9756b4b69e8c1e4f9d3158fe89e544a392f61d6ac01f1a32b8be517a1dbe30bddb1fe03c8dc76f4685,0x23f2d5fdfbd8d4bab581e770f6a766602bd5261f8abdb20c1bcf5a93193e42c5,ok
0xee67d2411a92b01f96cbcb0ac587cd8a469ca8e0,29377.62,0x029be4c3f4b5f8d544cd4b778098d6baa0955cbf48613bc4d1c72f6279f2ab1ba4,0x049be4c3f4b5f8d544cd4b778098d6baa0955cbf48613bc4d1c72f6279f2ab1ba4cc1c211e78259b4c549a3eda310139c6c27f8549c33c44f714b448d58e51a56a,0x260774784470123f603b6c344705af9d105f9fb4a6e721018f0dc3d462606bea,ok
0x32f4c9aad9be100f292bc7c76abb59913bc7486b,29275.40,0x022531b46f043e8ddfb0ec963b42ba80761901b5078111ede30b1a9ba6172ec4ec,0x042531b46f043e8ddfb0ec963b42ba80761901b5078111ede30b1a9ba6172ec4eccc335d0609544915230cf31d518726be12f24adae22b918ce4bda417992329ec,0x3fd333affa64a692b2df731e6313fb91bb59e9635864d449bddc8b66eaf002ad,ok
0xc974d57ae6ba91f29b540d565953848de313768d,29211.53,0x021aaa050bfb646a104f52d025e51c17160cac2d976769201efc46a627618f4021,0x041aaa050bfb646a104f52d025e51c17160cac2d976769201efc46a627618f402108c646a53cb6dc5aba2d949622c75139b36ead689fd9548b32d7fee47ffe16d8,0x3d10f068d64f55e44f27941e37ff238f93a508b4a6f7fdc3e235d035445bba5c,ok
0x5571b14565bacfd38e07b9c52a8c313c9b42264f,29169.80,0x03ffc0257bc6c2c975f6a1169ac04012c3d89932dc961e0e4d97ebde7ad7a1524e,0x04ffc0257bc6c2c975f6a1169ac04012c3d89932dc961e0e4d97ebde7ad7a1524e44cd487d83c5ecaefcf7f23e8c55f77ffe72743e40b495c211cc518adfa8eab3,0x859541bdc18bdb560b8ec53879e5774e1e5463e10c3aa4368145cdc9e81d3815,ok
0xb127fa91bede2801bf9e3049ccdd9390d8ff2885,29110.70,0x02b8c90c204a796a77c2f20f928a0291d48c9db51a17772344edcce252c053341e,0x04b8c90c204a796a77c2f20f928a0291d48c9db51a17772344edcce252c053341edd7e6f10735644841fbf14550c9ac703b96e21bd5f038970359e4223f8726a50,0xe4368a41f6b4e423658b3632d82e1051c41d3921deacdcbe7cdd6b9dda43259a,ok
0xc9d5ca12c7f0b1745109686af968b25117761630,29100.02,,,,never-sent
0x4f3d68586283a72bffc2dd3fc10a9b917e678e49,29092.05,0x0360eac022431a5ba80a590db88dab5d65ddc29258499710f4517eb152c9cbdefd,0x0460eac022431a5ba80a590db88dab5d65ddc29258499710f4517eb152c9cbdefd5b24130db78e4ab828c4919b122f1c628b4ecd3ab2a0e525a28e6eea6faa4c9d,0x68258fb9c8fc7c22f8edd1d6b1acfb45ff5bab775485df6786ba80ae7bad036c,ok
0x3cd6e94d5041cc3fd5ea56a850cf9573cde45ea7,28945.15,0x03e6f342dddd4c62a1692df57c69e6f6f67f635c90ae9b2c19669be8545cdefc58,0x04e6f342dddd4c62a1692df57c69e6f6f67f635c90ae9b2c19669be8545cdefc58e2b6f5e92789897d5d84b1c3798ae629f8ead877ea5b8ebd85315df287cffa81,0xe77b2bee9ff6276c2d6ab7807b39781349758fbb926a7c827f4fddad6b50d0c0,ok
0x3926f62301924dd499a779a6f8cfefddbbe0b495,28942.63,0x03356de1401ed84e767ade43565619dddbbe9def0b65ddc287f0649c5068e1d712,0x04356de1401ed84e767ade43565619dddbbe9def0b65ddc287f0649c5068e1d712bc8b2f03bd39dc8d633ea5dccb6679c536bee3b70c06ebdf9e0ac0a57306ef9b,0x659f900321f0587e30fc82bddf89fbea8bb83ff574006533ee4030c3ae68e65d,ok
0x7dcb14d7219b45acc36b08a3349374e2056bdc80,28937.83,0x020dc39f9668364422af6483c6d658ec8b3570cb7485afaa0fe78bc39bb1bfa56a,0x040dc39f9668364422af6483c6d658ec8b3570cb7485afaa0fe78bc39bb1bfa56a09703ea41e98dd28a16943ed6ab4a6e11035286a174bcbce3f112dbf64333d5c,0x0af27f9364993907a7601fcd48e4d68b8ffc3750bae4063c1410903e293cd3c7,ok
0xe5e74d1072a004a07dea1b0ff4c169424a0b2078,28933.85,0x02293af4f857c9311f2c2500fd7f7f25708c8ca391db7152415cf1dca1cad682c7,0x04293af4f857c9311f2c2500fd7f7f25708c8ca391db7152415cf1dca1cad682c7d63df350a5d3c0bcf86428b72784b527e39c823c4bfd85cce7c74e72187e1b72,0x645019737f019525721cbbca2befb28f7ab21d46776f6b3f46e913898d440c74,ok
0xa1627501947acfb5e6c4982f5851bd5f982ec1c0,28539.53,0x02f59d1897e94449f5bf663f88f2a6e28579a3b903058e94530a3f4cd78e772436,0x04f59d1897e94449f5bf663f88f2a6e28579a3b903058e94530a3f4cd78e772436488ca3af338f6232273846cd8fb0817bf298c7f4376e157e1548f4e5aaf147ca,0x049a09cf11c97e35ebec5abb70768731f5179e1a63a336aedc658ace5b4fb47c,ok
0x20e8f109f76591ab045a5003b15bad1f36097ea0,28461.51,0x0306ad7f66616809df812a9629506a30dce5723f9b9b0a53c2845e8c99dfa11802,0x0406ad7f66616809df812a9629506a30dce5723f9b9b0a53c2845e8c99dfa118020be2ce015a28a3b71f4ec513b63c33b4d2337015a1f9fd0d584f96413da6aa9b,0x476f62bacfcb00bf71872cfa3bd1b8fdae7c8dc45b0b95af54cd009202127b7d,ok
0x35d24802736de24811bdad7ffc39766f3d43ed31,28254.74,0x035cf56f77a9123fe41dd7db552310d2eee3fdfd6c93b7348315a0fc725786cc65,0x045cf56f77a9123fe41dd7db552310d2eee3fdfd6c93b7348315a0fc725786cc652d90db6efc62c6c6f6ced32d897d02dc06eaa249e7ce0dcc39f91e23dbdc8b9d,0x2b40a63db7ccdb4905553e8a27a3995270989d0390207bb1dcd013fec4f26346,ok
0x185670a2205a325b37f65795e4a435db21348eb2,28190.29,0x02b085b77b39778b397f6adb56b278961637591fdfeee7ed2972638b3e5e7f1727,0x04b085b77b39778b397f6adb56b278961637591fdfeee7ed2972638b3e5e7f1727642d1c5e7fd2c832904e90b140d61ee4129834318ba69406da1ccd70faac37f0,0xd238389bc62256fcd5fc47facddf076ef30aaf02b1d5d2594c2970868bf55e9d,ok
0x144e5ab94a033c615248afeb92cf6bff2504dcef,27911.29,0x0278c59ad0315b6bbf2292a83550f6a0f49ccecad0733246ad7b100bb0fa423e43,0x0478c59ad0315b6bbf2292a83550f6a0f49ccecad0733246ad7b100bb0fa423e4370168be0d80ee80481bdff8fa0c660dadb40c0de62989ac6af6410488780679c,0xde8c9ea8466c671743c2bdc5f821f2dc62a670f9e7dde067a28ceabb768bd055,ok
0x2d071ed8fc2ebee7c2e057f8e23787ab88606e85,27889.59,0x036813d4b169f9a73ef3579d40fbb8cd76e125a3ad14ebf80ba8f4e43c3825d748,0x046813d4b169f9a73ef3579d40fbb8cd76e125a3ad14ebf80ba8f4e43c3825d748d0799a2805900f871cc2448ed65afa91c40351511232b2587aa10cbc7f5549d1,0x5c9583d67dfe7bc512b69a316443d525aee27b61f34862086708a7e13128d42f,ok
0x1005e4b7ac8ea525b8c4ae04e351ccc92f8977ae,27793.99,0x03dfe12c8bb09486eb707a59c9ce563c7ed8d79b9bb0a60a20d47a382b4526e75f,0x04dfe12c8bb09486eb707a59c9ce563c7ed8d79b9bb0a60a20d47a382b4526e75fcb7c3f81a26ae91fdb5a5b82b1474cdb2cb035b103bca7cd36fddc66e9b964ed,0x5db4cd958d7fbafedfee267fbe6bcec08cde6e74f1c42605efb7ec2a738f6d85,ok
0x415a1471439c1ed9a0de78ad9d59324436b900fa,27763.12,0x038220ae4dfa5853449dbf1d1029051261fe70c6146cbbb82a54950b00036ece52,0x048220ae4dfa5853449dbf1d1029051261fe70c6146cbbb82a54950b00036ece5247346e76d3432725bcfa5e07d6b0e4cac526b8f7da0f877f34996dcd1471bc99,0x506162314059316f5eef78de8fcbe7ae1dfbe97eae11602adbf24efc22dcf7cd,ok
0xdd31a7c689e9ab00a16f5b20b88dd90d6695cccc,27637.47,0x030f12084845947405e8e6a885424c78f8ec0f7c71a3f581da308cffe64435ded8,0x040f12084845947405e8e6a885424c78f8ec0f7c71a3f581da308cffe64435ded8f58de915cb0d938762ea0ec801a5cdd64bd012395114191a1ddd8c99243e863d,0xb596cf4974392fabe76f034f8016d1cd9d221789217e25e66cc208a8782937c9,ok
0xf808c58855bd44386e2db4f2d693ee0219820ade,27551.04,0x0299be42e085fefde392fbe1abf60911116fea08b22b77876b3dbf020a720a46f2,0x0499be42e085fefde392fbe1abf60911116fea08b22b77876b3dbf020a720a46f2e935f6f2a924dffe4d3b941768dbc990c02cd3fe315925b2ea728ff2efb0320a,0xdaf4f789c940e6b7c1c07cc7bef514eee3c3c6504be0ce9c425daf1686236983,ok
0x8f131d6775bfe276e9880839e9f101aca9cc9d73,27446.71,0x0384c1757635bf3783864cf129f5410fc9b14f6c64723a2a37c822638d8fab349a,0x0484c1757635bf3783864cf129f5410fc9b14f6c64723a2a37c822638d8fab349a00dfd0ec3e488523ec7e00143fca51118aedb4c5aeef58fb8a14bb76cbeacee5,0xe8e98cf9a85a5ba84c5fe76fe39ca0504b2c68429bc918714f9212cf885c615b,ok
0xd5dd0270652cebc1547f04e10381549414c55edb,26886.19,0x02eae16d31fef3f9f0619d59f74e2345bca3a8454c87f8b379d052ee4fc8c5edec,0x04eae16d31fef3f9f0619d59f74e2345bca3a8454c87f8b379d052ee4fc8c5edec3169a825df7e42af5a943550e969dbfb748c4ae8838fcdb7b8ed2f3abd80f5f0,0xe7be08284cf217bfd7340afc8e6d82e7c18fa311869e7ad130abaa13e680a95d,ok
0x1149e32247435e624e9aaf631a74f40c0044994c,26870.81,0x03926a2f1dd337af3d54d74160d35b688249225d9fb6cc945134be44e2863dc292,0x04926a2f1dd337af3d54d74160d35b688249225d9fb6cc945134be44e2863dc2924fc89bb1d1529af0beafe214bd443bf7092db8cca2c498b475e2db3845882713,0x1163de4a611e8809f52b31140467b52b80585dfa0b01c12c7ef360d37b8b22f5,ok
0x8dbbdd0391cb1512ddf09dd9b9b5aa60e80fc29e,26829.40,0x035c743b7ffe7a27f651f3e3b7d674c7e3dde00e9dc407b131c76dd0769f173e7f,0x045c743b7ffe7a27f651f3e3b7d674c7e3dde00e9dc407b131c76dd0769f173e7f6bca751644f907d43fc95c5bd4eedd711ef2a7f480364b03a650d8edc143095f,0x071ea442da73bac1fe92ef7900b6a4473113b3fc676e1a29ff2aed95de815248,ok
0x3ff133b3fff9fc995562638bd177fed8146c7334,26711.67,0x02d0647a0c46d07ed7eee4a181c50202efb0bdae800d6b21c689106f3dd3ef7c8a,0x04d0647a0c46d07ed7eee4a181c50202efb0bdae800d6b21c689106f3dd3ef7c8a105516f2518f3ef54219ec58b7d1d86619bc6e4cfb39a454ad4a6ac695d2a220,0xcbf04d97264217eb833807a5747660afed4e0d1945ab16b096acbdbb7bf45740,ok
0x1f401c523f1339dca8bab58a46946f59f4010dab,26545.96,0x02120fb6faaf6141faf11df9d5b8d3e0ba9b0cc4e13f755c642e01f6bd1e643a50,0x04120fb6faaf6141faf11df9d5b8d3e0ba9b0cc4e13f755c642e01f6bd1e643a5042ecf71935969e76e34168b44f319461d02b65688f6a88f5bbf9e380dd23f18a,0xd8d1f174dfd7583f4ebecf26b52dfe756388c4a83823a048d7560b1eac4a3e1d,ok
0xdb3d6de441f62012597377628a14c85b0e988564,26492.61,0x037cad2eb29a48eea8bc3702dc4944d82304a68e27b9beeca79dd183217fa2df42,0x047cad2eb29a48eea8bc3702dc4944d82304a68e27b9beeca79dd183217fa2df42d2ddedbe4909ed37f45e3a3d8c7cc59cfb3e9101098077be0b662b29dbf6a26f,0xd6c80cdebd5957c524127d4e04f181cd82c017b34cca92555be1904c54995393,ok
0x795c62a116dc534bb17fd39ff5f7831e2af378a3,26373.74,0x03cd1482f01d4a79fb2e50bed67eb03cc6f619e6012eaa7144d843d7af77504865,0x04cd1482f01d4a79fb2e50bed67eb03cc6f619e6012eaa7144d843d7af7750486575991bc9dba8f8999ea86cbf71f35196415be2e7725b8ac85e8a6e027b63c521,0xbf8fa845858bb1d0acba856781bd47d142efe94183e3724fafd627acda1eaf83,ok
0x4cb419ae4bd6f28f379fab462e1120a2e88d4a4a,26230.84,0x035b27e7e3f76c3377b91ee24db116186f3c1d7d739329b8dbf5ae9c7ef09ac292,0x045b27e7e3f76c3377b91ee24db116186f3c1d7d739329b8dbf5ae9c7ef09ac2927ddf6ab531b6a05398e4ecdbacac85a9fd4e520a57c63760b2a4cf3c15259b45,0x895e15183be2da6839214d691bafc843d0ae8122166b8a005b19e5a3e451bec4,ok
0xf8e883e42f4314a665c4dbb5a2ae66acf966feea,25858.60,0x030c4b9269842970dfd32a0319cd2e2c94e3e8ebce932db893620061b4380fcb5c,0x040c4b9269842970dfd32a0319cd2e2c94e3e8ebce932db893620061b4380fcb5c42c672fd294f1c38feef9ebc364f60b3d213ad9a69e3d3eb8606b13ce96069c9,0x0997ff1d3181b4e4b69548002ca69a0c8b9f5ce8324ebf788f5dfad11e0a8047,ok
0xe3d59ddc48bd5287f5cd5b3df5d696891739ab0d,25704.91,0x03f643490809e0419aa81d03fbc442c858a77270bf1d7d2cd9f12ff154f0db5c7a,0x04f643490809e0419aa81d03fbc442c858a77270bf1d7d2cd9f12ff154f0db5c7a652f3f15d5f206a1c482efbab4aedd4ea8290d245f73e010e63721fdc1aaa9d9,0xc9176a33cd96ba75e0e57a82016571b6a458793a52f7033fe2e2c70a8e9cfdad,ok
0xe0d63b7bcdec6ade4729071990ff8e9e3e244163,25667.15,0x028c0d32fb14262f27c0efe4eeb7fe872ae101003644632c3917640287ed7eabc8,0x048c0d32fb14262f27c0efe4eeb7fe872ae101003644632c3917640287ed7eabc89d784f434d909c3b4be2c57284a7f4a54c0b9d682e0ee061f0dc23b83df87726,0x3e84137746aa3e71a4b61d6b60e88029a57ef162ef9d669aef42a8f8ea7b4bec,ok
0x019d253f251a8818c6cb990e37e4fc988ae7ce9d,25606.27,0x033c68430c4b22edf714bcf1a9b35635df8b82be7d4553aaeea2d02e6f61ec3bd0,0x043c68430c4b22edf714bcf1a9b35635df8b82be7d4553aaeea2d02e6f61ec3bd0fde969b085d04ef4887d684496fc6ff813c94b623f0c890efefddba398c1b493,0xe5085a5186a05ce0e7650eaba85166f351aa59eb73c4ba080d057afb70282936,ok
0xab30d83fb7a0c2f7b156c447ffdbd897c5849cf5,25558.30,0x0237a260719d1546cc0df3a7ff34688d1b865fe4887c1da03d052c9cd15c9da3f4,0x0437a260719d1546cc0df3a7ff34688d1b865fe4887c1da03d052c9cd15c9da3f48fdaf3e71ace6cf2fec9bdb0c6347ab7e45a1a0961d4bc18b5560bae148e739c,0xd60e2c3789b647d1c5e15e65f425f01a48102cfcd7dc5dd9f65a8b86a0efdf98,ok
0x8144661f6e68e2430b7a844183fdf179f8814f0a,25489.75,0x0235d845b4369b8562be5ce7843485a2af66b4cfdf8aa4403b4195cf467b3fc0ac,0x0435d845b4369b8562be5ce7843485a2af66b4cfdf8aa4403b4195cf467b3fc0ac40bd96b2ced048a80de146069a2378c611f0aaad69934a85ca441bb75a78b33e,0x56f575a3729b4e25d581d70440c58c52bf04bd93f176f85e1ed92d7558709bf0,ok
0x650548c1624ccb03a4840ba325c27f5e1d4a50dd,25412.89,0x02b22e387728043c26a0c866b984765cfd9f42ebc38a232d0084754fd3d57d7bfd,0x04b22e387728043c26a0c866b984765cfd9f42ebc38a232d0084754fd3d57d7bfdc94d5242cb19f857317d735c43e79a0c63673cd6b04c452bf3d4a349a36efab0,0x9daca9de3dd04fea6cc4612b453152e2acadad94eb01dbd08e78ad2e388ccf3b,ok
0x5934df9df54a945f3889b704afc93aa51706e2a6,25403.07,0x0288870ebc09224af51f1f018a00152fd50181537a55b11ed13ca5ac9c93094369,0x0488870ebc09224af51f1f018a00152fd50181537a55b11ed13ca5ac9c93094369402463302fd5ecfd8dbbcdac5d35619a1a6405c80d57acf48e74a760424b55da,0xe6e2f586583d331ae9dfce4067ca21a4fb8e08ae6ce052ac3156b5daab2f20ec,ok
0x5c091e47b22e39cc8bde2655a43e4fd66e3a2a49,25398.73,0x022f703c6bb23ea778c5d039e366f4963c7e33318dd498c0385f1f93a61b76efc3,0x042f703c6bb23ea778c5d039e366f4963c7e33318dd498c0385f1f93a61b76efc3d840911d283d546498982aeffdbb89b8b15ee580d78aa3644e0c464fba25852e,0x1f85f1e235d16cf5cfb2d3e4aacf05c1b5764543d69eeee34bf41a92daf0dd0d,ok
0xe3d5b483dad271340d1b0714cd27f3108e8fdeff,25395.60,,,,never-sent
0xedce8173ad7f9c0f6e4213f512748aa72a444c7e,25371.77,0x03bebf9f0b291a64721eb533b77a227cf267dd2860f7e4eba9126f55046f5db2e8,0x04bebf9f0b291a64721eb533b77a227cf267dd2860f7e4eba9126f55046f5db2e8960e9946e619f676d30d94025855d68093fe257158b3a4268c9dc042fa5ff7c7,0x2a6220c00e9e6196adb6d54fc161ee40ab9334ef0dd2d0c0003c1c8b8af4d640,ok
0x06fd8cf946161dc99b728f3a65d38b8121b03744,25340.13,,,,never-sent
0x51829c8eeed36fb463e1177bcb644e3a26eaa2f6,25233.44,0x0263bf2cfa7c91c87aa3bc4cbea613b2d5f77bfc09bdff1f33cbf773e59464ec8a,0x0463bf2cfa7c91c87aa3bc4cbea613b2d5f77bfc09bdff1f33cbf773e59464ec8a9bb962a17cdec967e556fde88aabe75c971ffe9229410fad35c72fd1e072e3f4,0x78b17041ca9ba0316e506c90e224df5185fb5f510b461e54cc5bcc52bd05e6f5,ok
0xe2252a53dff4a1f362dc004b4cf6e2853d04e18a,24960.06,0x0357140293b377df075d6160d6dd80426845f8d0a46ef4d0a0270fa05666e38421,0x0457140293b377df075d6160d6dd80426845f8d0a46ef4d0a0270fa05666e384214c38f64b175d41629475e065d910eae800c7aac05eefba87c5b08d0be67628a9,0x0c3012c51042e659306a955cd5b1ec2a2829c27b72790439c509d6c9e5a6b048,ok
0x0a72c3d1a6fca3d367cf0554e71bbeefb8c0feda,24881.78,0x02b3827bcfcfa2b6b16dbb84e1531ab1462231bd0054382774aba491ccbdfc7761,0x04b3827bcfcfa2b6b16dbb84e1531ab1462231bd0054382774aba491ccbdfc77619b0a49dbcb5ed31c327b8fc7e95dcdcdfcace521451e656d72b64a1da021e342,0xbf3b597cab93fab672b9362004add605f31abeb1204c17df48654630ce18bdb3,ok
0x23c167ba09668e082f32c93f09932d3828d738b6,24879.88,0x03e242d5434b28bc7069b90a1fc03f9646c9adae8b6335850bd33b049c6caeb864,0x04e242d5434b28bc7069b90a1fc03f9646c9adae8b6335850bd33b049c6caeb864ae243c0da5b5f910a5cf20be36fe739c06624ede644b35026df840ce856920dd,0xdcd77098f73797eff4e8c2a2de867ca0f7abf00049ea9263b76e2d96a6573704,ok
0x03a6ec9de3f92e07441c1c4da1645c725698ac39,24842.61,0x02e102fe9d73bdeb6e616120898fcfce9a0fa9b32a8f630f49c72fd006d578a850,0x04e102fe9d73bdeb6e616120898fcfce9a0fa9b32a8f630f49c72fd006d578a850fcab8981dd987cd379bde0bb6afc39f7a8c65d1b7c2cca9aa32cf153bfa2d13e,0x52777b3646772f3e17d7a4eb7f2112e5fe6bb01ac862fc74dc7ced25b28432c6,ok
0x7387ea082408c54f818fafe7850073c6322193b2,24731.14,0x028631a2b4eb975c68eb45dac69621a4db3ac86b9a670108c73ac99a40b8424455,0x048631a2b4eb975c68eb45dac69621a4db3ac86b9a670108c73ac99a40b8424455f237739edb22846c61988b9f9df588e7b05ffd0705d31f075db12ebdba57d8cc,0x2863c79b5edb827be6d8a349363deb2551016c1969209f020377cfa6d4adb1bf,ok
0xab23a421a551129825bb2aaf8c2374b136244d8b,24521.12,0x0299c31f52b2efe05fe4ccb813c22945de766fdb300a9f57fbc71942dd8579538d,0x0499c31f52b2efe05fe4ccb813c22945de766fdb300a9f57fbc71942dd8579538d6081b328ea29e3ff94e199e4dd5393078f5a695156e311d0a9cf446cea94a214,0xa42fe9ad005c301361e2cf86d642f783edce75474e929f59c156f7e58d41b0b7,ok
0xef4ba51de50c1b585effbecaeb7eb1666eece39e,24255.21,,,,never-sent
0xc2204a98ce268e2a59ad144856a96443c207aa49,24250.01,,,,never-sent
0x3ece76b96570d9f41389a7c8ee63d12c58f05913,24196.06,0x03be819da286672c2466b9c94ab0b0f9224c7a6badb95fcf1063d64948fc79a5e1,0x04be819da286672c2466b9c94ab0b0f9224c7a6badb95fcf1063d64948fc79a5e1be1cf067c526c3e80b346583fe9111129ac7b08ed983f4c33ca8c3144600eb93,0x3dfbae8402e33e9677760ec3fb23b4c11a571f1568f67c62adbd109f094b1716,ok
0xbb4c08c4f16e4c0ba365167facd9c1a2b62d2de0,24078.66,0x027f42a09ba87f5103afdec4abfa998c7ae81c63de60e54f8df1a973a408212571,0x047f42a09ba87f5103afdec4abfa998c7ae81c63de60e54f8df1a973a408212571e79d85db26f4db85fd38ee9234ef64013c2595a0c06de2e36c80f162c334fae0,0x7ca7c8ad000ad26a87f429157bac66b9c8de5e05d0911b117b56b852aa7e05aa,ok
0x7541ef2c774eecda4a86d9fd5aeece2a6db84c6a,24038.76,0x0356db6798df26e953760cf574b728e9483dcad45522933fa0b07c577ebf949a2b,0x0456db6798df26e953760cf574b728e9483dcad45522933fa0b07c577ebf949a2b31bf168f0fff2ccd72e2c0af458ab165f1e0bccee9e90914391cc6076a0bac45,0xc3c58dfe57fad11f240a8a136822bd7e28bc43fd92f16ce11dbb70c88da2c374,ok
0x2746a1cd35c24a2028cdb00c75acbdf3fd85e22a,24012.88,0x02be239f7b3ebe5d4c973bfe3f299dd73c02e98fd40eee1f330e77e5941eea856d,0x04be239f7b3ebe5d4c973bfe3f299dd73c02e98fd40eee1f330e77e5941eea856d2c6e4bc52861381512135360db56dfd19631fefaeb761726d7382a193b44ad76,0xd86c25d0f64334ef3b805eceb78a4ed29a3217bd626e28b8d9c53f6db1a5af5b,ok
0x72e9fdeac6f6a59d6ada677311d63de66bd1392e,23964.39,0x021c1e1d12f9ee74333b44c9c1fc8affb0228d01e7580dc3dc9c240c9325f5f640,0x041c1e1d12f9ee74333b44c9c1fc8affb0228d01e7580dc3dc9c240c9325f5f640d3f78721efba22bde706cc6219d5fc41afb2b8409e9cc6a99dfca7091893abe0,0x1b267bc1301ecf663cfa8f768385cce79ac0b0cb835fde666ee48d2b5a73b112,ok
0x0ed19425fc154b14ac049f6c84be3cc49540862c,23898.47,0x0315a66231dd3028c9259523a5a5f00f540b55e149706b89fc15815f3a93fcab2d,0x0415a66231dd3028c9259523a5a5f00f540b55e149706b89fc15815f3a93fcab2d6b3051c9633739d202ee3b7fd910415b10afe40cbed316f718c324bd36270729,0x5dcc49bef6ce4fda34dd75fac613bd3006e091f398782c2f5181db2912deee33,ok
0x8545291dde86f401bb3f035b22beb51936c26e7f,23667.24,0x021e651d4c5233d3c74e1cb9f5e47b4df61fef4d47b4d97190de0f0fc2ff15cc6f,0x041e651d4c5233d3c74e1cb9f5e47b4df61fef4d47b4d97190de0f0fc2ff15cc6fa78248f47cc1fb8773429c55eb6a0badbc0b4ad2426ced9ff6ae1bbc8ab8861e,0xffb532df34ae07cb4fca177691ed93183939282b8709d7353fadcd990aaa9050,ok
0xc600b7a1f3d0f92226d4b284bb53e001a7e49d7d,23651.86,0x0308cebd6099e7709f89372a407c1ede7935f9b09e983d6f9968e6e81ae9b589b4,0x0408cebd6099e7709f89372a407c1ede7935f9b09e983d6f9968e6e81ae9b589b4c89390a6a7314dc3807ee26e3e7b6c7a999e6e27ea68733e2ef3d2f40f2d8efd,0x1110a052760d603048915e46e9feadd1455724d791f180548f657ce952bd0382,ok
0x27f623c43acd51384ec305db6bc6d8e41536ddcf,23604.96,0x0281b8d1513e380be06e6655fd68bf44f42e7f9daddec72020620068da70bef624,0x0481b8d1513e380be06e6655fd68bf44f42e7f9daddec72020620068da70bef6246b2025182efc7e9a1fb8edad2610507793a8ac37e4922cedb7a852d665e53e1c,0xd1df510a9d60d3ed752c85ec3f03e844ce3ca921d653bc909c21368a7268e209,ok
0xc9fafc98d8482fbafd4c68a72ea881403a003420,23541.35,0x026258188647b2aebbb0b72c37882d9cfc0176789beea3d00ebf7c9d6ee51b134c,0x046258188647b2aebbb0b72c37882d9cfc0176789beea3d00ebf7c9d6ee51b134cd6ea20fc7afa9c2efda57c265f5ccdec6712c3c75f31761f5d0fa45b28ab5fa8,0xfe497ae5e62050ff5569df04cf28381001fb26183cbd8d1968b0146481ad0d44,ok
0x6939a1efb13dae039f5aec81bf40ccccd28c9476,23538.72,0x02dbb9029467ff87288b34eebab7e2cb01c1838443752902af41c659fa43b4d0c6,0x04dbb9029467ff87288b34eebab7e2cb01c1838443752902af41c659fa43b4d0c6fba1f1d22c6715bc2acdefdc20999efec8d909d5eea1470343aa64d11395b61c,0xc5f5477b5a59b9d171b97f2411c3f157568ded2f689bb131d903fc3361b95daa,ok
0xf820ff7c0c5102a3d915bb841cabbc8ad0eee8a1,23523.63,0x027049144a0f1ccd36fbc606ac5eb89f7df4687dd49aeaa99704334885b1a549dd,0x047049144a0f1ccd36fbc606ac5eb89f7df4687dd49aeaa99704334885b1a549ddc84c1f1693b273e7bdcbafb362189e9c9d60df1298ed4c7d709f36cb25d1b328,0x4bc6e67babfe39cbc5ea24af3c4bb5a44bf98e297fe08a92ef7171a92726e940,ok
0x1357cfa99dc85bdd3d873ecf4f7417a03afb298e,23325.48,0x02c2d30daf0a3663c0aae8f8e3c64110a2923e54f7485cc4762c82fb3cb908fcdc,0x04c2d30daf0a3663c0aae8f8e3c64110a2923e54f7485cc4762c82fb3cb908fcdc15ea5f20c94292168da847498190d1b352349897bd4d054d782f604f82f1e8a2,0x8cb81bf9af9a125ce2355fa6a175e6096b5111f7a39403f2a90a40ec3e02c5c2,ok
0x05bbfdaa332d3517c108b01f0537488f6997e05f,23281.17,,,,contract
0x30d5d619a78c10475b5f9030ab54537a96952a1d,23268.41,0x0381a761227e01b17663c90b68ca734c2d06e80a53d2496967abf31e241e294830,0x0481a761227e01b17663c90b68ca734c2d06e80a53d2496967abf31e241e2948307518eae4383a7a7eebf6c2c0d38c2db13378d776df67debe594f268f3aa70df9,0x292953f62df947e3527f2aa61e3419144217034cfe183489393f389277be71bc,ok
0x8e09baf3024871a5234431d0098f06bd091d1d61,23146.07,0x0213adbece31e15f4108ca1682153f94e1a6e0fd8bae6894eafcfcfaa5d7730cd6,0x0413adbece31e15f4108ca1682153f94e1a6e0fd8bae6894eafcfcfaa5d7730cd6da99c4d13c6a9d5e0f1cc708c718e7dd6794927ec6cdb8c19b3c16bbf796ea8c,0x6c4f41bb006f541c47a91f12958594c8e918cfe7bab300f675ac930273067ed5,ok
0xf46e9f6c9ddae4f033553c487ba9d2e196b47560,22934.65,0x02e959e1b9d05597b4138bf79ccd1229203ee18116c4071f2d536572c77b3ad226,0x04e959e1b9d05597b4138bf79ccd1229203ee18116c4071f2d536572c77b3ad22697586c2a586c6cfb9330938ae51549027ec26768017544b0dfce6ee8c68eaf56,0x2bfced892cbf098d7b23950cd161e2512470695ab48ffa518eac536d304b9033,ok
0x6168aa48f0297f7bae6b0bdc5b5556e7079eade2,22891.55,0x036ffa5aa0103d6f36dc27de8473d90d700c69b3d750b6184892519e562f68d608,0x046ffa5aa0103d6f36dc27de8473d90d700c69b3d750b6184892519e562f68d60844853ebe523de38f7bbefa51c7be307d3577b4a955cab34778584ae536fb3409,0x0a8deac4c74dc2c7da2eb13373933c06e5ab77f39e3962131262f1e93a944e5b,ok
0x598e6498903ea2b4d2cae4e8af5a497fed14708a,22760.40,0x0258da2ca2c28e91578519894cd31d19ef014c5813a01d1b94be3ec6901d23b0e5,0x0458da2ca2c28e91578519894cd31d19ef014c5813a01d1b94be3ec6901d23b0e5182f936ccf8a21a7f4100a1597aac3ca4946945ebb0a54b3723af4a974efe376,0x34485c3ecec5dc49e37a11b55fc4c9082751981ae2dfdf0fbdc0fcb5f0946ded,ok
0xad950a2b4b26f50e662c6ef4bf25d3f8df0de628,22683.26,0x03cd8fc16f3e116f1f800523a31501559ba43b0491e6208480ecc7440931a3abb2,0x04cd8fc16f3e116f1f800523a31501559ba43b0491e6208480ecc7440931a3abb296ee73fc264d6d6480eec20e5432dd9b96d8122acbbe641220d5133df929fa11,0xaf8572b7360d22a404e673ea1fe917cba392b2ffd85ae77c85f3d2ba8af5bd32,ok
0x99bd2a18ef0ed70476f71229726f553181dc8c1a,22621.22,0x0222a55023fb68d2b21b2001a86dc145fa7b27aab1ad51c1ee4a364e68e88eca79,0x0422a55023fb68d2b21b2001a86dc145fa7b27aab1ad51c1ee4a364e68e88eca79b0cd3c46980a74cdc26b679e31724281bf2410f6e8cc90ab63cbc0c91c56e618,0xa77bac8c30d54e389d2d6c2205d58f05755ed060bfbb9c2d1cabe451106adb26,ok
0x15c1e1cbfb9578fa797f74e2d3e8332149543ce6,22411.84,0x03639db8139b5ea69b357c5dd665f0c47916b315eb2ed3abbc76d125df0242e55c,0x04639db8139b5ea69b357c5dd665f0c47916b315eb2ed3abbc76d125df0242e55cf3562d93e875b901a3f619038a6884cc6fa8c9b797900e4e9fb2b0a27ef3cf7b,0x961d105d219b67890daacdf1d211e61444d7106718c357222ea5d78365cb3a36,ok
0xc9dda97c76dca95b1b5b542cffc17c1d33fce2e6,22398.38,0x03467d544c9941fd1ccf4728f9c5fd8a739b87cc23d907daabe50db1f16a11eae6,0x04467d544c9941fd1ccf4728f9c5fd8a739b87cc23d907daabe50db1f16a11eae635c1396da1022d46871ef26478562f478988dc34d1d58311acb6917949dc510f,0xd1a445f6512083980f2dd9a2f4c82ce234e85fd9085fd31f84a276483307d847,ok
0x6b9917c5ecb2eb708d3d10ee81c72b36a8de9414,22391.24,0x032f09a815314584d5b84fe1e45f26d7dce13c56e3e777f33d33270dfbc6a5e6fc,0x042f09a815314584d5b84fe1e45f26d7dce13c56e3e777f33d33270dfbc6a5e6fc6b68d701b9c1b2768b1f8564ff3a86ad48222debc08c77b224ba1912665c08db,0x89b1ebdd706f176f6041695c20c429dc63075ab330341407087dea2b702eaa0d,ok
0xa2932936409a5a3ca10c211d0659b1202c798ae6,22389.20,0x0251aba608c62e71de65615a52c2087fc5cfc535b86ca393abf23f3efedbb71af7,0x0451aba608c62e71de65615a52c2087fc5cfc535b86ca393abf23f3efedbb71af70cfb40ebf862af0a2d120cd391c387b7fe143f2a3b677aff06286db052b4c5c2,0x21f4d3afb0ab9db8aff0e38f6e9f2bb74e2fe587f2e7eddd73012ce2e86349c2,ok
0x886d52684d70ccee4a1ed7df45428fb46fd84607,21739.24,0x024cd7778fb16cd2f4f33e44239d227e7acec13640c1bfc81244f2f401e01bf5c5,0x044cd7778fb16cd2f4f33e44239d227e7acec13640c1bfc81244f2f401e01bf5c5b1bc96a51dbd9db374aa86adfdda515c91ab540b2286e82e2442669f5a48245e,0x5bbb43b698daec0f9421b7d4228cea458d5d331f21727ffbba4bf51af1889887,ok
0x1584d80d509901a05d5068bc8294de47b460c25e,21642.25,0x03e2d92b6fe5ffe847636ae3eb948393fb7acaf26e7f6d613c88984e4e11d9f818,0x04e2d92b6fe5ffe847636ae3eb948393fb7acaf26e7f6d613c88984e4e11d9f8184e63bc0cfa372ba396ba33d049176758a73a358342015ce7ea82725ca8de215f,0x601e31e160f8d19a7cd9f6a364fb259bd646e41c36bf81fbe303b23a026ff30b,ok
0x442601f92a3e895b07b8c15de5289dc6e931adfd,21602.05,0x0318d3b2976532a18e7bb6df50ffb89af94c6f3a10061bf25063e1c2214272a922,0x0418d3b2976532a18e7bb6df50ffb89af94c6f3a10061bf25063e1c2214272a92258113b5254494cc5448efc9c1bc4b031e14ccb0701029ae642f5edaac0f39cc1,0x3d5f35c520de9be4b75874a8e10c5fee2d55c8d86712171a86855901b6a92eab,ok
0x272ae8d19de8106aa9d2233253d0558ae5c857f4,21385.84,0x027f67820381c17aedc63876471576990701a990ff25ffc4563c2d1fee3989ccf9,0x047f67820381c17aedc63876471576990701a990ff25ffc4563c2d1fee3989ccf98cf545a24cd321258a94bcea1ef31d72437a2fe2b545ec38dd4b5b0c1ebe8024,0x65a84435531afa5a94f276d2a503303b0225a2c4798614f93f89b5d4f99af48e,ok
0xed4de1e7a6e52cd0503c4334305f507bb34e2366,21340.01,0x03eba5247e24ec184e313243680f8876bdd33d00cfa3c86b829c60d3258dced546,0x04eba5247e24ec184e313243680f8876bdd33d00cfa3c86b829c60d3258dced546c61987cfab23e6f44fbe8066101b602768901c4a4f705650cb9ea5e89c996b4b,0x7fa6d5347bbd2cfad677d00e8278ef2f06843ab7d7539fc6778e07f11d342d98,ok
0x645991527e1210c2ba0c2e12e75973f824ccc313,21244.85,0x0323b82a345df8dd6ac0760259b4cdde82acb56bd4f4e4d5b321547b21e389a633,0x0423b82a345df8dd6ac0760259b4cdde82acb56bd4f4e4d5b321547b21e389a6335d4c238127cdbda866e9e1d6f24ee385590997bf5c9d011b81a823c04c9a3cd1,0x5cc63d2917ac54c63983ee6f555957f86acd9575b13d003d335bce4e708fd66c,ok
0xe8a6cf33ad226883f3e02659cb465b71461455eb,21213.96,0x02d9669c51de2c0eb87bac8b2dce26c2874d70ea63f6fd9a970049b7330ca29b81,0x04d9669c51de2c0eb87bac8b2dce26c2874d70ea63f6fd9a970049b7330ca29b812831242d4dc809209a43ca93bc7bad2f9267b0d8b9f63c03eee00588aabe6682,0x92668164e56189878b679729cd38e85b07e2a7c3e63bb9f68cfa657ab0090765,ok
0x67d0666fa38fbcbe2406f8274fbebde6e963eb9e,21180.60,,,,contract
0xa46188d118a12e2a6871e68b99747a99e30647f7,21064.32,0x0368e0ae529948aa439df61b0b3929b27416deaa383648a0d7054fbdab340a53e0,0x0468e0ae529948aa439df61b0b3929b27416deaa383648a0d7054fbdab340a53e01461646d5112303ae6988873a4133c89cb36166ecf14f9625b2871937b191699,0x9e7705a60f2d9e59d1f16b3f2515d0a9a61094c163590ec30c479b97e1b1c603,ok
0xff1496f24c22b7c96ecbbfa7ec5b3831a450be13,20987.35,0x02955bbb13c9942f4a89e2ecab971628c2d187f351a1312ae6c7c2ee6acf7cbb50,0x04955bbb13c9942f4a89e2ecab971628c2d187f351a1312ae6c7c2ee6acf7cbb50cfb96d16c066592b7ea2cd59c39cae4462988bb755a80c3bc6e01d1655b329ee,0x734f4d0bbe258951f0c392d668604e3e0ece5ee2e2d8836a5a674ee060fde96b,ok
0x95bebe6f4337b2b5919cb17202d843a375b545a2,20934.33,0x0228819e1f0a921478812627c409e5ca378c201baec00c6cc691ce610271e23b38,0x0428819e1f0a921478812627c409e5ca378c201baec00c6cc691ce610271e23b38a4630a02775d8585a8b78dfb9d3b458add3b6096b291c479ecc53bd7832f7176,0x558aa9796ab722e909c7e3ed5163f8d560a440ded4a27cf325ba54df198ebb03,ok
0xe24161cca447f1f0b2a5c7d0e8f4c2874168773f,20887.99,0x036e436786417d6399150a2bed73b3781048c3704669bc530d3b419b758bacf47e,0x046e436786417d6399150a2bed73b3781048c3704669bc530d3b419b758bacf47e2d945ef85c334208ccbf05520c5b1d21fb92560a3586665e00e94577d45edd6f,0x19d9972c19d44c8d6fae141cbe9513e070bcb742b7bc7a72563d833ea4cd31f5,ok
0x71b9517155357b317362c31da3c5bf6a0e9c94cc,20633.44,0x02c53ddc5daca1b3c4366a839eb7c485f504988697a5c2125221dc451adaab69e1,0x04c53ddc5daca1b3c4366a839eb7c485f504988697a5c2125221dc451adaab69e133e7187285fd83c4b026f75e73b4159f086197c5fbbef2e680873bd88de01572,0x69e50a717121d9e73f1e2439725b2dd3d2fb94d25288eed33ff707f5c90c76b0,ok
0xc5f6621114a6750371ed16973b5fbc10f7bd17c2,20631.59,0x0376a02176190b5cfcbae02e6b92497ea1cfa09bab543d1ec6b54127e494207be6,0x0476a02176190b5cfcbae02e6b92497ea1cfa09bab543d1ec6b54127e494207be6815bb914123450d5379a2f6445e5a1f71d35981011695a645696a37530492d2f,0xba4a52004ea998712d65de499b04f6fb1c0de5f3a38ef04452c06a8531d28502,ok
0xc21da9defe77e78a57c1f5d1f7577f23de48e586,20567.12,0x02a977a5ad8274d0cf28427678a339f23cd269598099196de35f36e5878e02a05c,0x04a977a5ad8274d0cf28427678a339f23cd269598099196de35f36e5878e02a05cc8eee1db06efd2d9fd8482656acd1ad1307ab85c0f332c6f908b6e7c49020b74,0x46da554883563469e7d53cae7da40df94d312fa15cb9dc46752b78c058159182,ok
0xa9ad8d04af864e7866d913e457bffe1975ca8073,20554.20,0x03843305422e4a207724c2b4fad67b7d65a64b3759ef36dabf6d67616b8c0566d8,0x04843305422e4a207724c2b4fad67b7d65a64b3759ef36dabf6d67616b8c0566d82ccb1122aa16297bbd231c7b94dd735da30da0c7beda9597789f0f672e9ce89b,0xfe40ad05ff397933a859fafb6f009c28adc77fd9a58b23047d38637543cf6b07,ok
0x71ceab7c01672cdae4b7b12b504b940c89621b05,20441.35,0x0394d1d93d2a217c2b62d0a3eb09fec2b469a9bdb5673bf64e132182b1b6c02c87,0x0494d1d93d2a217c2b62d0a3eb09fec2b469a9bdb5673bf64e132182b1b6c02c87bb33328dbe1ca6cdc5f9765d5c0bc0321aa13a64ea3aae935236917f9dda428b,0x104b88d41a2336e0a9b98c006c283d257f83c77200befee84f785b097be02da3,ok
0xc31df445eae41d57f3dec40ffaaedcacb5de69ce,20370.01,0x0318c7afbe9644195fa750eebc41cc5566745fffaa8498ff48797407008d95c443,0x0418c7afbe9644195fa750eebc41cc5566745fffaa8498ff48797407008d95c443473e0ed58eee6ac91b2a8c77f82dc2a01432d0a15422a21e17fac3e710536373,0x7daf787d577092f58edca13f02652b935f95c3e05bc6e822073bc1ad63e6a8ec,ok
0xfbac7d53233ad0c54b2f0d76eae053b380a0013c,20228.39,0x03f92b43eecd046567be0879a37cb1d70958c2c7228a2d868e2d5880a79d989aec,0x04f92b43eecd046567be0879a37cb1d70958c2c7228a2d868e2d5880a79d989aec9c770c9a47f1033d3d21e79a3c3808dd10bfea51e2f74fb67b0b49a0b5eafd85,0x49cf7f45bb3e611aa524cfffc91e9e8c4c6034b10459d396501ab270705124e6,ok
0x9f05505a3152b4b9ab8abf06aceb52b205659f2a,20157.84,0x02249f52ae4f28fb17113f61392fbb1af897998736773172e2d2f408613ecad3bd,0x04249f52ae4f28fb17113f61392fbb1af897998736773172e2d2f408613ecad3bd21d7114dcca5039c11527c3a748cce42e45b41fa7f87c33205b74bb6c1dfbaac,0x133ffe107ffb1787011e603d6da7510e81d3980cb65dfb5933b89503d5b2308e,ok
0x8dc9f267e46b1e179f1cc270cccb74ef31082727,20108.81,0x0370767f3d4c8825fa53ddb0529d4b02748d8a125ea66e0c65313d3fc4ca2ca4c5,0x0470767f3d4c8825fa53ddb0529d4b02748d8a125ea66e0c65313d3fc4ca2ca4c587b010b879846ac05b09e52420eef4055c3e7821ce02eefbbb2578a28a3e3e31,0x9851fa6bafe46aa20e59549cca3d1b37a1d7db936a1f7e64ec293257f1f57f6e,ok
0x8bbed547b0744a152e3342f93675fd387839bdeb,20094.81,,,,never-sent
0x337fed815efd23826a18b11953709b63be6c1a47,20072.61,0x031280d100e80a5c63a319d327b74e27c2b8ae8d0af6bfda4b0e724c964c88066d,0x041280d100e80a5c63a319d327b74e27c2b8ae8d0af6bfda4b0e724c964c88066d58df2180f5c42e80ebad22d8b7d61a823269fa456ff0a7cb53174c50114b9cd5,0x9d3f905cc699040f14c244643518c550658258bd53d7b760fde17e8c1238febb,ok
0x17a41502a216338b06a0b62e933fa92f9eac3575,20066.13,0x03255daec7b56546bd87cf62f7405e5e24f780de891e648d267c4d2addc50535f4,0x04255daec7b56546bd87cf62f7405e5e24f780de891e648d267c4d2addc50535f46153394224d3d457974557961f42a9e0c1639b1a9d048e235a74bc95114e75d1,0x97932c7a9a8fde6bfc6bbf2c4162628f148cecb083877ae6c14338a89d4af40e,ok
0xb2edec4825e9036e4d55ee4de1e768204ec5dc32,20061.77,0x037dc97bbb459be1c6ea333044c2e8f67d9b35ff84e629b9dc81cf3a3dd73ca18c,0x047dc97bbb459be1c6ea333044c2e8f67d9b35ff84e629b9dc81cf3a3dd73ca18c535914fa30a9c0740aa82a7e58d6af06c69a889423a1e3928810679c564ede91,0xc83bca2622f05ba6346f9c58f063f3b49b5fb663403f22f28a053186e86f9024,ok
0x5735468e52167a9a8bd8ccd913b84f7782cd5310,20055.75,0x028e72bdee4042c48980ab9660b5e5de169286c8d39356bd9954bafa36cabc8db4,0x048e72bdee4042c48980ab9660b5e5de169286c8d39356bd9954bafa36cabc8db4072770e7d9b149b153c6f5202f7b240341eb62833b546726626fb1ed4411f04a,0x73df20ab77ac3ae562f0229216cc5e9b3ad5c09d844bd620d1e44a62526142d9,ok
0x7a863600addad93b98ab998dcabafc25116aa6b9,20055.29,0x03b0b5c02afb73cbb961920aaba96b6cf1d39c4ae204617df3d72f2e9449da40d0,0x04b0b5c02afb73cbb961920aaba96b6cf1d39c4ae204617df3d72f2e9449da40d0c7bff1d821dffe15d187eab640cd6d5234523fdd2825af5159c6c6d4dc9e585b,0xc2c0efac7a4a9837e615a1303589878613a31d7982aa9b48f954a96b2c1461c2,ok
0xcf79d9c5c77cf41372131cf5dbfcbc2ab75aaaec,20036.90,0x02613126fbef429f773e0a105e99128d7e8aafc13ca4504502b2b1145e34ef1579,0x04613126fbef429f773e0a105e99128d7e8aafc13ca4504502b2b1145e34ef15790437821704706ad88cd874852143c3c33811f89e582cb12cae46ee4a01ec7444,0xdecbb375ca98336deb6827baa7254ff1eb6a986234b2d0bfcb6f3d54faaad73e,ok
0x6c271bc2b6bcc494ce32fdf1a7125a8099c604af,19992.68,0x032716c94596f9026cffd171d6ec22ed4820e66e59da17cb302781d2096c742c8e,0x042716c94596f9026cffd171d6ec22ed4820e66e59da17cb302781d2096c742c8e44e0b45c8c6475c49876a75147669bdb287c9965f8ce191d5866be8831599e8b,0xdafb57862a2b09bc7459b0600145b8d24c8d9ad87a833703ac702926217879ef,ok
0x27425a964c9d175c5b7be297fb7542e79a4cb2e0,19962.30,0x02f9922fc3f88c6123289b74982e191c8f9871b68892100d21eab519e748292969,0x04f9922fc3f88c6123289b74982e191c8f9871b68892100d21eab519e7482929692a146d6232449c080c9dd3d741f266a4fd729a014e2126fdbadcee87873bc398,0x70b00e0ad5e3101868a535e371c375f2ce1db3225d2ecccf20e0e5ca7219162e,ok
0x948f3099f2143decd6d4fc571022fd2d533d2cee,19950.66,0x02880ca15429eddf408bb779bbf6df1ea119a819bb52de5aa1714e66d8e2c8a7ed,0x04880ca15429eddf408bb779bbf6df1ea119a819bb52de5aa1714e66d8e2c8a7ed1d139af772e89dd6045d92cb946b5bb240c6517b9beb2de377d4ccb88872107c,0x0a3fe19293bba20f060f5784aca5a7fd37f8b06c3d9b4f4692ba6858ec77f9a2,ok
0xbeded60a60b61285a62756ff8424152bc6ec329f,19855.73,0x03eecc741c8464abf4b19ec62f1f0d1d5eb9e9b14b70e40c9caf44bb1fa6c6d354,0x04eecc741c8464abf4b19ec62f1f0d1d5eb9e9b14b70e40c9caf44bb1fa6c6d354a06539a642a520155f30469ba00f5f485bef75f8dc94ba1ea0b677675fac8139,0x199ac4ed1cf1c2e0aaf7cdc894986d696703cac738708030514a8b5e026cb37d,ok
0xdd18d59c0307c528cf52bfa79c14f9585daab0ba,19826.67,0x02c11b31489ae27aca2e09b67241950fe8cda7a993f381d3911bdcd106565b5510,0x04c11b31489ae27aca2e09b67241950fe8cda7a993f381d3911bdcd106565b5510a3e039d35001ddc0042d4de1ad0ec2a4343f142c8945fd78e19170927cd29bfc,0xb6295290d3f0d654fc215588a2f6840fe2f567dc52deae6b4ce3974ef85e23ee,ok
0x412893899a3ac0ea0747d22131d9e9baa31a72a4,19664.08,0x03bed5bbb1fc17cd2e63e39aca550a8c7c74732a8f3f37cdf781039f1d5c6c48ca,0x04bed5bbb1fc17cd2e63e39aca550a8c7c74732a8f3f37cdf781039f1d5c6c48ca319e27816efd049bba9b5ad3bec8987622b815ff61d51315281aafe2064ef449,0xc25ed59dc9aabf2a8fd3055a42a0e68fac5a444c353f7d5efbe3e786c2689b45,ok
0xeb3c291f323a5369854f17a504729ea92187904f,19660.48,0x03b49a859d289b97963583202c8ef69ab16684ece60a9017da51cad269888e42b7,0x04b49a859d289b97963583202c8ef69ab16684ece60a9017da51cad269888e42b75543c4920034740d930fda1aba5d70826f5553ced954c2e705e1deda51403d79,0x5b2626406bade71f2c33fc479ea0bb0f8eeccb8a95535b5f578486f2952e87e8,ok
0x1f9912db09c62249e9060d6ec2c153372d2fd0e6,19640.97,0x03940ee7b7df050426a01d6ec1c81ac0f882ccfb71fedce90c5d4808e03d2b3fef,0x04940ee7b7df050426a01d6ec1c81ac0f882ccfb71fedce90c5d4808e03d2b3fef00858c266470dbd923d82a262cf7da34fe460e7734b7321fac1e718074165593,0x884e8899c17fc53f57f991def03aee57702ce5eb59e6a46477911bfefeee8f3f,ok
0x6ee8bb321a661a3541b08bde891f4393697520c2,19523.91,0x026feb72bdb7c0622c1ce456f84a9ec9224241a151d051f00d4bac4edc3e566a8c,0x046feb72bdb7c0622c1ce456f84a9ec9224241a151d051f00d4bac4edc3e566a8c3fb5a8acac25f5c1561beea03d8e7ddb568346313872110409c2fc1caebde626,0xb737a513212e8dd947d16e0586f3cbfedb1c8c8c45a862aae883f9f649aba7ac,ok
0xb8ca532ded4bd78b91136356712328794559712a,19475.21,0x02269293bbaac27d969cdbe2e0ea444e24950373bc149ff70b79bf8c40e3c66698,0x04269293bbaac27d969cdbe2e0ea444e24950373bc149ff70b79bf8c40e3c6669823799b197378c884debb547cd37e6525131fc43a21da29a0a066b2973961e3fc,0xa6b731adb8cb19e084b16d92dd43c3948f233ed2faea0378c3049d1211339ea2,ok
0xc7ae0c733619bc73b1fd575583e372ce8f7793f7,19463.01,0x02daef8dc6713028ee2ed23de95c0e297d99b11d3294f47d58f2fcd559e617b053,0x04daef8dc6713028ee2ed23de95c0e297d99b11d3294f47d58f2fcd559e617b053afd739f4645a1bc720c69f776105f439b253fe2e6e49badb315c5bbf151ebafe,0x1008cb5f2f654f676650c0b9b9a4b32274f170b6df83c69cfab101418d3a8b8e,ok
0x80235907e8879e25359656c025966f3952a62424,19400.01,0x02e6f97cb74af1bca167781468a725dd843f81839911c5b408c65d45c3cf39100e,0x04e6f97cb74af1bca167781468a725dd843f81839911c5b408c65d45c3cf39100e6d0570720335ae2db8c127c245a729e95550b215b4be5c310919127cb284a814,0x46b810a8747fbb09fb99003e06b51df837ea4da189aa3a3afcbb5fe10c85bfbf,ok
0x673a76aa385400838b292995629e11876cb18efc,19400.01,0x0219f1b54800d42db1fd1235f7c9b3a0d9828f4a488c28f5ffecec00bdd3e2d808,0x0419f1b54800d42db1fd1235f7c9b3a0d9828f4a488c28f5ffecec00bdd3e2d80898704b76231cd3a4bbf08243b3ade55a3b9a325889993cd67bf0ff475218baf2,0x0c636c9315c883859ff6dc7fd048e941ddef6caaac6b69c2769c57249d42f3db,ok
0x55c87c1df57d4ec996b5f6c60ae41c99bbf0b24f,19366.26,0x03a80da4e8c2c90b791609164153d5cb3d3b0b682aa9eb595b99f13ac2186f01f7,0x04a80da4e8c2c90b791609164153d5cb3d3b0b682aa9eb595b99f13ac2186f01f70bf1f0ab9e578af945a721801ab4bbed2d16fed9a83bba895048e4426837de97,0xac54c9fdaac2eead901cc672f240bb8e358fc00f9cb0428df98f312daedf9553,ok
0xcbcf00f4b35482b9c146b53b866b409f22b0cbd5,19222.53,0x02a8ac2940954d61525667c44f0aa37bf9b6974439a8645139e1e35e626d863d6a,0x04a8ac2940954d61525667c44f0aa37bf9b6974439a8645139e1e35e626d863d6a20c87764feecee07b0e9e3329aa8a7cf79cb55d1fa8c862df68ac2b03f5b3a72,0x3eaf5e9b5b0effafa8e4ff614866893ea657a763a14056f58ed0dcc1fd046ba8,ok
0xa6da379755e253b70d7f041d6da04eaf3aef97c4,19200.01,0x035d67f539ebc2581466af465c4f0607b8dc4dad01b4abcc1aaa7295c03d1fcb90,0x045d67f539ebc2581466af465c4f0607b8dc4dad01b4abcc1aaa7295c03d1fcb9045739666974c3fdf5689bb1842b889de4a3b8ababdbc00e60665947a42937b25,0x7ada146dc639588369585f36d24d8759b5e0cbc4b023fda75a7608072df129d4,ok
0x1dc8f555cb6ae5ad84bbdacedf6a2e35b5c2c759,19195.41,0x0367901115ff1ceeeb703dcd23c79517aaf8f4cd2eaf7205ee305e18ff3993a362,0x0467901115ff1ceeeb703dcd23c79517aaf8f4cd2eaf7205ee305e18ff3993a362bd795cebbeb26de653517aea0a0dd6be3aeb29134b40cda68eda0d85c0f87c45,0x24f9feadf808393769b26d06d4d4c71fed2dc38362cc182e94ea070c300e9ad5,ok
0xd8162dab0ccc897fec98737e82a83b020f29d03a,19178.55,0x02132d61ab182ccd1dd500a4a67c34efd5bb6173cd53c2a716528c17f0346c986a,0x04132d61ab182ccd1dd500a4a67c34efd5bb6173cd53c2a716528c17f0346c986ace991360490c6ebecf5161a4a75767e426be33d31486856f54b680eaf0604a62,0x39212488f0ebbb4dfb36b03a4f13747bd9164dd6b3272291fe9bcf6373d7aafa,ok
0xe282dd7e10763d66b5f93e3e1e01652c533c738a,19171.75,0x026c1674e79757ef839bdd3272dd8be600b61b05548e681a8f4bdc98818028b66b,0x046c1674e79757ef839bdd3272dd8be600b61b05548e681a8f4bdc98818028b66b72488be4e0df345d55df5d73f8e07c709fa4c7757a5ad7f80f036ef4247d3f60,0xc3a9dbdd1e2c33b9bbdfbc662a54c7972e981164332a300b3f63d67274fa841e,ok
0x1f7cc0767f4f81c248a7da0a52f9fb36b396171d,19046.80,0x02f4556e1756afce41d07df221b2ebd013552717813555dfabd3dac6d1504e9ae7,0x04f4556e1756afce41d07df221b2ebd013552717813555dfabd3dac6d1504e9ae70156cc5c0fd2a518e3b8e0937312b4b00129a4bc037b79d30f1f549b372937e6,0x37b2c137cdd33df2f8b3bda9e60a6fe15638d6a0e40525885d54c175493fb42b,ok
0x648d818972254b0d6e550998bd1d7d91dabbffef,19035.10,0x03fcefa63239969dd60ec975686f81a4a0ae5af171927934aa7218c44b82bb2d8a,0x04fcefa63239969dd60ec975686f81a4a0ae5af171927934aa7218c44b82bb2d8a9704ad2a90827d96d3403214882a91e3ef754363e62a3929b60a98d88609c4e1,0x303ad8ba52ea5ad010d827b300b42ebc5645d5c2e50bb1c23eb7b4f235da3348,ok
0x457951dc02ef8570ca9089b2a65203e0c82ee3b3,18987.71,0x020e1c46a50c4d645c26130f06b2dc478c07e7792e795a2af3c643c83b3d7f2482,0x040e1c46a50c4d645c26130f06b2dc478c07e7792e795a2af3c643c83b3d7f2482632ecdfb6197b6f77d5574fc4779c5be38be48caa094af8fc430946626745666,0xadcb7e4d24fb2561715ee9844c7cdfea993edc7e48147fe76465d6bbf3e24e01,ok
0x5a35be4ad9e57608845c41edfdb543c13fd7479e,18808.29,0x032e98634e8744879d370dd6b2282db9219267f6ffcbf49b9c5b698daf507ee4fa,0x042e98634e8744879d370dd6b2282db9219267f6ffcbf49b9c5b698daf507ee4fa4d1a7c72d0efc3fc059305f1066798a20532cda5853ab41fc3f782910bde9dc7,0x467f5cfef9b79683731f746e43312752b0f8c64b6f5fa44780a9e33f43a7c01b,ok
0x9ca5f66f32f9c329193a9af961c061179c6e5f45,18770.43,0x03d896ff204fa1d72ea59829b4eb3828fac8f2d8375fbe41e86c720d98ecd9177f,0x04d896ff204fa1d72ea59829b4eb3828fac8f2d8375fbe41e86c720d98ecd9177f1c8c5d055bbac8a0d07b48a2524dae19bdfb83d99560e10e6ded2f9d0fe79d0b,0x7d081c46020441da3b09235127d45a02c970811d7a0419eafae2594300dfb71a,ok
0x84b016ecd94e4a8c1fc9b6258509e1accb745edd,18728.70,0x0348c1a9057e7fe42e06bac45fcd051bac426bad4067c77a0fbf7a5f34c7672492,0x0448c1a9057e7fe42e06bac45fcd051bac426bad4067c77a0fbf7a5f34c7672492d3610e28c19be9cfa5bad99f7abf07c700a67eb29f7d02666cc8ca4529d77945,0x30fde67c31c25f2cf3848ce5227e77ecee627a161ce960726e4395d3f963099e,ok
0x3338ead999f4995804a700cde2588dccd9285164,18725.33,0x031c5482c0342fcadc4bb9cff40928f9338e2c16d971fb037ded61413e36bd1bdd,0x041c5482c0342fcadc4bb9cff40928f9338e2c16d971fb037ded61413e36bd1bdda48d46825d74f832f1f1c2afd1eccfd2ba704f6748ff43fb0942f513f5fffd6f,0x67a19276eec2c65cecdbd310592f193eb827f25eb0191aea906e56be6791dd2b,ok
0xf7b47db8d1a24ca666896586cfd36367be473c7d,18679.08,0x02f97b50c856052d53d4641d33ac6001c62baf5642f46e2539548d5de63d96d59b,0x04f97b50c856052d53d4641d33ac6001c62baf5642f46e2539548d5de63d96d59bfdece1953ba738e1ccfbb1f0d0d89509a433224d2d3da9c516a04baadcfca69e,0x529b55cda58db8ce44e3d0323a8079e8809da0a13c96bc878270ce712b7b7c73,ok
0xb718a751296e5121982f10eb4b09df686fbab4e8,18656.87,0x02dfa8b2734b06adb797af56fbdfe7f24297784d0b487b1869730b800a2830be19,0x04dfa8b2734b06adb797af56fbdfe7f24297784d0b487b1869730b800a2830be19de8260e564c6e6ea6ca338c38979d42d0535d9b7b2eb888084f4b5fa0f924f7a,0xc0d0fdd91031d7f74df0ef4ccddc2851378ea882b48dc27a14189373eec2ae67,ok
0xd691904825f223b6be284ea110a3cc12eaa9f1bd,18634.18,0x034f36d041ea2d5d8beaf4142781a13b20683107c62befb4cffa7d785f1a4a0f05,0x044f36d041ea2d5d8beaf4142781a13b20683107c62befb4cffa7d785f1a4a0f05ddef2c4c0fc3bfc61d03cf77da9db7345eec5e9310801ee350a861c43a8d1d03,0x23eb1e52c6d6b96eec3b4b5aead053d1af461fb5bce216c8fef469b60ad03ec8,ok
0x30e8b02e0db5a05bbfc4eec38dd8b07cdbc96f12,18606.43,0x031145a6eed31cb01c332b74f6c7f9f28b9ed120ba8e0ed36641898cfc884516de,0x041145a6eed31cb01c332b74f6c7f9f28b9ed120ba8e0ed36641898cfc884516de264db62d8e04a84f6528f418c2608a67f00a149700fb44859f1707a6e346a321,0x911bea8adb72fbd3481977d2c74d1aaaf56173ad41e6fc3265c1129d5bf5d188,ok
0xf043ba79e90c81eb5b29fe97a74604bb21b3a3f6,18471.67,0x030bf51eb1e92ca156d3fa1fd82e40329acd9f23097e56efd7371f45bcdf1ebeff,0x040bf51eb1e92ca156d3fa1fd82e40329acd9f23097e56efd7371f45bcdf1ebeffd752210243adce6349faa842368392563fef4cf9e5bab2c309431c43ed5e5259,0x3a8fb16c4c75a95d85c06f8ba7eb5775b14b0c2fbfd8163eb0bac157b9f4b735,ok
0x589c4d0692244b9877cbcaa5acb6dade865edc40,18037.49,0x02fc76ae485884576a37f29959588886b43303a75b15cc5f7efba1c3f51b095529,0x04fc76ae485884576a37f29959588886b43303a75b15cc5f7efba1c3f51b0955291f7e25b8112f3f637fa9db1c0d1caf64f76aa606ca3abed4c92969075409bec4,0x5f4becc759ca87ac88b3d5f81ece30e4b2827779e02f5a1c40247e12e8ed6f3d,ok
0x0232106f4cb0a71ba14e7d3c62937d1c5a0dc5f4,18019.20,0x03052ec6465794f4a640da43b5088b4688b9908597a90fcb042b175793827e915e,0x04052ec6465794f4a640da43b5088b4688b9908597a90fcb042b175793827e915ec9f0a052b59261c4ae5857b16ea9fd853fd29fe7c0a72d5e9244201d6007d867,0xaa89973495f4ab102ef151d23005ba506dfb7ee1efd03cac4a95389b1204169e,ok
0x6c1048033d2aa02af606d5cdf41ff74f5c59e4c2,18014.83,0x033bdca1884be6ec37cd099ed5defddb24840f58559fd59d3542996230e1bc0936,0x043bdca1884be6ec37cd099ed5defddb24840f58559fd59d3542996230e1bc09363e7b70a1bb9bef73e2cefc963a93af4781ef9adc4de0be8202a43aef4042b15f,0x7a6e656ccd4e29dd3678cd9eee7054dd14dd332a996ebaa66ded55fb1053e3fb,ok
0x3d9167ee4cd19800de122843da9eb55d72d12be5,17994.99,0x03c5e2f16022e8b312a8c460806e028a59258a9050e2b6a975b0e7163bbb028b65,0x04c5e2f16022e8b312a8c460806e028a59258a9050e2b6a975b0e7163bbb028b65a680ee8a86ecf02ea1933a1462d18dbb5ece6ba279818a4d12aea2339e75d509,0x277bd9b70838b5a45ce9e40e5693e84db5e37e632bc461ad9fbc76ff26aedec1,ok
0x652405e5815602c2a6933af9a8f1da4b11d917db,17761.57,0x03309aaffa6523b785ed78e5027e694c8ca1333479c68eebe0c679179f040ce14a,0x04309aaffa6523b785ed78e5027e694c8ca1333479c68eebe0c679179f040ce14a2496f7024812bf780c16240b92310d54262472581eb04b316cc304f886cbd487,0xd5ea1906b7d29903aeddad398011d29d947b0378fd291a92672458c67c178d57,ok
0xfa010a552da5ff1c1d357ca6c0c2072d9a86c0be,17741.82,0x021bec55f0ab7aadd19f34174201f6c0ada59fc048e4b0bddf8322b43c9fdb8bdc,0x041bec55f0ab7aadd19f34174201f6c0ada59fc048e4b0bddf8322b43c9fdb8bdcacd141537f50722e55fe5a87b89dc9d875f6b88caef18e72f945324f45b78038,0x37278b64fd4aa678d88a19d644d87e2994a906fbe2c70ac8226fda40a9d7a4e8,ok
0x52f641c8c29f3883b853571bf5edbcfb18e186a4,17633.29,0x03b99ab8a56d8bf5d24da5e856905a2817175fd78baebe5fc571af6806ad7a77f9,0x04b99ab8a56d8bf5d24da5e856905a2817175fd78baebe5fc571af6806ad7a77f96ef78e61f77326fa639995fe951bac8c7426340836e14d4227c5cfc1d83e77b7,0x94016fcf4df195798c04118c78d0b84f03d91167d1eac273cf5ea2c1cd0d10e0,ok
0xcb1789cffed488fd2c3fd28502fb35cf5d154306,17620.58,0x0242c53aeed2999b7324817a7afc32fc39eb9cc14febe640d14cd7acbd87c776e1,0x0442c53aeed2999b7324817a7afc32fc39eb9cc14febe640d14cd7acbd87c776e13590ce27f168a92942341add9073f6988aaff6a5f294049064c8658a733e40ec,0x4cfa5e7b5fcad5c1f0761e00810eac808b4c3c1a61cf18639414d4ebdfe310eb,ok
0xac01d3a2dc81b5fa92fbe09cd03307f165ebd650,17460.01,0x0357398cda550ed17d8f46a61f94a897b6f35f7035a3d2898e0f875b7ef78e4f3e,0x0457398cda550ed17d8f46a61f94a897b6f35f7035a3d2898e0f875b7ef78e4f3e7952fce0004e1460b86e55fb567bd2969356b4478ea1e72fdb59ed7d491ceaeb,0xfd2f25cf930d66ec1321c3bc5930010f4636c490d2497f334cb08d225fc8b14b,ok
0x5cbbb4742cc2c7a874f963c5f1077f684a14fcfe,17393.85,0x02835f82a002ac33723d91b4102783daef78a8ac23ce3ad600459a7809f7a084fd,0x04835f82a002ac33723d91b4102783daef78a8ac23ce3ad600459a7809f7a084fda111fd2eee0af878e1c3e8454ec17042ac3797236e078241c6fa9a441b0d5534,0xddf11eac1c7233b687fef324b458473d506c58628c958c43854be4d675f55cb4,ok
0xfe634c4a6dce7e3a816a14a5d0c95886b2878f49,17366.71,0x031e617d6ee4cf35f6b6900352f5a18555ad9c5b4620f22db6f4440fadcc9e3dfe,0x041e617d6ee4cf35f6b6900352f5a18555ad9c5b4620f22db6f4440fadcc9e3dfe5bace6616678dcde0bd74a29fb5844d784cb9791a903d8b3b409f63bbc3825d1,0x7777f8786c328746bce4c6b91c9d65783b92b14ca28b0405efc52725cd683a82,ok
0x1c674507bc347f610b9786efa577785661c4e198,17323.38,0x03e292112313ed3d6d89342652f26fbb305dca963b13a4ecf15c134c97e75161da,0x04e292112313ed3d6d89342652f26fbb305dca963b13a4ecf15c134c97e75161dab5db8b714146cfc8927859328d252a1257ba364771bce51b1b42781cb9ba00df,0x922966b869665f49659a3cb786bfe607ec1e42b1c5c6666496a5eebc906adcdf,ok
0x6725767405b9be120b745b00703c2ec81a70b17d,16922.48,0x02bd571c955b8366cde094fb3d1381e2818c74936ef60a235fe697baf80c3ca775,0x04bd571c955b8366cde094fb3d1381e2818c74936ef60a235fe697baf80c3ca775bcacc303caf321f41df861a4ef678768be2da8a93a549895ce3c1ee1159ae720,0xfa7bd6080c32a7a5cbf7e0a06ee3ffae275ccbb96045b39062f87c961de71a22,ok
0xa704c0d06a1914ed31b1e5ea9b6af75d57c1d064,16899.27,0x02f0f5a2cd86541c01ab540aca8a084ecc950549611920a2a1da8dd46203efa787,0x04f0f5a2cd86541c01ab540aca8a084ecc950549611920a2a1da8dd46203efa787e602dbdcfd2a6664086aa73120bd4549997bb6f94c9c1c23b5dc0903498bea74,0xd88967cc5c1d15b20a900d84dfdab53a5addf1364616c4d86cba504f8edba7e7,ok
0x3bf7ea9f15d257c50554d50bbf83c660fe242125,16810.66,0x034a3c566fcdf229bedbdcb4bbc9902edd8bc38e66a0a650fb5c96da61e70cac80,0x044a3c566fcdf229bedbdcb4bbc9902edd8bc38e66a0a650fb5c96da61e70cac801bc5ce739fe0f46dfdc9d3669635fbaecb0d08a5df77d6f07f304d23ac8a45d7,0x0ca02bc378a0e7ada53f53c9293677c8d4a633ff5a6d24feb66ae3ad399d29ed,ok
0xfc01bca46f1b13f6b25324e68e4da9e3a6e91d49,16689.45,0x02e2d02fa735d9e68615517f342eeb2044ca23c053645976943b7c67b7f662c582,0x04e2d02fa735d9e68615517f342eeb2044ca23c053645976943b7c67b7f662c582aa1b7cfe1c10976d7f930cf93211fad68178cc39c5306d19dc586941db745976,0x27cc56e18ca013ee463df677d09b09c608e18fad6f43578e604c4182d3fb10f7,ok
0x5b1e56845eba8986446705a19e66e3aee39512c1,16577.05,0x03c0ebf6e52598721222c5876050f7c366216aa2b76336897253a4f5b8a2d31591,0x04c0ebf6e52598721222c5876050f7c366216aa2b76336897253a4f5b8a2d315910bbd6829a671defe43174af0a531dfc86203fa4230adde5ffb67e68e39ad7909,0x23489169829104d4b98b9dd42e2f94360380ce04bdf56a286a6cc55eb9109304,ok
0x6896666ada588d56521d731697241df6edf9f2c2,16574.82,0x02c71a29059d8e54756caa2307412d3cf12c044ef885e7a4affb52ec10472f0691,0x04c71a29059d8e54756caa2307412d3cf12c044ef885e7a4affb52ec10472f069150717e7f5536873e596f250585879eecd9a69405d847e64e1ab37c9a85137cb2,0x1c1e68b97c079cabcfc5aec4ee900701be88becc2845973061321a0f89f848c5,ok
0xdab7d533eb027d67b5c3a3637e1cf2ec1a36dc0e,16487.26,0x025895d695fdd74a96b48e32bfd37896b9f7f2c08e63e3fba0be3196bc37e8e971,0x045895d695fdd74a96b48e32bfd37896b9f7f2c08e63e3fba0be3196bc37e8e9719405a9be6d23d3ba57b9d2c888dcbe06d39c474edef58a18cb9b18164b6241b4,0x06e8f6adebdfe604ae427159da1a08a3b147b528cf8c72490167e426c144c0a4,ok
0xfcef0accf8150c83c90a7e91f24e14395ab713ea,16374.68,0x03791cabb86f57b16d68cb82a92ebd57dd2299330c022e26f95ae7f921c0b93fb4,0x04791cabb86f57b16d68cb82a92ebd57dd2299330c022e26f95ae7f921c0b93fb4194577ea0a1d0b58ff308f283b441980eae82a5490cc6c920d6caaa790dec5d1,0xb5bfbdde8bbd190df1ef2989e685f8b7584e978bbe8b22c60592479e474cdb26,ok
0x9d239b77df5dd73b02a2deb94b52a96cf2a17b5f,16345.58,0x03518c97fd879093568055cce1162fdda10e2ced43efb805453f0d862c4c89d1c3,0x04518c97fd879093568055cce1162fdda10e2ced43efb805453f0d862c4c89d1c3717aac5b43832d332a3a0c219e2d9ba59ede2890c0cde51d4a39e480eb497aa7,0x891e89266a1749b61f275da6a945beb4e424eba13ec23aa033989bdb21e6b0b7,ok
0x3fd3913feceb07a49a7a4971f0dbaa8a38614cb5,16287.97,0x03a322035c4770bc25179a648e229b6d84f7c6c95b4857ed327855055733ddb2e4,0x04a322035c4770bc25179a648e229b6d84f7c6c95b4857ed327855055733ddb2e4792a42cf597242dd1592df38cdf282defd649d6702f9747a4f03a0344bf378a7,0xe2554cd8b8a8a7d4e4b0018c416e56d992c592b8b850caf58aafd83f45048d91,ok
0xca01bceeabeece25b1bc4ebebbfc1fee087fcb3e,16176.68,0x02bec9ff84f419958d80d86734bcdb1d64d64a6582836c3f891167f1c29b38197f,0x04bec9ff84f419958d80d86734bcdb1d64d64a6582836c3f891167f1c29b38197ff5aa5b3ea710aefbdb930d14cc3bdce9103767adb1a8e932e8b29ac09b2692d8,0xb8dd163ec792cc7f987d72246d4389844cda6197d43b25580aa85f734e546dad,ok
0x877c1f281613e92d763dc2739c4a8a49c0d6fdf8,16082.05,0x025b38ada3a58227b79e81b1f559ddb9c8119f6bb9782da76a44eda975248b54cd,0x045b38ada3a58227b79e81b1f559ddb9c8119f6bb9782da76a44eda975248b54cd63b55b615a856a1e5edf01f565fb13fe5775550fdae4bd393c95bf1a74117992,0xc5250aa4c170d5cd2e53ea97751ccb3cf2c5d48197e0a35a62743f5d570120e1,ok
0xfb2f87bc360e7cdd085b95ca226fd0a5ff3c0700,16075.30,0x028b179b08916081a816ab4c0fcb0e50036fdc5f2038793399b95d002cc1fe2fcf,0x048b179b08916081a816ab4c0fcb0e50036fdc5f2038793399b95d002cc1fe2fcf06972186ed289c7735c5aa441e21480a4561acddae7d07584cc6340e3cec0dcc,0x559a60dcf1bcb2db68f94dab2481ec9b1d7fa0b21ccec2ef89b7f24c615fbfdc,ok
0xcc4c2ce235edc7a72177510aadd24b22458ccedc,16065.63,0x03f67372b68f3031b9aceb9512b0cdfc8aef8307541a50d1b08af325a60e478e74,0x04f67372b68f3031b9aceb9512b0cdfc8aef8307541a50d1b08af325a60e478e74a730896034bde7fb2d70e3eceb925f3e3f5f2ae986f7b3451623ea5e2e7e1c93,0xd5b265b2b95e75f7a332e132ea24939be72237fc9fc9e8b0e1cb6826fe256079,ok
0x9acf3ca7188e529a8547cacff1117ecd69fb1cb9,16065.00,0x02a41c55c2740d9fab4e2280755a9f00690dca2b8ef88a3144cf553593bcefced9,0x04a41c55c2740d9fab4e2280755a9f00690dca2b8ef88a3144cf553593bcefced9e6361b0f7d0940824f23ff7e62956135a1c7ad9ae0006187570cfccdd6355310,0x58f65aec62b8403da94809cc1f9bf95fc2c4117645c6e70ebb6e52d87e1acf8c,ok
0x383043acbcccd333c6cb38ece73a2840f6973a64,16002.51,0x023fd0049243b5905c194ad33f4716e55d0219c1113bd7335c434336cf0823442c,0x043fd0049243b5905c194ad33f4716e55d0219c1113bd7335c434336cf0823442c9bb9dc771f03418b12d3e9acc58574bc89599458231162738fd5abbfa6dbfd46,0x8fa3e739c3eaf206148a934afb07e6d793f5739c7d598b196a9f40456f568fff,ok
0xc6acb0901b59f3b7ed37b0e91e323a420d607fab,15921.75,,,,contract
0x8ea6a60ae9a9473279a6869c11232056ab68f9a3,15870.40,0x03545e75ea82f866459d50fe6a912f0a5075e9ab46bfbee693a5623a602443627e,0x04545e75ea82f866459d50fe6a912f0a5075e9ab46bfbee693a5623a602443627e23db4ea45355878f5cbf2295338658d465e0e23d553b5f0bde316714453e617b,0x1ba19c4d80423f25c3e1a13c586a5ac87dc7d31c6bfc696083d3d523ecc6c184,ok
0x7ae07ac30e988a8b130e9dabfdfb161eddcdff0a,15842.86,0x02b71a9a46c9ecad508963b1cedf5ee7cd3df77f9fe3416624efa071e6d17677f1,0x04b71a9a46c9ecad508963b1cedf5ee7cd3df77f9fe3416624efa071e6d17677f1635bcf80689804ac068cf0cf86098f22e85943f4ae4c0ab2cb5b951aace06eec,0x3d4c237ea454a3bf36f912678a5e565f9ee38a93b4d03104727fe7fe3db94151,ok
0x223d602f3eae89ae749b7242ddde81ea793d37ea,15718.79,0x039784be1198e339d4b408b2c63520ed01ad36a1675bf96eb0888e6db5a43e1023,0x049784be1198e339d4b408b2c63520ed01ad36a1675bf96eb0888e6db5a43e1023d246d563a7524f1186db4b1b044e38e5c1e625a514278294db3a88ac25ba9829,0x328a136e7d7a2d263caf23a1e5c5ff7543c5d5f4517174f7d91e40571a73e928,ok
0x8ec9963640676ad5a6d2c2e6dea4199e7b0652ac,15702.02,0x029ebd4e76ffa03faa012724a2d01a236b4d1565946c14f23e98c6e11af0cd688f,0x049ebd4e76ffa03faa012724a2d01a236b4d1565946c14f23e98c6e11af0cd688f92553d0ef371ceb5b76d83be5987972627dc0f388607357e2a8b30df2e08c6b6,0xe5580f6b02827e8cc21df934e897e69ccff4242d62b87d2c0cf6438c82fb727c,ok
0xae94155639fb5fe7810b150aad24cbd0c1e24c54,15677.63,0x0257fcceb29a6be47b4e7b43f065e648c087f8671fad493cdd722e9b56df32919f,0x0457fcceb29a6be47b4e7b43f065e648c087f8671fad493cdd722e9b56df32919fbfa1b08252d4e6494d29681a63ccb10733f9c91038f62e167dfd2778a505dad2,0x5e310a7aa6f15398eb1ab078457bdfff8bfadf4d59190cc23f7bc92977572a10,ok
0x40476de9fad3869429c0f0c96dd5cd832ca43493,15530.64,0x02be9e832cab8d30754b8000e6d0330af2005fa80923ea7c12dc59ec190008de52,0x04be9e832cab8d30754b8000e6d0330af2005fa80923ea7c12dc59ec190008de5258ebe09119c12192ff89752b2f7efacc174fe74f85306f4dd225119d6054ddda,0x1142ff5828db87cb97f5d69c6aaa912f611eec20eec0e83a81aae08087fce2a3,ok
0xebae022b742a16770c2e5a565648bcd5fa6ca9a7,15513.07,0x0315aa8be9ff40d62c5094da9690ae1db903baf0aa477d813fccd4340ac3d9d469,0x0415aa8be9ff40d62c5094da9690ae1db903baf0aa477d813fccd4340ac3d9d469620187856ab6a48653a20a005ba7a5e69b7f4087601c86d17e2893f0899d0fc7,0x5153301e57c6f9db1be4493cfe07af8dca25621fc5b6ced0472826844f3d1d52,ok
0x3cca66689ee2d459931d648367c6b2f72dbd92b5,15359.90,0x0267951bebfd64849c0bf60b9a2085357b749e6f0db3239d6274f7f486bb59518b,0x0467951bebfd64849c0bf60b9a2085357b749e6f0db3239d6274f7f486bb59518bf439a7fa1936cc95e898d3358ebc5c8c392a690ee694294aa61769a2bdef0f90,0xd64e99e42834cc8515db979f3694547099ff9de56a07da72dfcb730f6f0ff52a,ok
0xb976ddb94716e3c137bb502d435b39181411bdc1,15344.64,0x022578104c87ac3fe882600342a50badd239676d719ba4a530d6529d5b0f451a6c,0x042578104c87ac3fe882600342a50badd239676d719ba4a530d6529d5b0f451a6cc4a9f7747b636bd11d7f39d45930efb49e028085704003074237f4bc90444f02,0x510bc1de0d3d4536d32be037b549e824a5445aa9f0333130c559e347dd61cbb9,ok
0x9f8d8c0fef603c712718fb1d5dc4e8efb4144242,15341.54,0x028c71d83d8aa93971266863cfe421446f0222d85bacd1c8d72b55b91a11468e32,0x048c71d83d8aa93971266863cfe421446f0222d85bacd1c8d72b55b91a11468e32660a37b8d0a34320cb339935efc55612f02bd8e94c908a8b5b97596829aafd7e,0x61c89e360d64cc5865837355f43c547681037cdfc5f50971644552d245f528a2,ok
0x530424658cfbd3ba9b60cd5577ed8d2444f9d933,15325.57,0x03a2d6d8fad793e0e3fca367040c2867f6ea8fac77ccd37c94c129d5e27ae6453a,0x04a2d6d8fad793e0e3fca367040c2867f6ea8fac77ccd37c94c129d5e27ae6453a50a9057a23676e7398baefe94e7b912d644dca9619ce73f26374042084ac4785,0x3895d5d4a28c044b7d9d7c4d3f78e33a0246b07e1f15eeb4500273b9686d42af,ok
0x9d7c849cdf4dbb8ee11e0ce979d101f55a474f4d,15266.02,0x0277c0ce09a40ae76cbf7f64bda3f6e2b87aebcf729b9a20bed5bc68a557f35e90,0x0477c0ce09a40ae76cbf7f64bda3f6e2b87aebcf729b9a20bed5bc68a557f35e904d6d6cd30f225827e47e1289c40e6e79dac5235f0c072319ed5e3a7775105ce0,0x894f3f9b5262a4a2bdd6adce30c6200a2068e0bf05ebee09a26ff5898acaaf7e,ok
0x3c75c93d0d90cc735ca43612d16fabbcf03071ca,15228.48,,,,contract
0x899b11881f977aeb5d9fac5105ce62c877f11763,15054.16,0x02723a92926595dffbe97573fbec4bbd27e15bd3fbb94f9ebc3fc7400004f381d5,0x04723a92926595dffbe97573fbec4bbd27e15bd3fbb94f9ebc3fc7400004f381d5248c753629f645e69c4770172bcb9f8431fa9a08d8bf511379b0e70682d98770,0x6c68196e923fe3153a970ac7b01588097a21fc29fea76c526e0e1efaad31afed,ok
0xa001a636dc54018f7c4d9ff7f7e85372f357ac9e,15028.73,0x02969bcb3b7e77ac5f8309902fe5c8e28ab0060260d6e56516652a391eca6d1b41,0x04969bcb3b7e77ac5f8309902fe5c8e28ab0060260d6e56516652a391eca6d1b41397f3e55a246e38fb827b35ec84753e3eb5ef8f98e8c1865715723096a111d70,0x9119ca9070f6ebb51b2d93ca5cc0f3e1832c30e31fe43ebdfa5bcb4df4a07c58,ok
0x43b1b086dd147692ce05c5200f9d7711cf8a7e50,15028.11,0x024f803fee192868a824ddba6a3cfdc391911905f25ff038bb52986a12adb58acd,0x044f803fee192868a824ddba6a3cfdc391911905f25ff038bb52986a12adb58acdaac79799865c586031579fd95a0a71a5d83d37f026e128e5fc1883abad5733b4,0xf35ce7b5b1aeb31d4c55b04d23048e921364a7b9dd8a0ef172339eea6c07421f,ok
0xb68a9a509b7cfc01c4b3fda89deeb26f281192cc,15027.64,0x02a4d33d273b2e8cf33a27f5c04f4fa67f4255effd108c906d20b09cfc0207bf0f,0x04a4d33d273b2e8cf33a27f5c04f4fa67f4255effd108c906d20b09cfc0207bf0fb48080706829eb7b112a8b09df0e90353fb9a3068cfb4a5017ce99f5b681fcde,0xa9c4a36252367c9edb53df0a944f5543c614a24840c312a5ee6b1f298cac98b4,ok
0xd19da579b938a8302c0dad0f86a4b20cb09e2753,14974.72,0x036ba7a939fd0fdf4329f221eef1c958d4fd8dc9cd097349933e2b726b48390082,0x046ba7a939fd0fdf4329f221eef1c958d4fd8dc9cd097349933e2b726b4839008269be26be3feea60d3cd7771610b0f13efdca3b57c1da92f6bc849ca0eabf2a91,0xa76ffb68c4127fdbf1aac63bd32857c85495e10c7fc7b802fa2699b57bc62a4a,ok
0x426d43f2578b13f7003f5ed97d61fa17c31c8d2c,14958.80,0x021849cb91b1f3cbe38358e1e4dbfd26800bd5acb3f9cdda2cd7ab0e378efd14cb,0x041849cb91b1f3cbe38358e1e4dbfd26800bd5acb3f9cdda2cd7ab0e378efd14cb4e8bc00c2e28141ad05d7bc7b7f4de53d7682f692f853950d164cbcb3f3b57aa,0xba7b34a0af9a8b0dc5d8563aa8cd7f550fe679d62a94a6ba6d1c8cd237664c60,ok
0x992f6fc2dad07d95b8e248fdd9fc625a75d4e5ea,14828.64,0x039362f5a6d797f8918dd1ac6ec753e7ac17f03c0f60a6638cb3ce76fcac8bdf1d,0x049362f5a6d797f8918dd1ac6ec753e7ac17f03c0f60a6638cb3ce76fcac8bdf1df480b687fe682b9403d96524c6d532994bfdc50180f1446aaf8e03c6c311e8b9,0x54daf828e0f8490c0d41d2cfa590c3d916ee4198711a00c084d401be0407689a,ok
0x83ae10559cd5ea311030aa17e1a41e68d612b039,14825.06,0x028e3b5b1f793cee50b8eb1545b2ac62ae4508658b66604960ebee242b381abdff,0x048e3b5b1f793cee50b8eb1545b2ac62ae4508658b66604960ebee242b381abdff0a32331eaaf662b4be8576e77894a56167435f4716f4e4f48b5193caec5c7200,0x6331350e7ede7b432909ad1360b37c9290ec736dc19b9f5f019fcc04c578f77b,ok
0xab6756aa855b81049aee2d6e476f6d710bf2694b,14824.70,0x022f219fb388ea0c803ba24bcf8546abb07f4e05f198fb5e0ce2eef2a4161a389e,0x042f219fb388ea0c803ba24bcf8546abb07f4e05f198fb5e0ce2eef2a4161a389ed57b631c8ece52e7d8f5788b1604e07f686e2535a091b6dbab91b2abf29d8da8,0xcfa27d773d463a41011e6e4f6b5ec95d5d0f670f80ca1e8406c081704d3a5465,ok
0xdc604bbd9e6e1a786429be2ebc4eb00e4a219ce4,14609.67,0x02ac795154b7493f9ebb9773f8ff290163aff002338182b80f1cfe84e63d93a0bb,0x04ac795154b7493f9ebb9773f8ff290163aff002338182b80f1cfe84e63d93a0bb8fbba0e05830640b395391e85bd6db7d396b660b32dad9ac837d6b1676f2bfe2,0x28d808ea77d7149788b204943e4444d58197b1f45a5ca5632394f085cb86899f,ok
0x84cf6efd9b5edae35d6ea1e780f6f56bc7abc3e1,14550.01,0x02fba022bd66262ea0dc2b0c7a1366b7929583b2e0cb324778ccfbfe78c4556bc3,0x04fba022bd66262ea0dc2b0c7a1366b7929583b2e0cb324778ccfbfe78c4556bc31ffded5d3b8a641f486bd07be65b15f042e1d5bced4ed8b100a3f62266e53f50,0x3486e67325b1f72d04212430ad940f2033757fd8f102cb0701f217b1908314d9,ok
0xe0b6bdc8a366da7de2a4bbbb41b8661ea6e5ca26,14521.30,0x03e69c734a81d1bd41d012608685b5b15817bb17c598a3e71808ca13fbb3c659ec,0x04e69c734a81d1bd41d012608685b5b15817bb17c598a3e71808ca13fbb3c659ec5b184598b5a0be30824b842b3f151af186c783fa1e2a7b866a34d2fd8665bd61,0x993492f76f776139353ae7c37cceafb9269430b57a585b10ecb38ceef7160c87,ok
0x407911e5959667a68de5f6653cc2887187569e11,14477.83,0x023dd14ff174379f2f2e5971abcfddbab6a5b34b0a4cb8ad2fe8147c3e627b33c5,0x043dd14ff174379f2f2e5971abcfddbab6a5b34b0a4cb8ad2fe8147c3e627b33c588a25eb1cc4a6f0af3287649aac294773a01fad7cb39289ee7d174659ac2805e,0x00468a2b0bd87f77844397dba95b954cd9f7d1fc2f87671533a421e1898c4352,ok
0xa49be736a831d6542e33f30a6573026f2d6ead43,14464.27,0x020a6d1d8aed6463bdb88426866aed91cb3ef6cda1f0640da5cd184d0a1525a8c3,0x040a6d1d8aed6463bdb88426866aed91cb3ef6cda1f0640da5cd184d0a1525a8c360e315058fba9969ef153e5b46f9a96612a7c4211b7a61fbdcaea75033f13cd6,0x695195e7f4973f7685c761954fe51a79fc012e6a556fb4192471ea6dec53d01d,ok
0xf8586045fc199af292b745029c3061597a79ef5b,14331.28,0x03cac0aeb299f7a9d0794d29da7cd21de9ad8b41592fe39e015b5ba38118f643c9,0x04cac0aeb299f7a9d0794d29da7cd21de9ad8b41592fe39e015b5ba38118f643c942b4b109224b9f6acce1dc9afd7e61770a6575b96a71182e74fd65bbf4bfaa13,0x4e1ec63ab267fa337f6f7cca60a8d1bc6d6efc53eb76d0d0301d6a9c728d5e91,ok
0x015b68e37e520cbb5e97bd32f3e703a2e043df9c,14329.90,0x0239d180c9f91ba38b0c33f066a5988f2d0c4dde8e3fea2e42170552e828528d82,0x0439d180c9f91ba38b0c33f066a5988f2d0c4dde8e3fea2e42170552e828528d82449d1b37096cb474e7ee5caa7a46e0cf25bc74366aad03b0c445314cdb2a086c,0xc49ea903ed881d8cbc9e97c84174d6b0c8e406ddb6016d6443402813f6c85339,ok
0x6a50ea9ddfdefeb216685bab82d266a3428a6955,14302.15,0x039bd09c6b24eaf3a2d4752e9bb4a00434bc17d6646e36816c080d76fc37718660,0x049bd09c6b24eaf3a2d4752e9bb4a00434bc17d6646e36816c080d76fc377186606d4acdc5cd7f067a506a5ee211a4b7cb8c21ecedba7112eff4dbb8a2af9fae4f,0xdea849e4f1bb8b08a06c8bbce70a7be26fca7b94c17bcd475d0dbecb4e1d370e,ok
0xdbf3ec27de51873f60f4ffde5ce5971797b64fab,14259.33,0x03e82ee3156cd83e2847634a29632d3d4fef389d9837fe93c7020581e668298545,0x04e82ee3156cd83e2847634a29632d3d4fef389d9837fe93c7020581e668298545d5627797f8a9b3d92fde092256b8f2a7a640645342642b4c03069a33cad6993b,0xbc9f774fb010df38dfe613837a2e7b4e2488a70a82e5d4311f9ae9ed43a16d97,ok
0x5885149ae03ea5ea31050afb143c5aac784564a8,14240.87,0x024f0d94dc07384f83d74e0959ad51aa03dab391eccf6f4523af2616bf1a752719,0x044f0d94dc07384f83d74e0959ad51aa03dab391eccf6f4523af2616bf1a752719b507f182454f41f3a5fe10da211d210167fb7295688a9318d146906ad7ac6db4,0xdf3ba9668530043583066eb29310b150cead743a13398169cb3eb8760e7364c5,ok
0xb152f6540ca610b500edd3c5f4691f8ce74051b5,14240.52,0x02080ebe90daab928d784221de3e2359034e7fc6a9352dca36cc405265d5eaba02,0x04080ebe90daab928d784221de3e2359034e7fc6a9352dca36cc405265d5eaba021aa7ac061b760737b2535bfbcd1aaaf0c34779fb4a324f9436d8fee2d6908730,0xe5ee259b60b81e5d58591ed16d79d34034e1c48633c62de4689f2e0748074450,ok
0x6718dd40b67462c137b9234593dd7003d84f269f,14193.52,0x0214569ff3cb37a17b6b6df0d704280b5a41e17c277debf2cc41d1acc4737bbf6a,0x0414569ff3cb37a17b6b6df0d704280b5a41e17c277debf2cc41d1acc4737bbf6ae47163d115ce48cbd167aace8480cdf79110fee408215d26e04d951c07cd1b5a,0x6475dc4dd34cc6fa7e41cfde570ae26c91e55188d45d1b1911503d59e6e0f9de,ok
0x2f35ab8651791602ab73d7d9f8493d836e5bd0e4,14162.23,0x03625475f476898c3c5661beefc29e9899a0ceb8eea21c1906b36a940639629518,0x04625475f476898c3c5661beefc29e9899a0ceb8eea21c1906b36a94063962951834ac63202c5ca5cf4f7baca2f4b5dcab757d36a2c01f0f43d75d8f1c95506b31,0x6a56a99333c8f9de00c5891bb2f72d1b7111a38619945c1462f709b7020740f7,ok
0x84fa268fb0de341924e9f75946f75ec66a5c6add,13929.51,0x02ea78050a57d662425abfc4d434353d6a4f09b51edbbc8ae6f19922af9a874006,0x04ea78050a57d662425abfc4d434353d6a4f09b51edbbc8ae6f19922af9a8740067ad9cff347c6f78d44f225300a15fc0be64ae22fd160ba8b1307886907e48ab2,0x3f7bfcc99b357327218f2b33ce81cc30044f6e2c30f7928110fb9cd2fcbe036a,ok
0x6c630151705f5228464c61bb15a254d4fa29faa5,13820.43,0x02ef5e77495d7e9f79e685093964c3c0e3754d080464377ee48ae84bd0f0a8a97d,0x04ef5e77495d7e9f79e685093964c3c0e3754d080464377ee48ae84bd0f0a8a97dce18e66887de90d05843b89170377de38e322e7ca0b9451d05af65f1355d0a90,0xda0bb44dc605e33eda47ec8fb05a3a7b7fdd8957f6f7dd8330361c9516c8d5e8,ok
0xf70228fbb84b942e9eeaf98d12f17b7aba6d33ad,13773.59,0x0361c7ac44915d006a7e775fdcaf49512b96a92ac1f2554fdafb6a7967eeda50fb,0x0461c7ac44915d006a7e775fdcaf49512b96a92ac1f2554fdafb6a7967eeda50fbc2850ff7992e0e207c261e62c4e2d17761d21526aac2d8c191aad61b675566bf,0xbb7ecda3ec424f376641b2ff09fc85f22fe61ddfd6d7ef6f160a343f826b6472,ok
0x765ae4e24f340089415a4eb4b2ed1ec81f95d457,13736.39,0x0224d196bf2ec0288937dea613aa35eda147f337e958990fbb380ebb0b50ac2838,0x0424d196bf2ec0288937dea613aa35eda147f337e958990fbb380ebb0b50ac2838167c51a1c7bae61a1374e2e654f5979b827c68c78cecd2b769ee8651715a6f6a,0x99807124523d05559bd333bc110c864d6ce93c53db8198e432497630b603c431,ok
0xc28cf66517cdb691e4da896d41d280a2e3e37d02,13580.20,0x0292c85a68342dfbd69d65fe560f9840bda30b47ee3a882d4df13b2036ba98e7e6,0x0492c85a68342dfbd69d65fe560f9840bda30b47ee3a882d4df13b2036ba98e7e603e7a825d68c996a5eefad277bff57e407197d79579113970a2dc8e53ad63b36,0x2ca24241692f93e08a93996890180ce4de5d39b64897793274583430588650c9,ok
0xbe8df4df5e9da6b7a6322b0c5594c46be09aa978,13580.00,0x029d009286b2bc43690ad09cf17ce4f764530d0a160bec674b05a462580aa4fa83,0x049d009286b2bc43690ad09cf17ce4f764530d0a160bec674b05a462580aa4fa833b48237195b6f5d8d5751b7bb387079b939fea66c2205ce148f6517b5884b012,0xcdc2315265aa7a0ab532dfcae5d98fe5f34a9c6737f39f14fb982851fff6484c,ok
0x7169449839c8bb95505da7c70d94d0701896967b,13549.60,0x035bae179f181e0db8ba0223b023932653076cb4cfe664804682e77846131716ea,0x045bae179f181e0db8ba0223b023932653076cb4cfe664804682e77846131716ea57c0f3022971868387edaddee6e7af2f82626e030bd48d23859f38d3fbacf3bf,0x6271c6fa0f17970238192b7f11eef1fd995b0593802d897cd9c24982c9a82e5b,ok
0x1f10eafe34d23582ecacfe881c9bec0b3084f83c,13522.99,0x0283c924821ed477f5c653364c20a01c3b28c4510c27540c07facd427dad437383,0x0483c924821ed477f5c653364c20a01c3b28c4510c27540c07facd427dad437383e774d171f0cfd611b7694f99ef681cfecdd3790def223793681dd664ee16bb1c,0x3045d54a3110c8b5a4cb7a51e0e51ba6748af56163c71ef4524a0fde28d238a7,ok
0xe9e636e53164820407a1921818626fe4a49ec0ef,13503.97,0x0270b2c0eb88de8969edd67f39e8b0889fdb974887197c5d16172449fc73d4e66c,0x0470b2c0eb88de8969edd67f39e8b0889fdb974887197c5d16172449fc73d4e66cbbf40096314167ac0ec3cc69a08bcfaa5ffbf0c49ae9a29132a789e379d9eab8,0x66033fd562c9b849c5d87b94164a5197776714bf93a7bbb53d0c0f45d153e4d9,ok
0xc3d30ed0f28b91fa436b99eda8221139e087a3cf,13433.86,0x02a9c5ff0a69d1dd80f23091d3bc00549446b9477ab2f6007183d7fac6438528e1,0x04a9c5ff0a69d1dd80f23091d3bc00549446b9477ab2f6007183d7fac6438528e16b595726cdac71727f3f52bd3ed50152829e0b0ec7eb724b36ec6082b03c0ac6,0xcb0a9da4a7567b68a5a3f2234e6535ab6ca74cf942303eb7546e2e7a07265d61,ok
0x464def4c3c271aca758b44fdaf724d58a74b1933,13405.09,0x033e89f0db61db11f268fd5ddf46024037961c88b89a5f903dc3b017b5865a2622,0x043e89f0db61db11f268fd5ddf46024037961c88b89a5f903dc3b017b5865a2622f851867776ce4715200e35b844bc751396bbdd717057e69bfdf8c73dca0a7077,0x6f4e3deaa80eb49b270f9a3b70881712ccfae5dd563a453938f36877a39114f1,ok
0x912fc8ed80a0dd244316b46da7de179e1425145b,13384.71,0x02cdf3454e1057c1eb69904597af839ec394f0b7daa448cbb606340de0346c6932,0x04cdf3454e1057c1eb69904597af839ec394f0b7daa448cbb606340de0346c69325ab9fd7405c58b70dd2bb4ca3f33460bfb1093be7e12a8cd5d16ac6d1d0fe52e,0x8270a182f92c060fee0b036b74ea21d65496a20bb3d054822d13c3ec8687b83d,ok
0xc9cfdc5b7bda9b9d94ca0ab01ff315dd6d2e9dfb,13357.55,0x0383a175923e7f7ca507a8f8a9f00614720d0232e681b5cba99225ff4f608002c4,0x0483a175923e7f7ca507a8f8a9f00614720d0232e681b5cba99225ff4f608002c41ef6cc90e69779d6e53649f4ebb6a06cd4c465386d14fa38be820d5af21b0ebb,0x096fb668467db3fd46066457e39875dc2b22fca115d41964c5da53f14917bd9c,ok
0x1183110166f9c57572ea63021f527f828187d62d,13355.67,0x0201ef7e4848672229bd68ee7e3511333c68ed5e594a38bc096472cfa761b6301b,0x0401ef7e4848672229bd68ee7e3511333c68ed5e594a38bc096472cfa761b6301b6457b8361237d9fa6a9e457214e1152907b63eb5ee4b3f42f64aa6b30f9f6028,0x566ff14ac30ed971e6604f2f0d4f8b7dc7fd861e1c4e61f2b9487c890f659a36,ok
0x35cedf05a11ea372cfa1c85e711602a4dd4e56c5,13280.12,0x0220a82d061ec2deb47fef2c233a3fa144c45f24bcb061f253902193b54516e5c5,0x0420a82d061ec2deb47fef2c233a3fa144c45f24bcb061f253902193b54516e5c513b7a62abc24d6545fbae50f5dbc0fbcbb38b068e21ba1439e639c563d9ea674,0x48220324565152b8ec6e06e91675cf5b94bd316dccb0d337af547a3433c60c4c,ok
0x925fe4ad1f47827ff6314c6fdf9b3b7bfed52553,13212.17,0x0294200b9928db80712e68a90bdd082a5dac933b1cf00388a51002cc524e50f8f3,0x0494200b9928db80712e68a90bdd082a5dac933b1cf00388a51002cc524e50f8f3c6da2ab95807de88c1253c41ee8a6dfb0691e3b0dc7d07377fd44354336826fc,0x2a8a91ff601cac2e170e709073f64c522e4920b8a05a30a2481ccae91dbae48d,ok
0xfe9ca70441b4751a786b643b0dbc0c64d3c2c221,13210.90,0x03984a0ac258af226ff6d6e3b16e976612a522e1bc162513e5f4dee370b41cb1ce,0x04984a0ac258af226ff6d6e3b16e976612a522e1bc162513e5f4dee370b41cb1ceea241ad45f9367ce30b653de2a089ebfc5605ad7e204ab689aad9ee93ee5c7a7,0x24ad548e12967f1286e8ce3ada879df9bd8746a6b1fd76cf0e314f4f0c7c5cd3,ok
0x9ca8e0cc75a4c6039cbbf30dbb469be843dcbbec,13152.52,0x03f8e5ec00666d837a4232434c793ca2cb2a8a961cd0426751707ac8261d804697,0x04f8e5ec00666d837a4232434c793ca2cb2a8a961cd0426751707ac8261d8046974da0b9494d1b1ff4744d3df7ef338422c9a5b86654ba2feba979d238c089cde5,0x628d0ec7d58b154169ac62865ce84ee3d16774a24030572e1d804bbd1e2291b0,ok
0x92879349d6d890c00d97e7994031c48b297538f4,13145.46,0x03265afa05eadbea8592e73f0ebcba4acf3fa2e8d239ce98a2d56aea73bc460bbb,0x04265afa05eadbea8592e73f0ebcba4acf3fa2e8d239ce98a2d56aea73bc460bbb524b835b004f5f8d80405a0582b8efe038e440b1b2ecc0063cac95803af289c1,0x027b383f073c8d02f5ed8eff0c43976379514e7a99246b2440afc970ad2cdce4,ok
0x8f299fe28d12817055afadf80871f378ba8030bb,13124.55,0x0264527c658ec4365e9813be5aa8c0d6fa4aba437b1a0ee2e5bea1aae1640bc02a,0x0464527c658ec4365e9813be5aa8c0d6fa4aba437b1a0ee2e5bea1aae1640bc02a4f35a73c8de8c9858e9f6734111375b0fc4e8f6ec77702c49eb05c9da5892fb8,0x093bc67b9523746b8401a5d20a6ae81e2eec25dce8befc4a434214f9c3503e6b,ok
0xddb503e424d824e7319b57342b54613232bf747d,13060.55,0x0242632233e5fe26736a14fe9f9b3c4f33e7d746337f4f191ac5ded7e8778f0968,0x0442632233e5fe26736a14fe9f9b3c4f33e7d746337f4f191ac5ded7e8778f0968fa9d5f8baf4cc5c5ce2432944650f7a5439428219d91b3e6ef9d9776e31f4cbe,0x5ae24e88cd83d1845c45e92f84de7be9856e69c39ddb1ac5a2be19f3eda0e714,ok
0xa3e525f573668bed0fc2484084d1505189ee3aa3,13017.57,0x03738416268c0aa63290e9be57c04cf33e54fc36ec977c835a03f1ce2e485f35b1,0x04738416268c0aa63290e9be57c04cf33e54fc36ec977c835a03f1ce2e485f35b1aa419f73942ee90d0bf6428a6041f3fc8652bbcab4e9f76cec68226b1ff3f3ef,0x5b3bf560aab4a9fbf7c3e543a56fa60824c93b7dd7150313c71028ffa565c0f9,ok
0xcb12fc128316269905fcb15d2a6faf8b8342fd95,12980.53,0x0374a2574438663cc410653024fb7b1a8eb60ebdcbf10ca4f4bd34c02e0feec0c0,0x0474a2574438663cc410653024fb7b1a8eb60ebdcbf10ca4f4bd34c02e0feec0c0e019927bc784391759228519778e16f33d3c79619c77750f5c65437df14b7805,0x7cae3cd77313dd539e870a978177fd8c3077988969ef92600a38c307a82b7457,ok
0x85baa5df48570fb528b106ea8b08c548a1902612,12972.00,0x02c361b20e8a394eeb6474f4484feecf339a2e78eab3455a9cb60a63f6685a118f,0x04c361b20e8a394eeb6474f4484feecf339a2e78eab3455a9cb60a63f6685a118f42ef07c21a7494229f52a70d94abe30da808c21ed66b04a18a1969bc573d6b2c,0x03a71b51c029d3536875092103eb44db882cef83c9e4969241c3eee76d14f2fa,ok
0x3cc1f48c2d7e761dcb3064d0e2fb8ebf8ba437dc,12918.66,0x03d0f5df6ab994e621c87dea65c5a66b02caf1c65b6adccd9be7877968e4578b4e,0x04d0f5df6ab994e621c87dea65c5a66b02caf1c65b6adccd9be7877968e4578b4e7f5fe0f1992c14a0dc0f43de4a63e700e490b5c15cbd771b31de2c2bfc2f4b89,0xabee7675509e7fcafce29fbb6d34748f478fe7fe94f4b489af9c33fe75bbc1a4,ok
0x0dfeeffa6ade70d0650140caa9ab414942524c4c,12843.62,0x03da20df7f10a68fd280531cbf1bf265323082e1edb720d4cc6120a1518491c26b,0x04da20df7f10a68fd280531cbf1bf265323082e1edb720d4cc6120a1518491c26bc5f46ee4855454659d251de784f4fbc19a77884e3417f2843116964cdbae50cb,0xa1919fbc76c7de45b503766b885fe4e6be2a9ac25b68c811fcf9b3f80cc84d9e,ok
0xbd48394433959ca28c1bf0b69663a20651f6490e,12842.30,0x023a054217261851a1bd6a0b052e31c563fe9d112daac70de519b4d8667520fca5,0x043a054217261851a1bd6a0b052e31c563fe9d112daac70de519b4d8667520fca51e67b4564971c3cbac7ea95d7252cb8e6c3570fff864aa3a24cf43c8ee85d546,0x0166fdffef48353fb1768a6dd1d9005e8d8adea19d63e610b8afdf0257181486,ok
0x2c21f65ef52d69a5615f5fb0df24a1c9a88a637d,12807.14,0x0236b1fa5dd81c24b78daa942e6fcd73760102eeb8cac21a9e5f79d0d192815055,0x0436b1fa5dd81c24b78daa942e6fcd73760102eeb8cac21a9e5f79d0d1928150557e21a7f5d93fc6edb7ff40427d0202be618ed9ebdb136a34c1ad8c8b805dd3ba,0x613d6bb0275c0d41d8a43d039caa9022536533ce8f9e55897ec0ab6fbeaf3dc3,ok
0x774e0e2c5c7798b78660f3a577feebc824f22f43,12757.44,0x02b4decfbbd61bf3386d46ecbdba5b3a22bb50983fe97e3e677211e657b7f0a171,0x04b4decfbbd61bf3386d46ecbdba5b3a22bb50983fe97e3e677211e657b7f0a17140fb6f5290233bb3090e016695ee751cbfa14c710f3c9839b9ede57fed07ff38,0x985244165407957409456801a370fe27ebb8bd298e59fbbb5edb02744a0abc36,ok
0x81b16d34e35f638f388979458944685988a48aea,12753.02,0x02191ac5b5f88c09e2e30a6ae7df9bf501a86707c7bf2a1b12a32e96d958a23bb6,0x04191ac5b5f88c09e2e30a6ae7df9bf501a86707c7bf2a1b12a32e96d958a23bb6ec25d79cc4802c6962638dc0e0fe866beb19f98bd536a1b8e255bda8165a2580,0x8744a6905d8808406343bdd95eb4fcf2a24a9e0d863670d3a84e370e8f9241dd,ok
0x62cd18dc2eac6f4e7e710a909b69a8f1d80a822b,12723.33,0x03a281967b353d62c309754e7aca3ee1a817f97c731e108130f7a80521c9cdd16b,0x04a281967b353d62c309754e7aca3ee1a817f97c731e108130f7a80521c9cdd16b0aa544f6e86729c4ee71d24776807e7e968ec6cb015b2f214dcba8bb104ce2cd,0xdcaa0f9ddce805b16a8ecee60c61aaf8dccddaf534782d5b81706fa5dd1f9c39,ok
0x0e811d7216562ea1f9dd4509e694515da7a7d19c,12706.67,0x035792088070f4aad6241df27a7831d97f586824441bf33bbe0d2031149cc354b4,0x045792088070f4aad6241df27a7831d97f586824441bf33bbe0d2031149cc354b41b1a85080cf6cd137c3c810128448703af0bcb1d46f125716c6224dea7caa477,0x209cacc9ad9ec4e6b1e2c30802cf07b7c10304a8559feac909ec4fa2a14562fa,ok
0x8c7dbd09d2bf886c285d1c61f2f72f5ede3b672a,12690.66,0x02c4bfd25427d0782b00acec3b4dbd1cca2792d23dd2240dd767a9675219860980,0x04c4bfd25427d0782b00acec3b4dbd1cca2792d23dd2240dd767a9675219860980999af638c13943447e2f4339e787d944916d110ec9a6258014bbccd7e8e0b17a,0x6aa23729ac9700f6285bfc936ade5b4f311d1709cc0884529dca5dd5b046fdcd,ok
0xcfdbd138e4567a922de33a158514250deab0521f,12537.54,0x024ae4181db91ef6f2c58d3f5f40b6b4a5a0b4a41f43565ffe3eef9300a4ca2b48,0x044ae4181db91ef6f2c58d3f5f40b6b4a5a0b4a41f43565ffe3eef9300a4ca2b48d248fbb1850be08208c1f93fe25f0841c5426505c855e8d11fca1749137eb338,0x49b0b8aa2288d18cc317cce7b24011bbae9fb426f47c66cae9377b9e405abd17,ok
0xb501c8b8d5eac0799a16518f5f99331c7306c722,12268.26,0x030b74d0eb5a8cd5786c4d3d92959d0fc9af20194d4a52fb1dd4c43dc669d698cf,0x040b74d0eb5a8cd5786c4d3d92959d0fc9af20194d4a52fb1dd4c43dc669d698cfd46568f770dcad3316c0c05337ebc53467e996f803c32b5212d12fae271c9fd9,0xb68f4655313f3db4a0290bd3619ae7b830032dc3dc1cd43a2a591c8cf2b6b1f0,ok
0x17a740f3989b262b561fad155d7cbb73b247804d,12218.97,0x0269e1573c70336fcb250858924eec0ba095c29e272a3de3422fde9d3d46d4caac,0x0469e1573c70336fcb250858924eec0ba095c29e272a3de3422fde9d3d46d4caac2513f0700d37b10afad7ae206a752d3e753aeb659560fce961f4f94c8b0bb1e2,0x4a9be43b6ce9ac2d259cde54b02fafaa22bde8adf963bc9016512a29feeb76d9,ok
0x877dce849bc7cb0482103d6937c2a83d029f4a4b,12183.60,0x02d8cf60b0bdc7b0c851058bcfd5608ac475dfa6150653ab554d194c59897788d0,0x04d8cf60b0bdc7b0c851058bcfd5608ac475dfa6150653ab554d194c59897788d0ddc46359c499502e759a55b46d352ff5e5bec6abce43fbad133f11cbf6c42470,0x6039f0143d097d294d7a396075d29f4ccebf7da6f5492e09fccb14b3bf7f964b,ok
0xc15f59cca21269e0b694dd8c08b38f4e87265b40,12125.00,0x03c86f591fbd08d5a2b1ab8a77b6dd5b270705b8a203e896a71a0795da88574f43,0x04c86f591fbd08d5a2b1ab8a77b6dd5b270705b8a203e896a71a0795da88574f4345795903379e78d8d60a3b62d065911a56c3d9537db97da8f025d712dc1ba965,0x99aad23354b3f253f8d1550ef11da5e22e99e8978e775904c638d85860433996,ok
0x568a2862f1d6c329d9ee07c7878376c741dbe719,12077.44,0x0361a6c176d73d7f226ef15e0b1e2363061787c291ec70b48166f9f15d1aa9f2e2,0x0461a6c176d73d7f226ef15e0b1e2363061787c291ec70b48166f9f15d1aa9f2e2846158947afeb4354e64a23f4239b79c73b10f663bd4e0d935cd1c421c129e99,0xda0f04c76fd77a01180c687621a81c213b6fee95142c8c7f34f8bfe5e31c690e,ok
0x895df2d6a0a1e33c096d4415c863426576d34285,11899.10,0x03a4933f3107853cf2acc420680c3f9563e1bf84df1f83c7c351e2bf541f6e0c8d,0x04a4933f3107853cf2acc420680c3f9563e1bf84df1f83c7c351e2bf541f6e0c8d530355cd57f32ef401ec4a7287c96e5ec01226bde3fd6ce0b3f6dc399daa3bdb,0x9b3918695d3d966a2a048434631e818469ef55ac1a7e8b752b2fb595fa6c187c,ok
0xacb3929c945ef172ccb3cb16bfb114aad8f697d4,11891.05,0x0260ee56202de7c023dcb5060422807ce8c6b8ccc58531b22d7e889c02152569bb,0x0460ee56202de7c023dcb5060422807ce8c6b8ccc58531b22d7e889c02152569bbe7f4af0e6e90d183144f99630d8e85b3b4a7460b845ea5cad43c35375d66aba2,0x97430d7debad11772550f3a8dc69378d81c2831082c8b25d84adaceacafeb8d7,ok
0xc4dc0012cafbe249ce9ef720e07e322ca75eda8e,11869.15,0x02e8118f7629689ce02c139a38701b44c5e3f3ad659d9fbb82b1029fdfd196ba5d,0x04e8118f7629689ce02c139a38701b44c5e3f3ad659d9fbb82b1029fdfd196ba5d0158caeef107e87d9d497c5c56aedddae2e4c6d44486416bea475539fbf9252e,0x3aa01f7a7533b6053e49cfe384041de38cd11713e5548ebfae13f77dd4cc1198,ok
0x66a88b4452c20e98e66e93b7efe2f6abfdce5064,11790.85,0x02f00cca3e65db6ecbcf44ae25283a4c6a906eb303f2a89a5614f3ffdd9087ff69,0x04f00cca3e65db6ecbcf44ae25283a4c6a906eb303f2a89a5614f3ffdd9087ff699dbc0d4c68f7ce85d3f6fdb611e97d1648a50a94067aa0d845e4de38f47496f8,0xe271433e1a9f0ae30162dc8b5a946b9ecd7568aad08abfcf6365cc1244a7a9de,ok
0xc4aaec5b095e4e640fd3979063b544a8dd987cbe,11770.33,0x02ce0630e123cd081f7dc35539f6071f134e710f7cf4e2d2aba3326f71db5cd130,0x04ce0630e123cd081f7dc35539f6071f134e710f7cf4e2d2aba3326f71db5cd13098bc4491931977535d9cd748702d9404d116124368fea631f91f658871ff6e74,0x66eefb5f2a69c1e73846bc9f58d24ab18c00b37aa1d7430579ded572b976dd0f,ok
0x32ddf5988eeacf80ff5e6ec6d841a4f8df85c05a,11755.41,0x03e3a807e58b9de94e2f329f24e9dff665dfbee1246849e95505a9a2ac8d8b4d53,0x04e3a807e58b9de94e2f329f24e9dff665dfbee1246849e95505a9a2ac8d8b4d53f93ebff9b1a44ac997285aea2b566ac98c8dbdd3260bbd43e8ccdff13a7a6213,0xa3aad61aa0747407d6ddd6077c1875beea17171cdfd73049aa27a5f06ec2c27d,ok
0xcc627a9ba13c8edc67a429405e0ceb2afca046a5,11693.97,0x0299c9a3daabe9e05d8024eb2ec60f8bbaa4fbb2b47428cc96cbcfb3f90a852649,0x0499c9a3daabe9e05d8024eb2ec60f8bbaa4fbb2b47428cc96cbcfb3f90a852649822ec2a4a800d7c38aced2e8971987ba29b7dbb14309bd904018ea6f4b0148f4,0xd0e8ff6697d3235a4aca57168d0be9a6840b3cf1556bb4a195d4bf5aad1d4437,ok
0xeb3c24add47aaa3ca1c182a31d5e4538bfcbc6b8,11640.05,0x026d29448c21c103e8e8de693b2c055452a98f848bbd0f50ff3f81264f203ed343,0x046d29448c21c103e8e8de693b2c055452a98f848bbd0f50ff3f81264f203ed3436d7deec9a8af952d0d8b838172d33a90f7b5a6b6b3f713f58a867e90fab8db4c,0x4dd267466ebe67fdb34a3d88069f08ac071ece3d93b6336b75a68bbbfd30675b,ok
0x8baf5321ca89f212ad694bcbe95485838c7a658b,11640.00,0x036f33e0e3dcf09a153a72483c2bf13010aa51fc2e1627b8df59b61135db34a846,0x046f33e0e3dcf09a153a72483c2bf13010aa51fc2e1627b8df59b61135db34a846a0ec6cc2b93902d9b954f8ad6b0003776672c52298969bd9fa836170bd713049,0x48efc3fed350b02fe7208d04616d2aa95c011a229995c9b77785d1a97f31a69c,ok
0x9354071444b43531e9558848c8ef6e5015862a93,11604.28,0x02aa602e8d77b7c0f39392836fa3fe10cbf963e90ce9ccfdf047650c31cddfb5c3,0x04aa602e8d77b7c0f39392836fa3fe10cbf963e90ce9ccfdf047650c31cddfb5c361082b86efe1b4d15e87a8c5d1100b5c856209d6eedfdf63975560173df206de,0xfbd69c65276e93a3618510937558a836a20b72d16aba1a0f6f56617f3ff7c58a,ok
0x3f2623e4a10368d9c66a64f7bb912d9224ac0b4f,11539.47,0x031531e8010d38f15a5a93e1e74b026eda4e04257dbbe90d28fd3879737317e63f,0x041531e8010d38f15a5a93e1e74b026eda4e04257dbbe90d28fd3879737317e63f0c74b7a7750d9f360c7df1bbbbbe553def9b37b5f6b30b639a180ed85a9691ff,0x6694ec9ad721733fe163091278b1b58179121eade6ca68a79aefc4c734f2d5ec,ok
0x3bc4003481daa40ad806c139b71c16f4dbd2c14a,11455.29,0x02f9764774fd25335c4e9b57873151d1f2a45014cbc73114a9946308aee7fb97fa,0x04f9764774fd25335c4e9b57873151d1f2a45014cbc73114a9946308aee7fb97fa61c8d00c12fdfd30800fcc23d06d11a932ee0d694717751c9c60c042f46c05b0,0xb7e9e1aa2ae9980fac6a311c30da638dc143526690a8144a4f387683b12e2d1d,ok
0xdb701940d73582937d447f9cbd1bb4714f5782af,11443.32,0x0393a341b73c489261e800e50bbc6893892cef3d393918c32bb5522773c95cacfc,0x0493a341b73c489261e800e50bbc6893892cef3d393918c32bb5522773c95cacfc2cae3b4c01f0a222be1dfea23b0179571cc936eb0bdc85226456ab1b0f2114f1,0xcb84fdf7ff5cce56b36262b3300989b06f9b36d5605a183bff06cea99b2f52a1,ok
0x2c6c221d3761b46dd4d90f48c367fd47e207b38e,11432.28,0x032ec7762486b62345182c446342b4a451a9a0a794f630e097d382c14cc8fe5f41,0x042ec7762486b62345182c446342b4a451a9a0a794f630e097d382c14cc8fe5f415fe1398cc4c9b6a71bb69e2594c64dfa37d47909d20fe80bb633262e8f71e9c1,0xe93fe1c0a87ad8a0036c77fbb13618d124d301e9f5380324ceefd6fd0fe7e12b,ok
0xe324c065fb80dc96b61495c2508c061fa0ce04d5,11396.80,0x023c6d2065aa5fa5efd983c5dc44f793ae2af33b67df2124daacbe03d9db300a80,0x043c6d2065aa5fa5efd983c5dc44f793ae2af33b67df2124daacbe03d9db300a808887808aaf2d6fc66608039c374e7e67c28f3a82068c90ac801960313038071a,0xb299789e44d2ce9607699bb002f92819fb4700d312a8ea591f54df5a3c53df9c,ok
0xf8656b16505491b1198016cd2fdde197c8d5ee34,11395.31,0x024bfbe105a2a76f271a02eed6e67c34e7f8ed49680c866f7fb63a0e955ac50c99,0x044bfbe105a2a76f271a02eed6e67c34e7f8ed49680c866f7fb63a0e955ac50c99e4fecb7a32be05acc67c35dcdfb9efd06a5d5b45997847fd4b105c4a85bed5ce,0x6b65818254f184d7460882d241fd2f2f1f523f8f90756a59bc15fb1d1b7c814b,ok
0xd646cb16b49580e00f24cae4d025a579a2eeb3cb,11343.76,0x038996d21bd8e8e09b31127615cd765718b6cf9846b9cfb62f38d81a045e7abe38,0x048996d21bd8e8e09b31127615cd765718b6cf9846b9cfb62f38d81a045e7abe388810085a55cd2c092671936e3cbc89b9f8d366aedaac3505d33844c7f4ee8f29,0x33cd57af31dd7e1f583b49a5b0f69cb22600179bd4f4e7547f6db2ac6e36cbc1,ok
0xfb4ea5b65e726d0bcb7a3e90bbdf658fa7bd2b32,11181.92,,,,contract
0x09361a70c484a9bf0adce4673427d3fe0b07514f,11181.01,0x037df5e55256775588364eae37d92ffe4d92a67fe89162aefa2470216b7e1c7da0,0x047df5e55256775588364eae37d92ffe4d92a67fe89162aefa2470216b7e1c7da0e39f1be42f1909baecf77695bf476afe5679e2835873c8cb29d3fc4b20aeb2ff,0x8d1cc2f88b7445dc4ec64938fef70b2ddcfb12a936f9fe375f434e6b0cfdd7ff,ok
0x6b720639253cd62b41045fbe5493833f20e18541,11134.88,0x02cd190f24e9b23a05426519429230194f3b064f3f6e23a9595f15584b2814e34e,0x04cd190f24e9b23a05426519429230194f3b064f3f6e23a9595f15584b2814e34e985cf5379014d5fb9fafbb82fe83d8c5470543ec941e8bd4d8a93f6a643fe6dc,0xe00b698c4a587e6e6f6768296bfc59d010fb927b43466bdac25927f38cff2607,ok
0xb91074ec58fcfd7ee222c36a5bcaefc5958e9191,11068.72,0x02a3faea4be66b1d3063ffb3bf00dae4c6bf9a9315ee7c6ff5836a060541589069,0x04a3faea4be66b1d3063ffb3bf00dae4c6bf9a9315ee7c6ff5836a06054158906930c9043a2b7ee6c22d1431e26cde10b2b5d13b8e72ce1a3be57dda6ae218291e,0x12f52864acd4a3ad38c81fa397b8e4ea2f3600912fa1cad0c07c521cd3006137,ok
0xd8ebf1c110d3c9ad6197a4c7a7d6e5f50f2b43cb,11041.15,0x0293664fddfd8b9d98fdb0b9755eb76ded1430d37fd29887c8013868ae98ebe557,0x0493664fddfd8b9d98fdb0b9755eb76ded1430d37fd29887c8013868ae98ebe5578c4e3c8140693e7b7a3d000e5b6b5984e12b74f490897f42779a3e2645717152,0x1186874fac7814b2ecf895216f5fc6eace77333ebdfb8d340ec73043f6887a62,ok
0xf1f6bef88c513f6e6246e4c89c41e3784fd315f6,11034.27,0x0253c43166e0a9e3b36111880723a3b24b22503fb209c17238c119538b950d8fe0,0x0453c43166e0a9e3b36111880723a3b24b22503fb209c17238c119538b950d8fe0c3fbe82f7fb5b999a2235811ca92782343c8ab4e5c8119a27738534bd8e92ff6,0x668e7752ca972de28405ef69c5fbd96d323652befe17a50921a20b448417d74d,ok
0x37332b10fd3056a9a52d2208f5fa9b71bd77cc21,11009.45,0x038a4c8a1fdef3bdbfdd6c1157e17611d98af0b445f180c8d5a401ee7b5a84b181,0x048a4c8a1fdef3bdbfdd6c1157e17611d98af0b445f180c8d5a401ee7b5a84b181287f96aa4fddbdd39bcbcc876b1ae7947ee393e59326854cd5c7ddcc595024b7,0x67f44ecad6d4bc76253682aec6c360ddae14d58b79a527a7b1c64a2444cd7226,ok
0xe19698f3e7b0b98c30c415e05098226472fc7632,11002.71,0x02cb26051d7ad65b5d1016ff4bc683c9ca5f0914c472dfe702a2704d2aadccd949,0x04cb26051d7ad65b5d1016ff4bc683c9ca5f0914c472dfe702a2704d2aadccd949ed8ae41001ecff4b4c5f0c690e819d395032cd5d66cb6a51a7845438b0961ba8,0xcc7d7551a3150601007ce0ece7785623d157ce1b7b04329b2e551287943175c0,ok
0xdc9279c2a8d7b2cad813949262087fe6bbefd708,10981.02,0x020e476eb42ace8993a2bda16f6f825062720cdddcccbe4ddeccdfbc759e4ccc64,0x040e476eb42ace8993a2bda16f6f825062720cdddcccbe4ddeccdfbc759e4ccc64b75dc6b42d6a0095914f7d4e9f8f69ced94eaa85f59cdf58a8641a6f0eb01a26,0xf6dbf0be7da4d5fdbfa9fb901e77751fdf2f29639ab45385e1cebcc34d54646a,ok
0x766c1b0c54e2361df54b395778ee650cb5cbc030,10963.82,0x03ac7e4161cf37fe1a17fa73990ef9413d483134b4e77c13c6a1c574cd38e28083,0x04ac7e4161cf37fe1a17fa73990ef9413d483134b4e77c13c6a1c574cd38e2808319e81dc2671321426fae3d4ee261f291879301874d1d5852183bd264cd9c6111,0xaa08410f6f034395a73e49a9d28fdffe2085e8b8da58544f648420d4bb591e8f,ok
0x7aec49cb2e8e41f7b92f97379945a84802ee1f4f,10928.74,0x03e165866798ec93eaea0a5c04d1d2c2ce52685814e31d2e8d5eb64c9b5fdadd38,0x04e165866798ec93eaea0a5c04d1d2c2ce52685814e31d2e8d5eb64c9b5fdadd38745340e578a84c81980661a3fed876ad324f8b30fbd186c9592c11ff310ad0f5,0x47941d50908f2de68d28d2ef045c75c01359439e444a87e75a1cfe361d9d4309,ok
0xaa6f6b9b19e52568231ecece1b99b31ecb0c4b22,10892.50,0x036b75687320419549f6e65bcbfae23352aa998cd50c047a783ed5c35d05dadffd,0x046b75687320419549f6e65bcbfae23352aa998cd50c047a783ed5c35d05dadffd8e74ca4b27c089a351972c3e1bba349ba5454b756d35db9f876d6c662fe46497,0x5aa0faac1a18b26f94aa7b15a72c4923e2b77fc0439fe44f509bd7df6198e6b7,ok
0xf4aee163db3eb4725e6ef64d6729cd2b39132ddd,10849.91,0x03b6c092147db96a1e116cdb7a3344fdfaa14437ca143b1949b4e3fa8f40e1db3c,0x04b6c092147db96a1e116cdb7a3344fdfaa14437ca143b1949b4e3fa8f40e1db3c3e1ea0ca9d48fd71c4d32a2635629e105236185959150412e428c99c6f0165ff,0xd79d84030a0364747dc1cfc7aded15d42c3a9d36488ce755f30aad8fcffcc038,ok
0xe9c30ac3649246584d60c765595f1d23a3442bbd,10799.43,0x027db76f32f09873342a41d941109eac6b7e24720acf55f840ce7f462cabd561ce,0x047db76f32f09873342a41d941109eac6b7e24720acf55f840ce7f462cabd561ce76877a11751f3259b6db320b7eafd35faf1b04777119be639482e96b5453e69c,0x15aa560f058f64eaa9a91a5e4db4a63419e387dec44a3bc6e7d5c6dc5a3457a7,ok
0xbb09672f652fefb8aec4943149689113246e561a,10751.66,0x02a6b7a10e897be5c757f40eca646e7079d7047d183b6dddc008e647540d163ada,0x04a6b7a10e897be5c757f40eca646e7079d7047d183b6dddc008e647540d163ada75c6c666ffc5c01f0475f0514f6adf1a44b4481ad666588c9d1f62d8bb9211c0,0x667d4924152f025057cabf14bf3d52a981bda70ed7a2d1cc833fd7e20f83824c,ok
0x8508d6b4a0181cb37e590817ead0c5d507a2babb,10627.82,0x02ba7d3f7add131f6b84422e140256445e861e330a5fe3af6ce43f8aaa02e142fd,0x04ba7d3f7add131f6b84422e140256445e861e330a5fe3af6ce43f8aaa02e142fd3ac69152d54663cf768f5a799472b82d056469baee25283730422fd6be9c7618,0xb4a20e759a697e76f2dde71c9342dbecb6273ca4a37d336d3ca211334cbb267e,ok
0x66912192fb99d8d056a6d56f182e3d1f1a7a0559,10515.04,0x02ddffc58064505c1d2180fcbc1bffae3b0d4df1f4dd86757ad7b5cc3599be617f,0x04ddffc58064505c1d2180fcbc1bffae3b0d4df1f4dd86757ad7b5cc3599be617fb9824c755f65950a7239984456e02233413e11a266a6764e33a686bd13f6d69e,0x8f7ab3351a26ee1c854358a1baf91d890da02e915df2bc85c7cb544957bd724a,ok
0xd3b09cb9d5b32669f7687f6004ab279d52f7f34b,10504.53,0x02c13b586c900520256e8de8747fa54ed00a5b4d22b1a4b3308ad38c2e8cd1a97d,0x04c13b586c900520256e8de8747fa54ed00a5b4d22b1a4b3308ad38c2e8cd1a97df69c916707e8904791a69760a02205fbb5b6ed915760f064832732fa57cdd558,0xbef3f17a045cf4f4cff21f06f40ec8925e87b5fde789d94f42c7d8d49e7568c7,ok
0xcdaf90d67f3b6b0499f6455c1dc2a795c3efff81,10497.92,,,,never-sent
0x1e096805b5ed0ac5595c5b020eee50a176906125,10497.88,0x035058504f65a1b5f89e2a5d290a7da63ed3ef039e0217035a543a10e9c2b222ca,0x045058504f65a1b5f89e2a5d290a7da63ed3ef039e0217035a543a10e9c2b222ca5432ae8e8a1442e8f1328070f3c56c7676e3089e5f8bb964683a2c1d3b0c3455,0xa24ea956042ca0448de2a50d62466b34a4b109cd355c6fa019b3ca2759161db4,ok
0xcedd0bbda24292d7cd0e1141e2522a1d392b90ab,10453.69,0x02cf86ff24bfb3d6576ef5545941c310ff44f826489c5479f75f89ac77fbb909b7,0x04cf86ff24bfb3d6576ef5545941c310ff44f826489c5479f75f89ac77fbb909b7d793a19a217f19b50a69be759104c3ade641a82f6f2c7a7df59b717eb6f3dfe0,0xddc3c193904c30efa2fb79da4906621466b067eff50d29a28f3334f09685565b,ok
0xa42647baf842cd6c5f3719f1a86d9cae71fb8929,10408.10,0x028f07874c2a64990bb7dc29a075b9de8fd34fe82d095bef9022cebf834996d452,0x048f07874c2a64990bb7dc29a075b9de8fd34fe82d095bef9022cebf834996d452e0f6bd737334b41430f5fcddfea52591cb88f36a42ed08138bd5c1c217957614,0x23ff3cabd2ab67f826f8f9c456ec6fe43eb88cc366e23487b377c5a211f1217c,ok
0x49dbc4e309612788eb84bdf4ade6c3b04a7b83ef,10339.52,0x0258a97171a6656bb1ae7ffa54635c76feff6c18c14748200e7da8774286998ea3,0x0458a97171a6656bb1ae7ffa54635c76feff6c18c14748200e7da8774286998ea32c3b5c349bb4db583c61c6bfd11c659d6e69937dbda82484ba1b183aae37d8a4,0xcfd5e1d3c4a751b891fab732d1bea8bb8132af4f54763f4847abd20576b1dfaa,ok
0x2cc05ee74ee0fe6d50503e581e049a4b5240fc2b,10306.49,0x0297f31b6b0a746f71163d9694f8774e25efd67c7aa16a741e2e15f4b64804dbf3,0x0497f31b6b0a746f71163d9694f8774e25efd67c7aa16a741e2e15f4b64804dbf3c7371c12c17c55f1be3c1f5142af46b39955b8dce0c86b393d37044569d58aa8,0x718733219a274a3626292c85731b5ee72d17b532c129edc0768c9eed97b36e6f,ok
0x4807960725e2dc5204c64c32ab655eff7f70c3e0,10275.57,0x03fdbce7c362f424ff60d170ffaf90d3da89da1ea0b71de92d78b3a9c1e26ef9fd,0x04fdbce7c362f424ff60d170ffaf90d3da89da1ea0b71de92d78b3a9c1e26ef9fdb6844f7adb2f4d549c71b6e935bfcc9d5865be82113a03341a5b209768f7874d,0x7f4c4b693289492dc584c9dfa6f3c463cd1f525a0993d3330282432f62138493,ok
0x074b9e8abb64ebadfd66d33f27ec4daa9f244adc,10242.64,0x03ddbf498a738df53132e053312a2d4279d3fa5d3faa69d731f36b53162a788ac5,0x04ddbf498a738df53132e053312a2d4279d3fa5d3faa69d731f36b53162a788ac56c050e380e16cc40c9ef537b9a7e4baf6f0bc6ce157d7a2954ea5cd1896ac62d,0xaf66f2b6af49c5d5a85e899b822d4e5aeaefb9ed5964a3d1c4698420404cadbe,ok
0x3c0467c71d788961091af20153c1b924759e7056,10221.96,,,,contract
0x46497de44028d4e56639615cc4142ee8f8c4454c,10161.95,0x038f3fa0ef69917120add20cd6f2458bfa5afac7cd592dc746f6efaeda239bba1e,0x048f3fa0ef69917120add20cd6f2458bfa5afac7cd592dc746f6efaeda239bba1e4f845f12858a27baab1ee4af21b7b6adedcaee7e072e00cfd4a5116bbb1d07c1,0x7dc172004e54c0d5b8d5016f75661476e633d1944c18c3e72825ad73b3a06425,ok
0x0e26e750fe88ba9a2bc123373000f74bea5219a0,10150.72,0x02400e857bbf5de36094850b3c68ac3875be8134fcad9b0283b06c24d890958e45,0x04400e857bbf5de36094850b3c68ac3875be8134fcad9b0283b06c24d890958e45c00a1ae7896d73c79b6806417117594278bf1fc334e220806b80e0a0514923f2,0x7bc4e35c189dd575382a03dc89e259f262ca0b18363e8fa5847bb900a4565223,ok
0xd3ddda0ee51bd7f616add19a0494d7c45b901dba,10120.74,0x02a1959f537e3c0cfe7928d197e799cc9ee5653a521f9a89faabe9369153b682f6,0x04a1959f537e3c0cfe7928d197e799cc9ee5653a521f9a89faabe9369153b682f6549ddfceb56a59902d25235e06502070724649b0c3e23992101576cbba015a94,0xc58faea1c8f866c69550627a7df03c9f3eefa719ff25c517b75730902895355a,ok
0xf89dfc8d07c4a1113424881c03fe6f3a48d7aa89,10106.28,0x027cbee9abad3328aa033ec435464f35873cd3a526afd662c4fc29eda82075c6f7,0x047cbee9abad3328aa033ec435464f35873cd3a526afd662c4fc29eda82075c6f7fef59d8b485d10be6c7b0fcdd80b0a6a15c8efdf32ae168328a93e92d59ac6f6,0xc4ede2a92aebe500ddb70ce0085e639051352f7e5e207f460c4cd4f8ffd86972,ok
0x1b6b1f2fe36daad6545ed8f741839c3674428809,10086.53,0x038282c8b0556c0a2ecdddecf82ef25e08fa6ac1242372b51cef1f87e1dccd077c,0x048282c8b0556c0a2ecdddecf82ef25e08fa6ac1242372b51cef1f87e1dccd077c9b30c470f1cf1d428078265ca50701c143e915ad06944a5a8d4143ba9e6ccffd,0x4a5c57c2acd294abfd2223f08a182c4cdfe097d2f363ad1150ccd4c202744ade,ok
0x1d83958808f7970380af9c6b8daff6831c75e099,10081.53,0x03596a4587726615abffe7ae5a1536d850a48d335c9d43785d1c431669902762e9,0x04596a4587726615abffe7ae5a1536d850a48d335c9d43785d1c431669902762e9eab7a8482012768feaca0d4ab13ad3cb332f3ae46c73bf46f2aaed9ee0101e9b,0xcf848cd6215f3135bf3a8e4420e839b63dc26766b67f0e995c6e6e30ddd89c06,ok
0xca5f3665f27baa0967c055db45713dab1be1c23d,10057.31,0x02beb8020b787460c59ff3ff392ca6d13820464546fa38a3c234013004e59d4ef3,0x04beb8020b787460c59ff3ff392ca6d13820464546fa38a3c234013004e59d4ef3e8ff4a054a0fa8fde659bfbb695d7ca9abf75041d0b2ef0ce29b00b4de961f0e,0x354fd85786aebd914dee51b3c7c4a646606e4016f7d38f4c95e13cfe4f513aa7,ok
0x5d4300cb563a9795380f36654b8132bd4e901bac,10055.49,0x03c045ec33f239a04fde7912dd806b380612e2ba12957322d88770f56f59ceb349,0x04c045ec33f239a04fde7912dd806b380612e2ba12957322d88770f56f59ceb349fe37f5a642808cd932e43a880d08edc914bbb3a468ebf07a73fe6125357f7691,0xcb32c902482f17b2bc7d58416d59357e819053f44731ab4e7fc85021cc18a245,ok
0x2c8a48ab61b0f5c6d645ae5b197a658f50c3c4ed,10013.88,0x03658ed13f22eb1130db89a4dc0b29fc2d3327760b9ea5a0e88a5bcfec9cc908bb,0x04658ed13f22eb1130db89a4dc0b29fc2d3327760b9ea5a0e88a5bcfec9cc908bb9946d76dcf7fd10a29e355b388e3af51a41c9749e441447dfb4b72234244f2b3,0x201feaa873f24b34de8a5398e30ea5b54369c7431674ab3cf892840fb80a5b0a,ok
0xe4728a065afe20e4eb9ff9f85a93e487ea22822e,10004.69,0x02296509d03dc4f30eaf41f522155812214d5141fa61b004f6420d02f334337a05,0x04296509d03dc4f30eaf41f522155812214d5141fa61b004f6420d02f334337a052a8ebac0e7cb98778695eef55b06161c44b4f9824cdd7487c569d04c1d4d979e,0xe456f0116296a5d0634dbe81762c5c20617a48a6e34bd2dac391a98f406a032b,ok
0x31536bde3df5b067081940a67484f36317427466,9998.20,0x0247223f15f6a34db9e58f7a537aeeadeb2651ee112d95be89796271a68a8d5d53,0x0447223f15f6a34db9e58f7a537aeeadeb2651ee112d95be89796271a68a8d5d53fb9a3a44cd375478d31bf280408b59797d793304422261011f93978854bd953a,0xe52d489d9cf5aee6765f6d56f63ea214304fc876dc1ae976bd352419e6b1cee4,ok
0x29e9d9bb916c943db9b5e33d7ad4985371e1376a,9981.17,0x03763e13d847fc33f2cf0b777ba19bc0beb1032d7b8ea07d6eed52363177454a72,0x04763e13d847fc33f2cf0b777ba19bc0beb1032d7b8ea07d6eed52363177454a72a5be77d5075542f28c078fe3ea0de6f7b15c719695d302936a836b41d8e0dfab,0xeb12563470f498a52ee80c2a251ab7f81331a314d37cb7673857eed6fb449f2d,ok
0x152028329fd4b54b5ed0360eabddbee9cee092ce,9909.38,0x0289e00fcd139dd56da95fcc67eaf131d32fae0ea7884fe0ff076e95b467df0f3c,0x0489e00fcd139dd56da95fcc67eaf131d32fae0ea7884fe0ff076e95b467df0f3cd99246495608ae6af1fa34506c11747e3f313a851b28e6d26ff0e79974f4d58a,0x113fb23f7adccd8125c0435a87a46ff0e01e0f122fa705e9ee2d4572074d2657,ok
0x90527768a4a8c1c4adda3a3c38da87219ad23e19,9859.20,0x021f24a9796e56797bb7c93426747ded8ba303bcafd1602c339936b340f08908d4,0x041f24a9796e56797bb7c93426747ded8ba303bcafd1602c339936b340f08908d406c60ad8df6a6c6b112544867d976042c59e2c0f108702388fdc5fb8746e8c6e,0x5a7c0095bdefbc46c403189c7fcd192565fc6c59071b8e75456ab6525f0ea40c,ok
0x77901688cfe699710835932c3efc0054f824e527,9843.31,0x025441658dd64dff41604175a1f94dd037e1a6acc337ff28d3581f9dab30bf9fab,0x045441658dd64dff41604175a1f94dd037e1a6acc337ff28d3581f9dab30bf9fab28e05fa25b8135df8944e63aa553fd27d529e8d71d596f3de3187e9209fa0204,0x3c740f1c6a48c60982311f6d633c304be99bfc56e16baa51da975f4e421608ef,ok
0xb9cd07258668a5ccb987bfbaf2233f6a7e251c64,9843.12,0x025242210761d5a95339663379064955111a32d4e93c1b9368d9ab084eaf1e5873,0x045242210761d5a95339663379064955111a32d4e93c1b9368d9ab084eaf1e5873fb5f9b155035f2dd58271846f7d02e1cf7e87b2a5155869ffba82cc577c4a0a6,0x9d300482238494517dca8fc35ea592618e71a37b8b0e38b3d787e8d72816964d,ok
0xbe37dc6b3f941c5da99e39425c35f9000c5c37a8,9838.77,0x03eef38cbb971a8f1f377749755cff00efe6e294d1f3c788d5b8aea09e87bad100,0x04eef38cbb971a8f1f377749755cff00efe6e294d1f3c788d5b8aea09e87bad100618f4927b918ac3908a35b96757757f15463ab73a0148ccb1213ad6d52c8e98d,0x02c824b233344f877c88b77cb01027d6ebaa85dabaf213fda5d66a0b5ad6c12e,ok
0xa9af6a86d1d22abeb85ffc06f02ab962e75b6b89,9806.16,0x03a6e2d330f3542dacf22e0cc3568f120493b946f656d3c6fe97e23b63a992eada,0x04a6e2d330f3542dacf22e0cc3568f120493b946f656d3c6fe97e23b63a992eadab8251bd58640977259e01c66994ec40c1152745279779de85021180c76305aa3,0x38e5476cdeaf0c2a2092e36a7cd446ee9f8d617e4f9a511bcb026be08d9561af,ok
0xa08b6ffea834ff56d528a890126426b20c1ab639,9785.13,0x032557ecba4d61afe395dfdc83e86ac85fe10079fc9635aa004ac02e9fe633652a,0x042557ecba4d61afe395dfdc83e86ac85fe10079fc9635aa004ac02e9fe633652a6a8dc0f82a7439764180e650a77ed73c16c043101366c7efee8e3af8caecbbd5,0xedddea599680272758a982e8e565d32b93c0427ab9e38f420e5993b4700264e6,ok
0x8bb3679b441098a3c1878914afd4034eee88b747,9773.67,,,,contract
0xa68319606dbc571273a7a341151d628c393107bd,9700.00,0x0324d6c5695c571dbec732f64bc307294a3fe8dc6819b8a06f62355d0df589df7e,0x0424d6c5695c571dbec732f64bc307294a3fe8dc6819b8a06f62355d0df589df7e4154ac7a9915371e6bb6766a97c4a6c57424e2e20e9b771d734d5c08ed556f9f,0xde288a7c100bd1c1b83ef731b717755c8011b4268a7ee0163834ad007aa61e65,ok
0x77a0256d29dcaa5b23612bd92db8c555a643fd0c,9700.00,0x02d352b7ae300fe2bdf622e5bbc5c9a8e1bc4bf64a47af7204c5d2a1410a42381d,0x04d352b7ae300fe2bdf622e5bbc5c9a8e1bc4bf64a47af7204c5d2a1410a42381d1955823e50413ccf8f59af5b694395a0b81901f58aa86b701328f8eb9baef468,0x901e56bc7e842b981ef41b8efb12e29266a9ddb5ed5ec6db579bd83815463f12,ok
0x62ea38c04276953263e1d47851a39c013efb5c5b,9695.19,0x033178b2c25ba5f62d4585c792bee5488260174d27681dd207a04d76d430e56585,0x043178b2c25ba5f62d4585c792bee5488260174d27681dd207a04d76d430e56585645bb2cec2b330957b31e8d019dd0b60aaca024cc4e0b863b04c453b1b1ed429,0xed5e932604d4f564be5db092552dd0fe7de14ae223d8c6111d2eb274616e03ec,ok
0xacd7b4f134b395e9d5cc016dd166b17cc756cd0e,9687.80,0x033ad711baf80de147cecff07b2fb31f6e4cd0a0ac14842b0e6a79ff9c50dfe139,0x043ad711baf80de147cecff07b2fb31f6e4cd0a0ac14842b0e6a79ff9c50dfe1398f1e67d0168e31c5bdee2a072b031ee2f7ea45a6e17fa4792cd7585b917af10b,0x16e76592f636fd07e3c6edd5d527347203ca5168eb4131a8aa9aa5474158a3fd,ok
0x67ffd350543c9a0aaec794bb7888efe89e098721,9678.64,0x03260b402d158e8dcae928d69a5513d64bd10ee017b4052eadcc8952276b76fb1a,0x04260b402d158e8dcae928d69a5513d64bd10ee017b4052eadcc8952276b76fb1a5a508292566b915551bf2b52414862885e59f1a4db37665156e1bb6081515a3b,0xde15d0680a5ba0e2c80358217e0c81cd8139fc773c5e2100e7a367c73e2405b1,ok
0x02d1cf57a0f70a1593798ca84de9abbb7586364e,9616.29,0x0282c5c34e8abe2f4701bddb29f94bceb13afb279de03db1936404834a834de158,0x0482c5c34e8abe2f4701bddb29f94bceb13afb279de03db1936404834a834de158c8c2e08e35a50cb73f40cd690c7bdeb4654028a730e5edc885c007ac56b0b878,0x6245910d6bbc0d8f47f488637b0259ed599555fca88643f02a16d06cf2689566,ok
0x8ea6be36261f662913f1cf1789d182996d58c3a0,9578.76,,,,contract
0xd427d503a05fb0e6b2ee74037eefc1e5d8d29c40,9527.51,0x025bb543dbe65b224cf4535dd5cb0aa39d2b2f1fab0624a88367e937ca30265c32,0x045bb543dbe65b224cf4535dd5cb0aa39d2b2f1fab0624a88367e937ca30265c323d5fa7bb18db957f0d0bc0f6deba7f499411a3f93363e882241d29fa70d9d1c4,0xfb3d4fe1470a4ab560986a44fcb87a6a37a74afd082e21245f2a9ff9d65b90d8,ok
0x0c75e77d4c6564099eba2c03a3e4d02ced216866,9345.80,,,,contract
0xbf48427ccf24489ff97077be470d38760447468f,9337.45,0x032363820444bf4c769036630e6ab1c15bdcacc51c6a5e08cd754bc0bdc01b815e,0x042363820444bf4c769036630e6ab1c15bdcacc51c6a5e08cd754bc0bdc01b815e08cfb860fd0526e6af933e9d2c18e3efc3173dc6c333edd38944663104f5b7d5,0xc161383acbcd62ccfa6fad664d91cc6383e15859d345fa31fa5ee010ade1559d,ok
0x53e0eda403691a69d050705c887b167bb47f31a5,9260.87,0x03ff09fbabda6425a6d147fc1135cae73e5f47088e011cb6900391e7a5e077128e,0x04ff09fbabda6425a6d147fc1135cae73e5f47088e011cb6900391e7a5e077128e792d67f835ea0251ebfb86074c36ba5e03f10774313c19add9344dda89e6cedb,0xab919784b7f8a24cca72a22d474406240a3768f402e1130d1b94c2fb3ca4a7b7,ok
0x521c38ca39799a89a4a2c3319720801158031d2d,9222.69,0x022b7c9d56b9ba951656dcedab26f27aae834adc9061ca6c174d3e571b49ea3461,0x042b7c9d56b9ba951656dcedab26f27aae834adc9061ca6c174d3e571b49ea3461a8a3d7655a2d91f88b4f010a09ed3bb6c182d25067de22755ae1b6714fa1074a,0x4adb7abf630776d85fc9b6ec3a6a5abed91ec13d6f27d95b65ded55fe7f1bfbb,ok
0xd60d93ccd511df0d0717a4565a5bcf54893d0cf4,9184.19,0x0258f8cba0946ccdbd5e4b51a8a05921dcb0a566980d71f684c95d4d4572bb2a5f,0x0458f8cba0946ccdbd5e4b51a8a05921dcb0a566980d71f684c95d4d4572bb2a5fc2d4d8e298de25b1622cf2336174dc09709617982034be5dee9b8829b806fd24,0x71240bc01e04b588dc75dc95cfd4cf9c6e60eb9115c6c7965ee99113ee645d4a,ok
0x9e790baf70de84130d0db66f4c3532e7f69a66a8,9164.79,0x0337806a6af772d44701956a1266fc84dc1b60df954f78b164bbcc6fd74fe59923,0x0437806a6af772d44701956a1266fc84dc1b60df954f78b164bbcc6fd74fe59923b23692c029d1e207904ecc1973ea29a93abf8b8f9d132d3543978bb19f445b31,0x4adc7eece1d03ded164998a67fbc5e2d57441248b6eeeb8f81929374cbaeb060,ok
0xddb8dcb867af35efd7bc7ea4da1cb260a7826ce1,9129.18,0x0377eb9f33153c0a2d2b67f5a852c4ae58dccce210c538cb4167763231ee7c0b66,0x0477eb9f33153c0a2d2b67f5a852c4ae58dccce210c538cb4167763231ee7c0b66d1df980cf09ea25b88c4e5a2359b475ad993e426526f41a9eec419e5ece48c6d,0x37cff77f9b66f4850f131e74cced7d925ad662fefaac5533c6c92a956d875e17,ok
0x0cca8507cb19a868a8f6e55dbe69ec9986c2491e,9111.43,0x0216aa32a0921c924bd79b06f525c16b3041318a58384d894b7cd55b24c02ec708,0x0416aa32a0921c924bd79b06f525c16b3041318a58384d894b7cd55b24c02ec708c1fbe8599b2c544d86e95ced7ded43007255065aa37e2d6299bbfa269485389a,0xd579464021c44cb5312badcf0127d96d8fcab5b79821e2e2f1985438ed0f89ee,ok
0xae592f671b15d30c8796ef49fbc02506d1f8df5e,9082.66,0x035436fc4d2264f88bced50685f609793b3fcb09f7854897254c91d6ec1ef0af85,0x045436fc4d2264f88bced50685f609793b3fcb09f7854897254c91d6ec1ef0af8582a892c3ada96d7de0ed22c7e6d6868db2fb1c32861da89d41cb39c2361ad0b5,0x590dc33e65e96ece4ae16299afde8c2d9be3453fc77e1174cac1d8b606cdfc2e,ok
0xa8df25c1a2425c8dfa00cff6ab7c894fcd47974c,9043.00,0x038219a70246c9a5ebdda96f1a93b0c0064787d9b0678378ca92142463d3367817,0x048219a70246c9a5ebdda96f1a93b0c0064787d9b0678378ca92142463d3367817377f8ed154973fd0f1d649ab75e63b31c9b9c5521a5473b3ea81bfaf5500a35f,0xbde95c06efad16a2a56932416b5f946fd0846e9aba19cb908031b6259c15c12f,ok
0xebca9ef195e7a3caa35d1c7dc5de32380b0d986a,9032.32,0x02175bf977400d5151d44b8a1728c3bb83e7327bbabaa70ec2da8a87d01b7bfdbd,0x04175bf977400d5151d44b8a1728c3bb83e7327bbabaa70ec2da8a87d01b7bfdbd7596732d065cb425936cd595f88aedb68e1f130ded7ed311ce44d0beb57dcbb6,0x81ebd4a727701b7a7e48336d1e35a381af96f3835b7b5f9faf87ce62ea9a6689,ok
0xc17f468d80d6abb6fea1a03bd2d817f5f8b50b2c,9016.16,0x0252fdfef7b6da914893c9aa184a3b2dc38afd9d15aa8e2130bcd9f1687d244fb7,0x0452fdfef7b6da914893c9aa184a3b2dc38afd9d15aa8e2130bcd9f1687d244fb77f3d0658de045879841c2de39aabc8bf5547fef5c6069f85291a6fe610ced058,0xbb477ed55a9c4bc1edbd298225f0d754f448c2ccd3ed29c3c256f901e7633899,ok
0xbc9cfc2b994105f9d661b4b763b9e25af45b4091,8958.27,0x02a9e3d25afdd47d8a59da4edd041d05b82daa99a9507a87ea99ad1b925cbd1f98,0x04a9e3d25afdd47d8a59da4edd041d05b82daa99a9507a87ea99ad1b925cbd1f98dafea69a5e7fb38bd0050f4f1d843480b8e74c0f50b8d2fcde2a22eb07f81f7a,0x47ed5c7ba5a5d109e9780629de4c47dcdc5d9517370ff7ca5a5d68c1631d5379,ok
0xec9dca52ef8087a8abc0d6ace3c0a3678137bc2c,8771.27,0x03b363958c93fc70268d64d1beec7b812a6330654f6e47d0e10225e9c71e830ce9,0x04b363958c93fc70268d64d1beec7b812a6330654f6e47d0e10225e9c71e830ce9ede52f0456435d5ce29eb246c937782e7685e1e010205103c68310654a55c2eb,0x09b676156a46c25584f0f96750e84018305bebc1cb19875c05ab5e7907fa85ce,ok
0x9d807058d29bc9ae1736e6df649d44a5989d830a,8759.83,0x037fcb70b247ae20b545bc8a1dd58cf4b4e418719f1b6ae7e27a0cfbdd29355ef8,0x047fcb70b247ae20b545bc8a1dd58cf4b4e418719f1b6ae7e27a0cfbdd29355ef82a833bf457b982ddd42edc3facdbd9ec0f7934c806751c77311abfd57b018ce9,0xe182705082b1bb74b1f84152153a2ee9dc1dd8e0b5edf7cc4a7dcbd3ed072f18,ok
0xaf5a9f1818828c4d584bd270d3b0e0c0ce8c0022,8743.49,0x0374b3cab0284ae31c2e856dec2e768d442fe47ae374e8f6d578b363ae85c3487e,0x0474b3cab0284ae31c2e856dec2e768d442fe47ae374e8f6d578b363ae85c3487e986e1cdf3077808047f34371a247754911e9af20c1a7fcf1e822759608866651,0xd171b983a16eba9b29a58bf6858ff80ab58d8b0ab93361cdb5b75d9cb4940643,ok
0x6b1f19ca94bca9002d9475850cded59ff35ba6c9,8691.99,0x03b874591ce03412c6a6d3408a1ec68c17a5d8c99ab4dc4594ae545a4c9719b738,0x04b874591ce03412c6a6d3408a1ec68c17a5d8c99ab4dc4594ae545a4c9719b7385443f0289fd78ba2dc8b9eb4750f9bb8f990f2686c2838bad39e6ed5816037e9,0x4a7186aa61793bd51dae3c1cc2ac44f7997c42649e00f61d6bcc99ca8bcde6ab,ok
0x34649e963bc5c93c47568c4a31837b6474f965ed,8688.05,0x03da513db2dc8dccc84193f58b6315a523f99e873d5b3ed774c4618a85a355a8f4,0x04da513db2dc8dccc84193f58b6315a523f99e873d5b3ed774c4618a85a355a8f475ae9bfc6dbe86a97aabfbc41e0634efdae2d558d120407c8b9f74dec1140883,0xbffd87e855079e43f25e15ab97712fdb809a273345cca45e87af753f32255f41,ok
0xb82e5027a87709ee00296ff70bf5b2e9c8b58c84,8651.86,0x02865036bf37c2cb0bd514046a230b936b58616d6484cc3568c489e5f7a3be13e8,0x04865036bf37c2cb0bd514046a230b936b58616d6484cc3568c489e5f7a3be13e8a06a893c0bf1440e58acb9de60788b64f9df5d3ee0007dd31b75b32a85b294bc,0x3caa12df3588eddb8b40d3e61d332c53c1b724b27e81a0b252afc0b7620fb2bc,ok
0x020b93583003e88f05e8c598d08640772e1b5819,8648.52,0x02d24f1610f591ee9d856df46c0dd0b4dcdbb5e52e5f8fe8369dc5314fbc86c5b7,0x04d24f1610f591ee9d856df46c0dd0b4dcdbb5e52e5f8fe8369dc5314fbc86c5b76fddbfd65362718d8b760643822dbe7594eba2b59f4b94066cd98f5df85aaa5a,0x518705522a5c068190e4c0dfd153bccc824f4ad50f8775d0d3432406d17ae142,ok
0x476eed457fb49d9a2dd6189f54d669cd60ed29d9,8576.30,0x02d2a94133e8ab171d51cb218f07aea62dfbc22e0e5ff1d08b6f7df7e3fa7fccde,0x04d2a94133e8ab171d51cb218f07aea62dfbc22e0e5ff1d08b6f7df7e3fa7fccdec78be9a8534726b10207ff4bbbbfa3bb23744c6d371bd2a8aea784fd6680f236,0x0656d7419658cb1fe43eecf6ce804e25e97487f2ced1d32896a5643cc541b3a0,ok
0xcffc86dbd2ee8d54fe8538da9afde959ea0e9aaf,8532.16,0x035e5f11b20603a1f89ed29fd785abad6965ebb4be9ac4bdf143729fd0e4ed6fbc,0x045e5f11b20603a1f89ed29fd785abad6965ebb4be9ac4bdf143729fd0e4ed6fbcced07278b8fe0e0877e6ef50e27a7cdcd0b956c274c007cb5d39c3fc83745839,0x70813eb0a442a13e618ede174f15e4a295fc9bf1bd74885b62b68c12c02d77d0,ok
0xc60d6e8a56ece40804a21b8f45afaee82ea91eb6,8466.21,0x036b792da0e9f2e4bf66088f61bcdcae1299eb553d3f9e797e1c6c866b9fe0ed97,0x046b792da0e9f2e4bf66088f61bcdcae1299eb553d3f9e797e1c6c866b9fe0ed9756ba509193fc5cdd92b0b5c0ddceffe3bec6c0d6e547840923240f891c5ef5cf,0xcc17e8bcb2733c92f0a7496c6fd3bdee4cda76fb59dff84e9ba284ffb3b95db5,ok
0x6beda786d92a2cef3e734a812c31becc8635befd,8351.70,0x03e98c5eb91d9fe7392042bff43a1c9a5b837b5d0504bb508e554dd9020ae2af59,0x04e98c5eb91d9fe7392042bff43a1c9a5b837b5d0504bb508e554dd9020ae2af593b3e20255679b254d466ecd242d7c1e39c7c0bfe1a10f30b9c7083d67cf65e69,0xcb274bde7cbcad2f1f785451facaf7e800fe920650140d418b35c72ea09b7b5f,ok
0xb67b7f4732203ab65027eaf36f93cfbd48c3a74a,8327.47,0x02c16ba154d94c8bac122d3b65f958cdff01ed891df0d14b5227e966c2818f1fd2,0x04c16ba154d94c8bac122d3b65f958cdff01ed891df0d14b5227e966c2818f1fd25497b434e845af8b28783f3ff9cfc5ac71006c3c1c5271ad048bcf921aa0fbf0,0xb9766928458407a2fa695c44820e47daefd3c0f63b2ad257d4f886a33328974f,ok
0x0c7855bd36d7f62329397ce6db95c0e494db02f7,8313.53,0x029f073b21924ccc661b658af920191e095c0d90e65198db456b805c43ecba6984,0x049f073b21924ccc661b658af920191e095c0d90e65198db456b805c43ecba6984b062913b027738c9d6cdc84a3ebbfb66b7231074890fea4c265c6ac4b1c0d030,0xc0e602d377857fddad86bde072f8598a8d5bdfa43de659cb897af3a058d4aba2,ok
0x3915313fad074a0909626418415b4b46300c1bc7,8297.97,0x029d05882ef0ed045327071fdb053380989124e0e735ae37cffda1c9a4284ddfe7,0x049d05882ef0ed045327071fdb053380989124e0e735ae37cffda1c9a4284ddfe73d16cc77a31fbe992338c19603708c8af69e963b6eacee50c7b7a5c0c1954384,0x97146d23bf18ddb24f75dfdb763da8b407f1c02e56916aa18765ff02486186cc,ok
0x0ab02d0fdda69efbdf302ab94c28dad1cb5956d8,8280.32,0x037433c31ebccecd0866b935c46fb053399b463760918da188e2d4edbe58bfcabf,0x047433c31ebccecd0866b935c46fb053399b463760918da188e2d4edbe58bfcabfa6c75e3b9227bc554cd361e57e052cdf86bb1becd4c65d9dd6fab30186abd187,0x80ea21152ad2a27cd935e98c29077adb5d836173beb698a2c89f32bbaa30b9fb,ok
0xe8aad7ea6ec49db98655690f2d9f7500f3cf49b7,8257.61,,,,never-sent
0x50b684948ae030ac5bb3a205574b68699886d0ea,8245.00,,,,never-sent
0xd31edabec4b6fe07f963c1ea14465cf0635eb612,8243.47,0x03490341c95c5df39a1e9e542961e5efb0e52205685c7fc7ec26503c255d447600,0x04490341c95c5df39a1e9e542961e5efb0e52205685c7fc7ec26503c255d4476008bb1d86edeb4a760128396e19dad3e7ed54878e849cc13aebd2c60525cb7d983,0x41ec21c5454b2f8ac7920587430134ea2c4e059fb8141bd1f45dc591c9a9376b,ok
0x8be93a41d0213285c454eff3b627cc13e32b08c9,8207.68,0x03036a0a80c5ac2f2818074354c40f7957bfd5e39c51ffdb9c67df5823e976cddc,0x04036a0a80c5ac2f2818074354c40f7957bfd5e39c51ffdb9c67df5823e976cddcbc2d9ba248de0709c785fb6bb33d93a704c65f130701f49822af8984d994aa07,0x7321e30188073e3d68db59b631b6a402835d500c7aac3e7567b6645156054fa2,ok
0xb6d3c464f2162e0f60e745b6bcc7dea5dc637c64,8202.79,0x03da988bd72c1453ef90eacd757bcb8af3851e595bbebd6c98348e5adab1558e50,0x04da988bd72c1453ef90eacd757bcb8af3851e595bbebd6c98348e5adab1558e501709ff95ee58b533d2e84fc9d51eef8fac306c2d04ca8576563d259f5f15f00f,0x06aa8defc23a50ecdd4ee9b0f1780bafa665b7bfa2e2569334f2970bb31a9ec8,ok
0xcf4fbd4827046e81edc21084300b6c5ca013c9dd,8137.65,0x03b9c4ee35df82c6660ffb3868231b7057fb4fbd14d2851ffbc8b694fd56935d69,0x04b9c4ee35df82c6660ffb3868231b7057fb4fbd14d2851ffbc8b694fd56935d693cdacbb6fbff0cb86a0b0a8591c071a03b66ede16e5651a045b82a7d6b9733cf,0x0a997936cbe35fe049d8a82a4dd2ce09279a2a644092aa6693ab1d21a06bb47a,ok
0x8858c63667bf9fa86ac54c9cc119a650fcb1c094,8057.22,0x027f99b09f6c0f80d86321cce8e36e71fd2a40d1c3734842bc84278ebd8f3a42df,0x047f99b09f6c0f80d86321cce8e36e71fd2a40d1c3734842bc84278ebd8f3a42df8a1b55f27f7ba78fe6b7065321a60b0a514c680d8ddfe767cc30f7f213370e20,0x7fb189e96fe4fe4bb64f91848d33cc6671cfe686aaf14882bce877d44d514127,ok
0xeb2629a2734e272bcc07bda959863f316f4bd4cf,8037.37,0x03354bc6627ab56f792367669b5c88e91206f8efed897422c80ab1d5f0241b6cb1,0x04354bc6627ab56f792367669b5c88e91206f8efed897422c80ab1d5f0241b6cb1a5574f2dee83cefe41595d1d09854117208401a36762abdc85edde587db3100d,0x6edcc3ac808a834b7e8c69ff4bf0735f00c58b6a80b29ba48abebe2a5455c604,ok
0x9202082c4f32971315e199c235130ad528042b23,8035.01,0x03c67ce26b068766db2724568f7c9fd73b01e35390cfb2316234252141cd3b64d5,0x04c67ce26b068766db2724568f7c9fd73b01e35390cfb2316234252141cd3b64d528d1ff46a7988a347de04684bff3c81f0e09f5a585d69e7ff3abed4ca910fba3,0x6e37cc98b7b4518141a48c2285818145debbb4c8bbf7a265f314b54571d0c6e5,ok
0xecc14bfa15b3f99340e0c9871d76b5cfe9b2bbfd,8007.16,0x026567b1cac428e87dcb9fa155c27db225269a8cd4dbd54a80cfa8c4dedf65af5d,0x046567b1cac428e87dcb9fa155c27db225269a8cd4dbd54a80cfa8c4dedf65af5dfcaee8a1e2dead31533fd15da9c29243692521a7f2b475654dad68fd015e1be6,0xb33ecce15a6b34423efe2b57bb730deaf087e8976da614b47008c08ccfd380fa,ok
0x487718e7cb24e13e2fcc1c5f6e1f641bbd94545a,8000.02,0x0209ff2681c8f27a39fcd5d52a09f2bab25a8c84843882081382942a085727215a,0x0409ff2681c8f27a39fcd5d52a09f2bab25a8c84843882081382942a085727215aa5075697909a349956ee5d8f97822678978da4902f21a67a987f93b23c989224,0x1894cf846fd2d30f902f389bce9f5d11ecb2cf9c1829d1c3ef1f2e6e1160ae11,ok
0x61815fb19634661a80e0f1a9c8bc5b6cb3eab20b,7987.81,0x037d81a513a4fa07f998f745079333ced905e898c070e0da9ba9d400c25d697205,0x047d81a513a4fa07f998f745079333ced905e898c070e0da9ba9d400c25d6972059788f23b4a336ce51f8df7cc02d489b92c266e2cbc39450c36eadc65db1daa91,0xb4b775df805f1dffefdb5975b1821a5ddc23f5cc1e020a38dec24887798f3f72,ok
0x872f5dd898e5c8b01d17a4a8a9205b88c3dc5fbc,7972.00,0x03bce956132fcb5defe82e8f1c5bfe5ec90d734464e1c3f41f2cb7f76046c5d801,0x04bce956132fcb5defe82e8f1c5bfe5ec90d734464e1c3f41f2cb7f76046c5d8015d8d7850f9769d1a66b20f1498c125067e5ba4aa5baecd59ce276ffb793096d1,0x00463f9d2043080d9d938fbf1a14a67cfb47bd6f43aea0973ba81e5543b56975,ok
0x0761eac65003d984d27d7d9457a5ea927a434d0d,7960.33,0x0314e9c21691973c8b522dc3110cfc93142a170943bfc25e35f861029de12539db,0x0414e9c21691973c8b522dc3110cfc93142a170943bfc25e35f861029de12539dba5c24dece42a6b37c32cb7e1df681e6f230fc528b560ef01cbdb0994ae7785e3,0x8176cfd1c7a375a73950c47da6bd0b7e8b896fd88f0049027620856a2fc0e043,ok
0x19a262abf70a1ebe8abb4229a185009edbec65d5,7927.03,0x039b482ebdb63a6badacc6ff5a90997348936f5b967e483a5229a5299392f7c287,0x049b482ebdb63a6badacc6ff5a90997348936f5b967e483a5229a5299392f7c287c23d2f4ce2ebb4b1ee8b8c28a74771664c6a7fce7624eaca5ccc45ec6ff737fb,0x5bab68686ec5c2391c1588b4187be0ecd14b3a1d1059ad622e587e7b81184728,ok
0x4b411bc3266a1e9976432ca2d6dc40f2ba18c87e,7902.91,0x03e68ff043af8d1a99f8fe41f56e64ad2e6c8aa2838e09627eaccc38a7814db233,0x04e68ff043af8d1a99f8fe41f56e64ad2e6c8aa2838e09627eaccc38a7814db2336aeef16cb393df15b6068fb5d5d346294665d303486191a46e883793fc36ea17,0x8d2e8bd58ccf57d85866df88dc3774620840e54dbe69e346a7a17dfbe1cc1eec,ok
0xd43bba96d666ffcbeee8ed28382c88e7907b9830,7839.01,0x02c45a6c67b0fc9bd5f44a4ae7c7bb1bc867d7bfad8cd44fe426d2ab4dce235980,0x04c45a6c67b0fc9bd5f44a4ae7c7bb1bc867d7bfad8cd44fe426d2ab4dce235980ca617003660f91bafc44a5d331a7aba46b51dea94a62f3b5ae1b938660ce2840,0xf7ea0c9c81c61cca64dff58f99b89454b0bd49a81fb73e38407e235200197e5a,ok
0x8840320aab84d069fee6f139c7b150730c1081e0,7815.41,0x021a756e54f61f60ff955d99b89b521a3be01146eedda389bfd163d8f18611a09e,0x041a756e54f61f60ff955d99b89b521a3be01146eedda389bfd163d8f18611a09e0b1e93d5074ffb435df72c594b68c6f6661fa16999e921679cf719ffc6eeaf36,0xedf2a68fb5af3ecfeb9ffdeca5f4663c20b558ebf399c5cd7c560f4be9c26fbb,ok
0x891c58b9a3a2eeda35bd48cde3bd5ec5bc8f7594,7781.80,0x030f764730bed77e7f8a53e02d7796e1c950883114257269330203943109c0835f,0x040f764730bed77e7f8a53e02d7796e1c950883114257269330203943109c0835f7c11e33aec7acb2c591bc56ef90932e1e993c90e1a53950b11e14e0b6a51cd5b,0xa0965bf031db7ce82a6413ecbaccdf62f04078aa080822ad6a60aa65ca21b43a,ok
0x31e1b5b48fe4b62a5f2d6ebe033c7ec12d071767,7777.93,0x029e2dc343063cfb8004ff0f43646668acfe48e52c6fd935460b633e946b0dbe0e,0x049e2dc343063cfb8004ff0f43646668acfe48e52c6fd935460b633e946b0dbe0eda2ba4066f7fc1646b36b4df7f23b6c4ba740ad0020cda19755ec4926c38a2ca,0xcb6af9dbe5db767d077c62207e61b134642fc691d63a960fede4ded7e0f9a8df,ok
0x125f230214f37dd59dd77566136844181e6648d7,7762.29,0x02daac3cf3e6b151029c4772ca4189604b5a5065c2737a05678c2cc05e022affa7,0x04daac3cf3e6b151029c4772ca4189604b5a5065c2737a05678c2cc05e022affa75a97bf8f5034b69d0ab8b22b267f58ee2259879c1f068684de623526e39875a0,0xc148e7ef291a544f5741ca29b232cd31ad57f21f4362774f3b120c77f85b5051,ok
0xdaf216df37f87a5453f03fdfabad2d7dfe501662,7717.09,0x022e6ddc97900b8b0f8f1b63784f43bae4e159f1326ed50c7d135b1a479e445304,0x042e6ddc97900b8b0f8f1b63784f43bae4e159f1326ed50c7d135b1a479e445304140280caff963f728ca7eef29d9cd1cc26cdaf749b89e32f79b6d9f9819e4b08,0x44d234272b19f2ee8ec7ad35bd080d1b522645f21735131d422d5cc606448da9,ok
0x6642ffdc7826a0d92449262c63857762ffb9202b,7710.19,0x02cd8a19705bbf638425fcacffea8ca4631853593a20bdf2fe4645f8960ea45a90,0x04cd8a19705bbf638425fcacffea8ca4631853593a20bdf2fe4645f8960ea45a9034c35cbdf7c31a70924d7c59cf31751587c041cdbd733cb1ce130ec1b1e0a774,0x0e82b753c16236b7fe768b7bd254f35133445e707b9f1e7cff6c96ad1b082d21,ok
0xbb5279071b6e3a11f381c02f841075133aa5bf9f,7709.38,0x0313593ab096cd07894567fc2e2ac6cf142b02c31c26775fadbe243b3e62eeadfe,0x0413593ab096cd07894567fc2e2ac6cf142b02c31c26775fadbe243b3e62eeadfef00d8919dfd9b327feb41870620f8898a388c762d6b25e8606b1d515bb527abf,0xd89b639dba070df0fc555f038131aa054b50020d018d00c239b5ea9c1a12697d,ok
0x5110d388a252fabddf5feec1718164308607700c,7655.02,0x032b195b7a0b3cf9794e110acd681d7bde05aca3c1fd4e9d5e72372b38455f7b2e,0x042b195b7a0b3cf9794e110acd681d7bde05aca3c1fd4e9d5e72372b38455f7b2e6737b405d537a1dc67caa323eabcfed00a4186a360476bd5cbe7d829f312c997,0x28295ec4c3761db6f696d2a6cecc08ba41bf30049f1a490da3f72725540832b0,ok
0xadc3381663cab5dff1c4f041e5fbb2e3fdcddf64,7645.44,0x035b636afd8c463b0803393a69d91467fa3e2869fe901a363000de36ab7e62db72,0x045b636afd8c463b0803393a69d91467fa3e2869fe901a363000de36ab7e62db727d1e946cec2769864afafa82a1c6cab2666e94f45de28de0c5ca0995e48657d1,0x4ad7ff9e2d6e0a8c8d877afb3af61349120e0c253dfc2594200492bfd62e59fe,ok
0x8dc86b4ef04fb4175ea9c89ba9e2a9a47e3b8646,7574.64,0x023c36f4834d95b7fc93e2b12bea3ae4f0cff5f08d5acb2bc3c90bfe9ab926f657,0x043c36f4834d95b7fc93e2b12bea3ae4f0cff5f08d5acb2bc3c90bfe9ab926f6577a948cd2d34eda71fc4b447d2e314df74c0ae92f511cf75d8709b98aa62d90a0,0x74594c813c87d9fe58fc167ef217a198a4adf52a1efd4dec87355c152b6b9464,ok
0x8fdd879951e2b9706e0ca659d657eb7053001898,7568.21,0x03e3f13920e388dd351c8bab197e3597ec92849e90667ec3cc357ca3b4b03c1771,0x04e3f13920e388dd351c8bab197e3597ec92849e90667ec3cc357ca3b4b03c1771a6a3bd6657b5d344cc7e3fdd5da169c2ddaa29c08a442ee4a674c966003931cb,0x1e42567a6ef18a88ce3de7cb5f940a73eb7f5606ba9bbeabfb8afa7eb753d77a,ok
0x1e630928d5bc3cb941f167054ff2d61e78ad557e,7553.86,0x022dd8dc8fb6279a6ccb1506e6581f5b1f4fd456b5e2fd89a51827ec5f8f33318f,0x042dd8dc8fb6279a6ccb1506e6581f5b1f4fd456b5e2fd89a51827ec5f8f33318f71ccd2b7432cd0c06bd6cfe61681209455fcadef6d3a0ee97b3e028d695b5a66,0xa97066ece16e8be66b2224b4f715adf8929c1b1bd30e9933e925eac6f5220460,ok
0xa81e8e93ac001078b063b76f95f0557f2f33c71b,7536.39,0x021b548d3588c563b49c6a02eec45da9a4cafe33d9f203d7f2150ca2beb64b1d84,0x041b548d3588c563b49c6a02eec45da9a4cafe33d9f203d7f2150ca2beb64b1d84a4ab6cb039c014e5077d9de25201673247f61c7409e0c4ce3cf9dfc8323b6a1c,0x9318a67eab5bafa4c6015400c42464d0252e6e66d7df2234f1400bfd5e3eb100,ok
0x75e17d28b1c4d56c558226729154238bfa492c19,7525.11,0x02b5b06a6b9c4e4d9126a68bb77e728f09f65572c35924d13563e8e10234a1cfe7,0x04b5b06a6b9c4e4d9126a68bb77e728f09f65572c35924d13563e8e10234a1cfe710e99b89a9a4a9f36c92f090fceb8399f68b522b1f857cd09bde47488139a046,0xe14f6f352aeb2099909d88d15e9e930ff44097a00eb77d193a2325c54a7de30f,ok
0xb134925525234a887fca60b59ad564ea6e8baf3b,7521.38,0x02d2d64aec04ca7e390ea450b8e187a452f03107a03af9e716f024ebd91ead81a6,0x04d2d64aec04ca7e390ea450b8e187a452f03107a03af9e716f024ebd91ead81a6c61032418e20b23a1f0572c5c9948f1541b26daac0378ef1fd644df4abf900b6,0x52c0b6b43b8ee977fa34877bb0f0cdb46bf5a3044ecaa2f08ee1538fd4d06bc6,ok
0x7fcfc082071ca383dd30e11858b484370eb78a87,7469.04,0x024fa5b1f0ca29286ad56f3697a274fb63ffea63a1da8caedb8c4059350fd97cab,0x044fa5b1f0ca29286ad56f3697a274fb63ffea63a1da8caedb8c4059350fd97caba3e50430844983660f64e523712b83f04b08b0f6becd5037812937773109f598,0x3eee932eff09819c09a405dff5fa558cf4992c0db5dc205bfa6ff43b2987072d,ok
0xa9aba990d6b99d2c02049611e5999830e0f5b721,7469.00,,,,never-sent
0x3815ebe693fa52cef699ae389fa7b3162205b286,7443.24,0x026ef2acd62513127186769c5a503fac7478b5c6c0bab062a380b80a12d4c31cf9,0x046ef2acd62513127186769c5a503fac7478b5c6c0bab062a380b80a12d4c31cf9c3d9e937b4e49443f2671cde2be71908ab6f3b8ef37706d96ce27477a89aa160,0x12e83e5ae52a6c8a172b687db80b563f545040904549136bfec03b2e61689b2c,ok
0xecfedf69ff487c0a673684af6161b5737ab83daf,7430.89,0x0351718352bbd0079ff03508319ab21181a3dc774c701dadc9006ea1253baf4419,0x0451718352bbd0079ff03508319ab21181a3dc774c701dadc9006ea1253baf44198bae51a968675ba0dee854c63216d0a6efa889757a3ecac84fcaac3e3d342831,0x3e05d696de2284b43a34cf9cb57ddd4278b6a5a1c925348050f313869459bde9,ok
0xa48fdc8364dc53eafe605764e2e09204d9d042d0,7320.59,0x028ff000f20db47c6c703a5b0da434c472610c52dce63837e2b5c8276948ca092c,0x048ff000f20db47c6c703a5b0da434c472610c52dce63837e2b5c8276948ca092c19ce4648452821baa0061a47005b7280be0eafcc723501b7f5b7011ed1f7f796,0x0108586bd054e0d1ccfe8d6de582661ec74c210c2de973ec5a0c42b6be574230,ok
0xe9d6ec1fd61157e4c936809e5cd5f3403fc5a16d,7310.60,0x026546c54321a7076275d9aa740e82d27fc8105cfe46485b5df07836e024bf13d2,0x046546c54321a7076275d9aa740e82d27fc8105cfe46485b5df07836e024bf13d214d033dd0464304190b3fed109f7922416f1bf8a1e452dab950d95960e1877be,0xcac9b5d5c50a55412cb6f40e0dc714cd5f1d73826fedf7f6c27993b4eb44e491,ok
0x2d3a4e0b8f6b65d3b1f40ab281f40c4ed4fb488f,7285.97,,,,contract
0x131729c7da3695b5992822a644229ffe5d8cc6bf,7264.51,0x0374c864722d346cf3e8f80e18bc6821bfe4d298e348c4b4882f8c4084dec84c59,0x0474c864722d346cf3e8f80e18bc6821bfe4d298e348c4b4882f8c4084dec84c5988eeaffcca5f6c142beaff906f44858d25838dde30198d52683e718ee0971fd1,0xa7e3a690d5e3d3ffc0a74be9805d9aafbf569c5adc414540efefbb546a1a6e1e,ok
0xffa3ad5c750aefdd215a05ad58d43d2f2c32cac7,7191.75,0x03e9eb81cda2d29eac79d48ccbb02d4bcb7b7cb7fb56ee0e46a800120e4bd9ec60,0x04e9eb81cda2d29eac79d48ccbb02d4bcb7b7cb7fb56ee0e46a800120e4bd9ec60ac3052f21f4a7bc46a9261c9a996469e8308b7f20b8a7c5b8fc533d3f92cf435,0xc42941bf3f7e9d26149773d6b5f6a16169bca213bcf91c8dc7376c9d85cb6408,ok
0xd4fc60b48bdda231a6307607b66622f707dbbcb1,7049.92,0x02122399903301f4e039a1d5ce6bd546c808a1f222627c9e54c1e399abb7fd94c1,0x04122399903301f4e039a1d5ce6bd546c808a1f222627c9e54c1e399abb7fd94c13b741c81e6d78079be08de22a13814445faa117ffa4aeccba3213553048bfd78,0xebc8114bfb87cb55288a0573fd2654ade59af6cba5071a8626772827af47aeb4,ok
0xcacf077451368ea057ec6991d0688f89241b0baf,7034.79,0x02aa21c3724031d48a3ec56ba4683bbef1316037eedd4fc37ac84507c8d13dfcab,0x04aa21c3724031d48a3ec56ba4683bbef1316037eedd4fc37ac84507c8d13dfcab85cd297e223a3fa0ff9a0c5cfa26b210c84204ae1aab186a287c065e52095af2,0x4c36d335d5c40357804497d4363676e237689ce2b1c370d82572e1930f6a7aec,ok
0x078b2c64b8d618fba8363b234a98d48b9dc2a154,7004.56,0x02544bbf10c633ee5b9ba6b98eaf0ceb9ff92afde1dd7836aa578ae4e96a2b63fd,0x04544bbf10c633ee5b9ba6b98eaf0ceb9ff92afde1dd7836aa578ae4e96a2b63fdc536cfa4af8a0871935f1750ac79fe02b6e361df43e1e8ace1b56c79b67e8ba2,0xee82d6a74c7e9b15851bd288020cc57fa3985c1a25c140bc3ebe77cc5e091241,ok
0x067cd6167badf67f54e6fe6716513f5ea8323922,6981.99,0x0354282920eabf62f1383f126e87851b5686e463af0a31db959a867b89d11cc7be,0x0454282920eabf62f1383f126e87851b5686e463af0a31db959a867b89d11cc7be27d53c517dc9b313593d7336dd79a29e29a7ad9136fc686d07eb568f3d646901,0x57309b35914f91452003553d782497e9b7ce3ae3d142716d9a23a290ca85fbc1,ok
0x4588247d6750eb6a18082e187d318b822401b83c,6851.69,0x036ecf7ab66affc76ac54ee330790ed40c57a45173b7077967ba6c0feef5196020,0x046ecf7ab66affc76ac54ee330790ed40c57a45173b7077967ba6c0feef51960208504667fbe6f350a905a0e4e26ed03720401dd6c531329b72e1bdf4f2632f673,0xc2e778a712128608d24ba08a20b315a554cef28dee4dd26028bd3ac7122e8086,ok
0xc9c5874e2396fccd4cc18fb496e5a3897cb341ff,6847.36,0x02f0cf76214355f290a7af5306afd2dc0796a85737f01b033013a26997fe0c3ea4,0x04f0cf76214355f290a7af5306afd2dc0796a85737f01b033013a26997fe0c3ea47f5749e00fa98d5bd666a5d26a7c635bafd4b7b708d5cc02451e2f7d9bcff22e,0x4b23018709ea0bbdd4662c53db1d6ad603138fe86844bda4a74c53f8143ab971,ok
0x869fa090d40ba4336c7a846738205ea4ca86c99a,6801.03,0x02fa27028d4a6a7bdb30adecdadf32ce8e42bbb1eb09d8eb177502c11ceaecc970,0x04fa27028d4a6a7bdb30adecdadf32ce8e42bbb1eb09d8eb177502c11ceaecc970d5604b7a7ed24a16395cff7aa776de4ba77cdd7dd899265c50396fba3b57d2a8,0x6b9f685d18fe8f50238f9bfa40e7a2d261961ddb1b08b03a7e83c2ef0f9c9f4f,ok
0x7fcb8c6dab3b6baf66f9e1833340dbef7601d5ed,6782.68,0x02107be7d93c02f4e0eced75ced032f7e699b1d37efe4075292004e487135196a8,0x04107be7d93c02f4e0eced75ced032f7e699b1d37efe4075292004e487135196a8879dcedc5f671eab53cf29ebd2d5cab69bc4a25276069fc2e7ecaf57d5d9c05a,0x0ad80ca4746da2eebd054558f39a701ddb1a83fd802773a347baeb76c5294e4d,ok
0x80147f193be25896211aee17b3a9d3d3f43f95cd,6759.71,0x021a7f37618ea4b7cc74b046c1918b3dececd2861e82a73ef7eb7c0db9130e8775,0x041a7f37618ea4b7cc74b046c1918b3dececd2861e82a73ef7eb7c0db9130e8775d8ec3c1bfcc4b3b552c1905d5e5f70c68dba5e1c0e68dd08ee65dab706b60682,0x4b3dd90ed8c929b7b2400b45d28c944271ccc9f766c6035394152f66b2a86893,ok
0xf0f58291631909c1acced1cb7bce2d330689ac41,6757.69,0x03228db62acc817fd195608f82b602dac84f2804312b9a5fbff3c33aa40e7cefec,0x04228db62acc817fd195608f82b602dac84f2804312b9a5fbff3c33aa40e7cefec1ea1fd61bed98515bad21c10aa1b68b327e89c1cd9d4779e033de2d57217040b,0xa94b6166b1173dea1fc83b113516be245b52513c44a12bf648519d8fefc3ce51,ok
0x82dbba3542901e7b1462fd0e5eb1848c8290145d,6713.01,0x03470158c97406bf48c9f82609db4bfd1876034477cc1766c988a71b67c85fb34e,0x04470158c97406bf48c9f82609db4bfd1876034477cc1766c988a71b67c85fb34e3c1f19210ad423399456e148be8335d51625aa605f658bb24451f701ccb76cf1,0x1a8a135fa171953deffa50e0604aca70f0bca15fb95f16f30e357cff73c08c6d,ok
0xba9ae2a9e2cc8b1d4feb76f170eb62c8bdc5ad19,6649.64,0x02d5cb8fd6f1073b7339d5ce959e5cf7a9c8cd1d36479920581055abab6618812a,0x04d5cb8fd6f1073b7339d5ce959e5cf7a9c8cd1d36479920581055abab6618812a33f816b5e5f25f3bdd074dfb732403dd7a8c9b9daf1d61da8ac7351e34ad49d0,0x62fb8a648d7bfb4961d68ca067000edd11c16dc784c7c2bd146e519491e5827f,ok
0xaaad2a743766dac862eab81c5a4ca1ebe5db21f2,6649.64,0x03827ff257e16001256064bf9d2f51c3eb52e51f6f3571fdc3d9365866924c44d6,0x04827ff257e16001256064bf9d2f51c3eb52e51f6f3571fdc3d9365866924c44d63ddee07c448bd1703442a0664873477837d9701edecd113758e0da1f47f3bf7d,0x7425c80ee3ac92091996fc0fbe95ec9e9ad04220fa2874487a1d435563facf8f,ok
0xfd81297c9ee089be2745bc5b87626c9768b8f344,6633.78,0x03b62ee4b76546cee1416a77f2aaec749eed396775b5e21b0e18e352be6c33d70f,0x04b62ee4b76546cee1416a77f2aaec749eed396775b5e21b0e18e352be6c33d70fa3483731fcc6a4f9842712b2fd3ba6d888b15a489f29e93a6569f2ef6903ba2f,0x68398e350a28f6abe96016d42e9b60cc43d09f03587e7dbc911ec2794ea5bd5d,ok
0x5f2eed23d8ce9d350f5bce571be68bacafd61123,6561.11,0x02df5750ad56a84a06350797a392e0f725f09619424dd309ae956a2a460288f084,0x04df5750ad56a84a06350797a392e0f725f09619424dd309ae956a2a460288f084e3c2f573e2d6c831cfa77babde9eeb78614941eec7723a445bcb990aa464c3f2,0xe85f9b64cc7ef4213ede4bfc9406bdbc4fdb3f83b0a925de63f70683a2d7f1de,ok
0x5a32531e67fca6f06e20feb48e49991c8e679243,6555.98,0x0240f23aa127cef8b412c777407d830db4ab5aae43f09f4bf59f77a6697323aa30,0x0440f23aa127cef8b412c777407d830db4ab5aae43f09f4bf59f77a6697323aa30ae025f2f0e592db5133c9c868f3357f6e418ac77b5b7db9cb47837fb1d23da38,0x6cb24f62ef6d71fa8d8e140eb00aef1bf73ee6358ba974d86cab5581d552380b,ok
0xf29f8cf33ee7fed97adcdfb62148b5852cd2e6a3,6516.84,0x0242f439d89a0dcf5aae157e120cdbbeb7973fe125e1f23b86bfac27defaa5a31c,0x0442f439d89a0dcf5aae157e120cdbbeb7973fe125e1f23b86bfac27defaa5a31c28c6b405ea9109adba54869268ecb8139c3254275ffc4187fd3582e63d8d43a2,0xc28fc25bb3e544e5ca515cc8ac86d883722adbdfe0cec694cc4a00cf9df2aa7a,ok
0x588e153c6a0913b160c7c6d64b861bec59862734,6480.92,0x03bb080a3c5adffbd93c57889073e3d21e6a0d979c231bb0eb270e07004fe207eb,0x04bb080a3c5adffbd93c57889073e3d21e6a0d979c231bb0eb270e07004fe207eb81c1d2db40a813634fd11e914ebfc5df90f1d9de4dd233e128243901630198bd,0xcec37638d85ae0a6923cd6115c0aefa7d49d766576fdf3707e96bba206ca89c7,ok
0x5ca366097052f628000c5b6b1ce0e825feb961b1,6457.08,0x0237a4de352762c748e5e8236b4f10c6d9b63237022baeca1522ed85f01f71089c,0x0437a4de352762c748e5e8236b4f10c6d9b63237022baeca1522ed85f01f71089cb7776ade9bc9aa5d5d0b801a0d04aa8eb496b457951f18844b4458836bb199bc,0xb6ef4c3b0615bb24fc2cbf7a7fbc12404059a0417b7b338d15f7f068c8d8412d,ok
0x128ef160b7d569d458c708eca23b8a24ca6e622d,6402.70,0x033b5cf71088b5ec2ec7d5772e07cf6869e1928eb802258c4db5e3a67144e1ca30,0x043b5cf71088b5ec2ec7d5772e07cf6869e1928eb802258c4db5e3a67144e1ca30984f93f556e3ccaf31b55262d92952f664086b6f061db69be8d68af154cf861b,0xe5507fcbdf40d21dff18663cdb596733698c456ab5798d16e3a620f8b76d6ac1,ok
0xc9594aca3d34f3a1aaf3a8a200c7f44b4b5f19c5,6394.91,0x034cb592ef01bac00b9caaadb0ad30e63f36c70b8cd715e856c4e4823074567548,0x044cb592ef01bac00b9caaadb0ad30e63f36c70b8cd715e856c4e4823074567548483134f74a4654c384a31d8096433b3b7d5ac3af1b877c2bfe3a2158404081a7,0x1145dbb6a9781f29a40889c361b3b1659b7622d68f9ea0f039459c58981f617d,ok
0x43712ccd50030f99f2cc839b1db3f2785c3c4f14,6381.16,0x02cc0c523670a2fedc4550ec8010a5e69c7acdf387f144396d4e687dd6cb348403,0x04cc0c523670a2fedc4550ec8010a5e69c7acdf387f144396d4e687dd6cb348403de2cbeb0d69481713b46034baf4d05211f80282bc762007b4ae1cde109462006,0xafa812a67f0f87f858995380c0c58105b14e7d98ebe2b1be15fe6fbcc47bbe33,ok
0x4b4c8c8be41f5474a20e43371625bdca9fd48f63,6350.09,0x02bdcad2a77cc2f0695169e4fd9c2c7033919d63955c5ec0af0cf94719b11e671c,0x04bdcad2a77cc2f0695169e4fd9c2c7033919d63955c5ec0af0cf94719b11e671cdde45bfd19897cff7665c3532762d4ef96e81bae6f88e56ed928bc22c39b33fa,0x3f01204659f6c99bd51ef5e62d739683fc485ce4e346457b3f00ace3b956208a,ok
0xb834578d2f03967c35a58685ec75439b5b86e1c7,6297.38,0x02602092fd211962aa9f0c9dbccd65467f5aa68297c07a75e844248742547b2460,0x04602092fd211962aa9f0c9dbccd65467f5aa68297c07a75e844248742547b2460295ab4ad2c9ffc9bb042f8ee5a2df94f93ed4ac57d0da59e0be685e39247f088,0x9ebb2e657cba71fe3d3ef33acd11c7159be443d2830b824bf8a248b64364c767,ok
0x094730f2828dbd984bac57cd3e6244de84488198,6291.96,0x02c7b2bc80dbda8aac12e63e92ccc5248a79bf305394b7fb89f6f1e0c3bd5164c4,0x04c7b2bc80dbda8aac12e63e92ccc5248a79bf305394b7fb89f6f1e0c3bd5164c42b02772260178322ed0cdbd6083e3a91fe33c273176f0cc7523d206dbee82bee,0xf6f92ed8f8581fb7506b3c34f444c7a409964f0e94e1b5fd60d1df6c11de1208,ok
0xb5e76ad44a67539c4b8a3f84cdc064fc3086508f,6275.55,0x03182a9d902784ec30fd65889b4b0e2f698b15e0d648d02791f215e8447e3aba69,0x04182a9d902784ec30fd65889b4b0e2f698b15e0d648d02791f215e8447e3aba698ae5fd49f3e6e7b1f8b780ac781448867abe6fd989bb793e9257268c4b668c2f,0x58f3176d84dd4b26e89b00f47b7bad55a28c19039d5f2f105cf47dd4c6013312,ok
0xb1e0decf28f0c01232392a6799193929873ebc21,6275.44,0x0276450b82e187e272899451c44d470f567b18ecc13f77e102f42725c7da85cf76,0x0476450b82e187e272899451c44d470f567b18ecc13f77e102f42725c7da85cf76800f82cd838cd58b4feff6c93d44fbb631f958f62855ae54dcc6d68e72ba2bb4,0x8fd0ae5d3df77ab86f957157434b0196ab164f309fed48025bb8000925a71a33,ok
0x983a1f7ada6267f09508f547628030d5f6010452,6250.05,0x0379873b8fa29ceede92305210c8990c2220a6a51ccff38713e9c2a8ab9281ada9,0x0479873b8fa29ceede92305210c8990c2220a6a51ccff38713e9c2a8ab9281ada99335b5cbab54f7b2acf416e024ba764c4d8180f80b5e1e554e1ea8de5593fc2b,0x10813eaa790e3b39fd2c7d029feb9495595e4345d639e964a33f6abdc40c15c4,ok
0xa062264883caf70259a05ef046381d53136c5cd1,6235.41,0x03cb6ef1bda8cf2adaa29dfc578eff6fc62a48d827d5602126ef09432924827789,0x04cb6ef1bda8cf2adaa29dfc578eff6fc62a48d827d5602126ef094329248277896db14ea7d9a9eaf5e7cb6df5322219daad46c9ec1d893b0cf5d5444688e3c82d,0x863716e1776369f8c1219d30080d3a5be0f7737182c7bceceed332bc2e8f2e27,ok
0x74d11601e301b2b565119a4b36b56ed603e2d97e,6226.39,0x038df90c2a335f9083d8a330eddb62f7704adcc0665e5e9ee0dd39fc33755dadd6,0x048df90c2a335f9083d8a330eddb62f7704adcc0665e5e9ee0dd39fc33755dadd63f9adf7a291140fcfe0373b826b951ea245c9313af29958166e2d35c4453e733,0x8573ea3ed32fd56faabf528565197b76156d62201477f0deb28e9dea8f8bd9af,ok
0xe7a292a15fb80a8476d60dbab0ed99a1d20f3311,6223.80,0x03942c462b07162a1883bf2b5d3a1275f5827c06ccc41983252b959c959686b0f5,0x04942c462b07162a1883bf2b5d3a1275f5827c06ccc41983252b959c959686b0f530337920fe1415319243a0a734eccb121ec60afbc296c15267ab5d99b096efbf,0xeb0d9d1832fa7b48ebf2fa646ead9df89cc0a00743dda8519c5787bec45dbc23,ok
0xef3e1133bc5210eef2217c44c982e3259ecb7143,6129.44,0x0326ecd94a905fe87a8eb04212db98a5fe7f9147414f8b75d70663c4e6a0d3e16b,0x0426ecd94a905fe87a8eb04212db98a5fe7f9147414f8b75d70663c4e6a0d3e16b28434bf9f2760db2e1d6af4bcb524791e79a7e8a9343c5a221ea3151f1a63ecd,0x6282d9e55217a8347a71ffd693162777d13a0a0b90a78d4b0ea8eef316f472dd,ok
0xacc03a8b655fc3d0ed1a9de5211dab6eb9313aac,6124.82,0x038cb49103667033d0422bd95e032a9af53449a5e1758eec968433d2bb677c46dd,0x048cb49103667033d0422bd95e032a9af53449a5e1758eec968433d2bb677c46dd95b720731679f6696c3e4ccfb281781a60926f52843b19521440a7e08c851037,0x043e2cce292be204301d21740a56498af1fce3922576cedb85271394a3ec1c75,ok
0x33bf235d99c8cbcffe0eae8620271eecf6abe798,6066.75,0x0234f2985555474eedcd6b5ef943c9743265f1d1e0c8939d8f969e5c1aa71f9ccd,0x0434f2985555474eedcd6b5ef943c9743265f1d1e0c8939d8f969e5c1aa71f9ccd3d84338e859be64eb11ba11a238fbaf33b53650fa54c8bc9c01e158d2a3619d2,0x7207238f45c45c41093a1eaac55c39238f6bd1ba26d912018780b7c3a6ce3713,ok
0x4e1f7144839f69cf1709b726f14b4c249219b8cd,6051.07,0x022a398b4a46181434f7625bfd9cc8769cfcadb4c0f5660d842a9091c3428db021,0x042a398b4a46181434f7625bfd9cc8769cfcadb4c0f5660d842a9091c3428db021cd374ee43de2eadd1c34005eb5e9fb02016543c7df2a8626a237cb042b16cefa,0x16934622f54a5c9ff393359102fce013aec16454f8e47a8f131810dc5477e88f,ok
0xe2579c01ea40195db4c8a076bf9143c897d26f08,6024.87,0x031ccacedda51ec08d7b20033cfd46fad69dbf36acfc6bb905fd6b2d5c71e75e81,0x041ccacedda51ec08d7b20033cfd46fad69dbf36acfc6bb905fd6b2d5c71e75e81882a3f1487f2a2118f87f583a9be46a28d806dc3c13487ba94bf98321c0cc4eb,0x5a28702a6fa486a71627697a5da4d422859a40977725294d29c80e30777f6c22,ok
0xf577726939a214ba84a55c3627c2d0666e962437,6024.22,0x03e024898a7ece07e28c7673463d0a7d94b44d02c422b3e7415d5c6372f843f1e6,0x04e024898a7ece07e28c7673463d0a7d94b44d02c422b3e7415d5c6372f843f1e6df4eeb59b99b3f1a14cd45d0790503b7f3d6b870d699cf594832a8d80c71c80d,0xf530a73209401c6dd2b08470bb85dd02fdb3e909933f7412ff07e16c8f78fe32,ok
0xf4a52a43953cf6e9394d9db77c47e9acca346eab,6017.63,0x028b09b30f1c37d4d1a2e56a8dfdcb5967c30bc361335aca1e997f0c822a135683,0x048b09b30f1c37d4d1a2e56a8dfdcb5967c30bc361335aca1e997f0c822a1356833c21fb3b8c2878d6d71c1a61df5e771beb49458b788e177d610a5f015dc2612c,0x17e110074a2bfd2b150ee55a318552c62503407e1b0fd49d4f48d9120a71d9d4,ok
0x3006e95992719153336d7652ebdebe2adc7b2967,6002.16,0x0343b4d78f64c0182f3b3cae2cfabc4d7df7b222f2f8990aad5e05fb05a32aeb6b,0x0443b4d78f64c0182f3b3cae2cfabc4d7df7b222f2f8990aad5e05fb05a32aeb6b1634eccba8109ee423d080d0f342ffc22a0883259793a4c4f57830247b2379ef,0x07bc1b43ffbea9ca24cdba1840e37c71b32ce5a583b1b84f8e9a56e7268ef7ca,ok
0x8e1f4cf2d222da2dc7ec568318809d73db335c5c,5985.16,0x0336cf25efcbad56919fe035c2ed688ec33fae7a97b9731cf5717723415c13735c,0x0436cf25efcbad56919fe035c2ed688ec33fae7a97b9731cf5717723415c13735c9ad1b06cd3a6c2f5a87ffa2f4c66dcc8f3f1a520b4b52e90c7ff532ddde9682d,0xca8607d4ca045cf1b78ecd1519a6dec763fe378161d422802c53cc925889da91,ok
0x9b3d25f086c48403e4db52f0a80fd7e0bffcad0e,5973.32,0x024abb50b50c248e867ffdb25493a21076422e5cd1d6d9bd32939c06b548174f39,0x044abb50b50c248e867ffdb25493a21076422e5cd1d6d9bd32939c06b548174f396fa8646e150f0fe9223d266b8b18bce47eb2c87807cd337d5e815b5574b8078e,0x6e757cdc3fb588dea95949406572121331df1fadad8dddf99d6fe60c59071881,ok
0x1f7d67cc06a081a58608318a339af57dbcb1de04,5873.90,0x02a152378c5fd708e00a699b94f9cbb43247fae4ba67843b6c2a7c43ef42f99195,0x04a152378c5fd708e00a699b94f9cbb43247fae4ba67843b6c2a7c43ef42f9919519ff027eb1819b7d21910e0615953cb9fffd435ea746639ccc25cd9dd41c1038,0xa24009830fe5facbab7b667a52a651b7c7bc0547c2bac5756cfb03cf539c1652,ok
0x3996e27915fcb280e5aa5f121dea6a2f655284ba,5828.98,0x032a1814693ffb3f5a8726c51445cf6bb3a7e8ffc3a712d225fde8b4faa0739aee,0x042a1814693ffb3f5a8726c51445cf6bb3a7e8ffc3a712d225fde8b4faa0739aeea0c21d058b526b8b9b97afd354940c3cbbd84a69afcfec25a17842825ecbb291,0x431a66161b24a82e84c9b75efb8cc5290976eb9fecdcc56b54654f6be53bc7b5,ok
0xe348a3e1132f61fab665a53e021e7a95ae9604dd,5820.35,0x03f0603261d78ec3a653646caafc0c88d8f20b5e543e3a3c6b58284e03fa44dc24,0x04f0603261d78ec3a653646caafc0c88d8f20b5e543e3a3c6b58284e03fa44dc24de20ce46d5fc8999aedfa81b309dac1c0493750ce99656e4fafb58b9979f715d,0x6461b714d4ca59e6c8894ce4041558b0d7fa7bad061642d3eaf9b4f165ca7dbf,ok
0x52c5be3ce033fbf39762659d723df9ee175bc74d,5735.90,0x02177aba19da9eb34e469eab81aadc82058cf28a54f599136fd54c3d1ff9a5bf3d,0x04177aba19da9eb34e469eab81aadc82058cf28a54f599136fd54c3d1ff9a5bf3d40c5d671c4dfa5d79b1d9ba31bfc4c5873d1db851a7c4c9ded7f2da74a3fc712,0xbebf548d03c801a11ce4b0a7ea6329a23f600a7b5fef40fd103e902724b399dd,ok
0xb2386e9a142ae045895f28d8f3a0bf6774cc9df2,5663.86,0x032846fc2e4f41340c2661f0f2c8833b1283581b56ce68440c2733e247dbe90f37,0x042846fc2e4f41340c2661f0f2c8833b1283581b56ce68440c2733e247dbe90f37ed4a0208770ac85878474102526574dad51f284465e36ad568574a359b880067,0x8fba367fe0d88cd29744f70f10f0adef54e67b72b7b3930a48c0ce00afaa2ada,ok
0x70b2a2292d16a13178252105fcc1ecfab4e0b485,5644.43,0x03f6342df2d6dcce3ce20fb00d503482283734efc4ad342024dcbc8284695a1728,0x04f6342df2d6dcce3ce20fb00d503482283734efc4ad342024dcbc8284695a1728a32b099c62d7ee323bcbcec2c6c03e8146fbd1cf9b24154bc4da4b3b97fb6c9f,0x9c0187b8f67de8373046bec9617f155bdc2ba5ea83b37bb694c8c0b3d4fd3acc,ok
0x8bc312fe6b289e95c23c6494dbf305a46f1c2761,5637.17,0x030d3dd9d4de2d4f65af912c8e2fd432ae9b5c45c1f975653f5582d7896eab5b55,0x040d3dd9d4de2d4f65af912c8e2fd432ae9b5c45c1f975653f5582d7896eab5b55531e279cb30538ae6557c348bbd4f1719d5533cac7d6113dad0622e4b9f8ded5,0x4c26e5ffb2a2f3879448e0bb80e24e52cd99ce178d538a2c36ae21e83e08653b,ok
0x1030b17ffa174c8db2ca5657ef2aebcf2d0d6b2c,5552.44,0x02b79154174dc28d08638f9b770c80363bfafa249ffeb1193a45d782aca7c35984,0x04b79154174dc28d08638f9b770c80363bfafa249ffeb1193a45d782aca7c35984188f0fdd9502045b980636899805d009cb9db17da7324eeb9c4f913baee9e08e,0x3295589a856425a7d7c18d1d3e8b1e54cbb9f8031c049743b211651b1a16216f,ok
0xfcf93e8bf7323d160991ac9411d4c879f6f9226e,5550.03,0x0291294701388f0ecdbb1025dbdcfe3b126858d1d768b1ba6e9beb7e84b7953c50,0x0491294701388f0ecdbb1025dbdcfe3b126858d1d768b1ba6e9beb7e84b7953c507b8e27882e772adedc998a79d5c1a30adfc14cc612635b1e0df910ce3b0bbb7e,0xf9f5cef0eb47906bb89bc7d2d24fdab18158c4f7a473505c161fd3ead32bf63a,ok
0x10d0a8286400020f15196de26e520ead81ccb305,5506.94,0x0344f467c70b0bd8037c8d98ff4be86391f1c3393f00eea858327c8fd0e9083d86,0x0444f467c70b0bd8037c8d98ff4be86391f1c3393f00eea858327c8fd0e9083d86494acde7cb13eac5ccfa9067b54dccfa901d1c6af87fcd53e080ae1a7ef3101f,0xb28aef42abad557a29c905b61d2bcab444df5a0ae9117a0d08de6d0b50742746,ok
0x11c277fd34f4d8ae564f4db2c4ece0d26020e0a1,5500.06,0x034a3cb5e9b2f5c5f3f8be21b7daa8c605755ea08fda111c4550e609d93c413c61,0x044a3cb5e9b2f5c5f3f8be21b7daa8c605755ea08fda111c4550e609d93c413c619fdefe9c3a945019f95d7f40dd3cbc6112b532a2f84046ea80eabe9e3a90c019,0x74ae0ba2b6e1fcada2ce3c5d7c80e89f833604c236c5c08afc0e88ed10f9a921,ok
0xee1607e4eb023cf41baa9af64f4f9f0065ae3fb6,5488.03,0x0396edfe674ff41c10ce9da53334e18a21bd62ebd2cd0b483d72a7d116b2814fe7,0x0496edfe674ff41c10ce9da53334e18a21bd62ebd2cd0b483d72a7d116b2814fe757cbbe122daab07765a44bdb5983f6ec57f0c2bb04e8e40972f54676da18d873,0x2659cc4887b15442a08f9fe58139b9727a917f3bcb234c7aee2d04ad57318fdb,ok
0x49a6cb28b56547188b3c4e7c44136acea19ff4e9,5480.65,0x033ae2d2ec436878e34770b179be00f348577e71bc374a6b258c91ab00bb039fea,0x043ae2d2ec436878e34770b179be00f348577e71bc374a6b258c91ab00bb039fea584120d160b8e30ee826b851977822d08e0224a8960249a87ea07deea4a0790b,0x9aa6f913c589e4c495a76c4cb4763a511576000ca29848c35584ab1158abaa7e,ok
0x3863b4fd1cabb7593de33e67ca5257c9d47c679f,5452.16,0x03e333d502b887e78136dfcb710ca64ec68e41837067791c32262c9a53862e9056,0x04e333d502b887e78136dfcb710ca64ec68e41837067791c32262c9a53862e90569ca29bad85e2db94edaca43024794bd1c8895d4de9c18b8784fdbea713d924c9,0x1d6de85b88b39214add8b0356eafefafcb6a3dc04d573c96dc54ddf645959b54,ok
0x73305f211792ddf1e32d7e5dad8b5f692f65a230,5406.94,0x029458c87b0b4e5f4dad394307be4def04d388e15763440e6c5752731c6fa305c3,0x049458c87b0b4e5f4dad394307be4def04d388e15763440e6c5752731c6fa305c34b2b3c07613d7afff4d0c8c421f96b47a4306597f886e385149040f3ce554d76,0x49295cbc5c00576d4b60c34fdd8de187e9e52680f162c5166199387a1e853544,ok
0x8e2253ab277695ca24074afbc1eb47012c83e62d,5401.30,0x03021d6899a4b10afefbda30fa58e6fcf9ef36fea592a55596654a98c93e188acc,0x04021d6899a4b10afefbda30fa58e6fcf9ef36fea592a55596654a98c93e188acc175ae3c2533f113e27ef02f6ebd291f1482e503eadeafaaec7bfd939b37acbaf,0x0df0a490fe125bca758af61e8868d747a26dfa006c2e59d60b8612b3cdfa741f,ok
0xa0760860f8cfefae215f1b6a1486dfb93e7bd310,5387.04,0x030fb930ca951b48dd331dedf09ff9c1fd95a718a02df90eba25d43a578604930a,0x040fb930ca951b48dd331dedf09ff9c1fd95a718a02df90eba25d43a578604930a7798e8281161566c6597a3d24f05ba071719c6c5574aea077880be51913d715d,0x8702c72b659598b4a47684b0d6759ff189993aa1bcf2a39076d2ff0646774e8a,ok
0x34852a43db330f9d52a81b2fd1ed30f1f084ee15,5361.48,0x03ba395afc83628d0db3e38c8fb734a2b0a76cda886de2e69215ca67889c95efd1,0x04ba395afc83628d0db3e38c8fb734a2b0a76cda886de2e69215ca67889c95efd1f62b3038ef01f7c13e12b1563b5911f11547bd0bd8b78b25401e8c905727b387,0x99b6b788012278556ee977e08fea6029289b62487558f6b2eb91f6db3aa93d12,ok
0x7c622fe976b51fb76d932b65ae57994410595656,5323.44,0x0293fc6ebafad115f50dc33909cd18ac46b9142932f375e817eb31e7489dd1637f,0x0493fc6ebafad115f50dc33909cd18ac46b9142932f375e817eb31e7489dd1637f19c9f591a68f2112d5a960886fa419e776668ff7458c5d162ff43870add91a50,0xc85ac2eef1ac2836b8f6832d047d5d3bb6af38756ee02e26b0ee20c6962066f1,ok
0x6b9248acbb081b4b0192ab8504ea4502cce83701,5304.87,0x03df46db8f3c5978121fa39aea1dd2736789224e7f29b70875c7fafb081cedd6f2,0x04df46db8f3c5978121fa39aea1dd2736789224e7f29b70875c7fafb081cedd6f2cc66dc057fddeea00b042d628a86229ac4b20cb84a9c9039a1e620101743c30f,0xd78a1e4ec6bea98d5cc6b3ec93be70f9abac601a10adb15b31858eb8c794b4a5,ok
0xc38e663bec58b87a5cb5b5e9baf8a11ed35e0fe9,5283.67,0x02cf39f0855f250a54c0c0ccb32676e4aaa9594f4fc7c0eeffb2bc05e25087fb1b,0x04cf39f0855f250a54c0c0ccb32676e4aaa9594f4fc7c0eeffb2bc05e25087fb1bc6ee0230575808dcbb026e4ae7c54a3a97a740e2a3d22837995c437cb53eb102,0x0283dbe7bdfc5442aa9203ddbee0848df99b612079a27666f0417ae18fd8f223,ok
0xf00961e326769da5aac5f75c7b3107ab39cb8403,5273.72,0x036396fafe0fb9308d540073918e589c5028a2c93e93a92ea5537ce56632c58953,0x046396fafe0fb9308d540073918e589c5028a2c93e93a92ea5537ce56632c58953920f38a2af435cfd9138c32c1949329f133c1265d1bc7ae6fb6e543ea0c7c6f7,0xcf0c0eadc8a4851710d48559d3197db7e1710c901befb70c5015522c6f9ee2a9,ok
0x869ab5a527b83b769310584985bcfb5faddc9685,5222.02,0x030478d60166f683583bf16e035b34c55ec7369d54d39feea7d2816a61692ee8fd,0x040478d60166f683583bf16e035b34c55ec7369d54d39feea7d2816a61692ee8fd2c4a2b0385546f907cbabba538d00a6b1e3677074ccff75083ccdce7f7f33219,0x9a416a796d7bd7f3a5bf14c9ac61b156bbb9abd95cedebab1b36ff37728aebf6,ok
0x65f83f2c8a932dae6af5efb20f6b38ef07846433,5209.39,0x03513776478f834d0db61f9db1525295eae3d85b1d15c6fd68f6362eb887c2b08f,0x04513776478f834d0db61f9db1525295eae3d85b1d15c6fd68f6362eb887c2b08fc836fed372954ec51ef8fea9562663daa0f8e6482eda4b18e720421d1d226fe9,0x5fe97a5a10760f8751a4ab77d68ab14fce4b7d3fee4697b5757a00f988cb6f7e,ok
0x74b174650f82eddfbd0bac9bf1d4f00ab33dbcd4,5207.36,0x02983ca6672d12375a2d4c6a85552ba7444023844fb960752f59862de8b12adc73,0x04983ca6672d12375a2d4c6a85552ba7444023844fb960752f59862de8b12adc7360b761e6a3b9db119b7897958c85e0a2d769045c28f3ca234a4d5ec9e0efe7ce,0x79b8b846c0d4e5272c1df7267f6409f074a42aa5238683256333441d3735bafa,ok
0x87e1ca307f5beba03aae5b0eae15cf030a686e39,5165.35,0x03975c0decca32189e807d88b7ec920d8d87c553a75ecedbe460d9d3a17e606e8c,0x04975c0decca32189e807d88b7ec920d8d87c553a75ecedbe460d9d3a17e606e8c98b2020c208278a38d982fca098a97c591c339956a2ed9ce8790028ca6b81ea7,0x5e560dde646043e0bb1bf219bb772316fa3033647c940766262535add83c5073,ok
0x1a82d00544e390c2fee2f1b7cbc612e42d109bfa,5154.15,0x034173411fe4e3612a98339d98e8eb633b7acc5075264e7bd5c840a7bb50f9ef9c,0x044173411fe4e3612a98339d98e8eb633b7acc5075264e7bd5c840a7bb50f9ef9c4f58d23ef3f892884353d69f6f4332d9f285b3952a32626e03386ee80545b927,0x49f1b19328b14825347896ffa7b127cbef618058eae87bc7174251fd188daa80,ok
0x3514f953ae42f2929445f7037b87a9d5e829a14a,5130.37,,,,contract
0x18f949b6630579ef595cca0fd772bd5bbed32a73,5129.13,0x0287efaef9ed6fa5749d29e0f68ad0fe5101e51e68ba613ef6d1c8a9c853ea4a93,0x0487efaef9ed6fa5749d29e0f68ad0fe5101e51e68ba613ef6d1c8a9c853ea4a938946748eef7f1a0fe4e8f6b8fe5d03fa8bafd32f04c1812cbfecb87192aa4b5c,0x0041d0c8b08d53f44cd1b74cfe1b4939e681abf8a434d2991ea68ba512aaf777,ok
0xa4edade797b3c429e07527b46eb0a9f60a4d4b8e,5080.62,0x0274b68dad08509e156e861276290b73df083e32ea93fbffb28b6febf0c818b252,0x0474b68dad08509e156e861276290b73df083e32ea93fbffb28b6febf0c818b25229823720205270c2745bddce5c2c78d9eb51d9baf8c648bff25076aa61c5753e,0x6d8d5d8d3030129793af73c0a9bd106aee618341e745a2ebda4c36ce1c1044cd,ok
0x07ff0509640c07f74aca421ca3b0764ab7e5a1ce,5054.89,0x023b3b983827b4c025e235cc96ac04d3489d2c135276fa9ecfd0cf7251911669d3,0x043b3b983827b4c025e235cc96ac04d3489d2c135276fa9ecfd0cf7251911669d34e98e11ad1fd7bc1ccc098fcc833ac7f13dcb2f98b8954a399ec74bdf2b0ecbc,0x8d95c682bb2100de03b961604850e03bc68dac46c1a6563d5707a85b23d462e7,ok
0xde9c8a5a64cbcbb7d384f274c489b6a39adccc35,5032.51,,,,never-sent
0x0862ab8fd6e15bb77ac73b52add19f832c5d6cca,5027.08,0x034469cfcf608a6137a7973f8c5b26cf3b143460d7f955c285c24d00b6ae720e7b,0x044469cfcf608a6137a7973f8c5b26cf3b143460d7f955c285c24d00b6ae720e7b25c18d75f6709666cef0305028f04b2c777918c6d2f836f9283696887300f0ad,0x0fe825346718aabd30398d01c81788cff5d476322dab0a9a37157da53dadc9f0,ok
0xe75e66c742db08a347f021b40330902d7489d360,5026.23,0x032cd0feee742113949bf951f6ed6e07db4e5c092198e9495ebbcc1fe9cc107f8a,0x042cd0feee742113949bf951f6ed6e07db4e5c092198e9495ebbcc1fe9cc107f8ae658d1b90c91686dba7f3ff3df89f6f3f3ba824ee51f52d3d77fc6cf38057ec7,0x22b129fec9a4d2e1869f618aded7898f063deda0cd9f955970ad4e6e0156c1f2,ok
0xf971c6dd1467c643820c54cb92cd87c96895b56b,5013.06,0x038809f7d5999c80b5fe8a8ebe9aaffda3b9514e4a6e5f1cee14b537f5d6b91dc3,0x048809f7d5999c80b5fe8a8ebe9aaffda3b9514e4a6e5f1cee14b537f5d6b91dc3bf3e650cfbf866830c556740b6c72b6aee14bbc563e285bcdc8b39a1194b3e1b,0x59d64c75a52858aaa2df00c8b01955821a24959cc25b7b93aeae25aa2fcb4216,ok
0x7e3a87237c1043e4eba3a1b7caac8def0a1df3a6,5010.27,0x0368439dc22384d384c6dff148b81b0d2342b003ab15ec29481b3bac725f3d5e64,0x0468439dc22384d384c6dff148b81b0d2342b003ab15ec29481b3bac725f3d5e64e6cadd44daec9a12cf5cdaefa7f2828a5b26bac7e290f07667aa8706fd062519,0x525276ac8866fad68f90acf3f14b5b5c9c65a43ba746500576a7f73d6b2e7025,ok
0x6b70c70795e5909b772ca8e7044fc5640fef1019,5000.00,0x03aabfd811f3e7a62db44d4b7f0f8031b192b45be5cef1ed058cc4fa4d60ff0a54,0x04aabfd811f3e7a62db44d4b7f0f8031b192b45be5cef1ed058cc4fa4d60ff0a5470d6f83399ec5f81b91f6323d0b51aa91eea9bb6a96b90e3d39e156a4e2a76f7,0x43673988d2c0c07c1009ae2724c643924762689c110953427a50e65d86d510cf,ok
0x43eebf10a511b62ecde4810d8feb084accfd4118,4976.73,0x025fa98c4dcfb5e53a0058a9cbc1386635b815af8837d2255b46c2a4b1fb4bd09e,0x045fa98c4dcfb5e53a0058a9cbc1386635b815af8837d2255b46c2a4b1fb4bd09ed65e2231c38a086ac329bc0dc182db871dd807ba21dfd193080c2125a4d997b0,0x037b66bd708f03339708c66a6229e5ceac714b4a721d35576210911071313fb7,ok
0xbbc997635e2239aae9b516cfbf1e76eed20fe44f,4947.00,0x028d300439a76005dacf135ce9d5ce6a6fd095c07b35984230e28b865ab9394739,0x048d300439a76005dacf135ce9d5ce6a6fd095c07b35984230e28b865ab9394739eca2ad11f2dcfee44e249e902be7b8d8e3c2cb9e56b8affea9015035fee59a00,0xb8f3a5fc64c74392a69d209c95bbcc72a1ec108f271c1d336e8f6969c33677af,ok
0x235fdd9fddb2b7f933bd471dfab08497b12e61bd,4942.50,0x028b5be6c5f6a89dc12bef372f5eb1e7e3d2808b0167fe126a6cfa7901d5fd0a7a,0x048b5be6c5f6a89dc12bef372f5eb1e7e3d2808b0167fe126a6cfa7901d5fd0a7a4cc4b0294a8884462953c5d0573f0196a7f93020834f7a77edb27f32d5c993ec,0xb353fa9a17a45dc9957e65c3074dec5fb8750ad2ce9d5335895cd6705b1d41d1,ok
0xbee2946277642d9ecaab502472dccd6e5ada825d,4898.89,0x02422a415acdcd86825ec83b5d3d561a3243c9e618535f30dbe399d6f660c8a22c,0x04422a415acdcd86825ec83b5d3d561a3243c9e618535f30dbe399d6f660c8a22c06f9f5a1f4b403aa6ea3b4f5039d56d1bb8fdc75fef14007c06db7ec8b011a96,0x69c73ccd61ca6673a4645043a615ba12548f4b0f763b1f461d76c693b8071a54,ok
0xbba9b9346e8c4207a2f73a6c5b0ddc1a2cd27c1c,4859.70,0x0286eba56509407c50e2d93c8676439eb443db397181bf2f6d085a972725e2a8a1,0x0486eba56509407c50e2d93c8676439eb443db397181bf2f6d085a972725e2a8a1d42e60b3c5c153b45ef719de811ccdda95ce8a991081b6f51d6f52b446003aee,0x36f0d460b7afd11db1fb4b2bbf8f3804424f23e4b6d7feed93149d4e7bcbf7eb,ok
0x9c6f50afe055e6b6c5969429d937df63bfc6f8dd,4850.66,0x03422fba5d2c33359ec6e44b0ccaa48902a806088a2d090d89bba1f36d7699dcc2,0x04422fba5d2c33359ec6e44b0ccaa48902a806088a2d090d89bba1f36d7699dcc2f0764b0cf6386debf98f1c562fafb2ccf1f674353a5d8c86d77393b6687449c9,0x5d0f7e91582ae3693c6248dc3da3d3402e6b1929ddde4896dbfc4ea97572c25a,ok
0x2e12d5289d980011711481d8647983fd0938982b,4850.00,0x0339e417b963d205a299ad07fd009f32f582391caa79cd6e297cc55c67b351cb43,0x0439e417b963d205a299ad07fd009f32f582391caa79cd6e297cc55c67b351cb43e3f1f2eb5a21d23399c6bfe7af8abac18eee52018ec4b68a6947a6a20bbb2fa5,0x45932b02b35960ca2bffb112fc987739fb1ff57d39b1bd2cf4543fafedb501f7,ok
0xceac3de1bbeb21baa08af6a1b9befdd4e143b799,4850.00,0x0251f4eb7f0033aeef630fa38ab0775f7aea69b6f67e25cf4d62aba6607eeedc88,0x0451f4eb7f0033aeef630fa38ab0775f7aea69b6f67e25cf4d62aba6607eeedc889316dcdc5f521a4146a3405e7f289b9f2bc63664b80563cc9209a981b6f95f1e,0xb4101e8cca5c5e20d3a65f60bfcd1392dda16572591d72eeca88d32b692dffce,ok
0x8908ec2811bf706924a007be9c4ed98f490441f6,4850.00,0x038f35490427548d34a322bd72237eb5c3f4bf5b4bfd140e2b7ab17fbd1740eb61,0x048f35490427548d34a322bd72237eb5c3f4bf5b4bfd140e2b7ab17fbd1740eb616ef7f5983e6ed0a3c8bc5641831931be22b27eb0356fcfca6882993e9a549227,0x80a4d8b8d88b6a815f74df9dd365b45f09f1dbf1dd621b92780a362ac7b748ce,ok
0xcbf2f3a485da9174854cb6b401be35ca51031ac4,4798.82,0x02c1acdeaef2c5c507b9b99cd6dbc523f705e3d189a4c5297893f145298e514cf0,0x04c1acdeaef2c5c507b9b99cd6dbc523f705e3d189a4c5297893f145298e514cf0f8bfb82a1baafde495838d08b1de6b1562690f4be7064195c45a72c7ef894284,0x5a1dd5756d0838d6bdeaecb668e34f14738f0355e7013868776b6e414ce4b276,ok
0xf2c6d298a32930fbfa6ccbef8c08c06ab6da3b55,4785.09,0x035193d07c98609a66599524a40b81ec4bf26654626bde7a60a442b07836fc25df,0x045193d07c98609a66599524a40b81ec4bf26654626bde7a60a442b07836fc25dfe4779d90de240f60e0873f23972bcbe153a0555548dcd04effc07a0fe30410a5,0xd43296b4d1a817921d4f1dff51e2af513a5a2793babc9aa4f70933ebebbec7ca,ok
0xe7067e4e7e2ac03897f250d0c9ece4478e3eeb1a,4665.07,0x03033f96aecb8f79caaca269982252e4e47d751949ce5ad1b6a0470eed15ebf518,0x04033f96aecb8f79caaca269982252e4e47d751949ce5ad1b6a0470eed15ebf5185b576dbe69e33f6b5d74159b1fcb3547bb6a83a6fff71c036e95e7f989d11f23,0xf657a7e5b2b5a8af1f409bc008a9a66866161db396f62f3091f3aaefe6e09ebe,ok
0x9c4b82734008662a409f2ba6ad38ef14644a6932,4656.34,0x026c992b78fb7093e88049a179023c99f1e5cc4ae95f038903e8f7fd1b834eb66d,0x046c992b78fb7093e88049a179023c99f1e5cc4ae95f038903e8f7fd1b834eb66d798c5b25a5a3a850711970d999347141cd6ae8c66ece7e858056a8093f5e26b8,0x432c48881d92dbca306b2b02b8f393c506067d4738026bd4fe8bb0bfa17f85c1,ok
0x452dcdf45fcf5fe123f85dbc2c7f248d5fb93aa7,4642.58,0x0309f4459403cfaa21a41bbb3630922aa2eb2843a4eada57556698a725c15379e9,0x0409f4459403cfaa21a41bbb3630922aa2eb2843a4eada57556698a725c15379e9a35d3cac6266056804ff230d7c517734a3cdcfaa3034e4a8f89c5d64782b3641,0xee6c8ccf3a52906a4db1b4a80de2bb0009756b051253f8f1402393b4a850781c,ok
0x75098f2630b535b02320d0dcdcf633ff590087e9,4626.43,0x02cebb2d05b838fe5ba9b8abe299c37cba0806c32fa4e3c70af15ace8c7e2f813c,0x04cebb2d05b838fe5ba9b8abe299c37cba0806c32fa4e3c70af15ace8c7e2f813c4b0912dca96f9d685c7b5b49ebf5deaa12022b9d309ac53a315c4ee1d6883baa,0x9f9cca402d584206dc22680c9500139c6ca91323390f6fa2402a24b074f2a841,ok
0x9ffbb123425f7b1a92916d747be777d74489c113,4614.47,0x02dfec81a0726264ccc4d676eb4682876e6fcb555c561c50cc7bc6b3e0224496c5,0x04dfec81a0726264ccc4d676eb4682876e6fcb555c561c50cc7bc6b3e0224496c546a0ed8f1e411310f36e1d20c53ab42b438fb1a354b9303cdebaf71d28ba0b04,0x76856ad517135d975e7ae1ccf55da6d1e4644b19da648342c0b4e1bfc5ec87a2,ok
0x079a46c22ddfce1809ad7980107fa4d740efeab3,4593.14,0x038e08464e73f38357f60fce8a3a78de6b965ac7178321e748c80a14d6db4b188a,0x048e08464e73f38357f60fce8a3a78de6b965ac7178321e748c80a14d6db4b188aaf030dac61a8ba0a2411c8dff2e544cf016b4bfa5cc6388f331e8010e9deec43,0xef4e08f7cb33c128e122211879024cd29367e6391d9601860fe57a8a09827d0b,ok
0xf4b5caf7b66158f612f4db112c1bf5d0ab32198a,4592.14,0x02de19bae9b40f227aab8dd3335caa9c1c89542d4ee64c657e3bbb8e373c58cc10,0x04de19bae9b40f227aab8dd3335caa9c1c89542d4ee64c657e3bbb8e373c58cc105dc57044b361fa957fd3f4938f29b87d43fbf1ca39f045913224e8c9bba52dec,0x268968fa3a65ca4c1782987b17454368940b9092c7bc77a22fec8f24df6b9960,ok
0x2a2b750c989d2ef249900774aa4165cd72af7486,4578.29,0x0205597bec91354dddc67d5c127b54128c7e4826917482b993d6e4e1e3d375ec32,0x0405597bec91354dddc67d5c127b54128c7e4826917482b993d6e4e1e3d375ec321fd31105d0f41c4a837994e01b13059862ab4638f990d9734a4abda0a003b8de,0x2a34279b92dc36d8ab984cf9e20d966a2ea9b685e7a3d8a5316935cec584fb2c,ok
0x0586ac101312628a13430cbada43b1406c264188,4568.58,0x026ed6cd74ed034e413cf98d05cb9c8e4659505686b6b35593e1d4419a9278a184,0x046ed6cd74ed034e413cf98d05cb9c8e4659505686b6b35593e1d4419a9278a1848fd29a80ad02d35d343cba6052bfabb779f19739853a41d264f21e7dd141b8e0,0x348d4dc8f03427b4e5a863bc2e52895999048f203fce0fff789dcbcbac86df7b,ok
0xf4ca994f82928d71018a3b77d57ab7ce83bb5cc3,4528.05,0x0303ceab0b1b10e76556d4789faec1312f5df804e6b6653e2a39781f39952cce99,0x0403ceab0b1b10e76556d4789faec1312f5df804e6b6653e2a39781f39952cce997e240e7354b873abe67ff2d3cd4eb72bc6ffca82d761ab9602056f5f18d4b9b7,0xe39d621dd03a2659757345acd46743fd4126b52d16b1ac3937cad00d0e5eb172,ok
0x16534d74cbec193a1708cb9d412a3e042994822e,4516.97,0x02775e5200146681c8b5b4723297bdf7c4973b5cdc31046338bbf694a93ba3802a,0x04775e5200146681c8b5b4723297bdf7c4973b5cdc31046338bbf694a93ba3802aa451de8bb4572f3732e14ed97e766fc5f598e75ed08928e0261bf5cb3d8237e0,0x2c24112cd8fc5a81e312806753e0556d82e4849c7c351a08ba72e8011d92a21a,ok
0xb0e69b10a6235939fc239adb76ac518d7e5d61fa,4403.85,0x03d0bdec0a287072b54c27cafeab94e74e94c6fdb068d288bbaf27f52126f4fe64,0x04d0bdec0a287072b54c27cafeab94e74e94c6fdb068d288bbaf27f52126f4fe649637652128290e5a5b00168d4d7f0f5791e47ca32a29de6726647832abd57b1b,0x1a577c218eb9abae1b29b42f4c84e715d06e57bbdb44ad8e2a5cc90530323888,ok
0x04589d4daf1b07ea66cfb9adb9e0b6b19a911896,4371.38,0x03ff562a93c2a96d4be94924286d33ee2a19df67b4d099797f195cc516b3aeef2b,0x04ff562a93c2a96d4be94924286d33ee2a19df67b4d099797f195cc516b3aeef2b950d5959b84000377133b08a58bb6f73844ed5847f1201d1315fca6620ff43ed,0xa31c17878f70350059e0873f7b236c15616742f41e68b5aa99d69bafcc767209,ok
0xe76bc504d365acf521c2fdf0c51187768c68cbaf,4360.69,0x0387c6e647d4be823afdc56a2bb8b2f1a01928d2ca621e996fdf85c7e9d32a1863,0x0487c6e647d4be823afdc56a2bb8b2f1a01928d2ca621e996fdf85c7e9d32a1863512b16883dce4289e7dfffda623d03f9265ba7bee3d4d4c5eeee3bb131abf3e3,0x4fc2c9a075cadd9763ad2735cab49d1ba8629af78b24f0a5cd9d496b5aa07f44,ok
0x44250b87cab3f20aa8cc80215c63488dd5af8a17,4288.99,0x023eba7d7d4dcfe14886e09cf7f21ec2f71e3d3989c9a0ec061da18406eed31197,0x043eba7d7d4dcfe14886e09cf7f21ec2f71e3d3989c9a0ec061da18406eed31197f8e0c4d16d6328d63ffd286ecee5b523afb8eac088a7091980e4ac51943d9e4e,0x8e0ca51a01170ec015af466b09fe5d9638725f75ec71de864ab439df0427dc20,ok
0x9517cdb1fee5817bbd9442d473716da10dfbb582,4287.93,0x02314d904e318137f0be94f2ac27c497f64b28c17d9e5a1fac0d453a20a5456dd9,0x04314d904e318137f0be94f2ac27c497f64b28c17d9e5a1fac0d453a20a5456dd9635897784d22d8a590e47ac639debe2059e5a80a5a6a3a7c3220d38a04d75f0e,0x7ef625e9991b797f1405e03f9cc074c66abde0a2400cd76ed080fd8313e7f5db,ok
0x4b00696f4e6f8eaa276688a43d3162e80d6effe6,4264.43,0x026060ba0445646c2384a840256e541c9c62d6657fe6ab859e672cf5316a8fe86b,0x046060ba0445646c2384a840256e541c9c62d6657fe6ab859e672cf5316a8fe86bca32323e26cb5b7e355de544d97eec4d33eb02d9cbc7d693ec285f54ef1cf846,0xaee205dd2b1c05886ce82731a8b35c9ad6dc390a5e6c2cf0574c258e239b4924,ok
0x80e2ebff823142f6664d4ec4b26613c1fabea7db,4254.97,0x02630d805d2fd1927febd366a630d72db048dd9e2967a2bad4f0ac531b957fe157,0x04630d805d2fd1927febd366a630d72db048dd9e2967a2bad4f0ac531b957fe15755227fff77f155b5dda319b706003de98a3c7c7dad546683d92a9b6ab7dfed5c,0xecb493bdebb1de70400a9aa41b43be6dc68c7ef53b8068074b4740f2e8766ce9,ok
0x9d2b936bcc4fd9723f904b920b2d68cef6063133,4252.69,0x028cb65f682660942e584a170375ed74724fa978fc1ea074eddf105af27726c611,0x048cb65f682660942e584a170375ed74724fa978fc1ea074eddf105af27726c611f208d22438bdef9e2ca9895caf0c688d5244c7e6d057d296b95ecd8b873076c6,0x84eaba902bc69b731b408f34c64714f4a8f7312560641e6ed1f5526607ebcd01,ok
0x574d70453f81de2cb333d767bb9d9e930172af45,4247.82,0x03715cd2c7bbf04055c9e01e5fab2609349eeb257648a690fa6a141dd7ad35a049,0x04715cd2c7bbf04055c9e01e5fab2609349eeb257648a690fa6a141dd7ad35a04929771575fdbb49495eadf049d3dec6160e272e752029dd011377a2dd3568fde7,0x793818eec976050c0227751dd8cbdcd09236753e864e170c452ad083b6787cd3,ok
0x9ae6b341f0f0171a5a400e6c8e3b605ec64e4180,4194.41,0x03b4fa49d41b44527e2b078252199ba24224774c2c571ddbe42adcace85187b067,0x04b4fa49d41b44527e2b078252199ba24224774c2c571ddbe42adcace85187b067ef1eb3ddec8044ec1a4c8936dbe67e2a66124ff7bdf1a26beb6fea892d841a9f,0xcfa1b7b97602cf2c5412b0278a28f66cc9a9e460c18945537af4b0709fd59180,ok
0x53c28014b894db6508d7e77fc5957b9b7abbc561,4135.39,0x034d2fc3f5433f55de303cd83bf3cc4c4185e1af8f2ad23de87d819bedd459c5dd,0x044d2fc3f5433f55de303cd83bf3cc4c4185e1af8f2ad23de87d819bedd459c5dd192ab50a330ddcd0a5601c6a131b3c9004d0a8828526a531554c71d7308bc081,0x384134275c24f27215d5bdb49183054eedbd8370697be56133594bb3f14b9dd8,ok
0x9c1c9433cde8dd5fcc3429cccbc146fa0110419f,4130.39,0x023151d1c662aa23390f7b607c9829010eefdab7d17865551f1b11aa2233b0db58,0x043151d1c662aa23390f7b607c9829010eefdab7d17865551f1b11aa2233b0db58d07458fbe3015c98cdbcb2e64699a5b854d3020239d5a64527a455b43d28d9d0,0xf31848779dfea63c526adfd5f1b3f641878b37d9f3ae4d402d1ec7c7ade92c9d,ok
0x3b4f46af1a9489172261d8b86ad4f2de877d7f5a,4127.28,0x024adeb61bcb20fb9e01036b15175e9a388195240c2cca6e2f9fa1d9faaef2c729,0x044adeb61bcb20fb9e01036b15175e9a388195240c2cca6e2f9fa1d9faaef2c7293f8f0caa02c5b9509f66da121d076759ed70d2dfa6f67cd29767ebfd921d4358,0xa20791f9c9a4770bb4471ad2c3d395d27cc4fc1bb5ad515d1c11f8d01db0e005,ok
0x29a9f1826ec8d99270c1f58e7340383157e927c3,4094.29,0x0383cecb0d469a204aa5995e1b92b45d69f3d260974e068a85cd3280ee5fc4e875,0x0483cecb0d469a204aa5995e1b92b45d69f3d260974e068a85cd3280ee5fc4e8750d925ce47701b4bba41d33f197d8e8c29589e37df5f7636417ebc5313e70fd11,0x94fde7ceb5f468a398a183b233c3ef6a2c895c64eda489b1fec78ee4a1fa0420,ok
0x6548a3f202f5299580a3e11c84b26e0a5265bb4c,4078.88,0x0357fe6fddef64637036051d237af133fc056ffcb38a2e1e871c0295bc49c7c22e,0x0457fe6fddef64637036051d237af133fc056ffcb38a2e1e871c0295bc49c7c22ebb97387358e72fbc3f151cd312cf27dfc6376723bd4ca603e4a337e30e780cf7,0xb20ddebe8b33d751897f2b163b0dd7beaae130f4a862d19f2658943b5c48592d,ok
0xcf1793beaf447e79ad0b00088bdfb68ff5575ce5,4032.63,0x038998d7ec14ad2452c411349b2fe5a43dcafca5a476bf0a950965e4d693dfdd46,0x048998d7ec14ad2452c411349b2fe5a43dcafca5a476bf0a950965e4d693dfdd46e13df2ab360e7779536743891bea145961cc366ade1d4e200fd035699d3fba61,0x21a066b8d0c0474f5ab61ec0475af20e012a8879e999a4a0a30cc71f2e04064a,ok
0xa92c074de1351c84bc4c1fd613d85af5a08c5480,4030.41,0x0372b400cd4533c7c9d709ab2416ef59fa8e0afd6faeb7e8edda54cdc3f4ea8d8b,0x0472b400cd4533c7c9d709ab2416ef59fa8e0afd6faeb7e8edda54cdc3f4ea8d8bab17888dd120444fbab52e7c59c06e1c7abfcffec0f120a76b90b0e1dbd8d829,0x4829bddc9a13a353f7c20f58f8b0f3e9cf29ae7ce3ebe310fe048d69b3c44952,ok
0x4a4993dc61cab792641ad3e09317270a00d3dc43,4008.38,0x0399d99cbcd87a91521d989d9238258eeb6c1e8678e7cb8c99d69a769e732e5fbd,0x0499d99cbcd87a91521d989d9238258eeb6c1e8678e7cb8c99d69a769e732e5fbd5077079f203b4b34f686603a9131500b305defbc4e8bc6cd53e05d35dce51399,0xb4c4475dea3eb566b60aa49d41ad183a914b86a937ce78a021ce8c8155ca4f57,ok
0xfcbc9b988d21ee154da7b3e26d82fc5f0aa5f0ac,4007.64,0x03d06335876246cdf28cc36d39ace62984a610c62d52877a912a3c412c89828518,0x04d06335876246cdf28cc36d39ace62984a610c62d52877a912a3c412c898285187b2e09552ded1853722c7948c460ac2d3fb4aa302734fb5c8da19dbe925df4e7,0xfd680a561421c788f1a1558fc8c89e2a23e80b7d96246913c8af918c6b926acc,ok
0xfa486328f7d6d931227caeda28d354091c66df08,4001.18,0x033f38b1eeb6a5884432b5a1d4bd9dfd45c8991a8c780bd69b37e413efae12350f,0x043f38b1eeb6a5884432b5a1d4bd9dfd45c8991a8c780bd69b37e413efae12350fab926a4684c8d7bd4b44d0cc868403a0a0c12ac46063064a7aa555ee3e993ac9,0xf2c113bf087245106c24bf876407df4f7330a13d6c6606ec2dca2e47cc888dcf,ok
0x666b5510a2da4512da701d4939879229ebbf2e27,3994.31,0x035e51eeec6b9dc443be5323f2c9fe5fae29b909ce631475cd1ab5abb8e6a33255,0x045e51eeec6b9dc443be5323f2c9fe5fae29b909ce631475cd1ab5abb8e6a3325501a371e8b9578a37c7666c478cc712da2bf1628c2d7c09e89ef41719ecc14c9b,0xf31dca2e178d5690c71a52f5df1caa071464fd9c33487f1c52c7e454a44e3292,ok
0xd60148a8727dc56123687a8e6f97f01544bba48b,3988.86,0x02bf79a9f2c5097c4ac742b1cf5ef46ac1c6998ab8ed51bef4fcf5e3d3fafdae5a,0x04bf79a9f2c5097c4ac742b1cf5ef46ac1c6998ab8ed51bef4fcf5e3d3fafdae5af2f3babf0755623685936acfc3ac9bc2f8f79f201ab6baf6fa3387bb2e3ec376,0x6fec9d10bbcb51bb2a1196cc56f8d6de719ec5a9eb1de3af6b0742057da75cf0,ok
0x725b3c8fbdb338e46289fea24e26a6fe60acda3e,3983.92,,,,never-sent
0xead0e67c5ad21b559596e1756a924ac32ee6f507,3977.00,0x038fa319f30832fb71aa6b1d8d6906a87f26f7ab8a7db31bdc0a64316e38a366c1,0x048fa319f30832fb71aa6b1d8d6906a87f26f7ab8a7db31bdc0a64316e38a366c1173e654bf025907aa8cf29ee3bef96015d34a22045b7266fa726f3a5e3e9cffb,0x192b9086a0eda52b9905f0ab3c0ffca4a20719a3fa60c8e417809b885a17fa7b,ok
0x901cb4ad99cdf98207fb752b47482cdf04fb4a08,3961.13,0x0267bcadc865acd8cde5d23b2820dd8a7225e4e1ef5d6a8b0087807c4f9cc0d5bf,0x0467bcadc865acd8cde5d23b2820dd8a7225e4e1ef5d6a8b0087807c4f9cc0d5bf9ae95473931d1bc958021793338ae5e2db8864848d6a5ff2c655ec55a8404122,0xbd2248ce596a50497702ebdeed33709b6496fb0f4b7ce4f612dfbbde4396988d,ok
0xa0561278a9f2d881a1a8b7ce170f4bf4515cffba,3955.15,0x029ce43b0c5474303ee1048fd4f395c7e28d74ffe86e5d8d7dd0c29a1a0eb8486f,0x049ce43b0c5474303ee1048fd4f395c7e28d74ffe86e5d8d7dd0c29a1a0eb8486f6e911c4c30b0b7e84e806324c78ac82c26801f3a8e5e7f3db68815a08a7abbac,0xb947a22ec86c820bde8305f18240a3b392a6cca1a892662c8d52ce4bd0b96e83,ok
0x003eee7763c6bfdf8d96d3a72a2c3cd4b74674e8,3928.07,0x02a327bad879c7f8d470b73916c8d131d9313d6da5c3439bb3e97102d23f6f7274,0x04a327bad879c7f8d470b73916c8d131d9313d6da5c3439bb3e97102d23f6f7274646f55c0bab8f225ce302ed739d6a687e815538fb3fc91e320b025ccda9c47d2,0x19f15bca647219b81ddec2621f543dfc72645da91845ed6b59f42e6d6a41fae7,ok
0x65319604a8bff7ca3618d558c84d445f524cd395,3920.20,0x03922a82ebe3eada8b1ac2ba0e91af3d794c0db4f8753fdcfaf5909b17d4ec6c47,0x04922a82ebe3eada8b1ac2ba0e91af3d794c0db4f8753fdcfaf5909b17d4ec6c47ab1396dedb9d9919ef9314bb230eecdbcccd4404794218a32dc34b9d8a2dc495,0x1551db360b87c8b5c873362516c81312887d41dd7f5ac2aebc54885947540960,ok
0xa9bf46aaf54a9e365d4b47010072b70f44f58c51,3895.85,0x0392d0acea79a690e09cfb9420cefdc103f0e30829c2917c34edf1da9852468558,0x0492d0acea79a690e09cfb9420cefdc103f0e30829c2917c34edf1da985246855815968c195c533aec7863acdc39a26421fd1e275306a55c951a23692ced24af2d,0xcdbaa134667b2c90c8258ead899429bbf79605680ee7f0e2cabcca4dd00a3239,ok
0x94c40be945536faa698548f2175ba5565b77cc23,3855.76,0x022c46fbb5cdc160b2211787a413dc8ad59e0009fd8955110f328e49329d312129,0x042c46fbb5cdc160b2211787a413dc8ad59e0009fd8955110f328e49329d312129e012a235d4c9d84615274ac9751d929b9857a685c684ef85cfb1fd7daa3f911e,0x039aecc7a38b862d98b5e8298ff24658e9048cbd74fe23cf1d1522522a3198ee,ok
0xcdafe2ff716e8cd33124039d16c66bbada09a301,3852.41,0x0218cb4ed3ea08591436d425b73286bbaeabd22c9d6920ca9baee48693cbc0ac9d,0x0418cb4ed3ea08591436d425b73286bbaeabd22c9d6920ca9baee48693cbc0ac9d4345ee18990ea3a3b1a2ff522d4046ab47bbec3fed6f049f73b7bbcfc0e343c6,0x24e203a6ee72dbd1e29150ab5b65973aace87dfe5f4008cd7d4206a02ff04b5d,ok
0xcc03658929f17508bc770ebb0da7aedd06533772,3844.17,0x030ed539952cef332ceaebd4d776b992543d7cb10e07805ac48eb29a91fd5ae650,0x040ed539952cef332ceaebd4d776b992543d7cb10e07805ac48eb29a91fd5ae650d3f4444e7c9df461f1eeaea9db79bf2ae4355d9c6556d597552fd6c68c1a1361,0x33c5a628888efeafd7e68207bffc552e880252575e2e41fca4c009feb66cf489,ok
0x7ab7736d75f185eb3d09592e9ae8bbdd789d2c42,3827.88,0x023bd707305c340a489fc6bb2100c9539b6b616dc9ea594ebe7340e594cfed1840,0x043bd707305c340a489fc6bb2100c9539b6b616dc9ea594ebe7340e594cfed1840537a916a358e429da0e750b42c5937d9088dbe775ccefca461287787d0819bea,0x37f6a2568794dabe3e7960039dafba8c796ca6ee1e47ecdc2743b7d7a9bd9ba3,ok
0x4b0312cfdf617b6236409d6c903fac910e50a797,3817.84,0x02a3c1ba5f1e9b0cdf7687678d9957cdb56580913a94e73edbd6bed58e01f10dd4,0x04a3c1ba5f1e9b0cdf7687678d9957cdb56580913a94e73edbd6bed58e01f10dd46625779f24dec48fc172e59fb2e0447a0d843227f6c9995bb21bae93a86489b0,0x077863894f622a58e41093a1ff5e0ce93a5dc148eaba37b8a581694803da983d,ok
0xadf0d15dcf0597c636a78263eee3f44b8fb9755e,3731.34,0x0231b523ee9c50e24eb17c1bc4669a865962e5ae553fecaf7ed91d78e97e34dc1b,0x0431b523ee9c50e24eb17c1bc4669a865962e5ae553fecaf7ed91d78e97e34dc1b90e16741cfd6c006308cd98e7781ad423b94902be9eefdab0ce4c95968674080,0x27c22199049d758feb7eccc459f41a739d2a6c64ce47a63dac3ebe135a5244b2,ok
0xd92fd1790913a9d8a957f6f6496e8a8461b79b28,3723.45,0x0382a88afdcc47482eb54b8819b7ac48fbaba3b9d4163f4709ce9ebe5afd981173,0x0482a88afdcc47482eb54b8819b7ac48fbaba3b9d4163f4709ce9ebe5afd9811735900fbbf374da6692c2d1888b354c338b30afdc48baefeb6d392de5280e927cd,0x80d49fbe36be60e4c04df38c4daa65abf4bc10a2e2aeb0f6eefb9dec10cf773b,ok
0x5c0e310a6b56a83bd9416f2158653475db22e28a,3720.22,0x0344a133f121ebbdcb8a01295702bce5bd7825382a1599b778d6eb7e217bcc5e32,0x0444a133f121ebbdcb8a01295702bce5bd7825382a1599b778d6eb7e217bcc5e32a5214d9b206e23cd03e5a9ad93d74083e16f7c221d3c95ff8b5f4d7f02867407,0xf81e08efb2e51351e8fad39be85a0090e00b5b52f87b83d3625a5bd808c82f46,ok
0xf6138c2c60e9a4357e58fec54f754d3a0350ebcd,3664.47,,,,never-sent
0x6493e5ea6932ba323ad9d10359f20e86bd87037d,3660.81,0x02004ad6916e827f5167e87728a45b4d4de6743463f6cb8ffa13502afa507b0391,0x04004ad6916e827f5167e87728a45b4d4de6743463f6cb8ffa13502afa507b0391fa14c01ae0b0cf36bc121cb218ecab57738bb7691bae2d628bbab1a7d859b8dc,0xa75e15adead33542efe1b5bb056486281ca1b71f594018cbe4fe170780118d86,ok
0xe660ab2831d66639343c4b77fabaf59b043536ab,3649.67,0x0373acef6d4186c484a14f8eb58d9256171b44b785e17cd8b23f31dfbcc81fdde9,0x0473acef6d4186c484a14f8eb58d9256171b44b785e17cd8b23f31dfbcc81fdde9f27c9e91a6f37c7114c1201f20433037d40dbb15392e1521ec60be88ac26a741,0x1bcc9c4179d46dc8b154ae6ba8dbe22cbb7828c224ccf4ad206d0f8c04d35187,ok
0xb4518020aedd915420290d4175a620fc9314b6ab,3646.10,0x021076d424ec6bf6429763c3f22a0749c58367a85c5dbd3f9f7216fdc5d78f54c2,0x041076d424ec6bf6429763c3f22a0749c58367a85c5dbd3f9f7216fdc5d78f54c2ebef3ad42f4a0a46fa9de5fcb3b416b2718d4f7f6b88b9faf34511d4270c8dd8,0x99672d62b77ff94ae92b275243b693fbc29c3f3ce16e1e68541350825945bd06,ok
0x683afe03a6eb27bce2992ab0e0d839ac1d60d554,3644.07,0x03463b6ac6646eaccac4a874d8e7346ef1969329f2fee80d7bfcdc10189ec1c4f0,0x04463b6ac6646eaccac4a874d8e7346ef1969329f2fee80d7bfcdc10189ec1c4f01edec4657b2b654bfefa5752bf9b50267b68891847ccd31937d6abb38f9b2537,0xf0091e0d6e9c3e4d50e2a699f4d52752615cb17599208fa94106509e50197177,ok
0x7db9370d17c0ccc2a023a4c8ec800ca7f691f691,3629.46,0x03348116f963f9b0ed2f6e628cbe27a1246a21c75a1cf2efb28b3a0425b3b33e73,0x04348116f963f9b0ed2f6e628cbe27a1246a21c75a1cf2efb28b3a0425b3b33e734888054797b8ab94269715232b061f8a3afb5f73b198908ac3a5dd759f2859ff,0x9a8429a8a85084f0cfe610bdf2de89295df41c6827c5266c542d4b8a699ba8b7,ok
0xe9aafabff8220006778478eddf47d538ce41a7af,3627.76,0x023b27c5937a852f59cd982c1bdac9767f8367800e60b50de6e0a47bf26b044a80,0x043b27c5937a852f59cd982c1bdac9767f8367800e60b50de6e0a47bf26b044a80f19b5412d393dd0c403f0e641b31c6345bc064906ec81c645a0b0a3ee9917e00,0x4178460acd689a8bb7ae2e5352ab7246c12feae985c432a666a51f461e9b582b,ok
0xdf0a8ac484a57410a50009ae5c9cccab853be9f2,3622.93,0x02fa9953995cfeacdbfd75d63932cfb7340739f9d58bf3bee5779690c760f8c2d9,0x04fa9953995cfeacdbfd75d63932cfb7340739f9d58bf3bee5779690c760f8c2d95047177187a6f14efd19eff645179c6b76a625de8d2069a047e6416382cc2d7e,0xf07f1325d388358ed5060c84243a8b6cf1dac77e6f9b332e7669ec22f4b219ac,ok
0xd88552b5ef59944f174471f9121862a0c73c08b6,3612.28,0x033d1743b8df232cd338265fdf70b4a9a2641a407ea4f885b0dc288568f1ee6973,0x043d1743b8df232cd338265fdf70b4a9a2641a407ea4f885b0dc288568f1ee69730e26344e4c7fbaae02ab17d830fd0b24c068547b846adac2ed5036b248877887,0x6f52c8cd6c4e7bd9650883d92bf2879da54502159833704ca57d522b360629d7,ok
0x856398e2952eae4e33efcdbc5f7b59c3041c543d,3612.28,0x0226965de8edcb6e5e54a8168ab8bdbc2708e955eff33796165795bc026cf1e6af,0x0426965de8edcb6e5e54a8168ab8bdbc2708e955eff33796165795bc026cf1e6afd805c9d4ae06e1fcb6fdcaa7b3bd95edd02c4d5e3e610eb27428864014378240,0xc775acbdc1bf62bd09b6887cd18233ab2d623c79274b7646dee7bc44a1d6f9aa,ok
0xf716842645388ca236b1d56cadc02c21db7810a0,3612.28,0x029a7563e1eb49129e7505da28a22ab5ca5bf7bef17f0aba24a6922e8f2d0c4781,0x049a7563e1eb49129e7505da28a22ab5ca5bf7bef17f0aba24a6922e8f2d0c4781f7bfad41a0aeea6fee2754d670a0136a825a93f939ac2ec0a30651163befb532,0xa10bed6cacf296d8d1612d4ec5cc112bc22f8f5d963551f31e3e0b663d3e0a6d,ok
0x68416385fcf5ede299d73d5fe89fbdd78e614973,3612.28,0x0396509420f2f6982f2f22097601901af33d84101f4dbbfab554d016efdd72832f,0x0496509420f2f6982f2f22097601901af33d84101f4dbbfab554d016efdd72832f4a0a3270d46693a33f06a7065668dc069b7f7b570596fd81c3cf367a9b14f947,0xf368618dceed34fd497fa6441ec64bb87523b032476f796b9795c917816f76cd,ok
0x671ab876f4084ee91602c7556265809f3dad803b,3587.97,0x02265ccda1da21c8d36000fdc5328d1beb4788083feb24b37621bb93f3aabf21fd,0x04265ccda1da21c8d36000fdc5328d1beb4788083feb24b37621bb93f3aabf21fd7097dccf5f21d85f9f5c7707e21ac6e25465a2bbe3aca9637a4939bd52d3b386,0x96b82b910882f1308c20d08936b612ee0422d0346accd0eb4d5fcc6cef2084d3,ok
0xe2ae9e281b3a5bb57f7481e1b83f5a3a7897a6ab,3574.37,0x025cab0127a4a42b2dce2e02dea5c205a1b74a36b1199c5a7afaf01dabb8eb11b2,0x045cab0127a4a42b2dce2e02dea5c205a1b74a36b1199c5a7afaf01dabb8eb11b2008d0448a83178d042d51d2d913adc5aa4b280212df6bc82201dd4bf5a6b8f04,0x636cf33197285020bb2754ef224f0b5d68548fb80bff62d3e20d754f089371e7,ok
0xfe3566a30159e082f40232c5dbd3a6919322ffd1,3564.10,0x032d3d74397df61d5c5d2e00cff481c5db0ccedb05a00e722307254eb257d53255,0x042d3d74397df61d5c5d2e00cff481c5db0ccedb05a00e722307254eb257d53255bf2f052b1b1a59b918e420d2ebc34922cad6eab5856b0da67456f7818244baa1,0xf9f48267aac959b836db60e9e480275d344004d6aa3602e0aa656cbf66baa9d8,ok
0x4cccf33b1c99bbf43b9eb89f1055b8f08d875dab,3555.24,0x0372ca33a1939fe501c1c44b64113b528853a183721a9c2063aeddb873f5e515c9,0x0472ca33a1939fe501c1c44b64113b528853a183721a9c2063aeddb873f5e515c9de07eb2e5b20cbf40a4569b0106ccd80e75fe5e6f83e9fe9a8ff109e5813eee9,0x37ceb46746805fc932f49967649d4b33bbc1bcb952aee563657fe5c3a74d39c1,ok
0x09d21bc60a4c36ff5c2c952fd69b751bdb26aeb3,3522.83,0x03001e3093fb03d8474e6976bca4cf1f45b200d81911145eab0fcc1f5e47668acb,0x04001e3093fb03d8474e6976bca4cf1f45b200d81911145eab0fcc1f5e47668acbd54ccb8cf879f22edec01a4773145638a591127e2e018206b2f187656b01e7d5,0x10a6cd0872428158cb5d267c82ecd7c22297c44760a25c339d7848e5f87cd8e7,ok
0x9dd34b35433b583ec19d3465f96d1bf9bf1b896e,3435.46,,,,never-sent
0xf199b23dc5919b6828615e4e4ff992e6ff386128,3427.00,0x025343580288af3d32a0b2890d92b4e7b5f392903d78aaea5399d6625b72c1e278,0x045343580288af3d32a0b2890d92b4e7b5f392903d78aaea5399d6625b72c1e27802f3087bb75508c25ea246353d7d1aa040af11f46d4c24dee1ee13411e341818,0xc356e9b7a3aa57b423df0e443456a77ab2e017171bd97d2a7778c9359c055886,ok
0x0e28c49dc087ebdbac04d5536c022a013a495364,3397.13,0x024c84e2e618ea6f6c60b579aedfa7a72c5bd3c54d302ea1ce313cdcb3d74d94ff,0x044c84e2e618ea6f6c60b579aedfa7a72c5bd3c54d302ea1ce313cdcb3d74d94ff5a7cc31abe0eeebfcf99a2d1baf5e414a5e6b11118587bedf5484438f8d4210a,0xc6278c72b62b2b6d6c48ff9ba388a6ab21e8623732d8a16d603a1d8e766d00d7,ok
0x1d5903a3a470b5de86687df7e440c1e32c746560,3395.68,0x03effc1e0136ba33c0097926d419e0339440551936a3338e1b02fea26814080175,0x04effc1e0136ba33c0097926d419e0339440551936a3338e1b02fea26814080175594782e29aa23ec32c1e4a88130c008a396519f74160b05bb36506ed029d2d01,0x241a3f26376a52a16e7f119679253f215e04de0fd7b325ec7b36c0eea0343db7,ok
0xb406478558a8cd0f3f7af9e1e6258dff722e8cd4,3374.38,,,,contract
0xc1038049c5b90d1b6236c8b553041ee3879bb6f9,3374.04,0x02248c3355975e365f0d453474dc12e0f5593638783e5bff921760358b5b8eae5f,0x04248c3355975e365f0d453474dc12e0f5593638783e5bff921760358b5b8eae5f01bd3ca8a1ecb1a3989369724faebc329f49f1a63f44ecfe835d820179487894,0x0510bc4dcade13b29832fe6450c7531c65b7e7511b84b62754c08595c987a5b1,ok
0x4675f44edf7ca05e6bbbb158c6b80f03dd3dccfa,3372.36,0x02668e0fca4fe81aec3be1eaeaa1790b4eecd26530929ef694ce566f6697970d81,0x04668e0fca4fe81aec3be1eaeaa1790b4eecd26530929ef694ce566f6697970d811ec1c6803c52fb73c61174b112e46cb6992143df81781f9e76ed9ba467f6b53a,0x40b5b0144d25759f77820c0760bed7f8a31431766648338ee5484f6b8ffaaea4,ok
0xcec305d90121e64ecaa286e6abdc66ae8e70c566,3311.31,0x02c53b5afcc542da56837169e7358772c65ab4b753247b7f649109bab0d2d15a17,0x04c53b5afcc542da56837169e7358772c65ab4b753247b7f649109bab0d2d15a174ba00bf4179ee78df5683f000c54e7c0123274dcfc4896b004094fca91159508,0x530eebc6932e60b7a0272fb6f5695259b464ad2462f59a4cf27f97ae7b4cde98,ok
0x67b35231ebe7946ee5b1b36064d2537e0963900d,3305.53,0x0273fa058b75ebbf4e37442619bbb1a136be2710d11a9c448801acd155b818c9b4,0x0473fa058b75ebbf4e37442619bbb1a136be2710d11a9c448801acd155b818c9b45fad8964632679a07dc0924d664774bb73aae6cda10b94f617270b295e84d26a,0xa922c874cd72e631b1b4c9d09fe18464de017c5ad49351a35213cfb5ab153ada,ok
0xb757c8754e2997a5ef8472506a8e9adef6714f2b,3300.45,0x024c8a513480fa73e179e82f817a865a4817a06dd44d9116eed8f5bfad348fef74,0x044c8a513480fa73e179e82f817a865a4817a06dd44d9116eed8f5bfad348fef74aa7e7191464448d3f2e885b64fe8505d194cb2f26d43a0c320fec9f3723c72f0,0x5ef8ad48cda53c70cd6f088a72fd3ed1b3bfd24d94cdcd4dbe512b4dcbf79c30,ok
0x75d9782566c0db2005e043d3f14e8fa02c52bbba,3298.25,0x0333ef4ff6ea16698869b601aa42c3deba1bf2c773a20d8673f806f4ded18d12c4,0x0433ef4ff6ea16698869b601aa42c3deba1bf2c773a20d8673f806f4ded18d12c4a41285e0c70e5b2ed50cd52157c2eb5705e618e8bcea713d11821cea136a35d5,0x135064f36f674340795f98f42ab088da9046d3aff68e78906beee68aa25bdbf0,ok
0x72a707209e4c31556ebd57f242c0e1461c974910,3297.82,0x02a132b2c8f6e7023673b6c82d6a67b961fe6f9389c4ad1ea89073097d87a1ca57,0x04a132b2c8f6e7023673b6c82d6a67b961fe6f9389c4ad1ea89073097d87a1ca57683bd9a57aa27f9b4d569f090ee1756a5ce42821337758f770f7626d312c3e3a,0x0c1023fb6b2619ab70622ddd49a2ee51ade177976b4ee5b1069cb8280fc46fa7,ok
0xf29d3fd5974b920b9a593197f1c8fb68a1401b96,3290.07,0x025ede4e45aec8958dbe9dbe98af3725d390c60f1610708b1a2d84d9aa6ef444f0,0x045ede4e45aec8958dbe9dbe98af3725d390c60f1610708b1a2d84d9aa6ef444f01552225596d93ebc2860d8030688264c5c25d4b3b32a322ad599ac27e8ead24c,0x7cfb1b0a7db63d7386dbb8faba9c14c80a4402d89b742bf52b81f0802058c2cc,ok
0xb71519e4e211085da92332f603638be216a644dd,3272.10,0x025c897e2b819aac0738c0b196f15932513de9d449941914745ea6ae9761645edb,0x045c897e2b819aac0738c0b196f15932513de9d449941914745ea6ae9761645edbc9f5e9e30d21b201b78513cc02ab9088d84a28aeea17e803e2baa7d1e7f5fe36,0x5721725497f5b26fccf1bd5201429c7800de5d148697159573666416282369e0,ok
0xfde2a52117afbe5fd438c202bcc4cb8d5ccb9971,3244.56,0x03d826643dafe2c1cc014cef2c0eca441ad23ff98f4515d6999b6fd67f2d83dd9a,0x04d826643dafe2c1cc014cef2c0eca441ad23ff98f4515d6999b6fd67f2d83dd9a4051326845dc21fefe424b08d002a881172276dbbd0c032ffae61eaef962590b,0x75d009ca51413ef0ba395989c5bda36137672f6662c8d822f5a5ede23c94a026,ok
0x32eca4059082bc27dc4119d9646e98f3f826a485,3230.39,0x02549a9516b3b16860df496ced661916828ca06648af9d5f931dde57a3a63314f3,0x04549a9516b3b16860df496ced661916828ca06648af9d5f931dde57a3a63314f3438463ff44a9e168588477a307b43466e4ccc348b05494252a5e05216b45ed1e,0xbce88d62e33c6b242090137dbf49838ba8f94ca81be4720488f54696db9cbfdc,ok
0x1fc851ad372d6dfc6b1475c5049205c09c28f4b0,3228.13,0x02bc37876885ccb4e0972d5150ffbe541bcfa56cb13c6e1974687a9dc782e00f22,0x04bc37876885ccb4e0972d5150ffbe541bcfa56cb13c6e1974687a9dc782e00f22568fa3cf08a3341db7456ab881380034ebb019edf5615f5b5e41b03b16423e88,0x603ad9a938b1e5972624e36d33dc989235e586f1ec2037c3a8ef81206186c51d,ok
0x16722b2e0d68ec1c34bd0001551099610431d016,3224.33,0x0379845cb8f562c5cbfd1d8bbe0b340cc1fb051ea7109e993d43636901802d52cd,0x0479845cb8f562c5cbfd1d8bbe0b340cc1fb051ea7109e993d43636901802d52cdc736d16845fcf2e8130911a0ae75081442ce98a9e13e2310dbe924d0c7c044d1,0x592ff414008b3c90a13e976989577ff6222faff21d1f08df5b75c1b071ec64ce,ok
0x37c7f50d31578da8299025c4a9d0d7b593fdff5e,3207.55,0x0307e73ff93f5261f238cd00577c48bf4129ec65c58c991482d4008cff477a8084,0x0407e73ff93f5261f238cd00577c48bf4129ec65c58c991482d4008cff477a80842a279d28a6dde6654a6df452df9d1e2f9ef7494a74a43bb7be5abc8495106089,0x1f108d02838bb1ec95f1b789fbae95e4a50259777125e6c54dcdf847c39ce0eb,ok
0xcffb4e7fc78616227a0f4f11301770723c559e27,3166.30,0x030c96cf71eaf60af580c52e7baad38297d7fabfff5cdc92795f46e47c44cac16c,0x040c96cf71eaf60af580c52e7baad38297d7fabfff5cdc92795f46e47c44cac16c95bee9f55acb3945ad1feb05b35bd46b5bc6e525564c049d3fb19ea711048061,0x42d9a7a93cc7318310536e5e4bd9918267613c6f8800258a60e9e8731ef77a13,ok
0x6f693c30f29e65e7179e2a1d18e556e2c4083f4a,3165.57,,,,contract
0x80ccf3094241263209acb9b8a1c5189a64d153f5,3163.76,0x03cae8ad6d1dde9d95f300232bbe9e18164dcb7a0781a282986585538330e9e959,0x04cae8ad6d1dde9d95f300232bbe9e18164dcb7a0781a282986585538330e9e95976ca504b4f9dc2578a485c9e264eadd499bde0d1df892f8f4799974f1f80e9fd,0xa3656b479ffec3b89efa2148bdd4c1ec93058641ac62f1d2b8febac6e0adda71,ok
0x7c9e13f471913b1268d968f049d2a9c545c0c120,3143.70,0x03c8c0c3f35ade906e189ee9a2735dd41ef04fd41b10177de882c793e6a61d4f67,0x04c8c0c3f35ade906e189ee9a2735dd41ef04fd41b10177de882c793e6a61d4f6745f43434e64b9d34c90db9b498fbe8cae6bd8d95adb17ce76e2c43537f8791e5,0x8d690565d50fcb5468bfcad24aef1450439184fdecddfceb4c1dbc2c520bb8f5,ok
0x47fbf3bc91ab95c59c16a842624ae90220a90217,3135.69,,,,never-sent
0x0511f88a0cb75d61d61b7b4c46866bb63d16ca30,3126.90,0x025d1452ce6e1e55745cd7f90c73ce507f9a9e4aa8890d7dcc0a96f2e1a10d8171,0x045d1452ce6e1e55745cd7f90c73ce507f9a9e4aa8890d7dcc0a96f2e1a10d81713597cddc1c49b7bd9bbd6b23538b2c3d1cd733939401023c3ee89b04adb0e136,0x61fadf41cc4b6491966ba683d0ed9058c82daa9b8a98218f07bdb5bbc6006d84,ok
0x6b89d35bf77cf2861b78c8acf8c58b5c6f9d21c0,3124.69,0x02003aa0f3744851d8dcba7626b59b61b9de0210dbe6b02f5be697aeab2895d874,0x04003aa0f3744851d8dcba7626b59b61b9de0210dbe6b02f5be697aeab2895d874e2cdf30c927c0887e0304f44ac8b837093ece4d63b30bfdad585a5773aa87300,0x613f53a5ee6948e0a26a9ebeb9c59f7db476d09596a7a213eebecb192b2cc62a,ok
0x0a1cded8e7a0993c4a9e646f1d7e377089697e9f,3118.80,0x039bcf9bf1aed1b41d774efea0ebd7e9ab0cff6b9501d5db649e751336afd9b1a7,0x049bcf9bf1aed1b41d774efea0ebd7e9ab0cff6b9501d5db649e751336afd9b1a757e778d6ce945bde02395433e233facbcd7a1d7b426a280773a6ec5b5084dc37,0x251297e2405d38aa09dc39a9820294acaf7cc9b73495cc5049a8e10355c0ac0e,ok
0x1069ea8f8ac059203f5b6ab5b114f17c98ef978c,3118.78,0x0298d5d2d92c4d35457e4586b86193a37747ed5518c3b7b8f09d24b348f014fc40,0x0498d5d2d92c4d35457e4586b86193a37747ed5518c3b7b8f09d24b348f014fc40628f0113c8648e3bbd513ef79dc5cc67b975f45cf5241ee6f29fbcdb25b7e78c,0x70fb449b975bdaffdc3ac1b539a354fc7d1bbc8e5d82ae8cba9e39b191644dfb,ok
0x85a07b9d577a0544c434190712449a8198f0c6b0,3076.43,0x038e5465a51222016e2fba921f0d18f51c93fa33f88baa3c6ce9ee9dcdcad09136,0x048e5465a51222016e2fba921f0d18f51c93fa33f88baa3c6ce9ee9dcdcad09136447338ed1684c965d413247785c224361b1295d65dab2b0954e2b06f84916f87,0x5fd8f612336929ac06c66c6dfb70ec2b423e1400c4f74b499d4a0d3337fb4338,ok
0x0aac44ece6878864e58460711188faf71ba5eaef,3057.27,0x031ed792da9c09863b24aa7d0b7739e20e512adf155d48142adff92a80188affd1,0x041ed792da9c09863b24aa7d0b7739e20e512adf155d48142adff92a80188affd12929a3de161b95151b4a0f4a819e11496d93c28ac93f8f9447520b9d467ad609,0x22e9da6f9c47e7fd16a5d0ff52be1966527e5fb65b3f2e43c13d01fa746ba041,ok
0x73b7a413c649d3b21aefb1dabe88256c239f9a90,3055.38,0x028af2a86adbe3abd918024c84e866d304c1984355e0407e3ba74b64cf1a55bbd8,0x048af2a86adbe3abd918024c84e866d304c1984355e0407e3ba74b64cf1a55bbd8af7d933acaf6dcce4b53eea39ae28321209e94dd3d0aaa4040e9c8bf9cd6fe62,0x688374af39fe837fd4211f86a8f6b40eb00e3f2e258747fdea1fa8a549f25ba8,ok
0x98b3571ce3ffbca72853f201f9018bc3197e31ba,3053.58,0x03abdb52c428b8cfa09a3bc5e6325cf2994040467b7901b4f3f29a6f72e03d88d3,0x04abdb52c428b8cfa09a3bc5e6325cf2994040467b7901b4f3f29a6f72e03d88d31393b74b03adff4a4bb7dcfab2c71d35184e75a5e5f1c6f59361e4d888889529,0xda673e51b8e0340efea5fcb6c06fdf5fcae8b9c9562454b862b591cc5b291f00,ok
0x78e4452db5a25600cf9b83dde993775f0a700450,3040.49,0x030b7f53eb08c44410c1556d7e4cfc82401819421f03aa551265a2d1dda88f1e52,0x040b7f53eb08c44410c1556d7e4cfc82401819421f03aa551265a2d1dda88f1e52f209df97c814dbe9d89feb4899d4f323d8d7586b2f1964da371552bcbe771f6d,0xeaa653584ac5dddb4ea61ff8710372dfa25b04c5c49dfadcb5183616ff96c319,ok
0x1f29ddce4826e92e9c5fe96ae14bdba06372d908,3000.00,0x03a942dddb9bac0309d3b5434c6d8c6a94b79d073f6e0e0ee47fe6a72b1938e53c,0x04a942dddb9bac0309d3b5434c6d8c6a94b79d073f6e0e0ee47fe6a72b1938e53c584a97e5fc96f11f6b18cec10ad6aa3629a2132e67fbd44bd59510812c89ec6d,0x9246c569cd948112c75936b288c3c9b64cecfb19cd86c8d19941b978ec37d135,ok
0x0083c85a6848d0ef038a61a8b69e76c751ff2c31,2986.47,0x02d2fbe723ead64cb0094fb6b5ea8a3444f5cd6ac1b8770271622ef510a249a921,0x04d2fbe723ead64cb0094fb6b5ea8a3444f5cd6ac1b8770271622ef510a249a921227269eb08872c7b0f104aff0f9fbd24967550cc44ad8bd7f26cb5616c254016,0x636badd155f900d41357e617fc7553ceab9366fbf243aa2e5a1cdfcb87e75b03,ok
0x8c3d175e9a64c5edbdf8ca454367ff147dcd58c7,2957.53,0x02ec54ea00d26a12f4ff70efde627a3b2ed6b82eaefc415db01a0f5f12fa126fc0,0x04ec54ea00d26a12f4ff70efde627a3b2ed6b82eaefc415db01a0f5f12fa126fc0aafe068ad227f814e41ed4f4806ac5d8dd4bd4005aa621c472c5a053e731979e,0xedcf6e48a51871aec8179f30c8f3740e83895d0be4f5ee1a6062939e28f18ab2,ok
0x1b873ac2e6b0df382134f88577be4c03b4188904,2938.28,0x03322494159a61d14a72b64a50df99361dd7aa76c56f67fab4c1c4e5dec866d3de,0x04322494159a61d14a72b64a50df99361dd7aa76c56f67fab4c1c4e5dec866d3de82e4e7c090934752e375e3083caa4b5850fe66aaaf6334432964bb156d3a72a5,0x120d946d0d1b293686acf95bdfd224658c5f3072c5a201d862216b6513bd39b8,ok
0xe416aee68edce24488dc9aa43bdc6760c5690218,2923.13,0x03e12a2043d49e44848164376f54f7577288e08b753637b255100ceffbe360ac7e,0x04e12a2043d49e44848164376f54f7577288e08b753637b255100ceffbe360ac7e3c809ac0cf27a483f1f5b416b32c3e7b4dbeace36e98c15ae8ae6cfc00e4d34d,0xc021ac578506c8fec40296f32152b20521b4f5a90f42ec27b3ea31cf6a710e39,ok
0xb8b4e1a8750c24f13e10c361e7b811d0fba9b83f,2912.47,0x02c395be05fc175edf8118018d25ef50e9dc0bfb60609b1556091044a516f424d9,0x04c395be05fc175edf8118018d25ef50e9dc0bfb60609b1556091044a516f424d95f2e7f071ee5379163b061b209aef291974b5945cd9850c911857f6840178924,0x8b442ffae415aed7f3a7fa104e7969793d18614c301d81646a0ea702672cc7e5,ok
0x46a3fdff5aa10ee311b472e9ed27d692d126a5fd,2895.14,0x029b90287c686bfdd880cc68d8bfb4d19459beb87a61c501b2b975e0ad372fe8eb,0x049b90287c686bfdd880cc68d8bfb4d19459beb87a61c501b2b975e0ad372fe8eb97752565fe87e4f4c430571b154fec23755cc14c196c9443559f74266ed49d04,0xa9c92a92d4179402e72aa177c6a776e72fea15e5120ee97c7873017f1249e11d,ok
0x671d51e8d347d770db46c241c5f5a08387400a20,2881.26,0x03fa38d6459c07abe339781acfd003aa6ce0924c38916e88699e05e2e9dbefa998,0x04fa38d6459c07abe339781acfd003aa6ce0924c38916e88699e05e2e9dbefa998a5fc0ceff4586f3e041fc759b623b5ab05a159f4135e127a575bac624a497ba1,0x972945f3562f7ac2855dc5872f354e4ee39db5112c4b31afa1cade24a9800a78,ok
0x88b6c5fc9e48f319853324d2baaa884409b204a8,2875.28,0x03ec0c3164a889d99b510447d5aa1dad5aa21f96236de24fedff9c9a1276837413,0x04ec0c3164a889d99b510447d5aa1dad5aa21f96236de24fedff9c9a1276837413cfaf52d6b13fa3e9b1ee97ab28d25e508e8f46bc44ba0627764073b64dd21f2b,0xe8a9520122d5edad580d8d47210e555efdd80233bf9c637f2e41e855d9d5bae4,ok
0x642c2f6b7e82750f3668595f26b1db9e98354a66,2863.15,0x0317f68b6cb9ffad2f848151f1622a96ecadf89471a7656d567a7492fed128356b,0x0417f68b6cb9ffad2f848151f1622a96ecadf89471a7656d567a7492fed128356b7ff8218606d899100024a8b79a55b91b2d7b658255df308696a934b817562a2b,0xd5784f8a4c7e7f664a9fa8057cbcf2cc910f377d5e8d7089b04cf24ab19513bf,ok
0xf06983705024a0d755c3780c3d2d4d9d653cc2bd,2860.45,0x030fc231f622d1427460b4646c6036c2247d84c6d61e3f1c2d831d809573ed3f0a,0x040fc231f622d1427460b4646c6036c2247d84c6d61e3f1c2d831d809573ed3f0a3b98d7883efcb022a753d3788e76f81a178a7042cd3a5ca3b4a21522cbbb405f,0x602b3ba330372c3cdbe00cc62e1d7d3e25d8fa18626782071dd675b5a8966680,ok
0x9a83839d4acd14a8e360ac85d344c86a6ed3c377,2859.00,0x03dcf1f2026f4f6c74357a1a6f092a60830419e9bb099e1c40be1c89e52bb19191,0x04dcf1f2026f4f6c74357a1a6f092a60830419e9bb099e1c40be1c89e52bb191913ccf5850a0162d4da647301a293e6647a0fe896bdc6d2be7d9c4273ea1ea7f83,0x1e2dee9fd1b02f4ce4ce5ead74a6b08894a83977ce6678fc688252eda33f488b,ok
0x7c4031c0b6be4a48ecd15138eeb4be24aba956aa,2854.48,0x02752d461bc93bdb01687b606b39d5148e1ff3215794cbfb26a9e09f44067bf033,0x04752d461bc93bdb01687b606b39d5148e1ff3215794cbfb26a9e09f44067bf033d24c032543eaf4937c7c9877835c83de07ec8e2112c6acfae2fb6069852c4378,0x321041346b7b1e5aa3f657068ee6edb18902873da21645acb47241f7aa74fe3e,ok
0x45a1f5b5cf075f58f8f8a5c12e540f2c3414f2b8,2850.95,0x0342f8b29e334674f46bd6e5b7842417c566753244499c59c4120b56afa0254b77,0x0442f8b29e334674f46bd6e5b7842417c566753244499c59c4120b56afa0254b7795831a6bf6260005f8da71542b3e650e31ad7674f936ba443106468353d15c1d,0xaeac488d39379952e4bedd280143e6524f5c371d6e832c95400d4406d843229f,ok
0x889ba263fa06158fbdd8a00a9001906925e838ba,2848.03,0x0327e3558f5d58ae166929e605581847cd2295633cc2b867643100a91785032ba1,0x0427e3558f5d58ae166929e605581847cd2295633cc2b867643100a91785032ba12610be958d26e41afd022d881d9f5139b64638c5028fb2d0178c05221476ebad,0x8b74c7a25b9202c1fc126240c4d5ad33bfb88b09a5231df161b10b3357463730,ok
0x3f7d4f8980abae9683f0fc96a579cca3719b73cb,2828.87,0x02d9325a1ea717c755dd2dfd7a92af9e7820649a0dd118eaa8222735e45bb3528e,0x04d9325a1ea717c755dd2dfd7a92af9e7820649a0dd118eaa8222735e45bb3528e9f270b58f5537c8730151343a10b97f37cb958b9ed6b779bff8b4cc906bc8a80,0x634d961027d77bd2c1e16765680f67e4a11a985be4156b18d90dc7c5ad131279,ok
0x1b780f882f2f1bd26a924218d6837a0688d9ec04,2813.90,0x02e86b010560aa6f5ff3e5712bf005066ae99d9a805f35d7c939a4dc984de13a34,0x04e86b010560aa6f5ff3e5712bf005066ae99d9a805f35d7c939a4dc984de13a341efec8b778e22aaf443d3f4d15b5e696deb5f84f2eab750a9667f353adb88eec,0x7a6aa4ebdfc8a4191e7e32492791dc800c9bb6a04b55a81957432693041284ea,ok
0x1ad19c236d9a460e19da9264de8f0bccd76492ee,2773.04,,,,never-sent
0x17576a210f111f4a495072109dc243b527fbaaad,2733.07,0x03d9669b89efb9f5709bd002804ca3fe006d816dd0afe91dd9c242288f235ab8eb,0x04d9669b89efb9f5709bd002804ca3fe006d816dd0afe91dd9c242288f235ab8eb64c17b327880bd77283773aee85045cf6bbc553b1a7fd4e61064a0ce4ef398a1,0xdec8e9e9f601d40d807e1d186e033ce397466145afe853cc61cb88c5883d55f8,ok
0x92cfa11ab5282a5fb8f8b464c44c5671f0aeff0a,2720.51,0x03241c12ada986df1506de8e93ca39dda6d733074c1da09d994c88ff9d0e03b90a,0x04241c12ada986df1506de8e93ca39dda6d733074c1da09d994c88ff9d0e03b90ae68d917c697fb60571355136c2a003c187117ba8e51690fa85d822604a38ca35,0x330828a544a35fbfb4ca10e382338089d442406eeb2990bf24acdb4c9b42bb6e,ok
0xaeea0940b7a2ad9265e322455eadc5b52688a341,2695.41,0x0299911dab1ec28485cd263455eb91a322ce2c802cd723e18906a7d879c4adf850,0x0499911dab1ec28485cd263455eb91a322ce2c802cd723e18906a7d879c4adf8508e8285c148aa9430104edbfc054a627acab1c8c9ffe70c88005d6b406914975e,0x1c4b364f62dbf7ee74bff7296719cba1fcca2d39e9cdf24e9f4197bd8ca979c0,ok
0xc19ea2393f2e9ec54c793fc732aad1776ab3bc85,2637.97,0x03d241e85944b18166546a721bd0c77983c8e0853d2d190c46cbbf8aa0af8203d5,0x04d241e85944b18166546a721bd0c77983c8e0853d2d190c46cbbf8aa0af8203d56a70b483a468eb05c47f5a9b28f93c9909a5ecb3c50aee253422966069eb0c0f,0x2ce9c3b27083eaabc9c5d9c4a62a99898957e04ef22314e8c7193bf0df5af742,ok
0xabcd1be5c3e448d3e797203a8e8ba55837dc827a,2635.23,0x0271b51bccae344df58c1d1ffb3ee610b3087f60d002eb273a0b7ae718d6cdbedd,0x0471b51bccae344df58c1d1ffb3ee610b3087f60d002eb273a0b7ae718d6cdbedd5ea365a6b41d85d0175c06541d2023a1ea1093ca3e519f76641555c3a45dc4cc,0x170f96fddb6d37528153718e2d3cfc4979751fb70c1da39b2d827cce9e77f224,ok
0xf9ffabc4219321ced9301bf83e11555b5c8206f5,2607.41,0x03909f267b1e8968b5df36e3f55ee604eaff8cddbc919c9fff3d1e5bd57a675638,0x04909f267b1e8968b5df36e3f55ee604eaff8cddbc919c9fff3d1e5bd57a67563820d4239b0a1711558c266dfc9b09e5189abe04a54c5f7c6d90f86f26875bfe43,0xc7b09ef2dca8dbbe3423074adbd0606da881ee87aadffd7e62039bfefbd1db7d,ok
0x6a5c9b543bb509e9ce2d86eadf5a74a7650afcd2,2594.90,0x03ba11e1287064b942114bf0fbe112f55a88b7b480774c9c4ad15156308bbf2da0,0x04ba11e1287064b942114bf0fbe112f55a88b7b480774c9c4ad15156308bbf2da027d014290795793d84ca687489c6b386b9445b0edf3d320c05473d6d09924e4b,0x563ce8f80437fa49b4eb1a0e1aef547e7c8b09aa624e0fdf2db5eabd9fe2ae08,ok
0xbaf393ab07637890584548d2c65ca0669431258d,2593.93,0x02f2b9765413de1201ffdeca30a676038ea4c985490f4e9ea198463224751a518b,0x04f2b9765413de1201ffdeca30a676038ea4c985490f4e9ea198463224751a518b605cb5c51e78e001f407bf7783eaab237fb96940ba8d4d47a721ea8d6077eeb6,0xbee66c2996798d41e3f46a0b590b6519ce1505f54449a2fbd57d6f15490bbf01,ok
0xa3f4b6c0efb5235c4b308a67541266f8bb0646e2,2567.37,0x02ae2821be2235718830ce6735c7c8de5fd4eab9ecadb24580b7eecc01f9af5186,0x04ae2821be2235718830ce6735c7c8de5fd4eab9ecadb24580b7eecc01f9af5186f0cb6cb3579db57e9dedceb7dee1b6ebab207615a86f0d8669e375bb26223b3e,0xd50cb3b006ed9b4a7ca9fab80de5589e1478433d750582aca4ea5172e4858dd8,ok
0xcdb4bd9e49f7fa70c1baac91ca8fffea1d625ce7,2547.74,0x0242f27d99841da30929df861125f149fc5dbd4c21631c4ee55416ac0e24b567a2,0x0442f27d99841da30929df861125f149fc5dbd4c21631c4ee55416ac0e24b567a2d5c5757b9fcaeddc5ed75fbeaec26ac97c37b1af76e7695cd09745722b99e566,0x811c954fb0b3133f8171e9c0344d73fd412681441eadf95b49745e9a1a993dd8,ok
0xb0cdd4efde1fe7152079f82cf5ef6eee71f656f6,2545.66,0x020fbe481e6efa185409cd082bc8d6fe08a202e4e42a16564478af7e6bac577975,0x040fbe481e6efa185409cd082bc8d6fe08a202e4e42a16564478af7e6bac577975c54418b1193de8b9f01397e4f6040351a1d733dc177d3a0eb8e720e13ca4ba14,0x00376ec97840aff6d14544049249ec0bd453d7e5eb6664685f845fd599659712,ok
0xf9248fcbdb7514af6c3bfcd7996dccaa6096f65d,2539.02,0x029aa0f1d9cea1deea26cf4496451d487da63393407f1b39cf15ae8e754f54f9dc,0x049aa0f1d9cea1deea26cf4496451d487da63393407f1b39cf15ae8e754f54f9dce65f9826212d9474963ca83bb6c15872a0db31ef05c3fa85631947007d00a89e,0xd75e19d380c097cf27202fde9acbee2abc2dcb8a77cbd1fec887330e8f46ba95,ok
0x2e10d42f9d1a11adaeaf48711213a9a219526157,2517.66,0x03d8c3e1830ef4fe79a006fd228f03e6221dd9102fdbcdc2dff59abc8697227186,0x04d8c3e1830ef4fe79a006fd228f03e6221dd9102fdbcdc2dff59abc8697227186f4e42798639fe506a6f61bb4ffeaae1072e26321df14bba9ec635d9879db7711,0x0750fe685e6af1e87c4f4c46bd8ad5a47137778709e4393fba5133cb9fe7de2f,ok
0x9f45f429a8655e94522aa47f58fd61ab9ff59be8,2516.44,0x036aefe9b02fcdb047b9427ee87740da505ecd8ec75c1188193c2716c61c0139de,0x046aefe9b02fcdb047b9427ee87740da505ecd8ec75c1188193c2716c61c0139dea2f72c04f7472da3770677990b7f636f83717a5713b384d092c76ba5baa6f293,0xca18266eb78d55a8cde9f72a9c83afb53b7ae0e3a301893d0fa1c77c9c78a013,ok
0xba019e932e88839bc053a09e2e9f8e73d620b82a,2495.89,0x032ce785012af50d29ae5fcc209b1182c582edadf0830f0d3744515ae3724ed515,0x042ce785012af50d29ae5fcc209b1182c582edadf0830f0d3744515ae3724ed515f115f9cd0668ef7dcf3c230987713151c015e0817cdf3e8df7fd618ec9905d4f,0x4538010ddf4347146b3c9c62b39960c664bcb4341ed9ff6ee4b4305d39591a12,ok
0x8d49cf3a05ab5a8bb8dddc1ba94583e7687b426e,2458.02,0x0277030e1c8bb1a69c63843d457930a3a82d7e08b0f15f083b3f05f8cf40201497,0x0477030e1c8bb1a69c63843d457930a3a82d7e08b0f15f083b3f05f8cf40201497032281e85329926d78603af0e55683a001579c595600a9086556af2cd2b0775e,0x45a6a742608f91ddd1839403ed8a67cbbe67853796f4ab9350ba04d90acfd6c1,ok
0x55f8d8460326ac005d2fa80c65876293d764784f,2455.74,0x02043ddeecbe7b044855e751bafd5ff4d70cabbd123b1e7527a4c1617c295089d9,0x04043ddeecbe7b044855e751bafd5ff4d70cabbd123b1e7527a4c1617c295089d964dcd7db9aea4784d95d92bf33403ef418875038374df0f22e42b95e1fd3f136,0x552256b36d633bec682e29ffa2b1683c97864f4cd0c274a8f17091331670f0dc,ok
0xc166c43380952e560d7f439388d909cdf58796bb,2452.63,0x0218715d6857af780dbf95248d64f881939f23077108a718587a83622ef0b56ed9,0x0418715d6857af780dbf95248d64f881939f23077108a718587a83622ef0b56ed973682d6eec16cba397553e7f6fc0fda72005c50108f8de96562f94f172320ff6,0xc575684fee803bc6e9abee9189300a9629add7fb0c30d0c8d295ae261ac54672,ok
0x4bd4c02067dc21e06e832ed2d3d69e0e649a6926,2451.31,0x0303d6e069c6adac65a637c04f4ccf214d548d75096bb21df48952f15d0bae850e,0x0403d6e069c6adac65a637c04f4ccf214d548d75096bb21df48952f15d0bae850e51d8d335952940bb00e72a86585e2842f4cfb22961e4ad966c6120b74473d78b,0xb6645c028060fc5f05a46136ccc7823845efe7f650d2b3f1e9a6cff6d7bd813a,ok
0x76e8168e026fea8267b3c3b2014eb9319eea8472,2444.92,0x03522d79548fa713fd5e9b5850b397d9525b999d1afcec3084b023e968c39bc84b,0x04522d79548fa713fd5e9b5850b397d9525b999d1afcec3084b023e968c39bc84b45e7a8574fd0d6c3d2ed528b71f9080cbf29eea61ae17f18b21f2190edeb440f,0xa5c6d2127c825a0b22b094c3cc26b901d9c3dcc32f5eb7c905df5d992495e588,ok
0x41674df49c1f263dde457bea8411ff0a17a94837,2429.21,0x039c74b22fbbe3bbbd3f00a9fe4f07a92d49c621fab15fd8c003e899b6454cbf57,0x049c74b22fbbe3bbbd3f00a9fe4f07a92d49c621fab15fd8c003e899b6454cbf577aca54c2c16cdcdeeb50cafbfff0fcf8e79e8e64cab0e40122c341c70ebcc73f,0xd15390808881e66adae615acb1020d51e3cec313ff5086ff4b3121f64206c604,ok
0x72083a3d799e5e082193882401b0dac700813469,2425.04,0x037e3e3880fbb583e42c92231d9cec2e69bfb19f80cf1d98a2b763f24633207bcc,0x047e3e3880fbb583e42c92231d9cec2e69bfb19f80cf1d98a2b763f24633207bcc3c40d95eea72e4a9f84fabb8f859b1a7ad351b709367117c454f0dac3d93ef7b,0xa954c1d392e30e5918446cfa9dc453b4abe95e69ef861f3081be19e3633fd751,ok
0xa52741fd9936c1c7f1a72c526054b63e2a667783,2425.00,0x03b3839774401774ff0959f28d45d1bea7c217381d27e9d7b22c72bffe65c56d40,0x04b3839774401774ff0959f28d45d1bea7c217381d27e9d7b22c72bffe65c56d40a3e9aa67e314f3a0ca9de60e565978daa9e57d189e18338f802498a4ec7241fd,0x7dc4459db7dc9f6e72f0206e6c4ed209a6eafbd8ac45f89ab72e1d71048fbda8,ok
0xfe48521c5fb73fd1d3b469a25ebc9c9d633f473f,2425.00,0x02a46078a04985632ff19a2a537183e039a2342dce524ba5baf651fbac32d91464,0x04a46078a04985632ff19a2a537183e039a2342dce524ba5baf651fbac32d91464f179e381edcd4f8de6735f88c549ddfdf9b09e23247b5f8ef2bda3b5fe7afcd2,0xf2741b901837c762855373b9bb9f64845892355a21e9683bf2f779b2b5c24a4b,ok
0x7d91086db44683bce781a5acc83935dea3cde016,2418.95,0x0379b1f4bb2432c5fd1ef7a81a01c1a650472318d084d9563652624ff76f297f05,0x0479b1f4bb2432c5fd1ef7a81a01c1a650472318d084d9563652624ff76f297f0529e143e0d12f5a71dd5972a112cee73e5c7e28b2315d0c3269322949460a3d07,0x50cc08ab381bd62a810e4ff856a6b3b5279476db446b2762527c81e5835cecde,ok
0x695e533a16308e71e2420c99f9442921e14c4d0f,2415.63,0x034d36d6e8718646793fd8e06edfe464d8f1a5b64cd677112d78eea352e33ea6ce,0x044d36d6e8718646793fd8e06edfe464d8f1a5b64cd677112d78eea352e33ea6ce4f5aaf6d3e2daab8931111a6a7f29e02eee35abbb42f93768f179dec7f5d14cf,0x9180b04a49a91ad865fc13408295435a13a62000ca274ba584693344900654f8,ok
0x0f0cea80102fda6236d47977844ea56cc6d7e2d9,2379.19,0x0322993ca36f8945c06de8a1a950538c7330d0f4b2f26d9ca264b864889d9e0d92,0x0422993ca36f8945c06de8a1a950538c7330d0f4b2f26d9ca264b864889d9e0d928a00d5568284b0a360f7e72dbb94aeae5b3c03c7f1d4398efa391d1538aa436f,0x8ca9ddd1987d969dd833078d419643a7d0410525896ba2906696fc76761b36cb,ok
0xe25487175d2bb9f0f26d241de1559dd0ae8f5723,2369.92,0x0256249c6ed44e1d199353a6b6f1f51537f627998a64cd2fcc47149d061c3f8ce0,0x0456249c6ed44e1d199353a6b6f1f51537f627998a64cd2fcc47149d061c3f8ce0e4ec9d43b49a4e03e084dff3cf8ddc824f563f3c9168bca617dc62e1c9f54206,0xc25af2c6373fae53beacd6343d5c9147bb09047fde8c38af691a62ef1695907d,ok
0x3325b22b969c590fd57c60083667229080420388,2345.38,0x03c1326863e813942c60299cd3206bb9f4d5824564ee5c7baeebf30d8e4cbe8fd1,0x04c1326863e813942c60299cd3206bb9f4d5824564ee5c7baeebf30d8e4cbe8fd1610a96766419867da68686add5c4273269c2020aaad03bd419d85ef5c32a9b6f,0x99eaea030735343a174e8c4c1051a6e0a1c042f1a1fd29c55bde7c7ac8f1cb57,ok
0xc78a697c75e9c9c595cd2c298d484654ee59650a,2331.40,0x03cbfda393ece3d20fdca8b5321fa2f24147d3b06be8c0c06e65e633668067d50c,0x04cbfda393ece3d20fdca8b5321fa2f24147d3b06be8c0c06e65e633668067d50cd6c05044024c0eca3c2b4c30fb2c25bd57408b314a9fabe600724d3166861b53,0x2ad503a486c1ae03867f90f02292dc23c5fc447499e698838aa25d496ece4f37,ok
0xcd70fa38146e11a300cd74b1279994c16292b8e4,2285.17,0x03fac3bff537695f23f1b092d616de9463e83b9ae2bdc1aba0ae0cde0f4308aa27,0x04fac3bff537695f23f1b092d616de9463e83b9ae2bdc1aba0ae0cde0f4308aa278133f5a912480705d11170f0a20c7d88eead3733bbfcfb50a67caddde53294d9,0xa909a408449abf95b46d57e97b2eb84f0082ee358122564fa07c8c0ce1071db1,ok
0x3c4ceee4edee2a89f26a226a0f234aa672a8a4ff,2192.20,,,,never-sent
0xf595095232e2efff5dc7102c6aede4cc51272e64,2173.54,0x0211bcb5dd529d4109a7e482bcbc0fc5659d64d7b0860f8e73a37443cb2075d270,0x0411bcb5dd529d4109a7e482bcbc0fc5659d64d7b0860f8e73a37443cb2075d2705a42fb5b608c5208d1ae2754149f8e51162c69f0d963a25d674dfe693953ac6c,0x069319021e7963bc1eed551d84d4fcf6a8e96c60c055b18eb4701b59401ca2bb,ok
0x06c663a78c8c8e4f21e62c23197fdc71b3ecddf5,2157.95,0x029a21a8ed49b21f265a18ef33fd617c15a531650f79d46f67b3da49f505d2f8c7,0x049a21a8ed49b21f265a18ef33fd617c15a531650f79d46f67b3da49f505d2f8c7f0a9516168f5b585ca2d229e1281ea64d0cff54d347fb6f4576e996f28022034,0xe36b50d8f6db53f774f9b78c1dec7c261e004e820dd5312c9eef5d62db908819,ok
0x260362e5c91f7ba832c4b322eb51cbc501095cef,2156.78,0x036fe9cd0c1f04e02bebcc39d22a9c4ae60272437123e3f003712182ebc70e3324,0x046fe9cd0c1f04e02bebcc39d22a9c4ae60272437123e3f003712182ebc70e332481a2bfe8fcef2bdf29c05e54150a744aec8309b40a79ba3bdc35979292ccd1d5,0xe19dc53a0ebc1b0d7e63477caf3badcad8263e0fbd0befe971ca4d7d691f00d4,ok
0xe74b63c2d9815ffa1e012f48e4b9442c1ce91e21,2136.59,0x03e58e0ac7a29fc44af1ba31b34b117475c39f9ed1470045d38ac707911b2d52ef,0x04e58e0ac7a29fc44af1ba31b34b117475c39f9ed1470045d38ac707911b2d52eff35d47c003126bdeae2fb0e4babba08d575b5aaaf5fcfeca13fece49a46e4ba1,0xed9a89663e36f6754e8f187adf267ece660e4f1e7c11631c43edd704014676ed,ok
0x8c3c6dbd7c9a6e1cf9600991c29cfa01cbfc8ea4,2134.68,0x03b6ade13ed42465181cab29d70e0c820f6296354453573d8d9018864561e694e5,0x04b6ade13ed42465181cab29d70e0c820f6296354453573d8d9018864561e694e5a0cd1a85924c34983f3acd551fcd84b3d7123b352bb1445823069432fcb72403,0xafab2ff92f59096b6a13d1c7f8bce9dc12c7023aaf293bac2ec14994a954ca6f,ok
0x26b0204febfa61856492315e8861b85b7ff8d781,2127.21,0x025423bcb1055a6e79748a521cc63b017aae4401cc6bd3d95ed10de0c2055a4b1a,0x045423bcb1055a6e79748a521cc63b017aae4401cc6bd3d95ed10de0c2055a4b1ae67a7b3b0e876455b356043c31da93e054bc032c49ea6b234fb6e3fe7f8efab2,0x5d5b1272a31e8d8927d68799a3ae6d9579c0db6c786d7367c4fc6175061c04ea,ok
0xb2b042ec449a86f05096544558131d21cabd9874,2112.52,0x0270264b78862ae4614f55edf3b3810212d5814bfef6f0caf86fcc5cddb01185d4,0x0470264b78862ae4614f55edf3b3810212d5814bfef6f0caf86fcc5cddb01185d4a53678fa04cf049b719582731f2dd8ea22ee91fca1bb89269b40e38b273102ca,0xc4a2aa050d81c80eb4fb59a5c6c44e3151e53af4b0045a66f39879349a304e2e,ok
0x7026afdfbafa8b11acc7b67e62e9b3be5542990a,2109.03,0x02c681445d1559d71d728b950797fd102191ba7fc54a25c34a5446561e6b72f686,0x04c681445d1559d71d728b950797fd102191ba7fc54a25c34a5446561e6b72f686e2b9b5ec83f14d5de0a4f6ae96c7c4b1fca059ec3b0c1e9bf6e05e0dc2c81e0c,0x5af86cd0e85ab1c9c3dd117294444303e97cf3de094041c85c01954d488335ce,ok
0xeeb1e609c1c0e66f84d89d526ed4f5fcfc41c1c5,2107.12,0x0297ade342b04d5b188da3403451f8d642bbd6f45da98ec56527d1519f8aa62260,0x0497ade342b04d5b188da3403451f8d642bbd6f45da98ec56527d1519f8aa622609af06ef735ad1563708ed3833d508a51c063630313b2c7e94c289db94cf4bd9c,0x630204b3b872f96c4d506ba02d6379d609661ae3869a4ec25d8506eb54412f24,ok
0xe422ff790065e39ff18c77e578df4c4ddf709861,2088.68,0x03cf029fea6e8be4c358099778b3c72188d3dce3a2d5b0d3785955e54285635be4,0x04cf029fea6e8be4c358099778b3c72188d3dce3a2d5b0d3785955e54285635be44b89a96794c1a6c6aedaa7b20d9270d4246eefbe42fc3d07bcc14e83c6769645,0x62fd0510638bec28eb9a0ab03ae4e18f052955f52b16ca2d75a711b645748026,ok
0x537030b9293b9615ad187185be2a83b40355d3cc,2075.81,0x03fced5f6f7514313f5361ae75ea8c5673ddf204252114cb7f42770b92a065bb63,0x04fced5f6f7514313f5361ae75ea8c5673ddf204252114cb7f42770b92a065bb63e290f36d9bf1ee2ffcfe2bec596aeecf0e576b9dcdd3f21fa27ad7e353a1c295,0x8583c3accdc6f788d1a20c547dce321454f2373a35c3f02f75de015aa55a87de,ok
0x6bfef774c2d8c8edbb57d17a1ff7d3e3219e7b6e,2056.98,0x033304ace478b25fb70e60ac63f3ea0b8cfadc4d1e072a77e4ab91a433ac0dfd69,0x043304ace478b25fb70e60ac63f3ea0b8cfadc4d1e072a77e4ab91a433ac0dfd69532aeac62727821bf3957b37450976da82c20be5d76b621738145aa1217fa559,0xa3b5647d9e036379443254a2a60b14dbf7c3783af15757f8915510d2e281d538,ok
0xad762f78a8df6c179253c2ae8fae392718f4d362,2043.91,,,,contract
0x3e136349a631cf5066dcf2b1a5548de9ca0f2ef2,2038.46,0x037f939cffb6a4de15066045b5ee21fb00bc53cb324fc7ff14ce1824eee62d1450,0x047f939cffb6a4de15066045b5ee21fb00bc53cb324fc7ff14ce1824eee62d14505b66bf695cfaf9aa0fd66e556901640fb01fd5d7701a6fc7e08033793290acfb,0x09777dbda78be59433351ba6ff67b375e5f4d92f38747e1814ad98bbf75dbe1d,ok
0x92fb670d817235ad18753bb3a3eeba5f37dd37b9,2018.99,0x03c99902e3a28282d6fbe9de554f58b00acc0651a1a9b0ce0d8c8fee5b08da6dd1,0x04c99902e3a28282d6fbe9de554f58b00acc0651a1a9b0ce0d8c8fee5b08da6dd11a1158596ed9bbccb1c890b60eee136acb908baffe0f26a72d38d93a5edca22b,0x07e5601ed813c62bc20d40661f347acec69c4b695f3a96d2a36186ab593d0fc1,ok
0x3357762f146a004bcc2c987e8d76a286f4937c1a,2017.43,0x037c67503bf91d0b72779e45550d787527a7a5c66a78128d518c49ee0a1d8e67ce,0x047c67503bf91d0b72779e45550d787527a7a5c66a78128d518c49ee0a1d8e67ce48743d1e70739cfb357aaa0a49834058b87cd63cbe0df8632f4321b9bb886c45,0x8556485dc95c9d35c8eac8cc6c80b6b7cb8ef8a8172029885c0b948b946a0ed8,ok
0x2ebdb04b4d0311a49c0a3c1263e11489f8c665b8,2012.20,0x02e0c317592cece4ce5b6f4b25553dd0722487188e507b923e12aac44d1455b061,0x04e0c317592cece4ce5b6f4b25553dd0722487188e507b923e12aac44d1455b061ae23da511ed2c62b153fc60bc04ee2e44b0c0cb2554eb46d647b77a6c20c9170,0x1ab16d7f9717fbaaa98f1ee808dc7911e90df53abe8eca0f9964f6d0dd39829e,ok
0x04b5b54824b060f8f155c88feb02e9dd4f089ecc,2000.35,0x03e5eea7c4e0e2bb2e49aef154044286616edb099086c75654ef7684b2c15973fc,0x04e5eea7c4e0e2bb2e49aef154044286616edb099086c75654ef7684b2c15973fcaefb277e6c1006f56f7ef3ba3b6d01651c9c66398c906c588799f76806768677,0xb5e841bf68e4ccb6c43fa0e810478d41dad8472456535ee206a8b277a30004c7,ok
0xf7b765303fda95d28e153ab23cfec028d7fcb5fe,1973.90,0x023ee02cb67a5048acbf6d295975cf1bafbe19b9a807a23a1232627cab3fc53946,0x043ee02cb67a5048acbf6d295975cf1bafbe19b9a807a23a1232627cab3fc539462b0c8a5b919f0a791759a4470dc5bd367d87ce67354d357c46df8c39c225aeae,0x8b4cc2c924b2463c5999a3d347e808e2d5e1e727d768d6848237b14965bdf6a2,ok
0xd848c131f73a2bb977baffb995d79a832b666658,1971.58,0x03e162c6c92d4c3afc4962b7e54138f279f7adb8bddbcbbb46de8868eb925e24a5,0x04e162c6c92d4c3afc4962b7e54138f279f7adb8bddbcbbb46de8868eb925e24a5da1793e48b977d2265c42bc8449de1954506b3258809f835aa41a66f1111daef,0x159f16edb65b41fd6931006f3551ab53f053bfc1fdc904f7cf6b526a952e9a1d,ok
0x6875c6d0366376924e4a04251e7efb528e8cad25,1966.35,0x03f5f81469af20a91da2974f06f410c5b9d5c6223d78deeb1024cd651a9f6e780f,0x04f5f81469af20a91da2974f06f410c5b9d5c6223d78deeb1024cd651a9f6e780f0798250933ce58f6b46a612bb6f0aed1b2a399f4eb0395a7491d875807d85295,0xfa8439a526f90058133099ac34c8f238d95802d321267640c4608118ca06473f,ok
0xee587bdbd39304d686d04c19b85c85b22f283d8c,1955.56,0x02db303178110fd912436c50369dc42582610601b3af3ccb36d84edd7e6325bcdf,0x04db303178110fd912436c50369dc42582610601b3af3ccb36d84edd7e6325bcdfce0c25f0b718b02171608e864308594ae43e3c51a53357218dd8f61b6ee16e26,0x74648ee602c58c80e3df87132c6627bf2e7642741b3b25556be142e1dbc12118,ok
0xecea90ba4c4ba1dc57f3860e2202044443ef1311,1950.56,0x034b999d7aca3f79d8b4070ed3ed32558a3407889622ad3103fd9d2c5ba017f657,0x044b999d7aca3f79d8b4070ed3ed32558a3407889622ad3103fd9d2c5ba017f657d044e536b5760e9fa3546a44726df4b382f9af144c5b9e168699abf8416ee1dd,0xd6ef3dafb53d664d69d7b4234fb1c6ac2a82c9b1ddc93cd6e41999b367599dee,ok
0xed25e92a685b2ba14c3a6914e0ef3a9595bbbfd4,1940.13,,,,never-sent
0x8e5194225ffb187a7fa778cc2a369ffa40459518,1940.00,,,,never-sent
0x85d60c07e70a58d6f3b0dd229ecb5b06556ac8b5,1938.42,0x03812019cd709a443779ff1463981df94d66face0d2b5b6a7c121dd6b094708707,0x04812019cd709a443779ff1463981df94d66face0d2b5b6a7c121dd6b0947087078b3795ee282e676d69fef135293cb7318da0360054c3ee067d0b82f0875eaacb,0x60d269fe884767aa7b8c98b2da1a6b14cba294c0fa837acf5bbebdd27793ae63,ok
0x40723465ae65a3b6c689c37112fc1f2b3476aec2,1920.00,0x02c4f0308ed0a78d3732eac5d528dd8af6fbfb7738bfb14325997be32d05a43bf5,0x04c4f0308ed0a78d3732eac5d528dd8af6fbfb7738bfb14325997be32d05a43bf5c08f66358e8e9d415e81fcb87828a2d2db7d4cb204312b6c39c192dc90bb367e,0xc81e187b87e5fc0b4e3da1d8f72920a672d0b88cebeae854c1c7060263eb1088,ok
0x10272c8503df4303de0e73e603712cb7d0bdec88,1916.75,0x027f6666e9736ceeed28ef77b9f64f4e62ac3d4bb4bde59c2dab0b3cbb6894cb2c,0x047f6666e9736ceeed28ef77b9f64f4e62ac3d4bb4bde59c2dab0b3cbb6894cb2ce02336f6964e7c6a3edffe4e58b6cdd2654d863df89b833be899e01a722fff28,0x756f9fe8f5812adf4686fac8700f485211bf1da58053b002824eb15a12e9c502,ok
0x58d62864de11d0b6f6899b98c1dbb0f87b7e9bdf,1907.33,0x02992f61bff0e593344ace4a1052bafd445f358fbe707eb7d208c5ae5184338402,0x04992f61bff0e593344ace4a1052bafd445f358fbe707eb7d208c5ae5184338402953f6ee481c1b015e96fe72ee5dd37bbfde8b18447ee31395d54bf379c980c9e,0x8489a30d61133f63d7396bd4fdb0a9afe4dc98076400f99354536700d9230e0e,ok
0x7199265a49d4451eb27685245e7e9f736dc3a598,1857.96,0x032ede3be7d7f8994ea06e4d807745ac834409a7b2cfd19e533dbd10e592dedb37,0x042ede3be7d7f8994ea06e4d807745ac834409a7b2cfd19e533dbd10e592dedb374afa4e69905a314b790422c3d39d6e9270b68dfa836059866b22f33df6aebce1,0x4363609417f8f41fdcf10817864a168da765ad2d1e06343b5af87e958b39e9cd,ok
0x530a799ccbfa22cc7dda4ce4cbfcb6fcfe22f222,1843.00,0x0224384515642fcf396fcf4267f80bfd8289e5f89152742e1b7e6698765d7372df,0x0424384515642fcf396fcf4267f80bfd8289e5f89152742e1b7e6698765d7372dfc810786ffd1584ace19bde75ac5860a28ed11c16e22ef83d64fa2a2da4155f3a,0x15d6be04a5eaa20ba67a732c7989c27559fa54cdea3a9680586848a2ded1ac4c,ok
0x8036901d604fa1566c8f6e7e293cc512a50ad5d5,1817.42,0x02b2ed401451636cb470bbc3f7fea1fe3e62f29f82e702c3d014d876c02639c2d5,0x04b2ed401451636cb470bbc3f7fea1fe3e62f29f82e702c3d014d876c02639c2d5e2290d3d2d49d3bf9f55ae124574f313ecc60010804c31ddc762d51815f3124a,0x2f5a2b279c2ef3053787510446bdb63169e4617928182200307a0522794c8de6,ok
0x87bab63e5fadd3f9a15d2caa6be9964c0781bb28,1811.15,0x02e8ee5b2869730652849a133e129093b945c4897b4c6bfe0a3cedfe7b5063ea3b,0x04e8ee5b2869730652849a133e129093b945c4897b4c6bfe0a3cedfe7b5063ea3b1f635db4a8bf51102c3c6e374c60905709ba740f746cf6c2785ad75bb637c9d4,0xd584823ac3b5882cce418c2ae2db03ea6545e2c91e02ff8c40adbf9707412372,ok
0xc0cb30074827381048c5ee595844e3e245f17877,1810.01,0x02a210485b95100d17027165fee8f78436a0dede689220b547aec0d7bd408484b8,0x04a210485b95100d17027165fee8f78436a0dede689220b547aec0d7bd408484b8caa1706efa4ceaa5ef0c9b64de45ffcd2bc5c24ca3ecf0e421ac8cc18a71d5f2,0x542f13dbde40064713cec874a62ea17565673402b2fe44a24d2b7355ed43b480,ok
0x23af448d0ea133a692bc344d4d30dd79225506d5,1805.72,0x03a902701b9cde2c0048f770d4888b0afb96f752d7bd4f7accd5b406b6e6644a17,0x04a902701b9cde2c0048f770d4888b0afb96f752d7bd4f7accd5b406b6e6644a17df2fa52c80193e448b8cd1c842602e19082bcca571e8ac51df0f14768005e69d,0xbef890e6da34f5244197bbc58d77621f482cc0bc88759493d407c9bebbf14b81,ok
0x9a69e7a31d28e42df1b9d658b2cb7af92e0a5446,1794.57,,,,never-sent
0xe0ffa0f9f434e49614d114a465bd037478f12a1d,1770.59,0x0287b4d02fb00dd22d1643ad7cf7385655ba188bff0222d7422e9f3219dba5a616,0x0487b4d02fb00dd22d1643ad7cf7385655ba188bff0222d7422e9f3219dba5a61671183cdb13b015fef5c68deb757849c97075139d44b07fba228cfab8a1a415f4,0x86581c2f356bea34a63cd6be0d36427af25a02a09525f488222cd84c1ebd5b4f,ok
0xecea241f7012b7d30042b57746fce8d978e697d5,1754.66,0x02b862657dfc89127be98e66abbfc7077d8d4ee538e719d10703fbc3a26a8a5f7e,0x04b862657dfc89127be98e66abbfc7077d8d4ee538e719d10703fbc3a26a8a5f7e1148cab13e2fe201feab61259cd23421fe82977d2fa52319eec3a095f07be072,0x9a3622bdbc68d5cae9020f6ecceb8d6618305dfbc99e178151eb782458425489,ok
0xa41744e2bc966ac1d7ed94a956b3f3c94d3c5adc,1728.24,0x0264528724b74461ff8d44b39a5dbeeecea8b8b31030adb5d398c9ef06a6cc709b,0x0464528724b74461ff8d44b39a5dbeeecea8b8b31030adb5d398c9ef06a6cc709b45b9df3df9d4edfbdd9faf3c64df85ad19eadda0011a8d570cf9804686cbec42,0x1f6f256325d34fd0ba69e2d2fef0a59944e61ec26c3ff74814ac76ea79aca34c,ok
0xf7db0f40c9be6a3e9defa03e083c0caae77a21f8,1721.80,0x038c0023d3699ab04dffcc7d9798dcee80e334b13ee8e3b5f443aae2a3a6904648,0x048c0023d3699ab04dffcc7d9798dcee80e334b13ee8e3b5f443aae2a3a69046481a54d4d0631458ad0da7f79a6c0ba93fe060b927d9bc35cb639a8081e824ecc1,0x14c30d99678bfcc234f2d1dd2b87a63d9bb6d7e1f5f72463a4f872cc4a16a9de,ok
0xf607470824919d2ac6691e877ee990d0da92f5ac,1719.89,0x02be2df29177365d62ed646214cbefdfbcfaa7a08ca45793478992b5eedeb20a1e,0x04be2df29177365d62ed646214cbefdfbcfaa7a08ca45793478992b5eedeb20a1eb276c19aa043395848bc9a43c31c489a25d85b6ddd49d8a72b46da3b9690895c,0x7acb9c97920db05f6023c7dca02aefde89ec946b2fb16587e0b37faa09cf5233,ok
0x255d9f8a60ee47c5df6e5e08b0b6f6c195d258b0,1717.34,0x0200af4e33107fff679df71c4a2a97161c556559219da18bfb236e070ab4dcf291,0x0400af4e33107fff679df71c4a2a97161c556559219da18bfb236e070ab4dcf2915aa09e02671e4ec8677f7f0b3b30d548cd83e7f99e5969165c73b623bdc19888,0x06a075d82ee85cba5b0b0bfb58747bb886ee8ffe4b88dd0e8e6982110d4fa499,ok
0x23719fb51dffbb50f6c999ea99b13891c2979696,1675.17,0x0261cf8b3879d4c67f9e7546dfd1e9293df442918b78db351420ec912e9e87f7a0,0x0461cf8b3879d4c67f9e7546dfd1e9293df442918b78db351420ec912e9e87f7a0aa5371c5421b17c1f997712ceb02aca1262bc4c7f3bd97a71515230a0b64184c,0x34818d504a914028d8356ce1455140990303e4fabc4fbc67c518856c473690c2,ok
0xfd1a761c8d1baab0e3521d1799752f181d6b5e5a,1662.82,0x0251ebc49cd5e78129df456d99de04ed27e3372389be171192b9a99def27765322,0x0451ebc49cd5e78129df456d99de04ed27e3372389be171192b9a99def2776532205adc0af39efbe7ba237232dc7adcd9f68380f20444f8edb2a3997f4fd353722,0x1993c3368b9703554c256b111a893dfecf13d08cd6de6273cfadbd983b4a9431,ok
0x8215d2d1e2a14f8bfdf08e676068994eb025f1e6,1622.69,0x02264b4652ff3a74a6b3a8839c068cc23244da08fb495a01d4652d26dd52367c5b,0x04264b4652ff3a74a6b3a8839c068cc23244da08fb495a01d4652d26dd52367c5b9ad1519402609ef8aac12f85e828d4b906d4343ba7685b5f38c2f75c1b4c7206,0x882e05028c8136caa5b8deb24aeb33265cd0370fe30df965e93c5e1bb9896fb2,ok
0x4393194fc23eac541e4ea588ffa98588c81fef62,1606.26,0x03f73fa01da1019f21d0e1a6bd60e28195634c6c1177c2cb4e32056b0b020184b2,0x04f73fa01da1019f21d0e1a6bd60e28195634c6c1177c2cb4e32056b0b020184b20d8f7179013a7809eb953ede0aad47f6ef9617b7f3d502e451fa435c97b9eb6b,0xf62530d01e4df90e50ff47876f45eeb6642d3e57f61c51e7126d76d365a4607c,ok
0x31527e48e2673a89b74d5d8e5be154a38a98cab8,1605.68,0x02c848f52fe82c00d085b4c5b20d8464daaf7a5f7b1172fc1ac190ba78a121008c,0x04c848f52fe82c00d085b4c5b20d8464daaf7a5f7b1172fc1ac190ba78a121008cc17cde636d4f7d9af051b2e77e9b55fe50e9def42c7254c78fcb6dbe32a17022,0x83c5a9b69f363bde8a48fed4b7bc8bbc44485ced5553df476b770f12c61ef3cb,ok
0xffdd73db0e430bdfb832016fd5066b2420ce84a0,1507.34,,,,contract
0xbdacf41323ed9fdb3af902ad2d9e38c20f002360,1492.80,,,,never-sent
0xb8332a61866db6a2463dc3654955a4438b063f7f,1492.29,0x03483065dfa5f3c6a01b90d6e8161c2ee2494deffaeb4f9e68e42062d05477eafc,0x04483065dfa5f3c6a01b90d6e8161c2ee2494deffaeb4f9e68e42062d05477eafcb02c3b8f4b8aba4affafc58fef2d68171da895e3bb28c5f591191d043b1998f3,0x9f879f30a33a2ed89244d9e4a306735633d8b3c451486fbf104be5e3b8f01d6f,ok
0x9cdf4ab2745dc71fbbfc3aca21c474c89f0fc42a,1491.79,0x03db546fa1ca84c4f9ecdf81f14dd44cc718286f8dd486797b093ae11065fa110b,0x04db546fa1ca84c4f9ecdf81f14dd44cc718286f8dd486797b093ae11065fa110bef2df2d6ba2bfa8f7cb7e0b1808b5d3d1ee2b788cd02a7abfa1037853f65bf5f,0xdd09e6275289271a28316959a6152769a23302053ea5505e09c2929a62e6ed9a,ok
0xd6f0bb3c74188b1cede14c916ffb5836fe43bf67,1473.72,,,,never-sent
0x257add37fb8df0d6ed37670d116d9f5703a20225,1463.34,0x033b4ba8146496e48a9b98fd08bd94c695f9dba1b45447d3f802db8a8fc9aa61f4,0x043b4ba8146496e48a9b98fd08bd94c695f9dba1b45447d3f802db8a8fc9aa61f4885323481446c0b269b68d9b0d005a6b994d361c54747ee891f913fd1d811e9d,0xe40fe80a84bc67c0ea7a1ce5c7421b9d723186aec7ea6a14aec279a29ba9b770,ok
0x55540514b6c637ccb077d14fac7035ca408cedbc,1451.21,0x02f42e5b6ee4bf0d2637814d12236942cc11379c02bb810bd9afc0cf35aebb77c8,0x04f42e5b6ee4bf0d2637814d12236942cc11379c02bb810bd9afc0cf35aebb77c88fca7e2fb8bb80f6b5b37edf91397996227606cdaf4e0db815f0f669253bfb1e,0x50020888adffb36203a1d21f5a1160a8a3b65fa3da624349524488a81ecd47a9,ok
0xfc655859ec036abe9dbd7d256d2d7e286c4cf245,1440.00,0x02c9a1ec72b37c07c0d9b81c0046ec0d03d822992bf15dd687bd5945e93ccec57f,0x04c9a1ec72b37c07c0d9b81c0046ec0d03d822992bf15dd687bd5945e93ccec57f4cd4be83a8b12758fbfb9b205f8118d576950aaf58875dd5ed00948b1d4d2d16,0x110197763a0486fc699ec0e75e953b6c7dff67885e063e87a2831a14b67d3ac4,ok
0xe8053088ded2c8d4e4a6b005b40b7b038e47df26,1423.39,,,,never-sent
0x289659df322c889809f0739a061003abdc833e13,1402.34,0x03d28cd3211fee8e7e6a4065c019c3413eb20033020bd27b981d41ec2a6a866180,0x04d28cd3211fee8e7e6a4065c019c3413eb20033020bd27b981d41ec2a6a8661801265fda35da466e36c0d7ad493646072f1fae6e353850ba11b2e784f26e4960b,0xcd32ca8514b54559ff16dc2d1b97015ddfe83efcf9dbee160ac3056533516286,ok
0xc816da8d7ecd8875889524f9d963763e7683570f,1344.18,0x0324d478aceedfe75726c298ee9e3f71dfc0422a682ff6e4e63af570b2887717b8,0x0424d478aceedfe75726c298ee9e3f71dfc0422a682ff6e4e63af570b2887717b83c2d3c41a39915a2bf785cc3122c7086db370fc169dbe8b2bfd3928495f0a687,0x97d635d60faad473b055b0584a15b425721b72c413d2a858fe18847f9d4bff8c,ok
0xdc7b8e10cadb1ba3543c4b4b56bd9c677e101844,1327.57,0x026febbf793d5f0983a282d26883786de3c0d85e8dd2a548b64ea07466684b7143,0x046febbf793d5f0983a282d26883786de3c0d85e8dd2a548b64ea07466684b714396467ae6bc50ce8302a9ce292866f72afd33364d39dba0b4d563f3bfdac95a62,0xed73cfd666ea4d59c9e68a5c78c0dd0425e79c2270fdd89ac80857a28651fcbf,ok
0x6764b1f4516ac21b91251cf39bacbdf1c5eb42d0,1316.92,0x0253a2446afa64bc0d518241b4be56a735993c84c19ec6322be4571c7cd7417fa2,0x0453a2446afa64bc0d518241b4be56a735993c84c19ec6322be4571c7cd7417fa2c48c66056b3cb3e5db31560009506cbb7f564ec867c4b82a22fa0b73f2f68e96,0x4a80e9ab03aa74a242db1d4e9a7f2bc1c699af393a35fdf7e1901b37f8c68113,ok
0x844bc7691a3c949de90fc3bc412909b98f99b9b4,1293.41,0x0203691404bef1c2bfcb55d7c38f94b34a05eb634cf55395fbf418fb7ebd4a8d50,0x0403691404bef1c2bfcb55d7c38f94b34a05eb634cf55395fbf418fb7ebd4a8d50516dabf571b0843155aa8419cb71c5ac0781a90e9d90999c335beb299b0cab26,0x92fef323ad95b14e8d993066b83e6062221047ca120ca6950178f8396504b79e,ok
0xcc12bc166b6f76d419d1a1730cac89bde6c5ab40,1260.08,0x02eae92ee43ea45bfd9e77bd5d97dcec74bf9dc434c1ab614144f623341f43ec5b,0x04eae92ee43ea45bfd9e77bd5d97dcec74bf9dc434c1ab614144f623341f43ec5b77f7f293cac1348c263465feba88f05008d60b1c987c29cad803fa92cadaff44,0x624ce53c490df58629f2ac1fef45e61e252a480948551919fb043bb0721e53d7,ok
0x677cd70fe2cac6d7b2f83a24089e88542e6c92e2,1243.15,0x03a9b2d298cc724e8aefc2a3c4a3374da976f466d84d3533f092bb417a9f9e0ab3,0x04a9b2d298cc724e8aefc2a3c4a3374da976f466d84d3533f092bb417a9f9e0ab37c1611af03ccf7194026beede79cf47564c733920834f5d6567f3bac6c77a275,0xdcd315c39f43b241c68e298c78f1951e0ac97dee27117dfaf99ee0a140313265,ok
0x3e43c872de9aceb4fb8bb8ddf64d0579f926e39c,1192.81,0x02674f7abf867b5d86feb8d392d9ba89dc65ff056ae916f93b520dd0f4ada40475,0x04674f7abf867b5d86feb8d392d9ba89dc65ff056ae916f93b520dd0f4ada40475c7a9f9e2f12efa0503f4bb844277bb0b112afccf8eb2db62e0c3e159ab02b792,0x2154933c0e5b32340fd59fc6893e2cb21363cc4f4965879dcee72b0ee667eae1,ok
0x4d89819bb7226af40d368de45ba1ef2f093ee8bf,1192.79,0x0369df1f7104e0b1d7374bc1255450ccd8e5d77f498fc225e0fdb2d99ae64e73ca,0x0469df1f7104e0b1d7374bc1255450ccd8e5d77f498fc225e0fdb2d99ae64e73cac75ae724a2abfcc3c2a1cac85d0c943bdf7372bf06ef37ca446d809b079e325b,0x0b70a8cc0943e5d438b5043e4c73650e2fd0aa9c06a9a02fb92274923b4ee7d8,ok
0x5b5efcbdfdc432ae59613b4d6a9fe7e167a7b028,1160.67,0x037f7fbca8da089cac25bac214b13a8744e5413f1cb18363979b99362c85858d11,0x047f7fbca8da089cac25bac214b13a8744e5413f1cb18363979b99362c85858d11c8d002d91194bda3a6bfadde76928af30d3fc3736359e254279268a3eac088d5,0x118587c92de99e7bcc59e5b53c6152424d344265674a74186becba0ea8b9a470,ok
0x87a9b41ef7bdbdef23a6fc5fc67641ee5e05c632,1121.04,0x0256035a1dc9dca92b2869fc23ec5fc9be3d4dbaf0a1c29957c984fc76010a8da3,0x0456035a1dc9dca92b2869fc23ec5fc9be3d4dbaf0a1c29957c984fc76010a8da3b25421a9168f6a33ef9ce5b671e165ae767a38db35dcd340cb7bdda40bda38fc,0x2084f435a44eb7752009336deb635ab387fcf9b5b551d3573e494e0bfdee22c5,ok
0x212dfa3808ebeff63bf9b9d69aecef559d43978f,1106.16,0x02f6cc3325afd9cb59b3c4a11c0e86db17bffcfd3bba4634e9444fe2e77c472b2e,0x04f6cc3325afd9cb59b3c4a11c0e86db17bffcfd3bba4634e9444fe2e77c472b2eb2bbfef35293a69df03078697100bd59252049b0c3c6ff3622d65a9db4ea6f2c,0x442ae64da9542e440b9dad885f8f383d90c5761c465d88490f3679a997d6101a,ok
0x9e34c95f181a7a84a5e8df9f29084e1346833747,1078.26,0x024ec15d0c3343a00e3c39a80600ca090047677c6d87478a4113be9624874098c8,0x044ec15d0c3343a00e3c39a80600ca090047677c6d87478a4113be9624874098c858f38428b7ff01ed063d5e16320e0280691fb9291a74dada9d211dff85e4f138,0xde04ed869d297ac637404e5ad8c8a738bb4a7f60838e2649f7cadc11fb7cf184,ok
0x3fdb4d65127d49ae4d0b4ac0ca0e9d1d79b8a93d,1076.58,0x03e93bbc8bf8f37ee6dd2499fc73062720f901cf3be46a776fd7aa6b21ac6b520e,0x04e93bbc8bf8f37ee6dd2499fc73062720f901cf3be46a776fd7aa6b21ac6b520e2ad74baec7e8dbb2b6c3320c161ba4e1a1087d09ab48988753d8294db102be7b,0xb6652ec7ee19f236e1f440ce11640395b1a8f294eac060dd39fef6ffe6605305,ok
0xff199e72cb0fb8452b5d35edfcf9b3725b247fe7,1067.73,0x035d99bba40d83339535be4605ac7e6fcecae44c1509777c8c0025c1a724f1c8b6,0x045d99bba40d83339535be4605ac7e6fcecae44c1509777c8c0025c1a724f1c8b6d70ed1a6ea9df4f043e7a6c95d6407c9acd962d44795b9766f940af27744b0d1,0x471be7dd4e040d1f654f903e3cc0c03f1e64af917878ee52c1f2d812ceb253ba,ok
0x252ab0d5147d930baf5d5733ce356d7ca1281c46,1065.26,0x032b073e573399846b83621e1a5802431f668241a217fc40f319b8a41a3608885f,0x042b073e573399846b83621e1a5802431f668241a217fc40f319b8a41a3608885f22f38252d8c451b3932c6451d398e76c18ca394efff4dc52645eb70bf1a09c11,0xa6300c768288aebb6763c25c383bb384ede163fd7613cacdb2fa8baa93ba99b0,ok
0xc990592054f086b6024319a2c70e8fe9b5ff628e,1064.03,0x03d25f36ca1bf584903ed651ff3af17536c9fa3924cd6b5202c729276f4e236e70,0x04d25f36ca1bf584903ed651ff3af17536c9fa3924cd6b5202c729276f4e236e7059724d453ba85c7631adf228a5e60e7d1b3428527654ab8504244ba79360ed77,0x1930eb524ef0a79ba4b7ac8069740c62c1fe8ce7a03b00d2bee9073783de8265,ok
0xde036f86d20db573b364f5522abe94b6113b606f,1056.70,0x0267566698e9ce6305f29a46137a72826c0acd66a86d34961ca6d4c6a4adc2fb11,0x0467566698e9ce6305f29a46137a72826c0acd66a86d34961ca6d4c6a4adc2fb11513c64482247c4c2086356ea03ea6a2df8fc6c93ada7f22616a00c1c9012962c,0x027adfcc3d9b831d52b01c43638b94cc71b6c5e203608344c2f4e5d84bed5311,ok
0x164a203b1634c245db7a094df59eefadfa152833,1056.23,0x022d575d8e381890a4113a57346c6db115b09875d5d96d8c435c7c49133d8ebfe2,0x042d575d8e381890a4113a57346c6db115b09875d5d96d8c435c7c49133d8ebfe28ff9778a996e568d512d574b8d922dd3ba96c9ca738894d5cd45b7541175998a,0xb7ecc153c484345b619da4de4ac3bbccff86a5bcab036158a8166271953845a0,ok
0x2cbbec15f5cc2d21dff911e8e013c1122a1f99d3,1030.45,0x027267a3dea42f0619ab48f8cc5bb7b4c6eb2b2d99e6cd09be9c62cdb86f9f2953,0x047267a3dea42f0619ab48f8cc5bb7b4c6eb2b2d99e6cd09be9c62cdb86f9f29533aa3a7ddeb2bf82d68cfb127d171976135e2010af9907fcc06b1cfc14020bce2,0xba8bbdce46d551164b981349091cf735f7e6c6970502b7e69bf3f76efd5cda7e,ok
0xc6e081b654c4dbb12da3c2da6e4b3a9e8300f5e1,1000.07,0x0314273e620fea525d87d97169467160d5c223ff9b6de4aa260c77641241f5c9e7,0x0414273e620fea525d87d97169467160d5c223ff9b6de4aa260c77641241f5c9e797a691fda534972895df587eec3b389f0b76ef9e40667ea282d006dff2230a49,0xc6a60be7cdef4dc99b5f51249fe1224963c6a8ee41cbbc8877cdf87d2dedc583,ok
0xb744aaf575e490d0246c786d8938ac964f33dfe9,1000.00,0x03d1043a607dcff49668d002e9b02fc66eda612470309b48eeea3b251280fa26f8,0x04d1043a607dcff49668d002e9b02fc66eda612470309b48eeea3b251280fa26f83ecd0512ee48b61a84eb0e6ed7f7df417d65ef3933a4d1ae7f29dd292fa21955,0x708b95ac5203fe925bd808c09591532c66cdbc62a3bc12cfeb3390484b076f3d,ok
0x9d64c1923e2fe0eabf5391f30a5ee42b86c5e892,993.84,0x02a3ea552e3c4fb825851fa4e696057bf1e0dcbbc4ca68f96e83abebfffa5c8826,0x04a3ea552e3c4fb825851fa4e696057bf1e0dcbbc4ca68f96e83abebfffa5c88262a7a442d58d8f6d4a5365c0b72091ebc633b59d8d12c299b58744cdfbcd0a328,0x9c03b3aafd5fbb91d98843a41e382cd42314c334443dbeb297ca29c456902063,ok
0xb827bf44619affefd28d0e82652ae885d4cede64,992.51,0x03c81370a854fa9085b8ed1f167c91e150498f7325540f139607d0fc246e13e1ad,0x04c81370a854fa9085b8ed1f167c91e150498f7325540f139607d0fc246e13e1adbc3410577a3891a29ee5f03f1818369dc9e585164b69251d0b7430d1be4f7445,0x3ad6c85c5951642f58c5e13af59e6ddb4ab9b56a2ec409d3fecd2cefb84e0f88,ok
0xc5bfd7920cc8152e1c75f35099f01b6d2f32f8a6,991.30,0x0322caf8c071e9be21035653a07e1e266bd699aa45965f29c4940cbf1bc65f425d,0x0422caf8c071e9be21035653a07e1e266bd699aa45965f29c4940cbf1bc65f425d5a7e37ac790bda53cfe19316f96b757eb4170de647f26053fc0ae1351cd2c4b5,0xcd9c4febf3f52d88f61640da671fa8c8d9ed0d7850fa0db0d55c748a3a3a5c0f,ok
0x2f995a7051161bfd8100024af0a18d67f9bec407,970.00,0x03e116cfecf5119c5e3163580d82518be9e958ec2a11aa2c134efc905fa9d8f135,0x04e116cfecf5119c5e3163580d82518be9e958ec2a11aa2c134efc905fa9d8f1355cbcb285742fdad6fb366ea526ad104dc6c50b41c2908e06ea27611ed1ef3fa7,0x641857fa9fdeaef7361c33eb82e3fbbafd83abe59a140bbb931778ca4b9fc2cc,ok
0xcb4503ed270b0178db6d7689f3dee250cd5a139c,960.00,0x02776d7361f00ac57ea2dacb6da4d0f6fa1eac607f614572ab9194d662d5a9785f,0x04776d7361f00ac57ea2dacb6da4d0f6fa1eac607f614572ab9194d662d5a9785f0e9dcda50073a971c5787ecc978678324f980e9a02044b8f9ec2372c0bfbd6ae,0x50d7f468d02c261b6c4543f33f7cda33453dcaff49e0c91a03775b0ab912cef7,ok
0xe28a4c48deb365fb5ac6ee2e74d352cd9e60c0b7,950.87,0x0214dcb538f587f378f33b59dd5c10e2971d66583387b9a34f25efc8eeade44b69,0x0414dcb538f587f378f33b59dd5c10e2971d66583387b9a34f25efc8eeade44b69804241cc37dadd28a2c2c021157c552956de1c809c090feb1093f98245b6434a,0xab1043397443163a5ba5e7516b1e2452aa4a47213ef2781b22a9d8391f834f97,ok
0x33e47855f1d8c062e0d067147ae54fe4ade3c8f4,940.83,0x02835d269af8982898116b5478a60c45dc82a8d813cf6d5e8e16c6c8268407ba37,0x04835d269af8982898116b5478a60c45dc82a8d813cf6d5e8e16c6c8268407ba3750b1d789dedf9befb1622b4e6e96c6287cdc5b115b8fcaa73acb3d5a93d6b0fc,0x66dd8d340a0510eb014dafb112974465b16152b74c2dd3bfe1153e8ddfa6409e,ok
0xa2d3aa66a573098e10389334e2cae59d5595fbec,931.91,0x024625b671dcbc7fc1e5faa1d7838b3188703c2c1fbb57a5c63149309b6fb996b2,0x044625b671dcbc7fc1e5faa1d7838b3188703c2c1fbb57a5c63149309b6fb996b24ad541467ad82615b4043dfb762876728fbfb092729c5bcc1c239cfacd2d0648,0x22b7861b9a30a000bbd1715d49838b9f634440cd4f9bf5c3973c80fb245d28b8,ok
0xa013cd3f1e1764d0eb7c3960338eb61ef14d7bde,929.59,0x02d2604c298613900731fbdc6bf3fee479e843b77266d05676604dccf22874e3fc,0x04d2604c298613900731fbdc6bf3fee479e843b77266d05676604dccf22874e3fc4094e17f75871bfe684389fb2953626805e0cf30ff5456ec1974b2f6c2e4f63a,0xddb840e7f4359aea71155374eddc65d0aa52a2873338bf75d0581b775b5d108c,ok
0x35c15d34e56761422f394dc7e9bfbfabf965e2f0,929.06,0x022289a30bf526f7ed5563f0536d157319ac8930886be7ae9bc037f527dc6dd19e,0x042289a30bf526f7ed5563f0536d157319ac8930886be7ae9bc037f527dc6dd19e3a13037df4fba83432938dfccd95eb0e5d2751f115c47169ae108c00ac15c5bc,0x5dd16d2a22bc01c8c77058bef6bbc0e9455316611c4ef79ef74ee52ef39417ba,ok
0x67d935b88276cd80843c8697119cdd7531a12284,924.51,0x02798c9bb41731a11284e5e2953affba479eb9545aaecbeceb6efe8fdf9cf0474e,0x04798c9bb41731a11284e5e2953affba479eb9545aaecbeceb6efe8fdf9cf0474ec53a802c0609e0c1c260185720dd2cc5a6433018194028eeba4a9544cee08acc,0x2b54c93676aa4771cc5240e9281e823843a01066f0589452689374c55b9a171f,ok
0xb5cd958fd88149f2c50f739b5e76e46eca704d71,921.99,0x03ae7d1844a859389593a60321610f9a393c5ed2462ac0136f43da3bc7055451aa,0x04ae7d1844a859389593a60321610f9a393c5ed2462ac0136f43da3bc7055451aa7e44b8c4c37b1b3b0838d1ea54ec607cf1eddc6da89c662d5789e7bd76d5ff71,0xeb32adbba71bab649ad6e9adeb46cc349ec0b62e6db79acbae6f980c6f65c306,ok
0x3b3751f3afde8f5d9589dfc4c381295c30d8cefc,906.98,0x02098075f8a96607258ca01e5df36c3e2dd8da16854a367f637a5c07be1064ee92,0x04098075f8a96607258ca01e5df36c3e2dd8da16854a367f637a5c07be1064ee92f830e6be90917b01ffe0572c7daf35deafaa19b5747d27fd3a7762a1bb96f42e,0xbad0448093a9ece043a72b9fde1f8d467cc52f310a1a531b9f21cb56cabdead8,ok
0x283c09e4403de922b29f610159ab73470032a5a2,864.36,0x028a5d07384005f57d2d9f0302152e0e29aa63ac8ce743a6e732e5f7973c8792ca,0x048a5d07384005f57d2d9f0302152e0e29aa63ac8ce743a6e732e5f7973c8792cacfaccaf05ad2fd8fc758970b29b352d533e642831164bf5f356f877b08cfaf48,0x4bc0560154bb832f782fa6fcc286f85b49e5d7a3d79a74fccf9496812fba4d83,ok
0x51b7d2bfef22b014a12a08dde19a5497adc5ff90,834.91,0x02cc0457da3d43e4c1f5eaf7dd3a24a6a6888ba6ee308059f7575abe0107bb40e4,0x04cc0457da3d43e4c1f5eaf7dd3a24a6a6888ba6ee308059f7575abe0107bb40e44992849b8ed30bde5eb581d2e738c7bbaf8ddb7e849143b6b4762a973b12cfe0,0x5b1e2e6be5d9f73d2e2e0307eb98dfdba8b9ab54f09942dc1d301f1553418310,ok
0xff741c991486bd235ecbdae5c2a4f644cdd5553d,832.64,0x02773c45cdcbd85b251a6c5588c4efc6ccabab9b1d882ac3b23bc24fc813f7d623,0x04773c45cdcbd85b251a6c5588c4efc6ccabab9b1d882ac3b23bc24fc813f7d62344cf464260f4a3448cc86fbd77016652cf57b5889286f4526c6044c494b45360,0xa5c217a06b360381b3cf3cbf5a65209382f118daecd8c09ff2cb3d3f78a8f8d7,ok
0x533487eee8c6e2d2f90214f4bd60eb906975aa9a,806.88,0x02914e3fed7575a4d69b4ff208cb380e407080517757b474d50464b8b2782e5959,0x04914e3fed7575a4d69b4ff208cb380e407080517757b474d50464b8b2782e5959f21cb9603cd11133778a90a6e2ce184c8245013452c8f6cbcfd5f0931dd2b0a4,0xcbfe13b18e2632ae687f1b5dc413c0e406112257290b1eaa31eaba527a075b92,ok
0x0673a50275b12bc08161fbd881eda1449d4ada56,805.48,0x03aa6346937f69bb33148e61fd584be61fb71903538f1ee83a40ae38fa067b021c,0x04aa6346937f69bb33148e61fd584be61fb71903538f1ee83a40ae38fa067b021c6f9a3aa07eb729ba431a5266492739e15efb32cc0d808c9fb5aee76f6e4596ef,0x1855ba70a46c51e153fdb6190f0d53180fead48e1816949b77afdc45a08ca603,ok
0x379a924b1ca4c498a0bd9ae3b30ce0a973ca494a,781.61,0x03cf7e951e672b97c2b498644a8e5df15cc19fe8e710fb8a8cf2ddc97155c97c3a,0x04cf7e951e672b97c2b498644a8e5df15cc19fe8e710fb8a8cf2ddc97155c97c3a2e70b9001641942cbceb56f328627cfdedf9eee6a69b9848dbee7bd72ec506e7,0x591acc39896f9bb9507f131fa91a9a5191699b7b03a218741d87eddbb2cdcd85,ok
0x1bb955b36999bd0d1cb272fcd26a4aea8bf24888,757.61,0x0297bb257398c06ea5b12c0763a75b073bf7d68b16e718114475e2f40e351e06fd,0x0497bb257398c06ea5b12c0763a75b073bf7d68b16e718114475e2f40e351e06fdee7cc54d44143bf72f9e23e7d861c485c31f85ee6556fff1a6755f9c8e9f20b2,0x09ef46a7afcd839ecc914559fdab78c2801f1d5ef81caded961c8746c9d3c6c0,ok
0xeac6ab84a66e1dc18df197e8b43c209752fffb31,728.11,0x02d808b4b841879fcfbe8b74ebf62fd23be3a99292ffeae3552e215f5e4897d264,0x04d808b4b841879fcfbe8b74ebf62fd23be3a99292ffeae3552e215f5e4897d26412512a08fb9f33054cf3da3603302b321e9baa6e270e25bae0c15052e07da06c,0x4ced78cdcb4ac78ced83bddb100decb7cd718b4518086a8e1fbbdf2b8687bbba,ok
0xf7bb5c574451b35611593cfed98a4b0507f44ffa,686.77,0x03b43aa2f6e7621e3fa45caa0473dedf73e46c49193f92bd0b84a1dea8d69a1ea3,0x04b43aa2f6e7621e3fa45caa0473dedf73e46c49193f92bd0b84a1dea8d69a1ea3f0df8f950accc5d1aa1f7a41605f1446ae50f639e6eb3e7a20de5db27d0e2931,0xea4991f4b36fcd070d4782602fa15a1907c1490e6d0c15a0300e7fadb813f6a3,ok
0xf962e3fa44760b6b874219d75cae9f0cabf82447,654.26,0x0295313b759364c42ffe2d170bda48b528235affae71408b58b0ffa120a60ac393,0x0495313b759364c42ffe2d170bda48b528235affae71408b58b0ffa120a60ac3939a2d19c8afd66329a348457192e6fa3983707d8d954129c67e507a65f8e7f82a,0x60e0d47fcdc787e51e40780dee073e75a2d76557dde56eb7ca0d7240fce4e952,ok
0xb0e510018621863402940f6693b6908e9f1e6a33,605.67,0x02af938babc9f751ccf0e8ba3be9c0486f3ce24d16c215f0be89dfdd0e777d08a8,0x04af938babc9f751ccf0e8ba3be9c0486f3ce24d16c215f0be89dfdd0e777d08a89e83958acc45809a9d8128d726873f7644a76ed2dc27fa587225352cb92db8bc,0x1989c700f13dfee10cd4ea31eb603e632ae5415bb273bb165860deef6835f8eb,ok
0xdfe0383ea4ead9cf29d704307f5b1bca9fa84d3b,604.31,0x02888597ab4c574f012a59314428a5ef68ff62e62532830ea15f02149e016860c8,0x04888597ab4c574f012a59314428a5ef68ff62e62532830ea15f02149e016860c80332ed0ad9ce6c4c300ba863b5ef98de3d6e54f3e10e8ca310ac916e1da79802,0x89f479a9e2697f3a30a83210d7251a2834e7f64572c703c92e84c3ea8dcf9e24,ok
0x77ca786a63f19d82c5aadbe86ef28a2da9f08479,577.98,0x0310c58d92313835e9309142ea8667632c34f9a1f63ca423f0261f228af51ead31,0x0410c58d92313835e9309142ea8667632c34f9a1f63ca423f0261f228af51ead3134dd6aebbd7efe94f4575d98a460d91f6815979fdf981d88c665ef9246b0489d,0x6eef1e7782b6426c9e7b2b3881e5f758de00d03b05b19f7059ae2e8e59ae6a84,ok
0x46310d5a9ae855b4a76093161cbde923e5444932,566.72,0x03a7a99751b11bdc16dec8fa658540896543a20a2080bf8bfc996afa29abbb5912,0x04a7a99751b11bdc16dec8fa658540896543a20a2080bf8bfc996afa29abbb591298046734860ac141e8ec877f3ea605bedc89f886a35bfecdfd7eb64b629a12b3,0x69709cce90280bba680395c5155e26bb3f5718764828fb1061ee551e518221eb,ok
0xba5c09efe2b27d6161d3eca619af74e2bae2495e,532.08,0x02e373116df200fd033ef884062c57b69c6a9cf9667f1093d7d296690cab3d2573,0x04e373116df200fd033ef884062c57b69c6a9cf9667f1093d7d296690cab3d25737b0bb13b2d7a2aca6a8803df58f7e921673536fc47ce03fca9ea7cb733af95bc,0x393390418a31820f95861ff339c5faa03ba16fab73d8a1cd466ecf8a5ce49a5e,ok
0xaa4eb09a80b3bf2cf9b0af503036ee5bc8bd4169,514.03,0x027cdbd2a4a9f0af7ae4e758c8955147bcfc6446ba14c35bcfa3a21e244dc14d20,0x047cdbd2a4a9f0af7ae4e758c8955147bcfc6446ba14c35bcfa3a21e244dc14d20826bed4ee0d50c61c6a1206fde02f73e49e2b69d77188f0914aa50bc863c0d80,0x9a7e3f9c4f4f61bc4c2029761010c267ab61d9910370b0ad82e663b36c6b1edd,ok
0x16c255f3a528d3cb5c69b00361ace7995112f6cb,488.66,0x0226f9d2a14ac9ba6806e0c82825df8060665832032f4cfd046ee3681cee4704f8,0x0426f9d2a14ac9ba6806e0c82825df8060665832032f4cfd046ee3681cee4704f86922084088dc4aaee657d90075cfe29615a788af9d4d59a6be23f757f5b25f66,0x4ad2527dae74998ab9427c0e37c7fe9b3b93682f10634eef059f1883d775089f,ok
0x142b88b0d403bd4b09bd4d287a591783ef7e3d35,485.00,0x029aa24c57d270bc7c0a8bb61656ad00d2806d7865e6b561796f4055a039da4f23,0x049aa24c57d270bc7c0a8bb61656ad00d2806d7865e6b561796f4055a039da4f233d324c1e298e110dae78a8b72c76cbe310cbc979992230c29e005aaf5a3cb2ce,0x8a515c7297c911c1bf7b32874078f535b138fddee365bc520d8704b2e898ea71,ok
0x619ddb20e32f557eddc905dd3c92a7590e1fea9f,485.00,0x0346f77e0433f4bf3b413b091976c08d81855cda374a558e7715ca4895b3a95b45,0x0446f77e0433f4bf3b413b091976c08d81855cda374a558e7715ca4895b3a95b45e25a8dc7b873db584bbb8138231364c08208ec23d77958921dfb290977bee5f3,0xe8fdb0e900cd7ab7fa9662d2572ad6b37878e94a29706a86d85cd82fffe4f4b2,ok
0x0656c9c769ba42a15e7fb0d19c0318e43e033ab8,473.90,0x02cd02e56d3b72602a013b89bf943b8dfc5e8a8840ba858d0d0d96a1b72071149f,0x04cd02e56d3b72602a013b89bf943b8dfc5e8a8840ba858d0d0d96a1b72071149f77c4b5b87c94401e06fea5b70bbb4a4d04e015f6b54cf6f90a42d30a1eeb940e,0x593a209f8d4d589b92c76dae330df0144c9b3208ac942a1d5581f5bddd8e9a60,ok
0xf920602a12001afc30ecfce1f95ca866e7115838,451.70,,,,never-sent
0xfe580d3688a9ccfd79da1b16fa34a35d8336fab6,389.80,0x028629e1cc165c4b272c8d54898c959795ead58dedf13e67831506d0f52b7901fb,0x048629e1cc165c4b272c8d54898c959795ead58dedf13e67831506d0f52b7901fbf20adca6b2dcd1da879333595bb62453cedb061c632ce1a97a8411a2c154a994,0xa8354eb400818fc0ef72407525b0ce021fe9812ecbed3244fc2eedff6b2fd0e3,ok
0x0d6b9137c460b36a4cf2b467bbf68a74413785a0,381.41,0x02232a1bad76af82abae5474606c6d0d2e1bf240af27dbf96364c76be467d127c8,0x04232a1bad76af82abae5474606c6d0d2e1bf240af27dbf96364c76be467d127c859dfe537615f65cc9723fd3d4a2cd6f8cbd5c46749149ebb00fe7dcebbb35706,0x4617037bbc065179c7d96bb664b9d0654cd33caf4cb0f531bd49e5055dcf3136,ok
0x4f34ea8f615d5f80106ec8d1f77647b95206caed,376.55,0x028a9f118bc89723e1b97aaba15f2d5be410021da03e9a70d8232e6e060c5992ed,0x048a9f118bc89723e1b97aaba15f2d5be410021da03e9a70d8232e6e060c5992ed24af10c33302252a4773ea9385b2a0ceda14d8e16093dbabf440d839c4043414,0xeed3be83a6e945898ffd84228e7728be70b27c705ec352685390e8f1dae620a9,ok
0x41de441ef7835174b9b448a354a33e33d76edbba,341.71,,,,contract
0x4d5a04333fdeb6d9854d4c766cb4b8097945b3d4,341.00,0x029144d2eeee8972e0d10714b6bf91c9a96fa2cbde932c43a7b49e167eb8de5818,0x049144d2eeee8972e0d10714b6bf91c9a96fa2cbde932c43a7b49e167eb8de58180316fdc2e791678a56e70d58345c8b6d10c10cc7c12acccf6473a8d5841d62dc,0xe54781c6bd80f3a2368cd111ad6b3e3e17dd88f0ed8d2e2a6319d0124e9a9cc0,ok
0x880a1815e247f982a5ecd6f5335d25b5cf05bb74,335.90,0x0222c0d8bc0a06e9aac521ef1eebf8520749342b5f4f8b2c82c838ac8c6d3d569e,0x0422c0d8bc0a06e9aac521ef1eebf8520749342b5f4f8b2c82c838ac8c6d3d569ec82d5764e76b4477415316370b769782451dc94f75529aa03dccbe010f712376,0x2d44ed2d765d68a27733ce04601016eccca3a67bc1e0fa257bdcc933deb12bae,ok
0x9394bb607c3fdeef82efcccc53d65b18a97889ce,335.56,0x020dd526a55cde84ce0288b0613ac2659bcc4787ee05f9c400bd9011edd067ecb5,0x040dd526a55cde84ce0288b0613ac2659bcc4787ee05f9c400bd9011edd067ecb5a139d87b06092738a1fc3958a840addb8a8ea07c6a9432889a2452e5c2bb9180,0x911a832e0796fe40761d027b2cbfd2151e7a64f481c6030b26ae59dd3d022dc6,ok
0xdf6242d30358d86f2e1c1da623a976bdb429fb7c,283.39,0x02470b8e1bcadf3c5490c6959058f7a89b2a8c0aec2a481aa7421eefcdcc3598c9,0x04470b8e1bcadf3c5490c6959058f7a89b2a8c0aec2a481aa7421eefcdcc3598c9546e351a300668882643783da8817c419767c2ae729d6a42a1073f1932354c42,0xe19c43228c3af07ca28f05028608a7c6205f3c27c7df034f48f115f372dfac6d,ok
0x871b50b87ab9ea2e24d945bb545e5edae446c705,278.53,,,,never-sent
0x046546bf11cccddf01f87703a616385d236722ce,274.45,0x03602736209a10d021239d8df9262519668de0572190e6dc934c62912710a2cf2e,0x04602736209a10d021239d8df9262519668de0572190e6dc934c62912710a2cf2e1d9f8f9fdec03d3a6ad5c5b6bd4129b8a0822b4f9e520bde19bb5b513bcb56df,0xba56ee9392055a12818547e2d8ff41aef509ac64b168273b42a095129ff42561,ok
0x38b46fd063f93304fea85eae1f0df264d0e765b5,261.54,0x0311c14db971ec1acaf038e91197d9938e8492358870ea8c905b8721aa19e18fb2,0x0411c14db971ec1acaf038e91197d9938e8492358870ea8c905b8721aa19e18fb22f79dd99c29720d74d684e4834f2bf8d6b12d2f1e94cba00976f39e3d89f4dbb,0xf1fdb7608c83b527e531035f4e983e71e4bf3eb647bbe6dd5e5cb200d0c7a3e6,ok
0x9e03d640c198985e5fc864d5a5873622ef046023,250.93,0x027abea297c7deeb444d1fe6bbd6d0e23952de6eea3b7051e5cbd6967999a334ba,0x047abea297c7deeb444d1fe6bbd6d0e23952de6eea3b7051e5cbd6967999a334ba23c6b4f0f1c5eb65df195cc443ca187f535ef0c0252435ab501d6d9f27eabe40,0x3e51b504b076083521169a18b1147f06a7c4465966d837ad6e1a35fa3fb5d6dd,ok
0xba070aa21165336868c63451e28573ea70c74688,246.24,,,,contract
0x82e9a5d07b03f15fbc695690abf7f0567628a07f,242.50,0x03ec584ed718f8c63bc02d6ad8eada02f8f2b2a43ae4995169d922dcf740709032,0x04ec584ed718f8c63bc02d6ad8eada02f8f2b2a43ae4995169d922dcf7407090322cbedbbdebdca9c18dbdf32c4b6cc50b5602709b45c2b3d8ff11726201e7e757,0x4ea32d433f92ee32ea1e08b7a406510faf023c286fb8cd6b975391d891cadabb,ok
0x4cf47fa013b7edd0f168672344f96fe3df0646e6,168.15,0x03a0e46e32cd1b6a9bb45a0690b5260609ea8bf38c84f121821c60846d742cb8f8,0x04a0e46e32cd1b6a9bb45a0690b5260609ea8bf38c84f121821c60846d742cb8f801bb379ae44676f1bc86f356b632a1bb28ef63636f0efb2fccaaf6bd8765f705,0x82f79d5061770f60613aedc92ee40db380e9336d2bdf8f7dac062cbd25fdbc1d,ok
0x00000000500e2fece27a7600435d0c48d64e0c00,145.82,,,,contract
0xb006299edc873f0dcd5b5578d2ba2dfa1041b289,133.41,0x0255da9b128b579be889483ea55da79fa9e56a18c42a2b0b6f56c133dfa48afb8c,0x0455da9b128b579be889483ea55da79fa9e56a18c42a2b0b6f56c133dfa48afb8cbc3ffbe3ffc9834b3d2ea9be0ec548b23e0b337cc9f515ec6584fccb3d1bf772,0x29a1a6b5e97b01c9e91e0bd9edd0aadba0cd904c2ab9838586751310413f7d3e,ok
