addr,amount,pubkey_compressed,pubkey_uncompressed,tx,pubkey_status
0x9ba601c62e1c327a3f477a03e868384000f8cd88,790,0x027c2af43b7b4c349625e3bb0fff718ce05bfff288fff84aa286097fc90e09a646,0x047c2af43b7b4c349625e3bb0fff718ce05bfff288fff84aa286097fc90e09a6460757910dd2054c312a21b83ae21235fc9fbe694737aa431b3291f0304588e920,0x634db48d03094c2e9200e473470ab0c1454e8800c18e3d401bcb211ecaf80857,ok
0x0f6bb280e721d0a03a1fd3cf439dec084aa7117c,113,0x0328d519463a04008dac9983505638904be6bc7004147a459a7809fef19a4e511a,0x0428d519463a04008dac9983505638904be6bc7004147a459a7809fef19a4e511ae01144c35f00494d800e82251a5af1a4267a1332310d3871d03bdf44d553c08f,0x722bdc24b0ee89df88f9f851b2edde161c827b3cdeb945dcdf9f5f6f0cdb2f81,ok
0xf131772381360e6a36581ed162523e339f6e1d67,87,0x02e9eda028517b158d080d328a65e862dc0d64e80b484bf6c761cdd6bfca90371d,0x04e9eda028517b158d080d328a65e862dc0d64e80b484bf6c761cdd6bfca90371d5cc1e63e14435eecf40f60781ea4d7d7cb67ebb7d90e83c48c8dba2649711d98,0x532f3fe6a3f0dff9b5509fac0e9c2b80c565b40c6ff898e33a1ea9a8f6a31251,ok
0xc24a7997e6aa8c740b0d8c86ca8286d6b6b29f4d,86,0x025f81c9585ab14500a01fbba9deff852bf0470b3873d1ad0f438f4680da0c74ae,0x045f81c9585ab14500a01fbba9deff852bf0470b3873d1ad0f438f4680da0c74ae91f0c7f209b2d3e428c429e81bcde9245b0c35927732f6342b6d8b97956b0b5e,0x1f64d05a786b298a40935b950b9d6361b02a3cdafa183d76bc06dca029c240ff,ok
0xc22320dd8579c592fb7d8fa4c62ea79da56f1973,78,0x026ae971eeef9b27e50639ecab940b49d926bba2836208a0a4dfd9dfc93768fa58,0x046ae971eeef9b27e50639ecab940b49d926bba2836208a0a4dfd9dfc93768fa587c44fd8aa94240f719d1d51bed1f4ffd78dcf037993c285b059f58420712184a,0xef5e354b1e415901247866aafda2420a8209a2724429938af535e1caa3d8d137,ok
0x86a41524cb61edd8b115a72ad9735f8068996688,73,,,,contract
0x87255c6b68f9e66db499123931334cb0e8a311b7,67,0x020b43e9a5a27b57c8bea5383674dfe033c2f1730b21c2c9e143ba85f44d6e9e4d,0x040b43e9a5a27b57c8bea5383674dfe033c2f1730b21c2c9e143ba85f44d6e9e4df9101543f3daca53b80cfe1c8f70593fc97e769abffb27692d1b5bd9d73f78e2,0xcfabc7901ac004785e24e006427c95efa29ca001647186c6915fd3efd2f1cd3f,ok
0xa9b92721b3cf8a19b828d81772df4467d9456f67,66,0x027d0aa962e8b6cba3bb075c33f4b85a930ea29c4bfc094414f5565c00d1735bd0,0x047d0aa962e8b6cba3bb075c33f4b85a930ea29c4bfc094414f5565c00d1735bd0eeae8a42bfb27dc1d9247312a471a976b95a6f75e07cc03720d4fce5e772507e,0x885cc6177215da7c2599b1766b7b8e6d64b16e508f9822c870cb7588bd23c287,ok
0x9fd050dd3f3c07369f38f52df41876dcba84632e,64,0x02278c408238a674725718f8ddcd15aa823386e9cf03a24e1e175a5c535d0a11e4,0x04278c408238a674725718f8ddcd15aa823386e9cf03a24e1e175a5c535d0a11e43b1cdae22233ce41f033ffe4da318ea4046f54a194302e4c60f8a3a991043cc4,0xbea7a5309fed5d597c70d172a044022906b8c68d2b6eafc2d1699766ffdf890c,ok
0x97a69ad2905bb6b44ef783bba2ec6f896b425bfd,64,0x02f93a55e3f3a6fe1fa45e05ad0c9c3bcd5e758859d26c9beae7d5fe66359c4056,0x04f93a55e3f3a6fe1fa45e05ad0c9c3bcd5e758859d26c9beae7d5fe66359c4056e980e22b402171fae8f46373779dcc7ca31b0134860f2271e56e8a16929f9ee6,0xe2e3f3207b47eaa48dbdef80edec8f9c9efedf1c43a2b65b56cf1199b6bcc747,ok
0xbba99a179f35fb9efbbb18f7e456bf6ec039e717,62,0x02a1eb68e1e4c3c40acd22424d1b9d1658e08c4710f0885f838c7515cb9594f6d9,0x04a1eb68e1e4c3c40acd22424d1b9d1658e08c4710f0885f838c7515cb9594f6d9d38a434475bb5cd4963457f3ee1578ce85a893872e849d46e44a0eaafcf0a216,0x70b0c64b90ccf4ddc51c091cac6b995793c7cdd4b24466a31ac047473395e9bf,ok
0x3ed4d5ebe3d047fefbac4606289f024eb279f430,61,0x035d725de065456038674d765ba1db2494cdb1f0903914169e80a8202412f6b415,0x045d725de065456038674d765ba1db2494cdb1f0903914169e80a8202412f6b4158fb955164b31fef0319604374b97d99beb2bf55a48e058419199e8a1c6810f7d,0xe67ea2ad50a0f87e6027c6a53ade9e2b9d7a195ae33c777e7f7a877c2a744048,ok
0x2ffd026cde7dee1fb11bfa9cee021135eae1e853,55,0x0295cc1cf805575daf315fd20234240be8d9c34b1e58e6c9348a0e3b3b5bba6458,0x0495cc1cf805575daf315fd20234240be8d9c34b1e58e6c9348a0e3b3b5bba6458908bfbc5157224b3066479fb3323f6393c7d038363fff0f9bd0606efd2e2d854,0x13992cbc21ba900401fcf7f005cf39a1d193666b306dc05e20df3035328a337c,ok
0xe38abda136f7a9cb8718d58923d1e2d97e0ca586,53,0x03d6469e2278fb09442b8d7232e42f24a4ebb1e5eaae4a39a59f1516949bcf9a12,0x04d6469e2278fb09442b8d7232e42f24a4ebb1e5eaae4a39a59f1516949bcf9a128c52f61e959109feec1d48c87fb593debc7bdbe156daad90a5f65a931af74ea7,0x221140dc06fd764de08bd9465fe86b27477eeebe8bcdc13ce467674e32f2e666,ok
0x5bbc7c6a41144ae285b043667a11a5cf39cf85cf,50,0x03c3b832a07c124bf57c84e78921dde8443bd265c4c879433f689661d712e6c9d8,0x04c3b832a07c124bf57c84e78921dde8443bd265c4c879433f689661d712e6c9d8f6f1d382b3326c45e21dbe3c527f44757798a27b2664aeb17e0d5569a81d2647,0x9940456b55c8cd9d9ba690e10c7437f5383af91e674ba231017f10d1cbe6e771,ok
0x1b6f667dbb62736052792512a37f503e2fb02b6b,48,0x02aac7ab845d9fe45594b7af59224a30b852d5ea962827c3162d2250d85e841402,0x04aac7ab845d9fe45594b7af59224a30b852d5ea962827c3162d2250d85e841402d72547f6b21ed22fb295d4855a8fe283a5c027079a59ca66cb8b1004edaf2200,0xde991f709e267375bf9e7b585236ca4bd0c34fd054d4f788b07bae88cd81fb07,ok
0x8b36c522cd14d93790c999ad00782b6c3520d638,46,0x03156ddf89a7e4cf3d16996aa6b1f3154159923243e246436b167d74dd204c9b01,0x04156ddf89a7e4cf3d16996aa6b1f3154159923243e246436b167d74dd204c9b01c9a35253010787cb4c7ff1f7ddf98603e7fbf6f9d9e6efba8fe755e62892bda1,0xf21043a62232dd2f9677da1dabda0cdf830d56f0f24c890a4f9dd79ffe97f150,ok
0x47e7bc9d8e344adfca33998b8d002306c153acbe,44,0x035981961846c91e3ad1ab32fff8eafb03251a639439c3b51fdb0c5fab4b2eae78,0x045981961846c91e3ad1ab32fff8eafb03251a639439c3b51fdb0c5fab4b2eae7855aacc602eecc691f91f20c1c4148f9f83cfe7e528469626150833f31f76e68b,0x81aa7c78fcffaaa25166cfe65f684f3e514fcf954bc874fe94dab5c999c2555c,ok
0x2ec6568540796607ffb28c1e63d9160f44df9a95,43,,,,contract
0xafdb5a53c7f1efebed8104926fd7538944fc57a9,42,0x02a6f50fa7f70427eab2860b0177c09a38c76e2598b751e231707857db0a23cff4,0x04a6f50fa7f70427eab2860b0177c09a38c76e2598b751e231707857db0a23cff4d2f02b17e988b0f508e734acca18e930a6367535c37eb85b9eb6684003fece9a,0x88fae035566019f1058612fa30f2b5c86aa6a63f27b7becef3a6ac11b91d27e5,ok
0x08a6f53e04001d2c2c3c3e9640d5c3a1a29fb25f,42,0x03c5c0425ebde4a2ea3e2fd725758b4441987dcd23eaa272c4548297cf4a6c9bec,0x04c5c0425ebde4a2ea3e2fd725758b4441987dcd23eaa272c4548297cf4a6c9becd4d4ab74e0e19917545caedd3e6691166ae9ee0d626b15e1629cf4c48f5559ab,0xcef831bbbfdce7134e11fc3b07634f865f7af3cab82369ba9446ddc8bb98667d,ok
0x12d953f46cf1a06b6e6450859746b62227f10193,41,0x025b7184807640f32af12d2902af38d7a2cf1fb1c569f48518db492a8dd7e1ef5b,0x045b7184807640f32af12d2902af38d7a2cf1fb1c569f48518db492a8dd7e1ef5b78b4baa9b9e2db7d90210ae0a139e8eded644f2218fb79cc08aabb35a8bfeddc,0xfa2dc9f9fa67d7dd1ddcb85598ebfde378f45c5ff4c135299134236b9397a604,ok
0xc8b806eaf62dbed134ee918f8beb9244182eed45,40,0x03ffd550ea6584cb5cf57cd69d8bc1f7153406c1459c5f3c0e2051e6fa2b7e3f0f,0x04ffd550ea6584cb5cf57cd69d8bc1f7153406c1459c5f3c0e2051e6fa2b7e3f0f03f870991079bbac05f04af7868b2f42835999dc4bd3b9e9c043c181402a19f7,0x1ebcb53096cbb2c862387f99ceb25e95832bc666be0642086d20cc9de8f53c59,ok
0xc5734e370894819b5a3265dd4f9c3ccd1212a42a,39,0x0397bb0490e4427279b5a2c7373ad82f0a19b536a9ebd68f8d6b42933db680a909,0x0497bb0490e4427279b5a2c7373ad82f0a19b536a9ebd68f8d6b42933db680a909daa4ec6fbf1e6d93130d162ad02c7ca81f46e5003977463f87e62c451e15e2bf,0xd3b14e3f6237eea88e17e7f299f287ce421c7329d852826d3ad0594fc3092fb4,ok
0x6c9f78cc401c169d7d9882f7f92a983b4af70454,37,0x036261cd2321a2ea9d77c6d4f72d1d5e5903a6d8099f9af9804226f83b4a430b23,0x046261cd2321a2ea9d77c6d4f72d1d5e5903a6d8099f9af9804226f83b4a430b237f166423c8ff76ba0e76795ad4291941d0351665efd80f05566bccb50c726c2d,0xb35a5c46c3bd8f3f402d37ba168c13383ebe53dd8cc591b96e46bccc9d2124f8,ok
0x41f08f10b671fd8c052cb74178cad0cd7fa470ad,33,0x03ee96d5e100b080e9bf67e63d681b965b61160084850c6d84310aadd18de0146b,0x04ee96d5e100b080e9bf67e63d681b965b61160084850c6d84310aadd18de0146b86aef8962203c7dd4bf66ae67d1c0fe211bca0920d9488ef84921b334222bfef,0x3dca8d010ca006c1552b0e331b3118ea6838b5068a43d6bb3abd74dae386e56c,ok
0x322e128453efd91a4c131761d9d535ff6e0ccd90,32,0x0390e58d6089c012466a6022aa37c010f4dece9b1c878a13160711d82be264d7c7,0x0490e58d6089c012466a6022aa37c010f4dece9b1c878a13160711d82be264d7c75232c6eaeeb098be756e518c5b5354d4d48f8a44970c48923454a281e2ea0c0d,0x8ec127aac1d96af5b71eb033973fee8b0eacc2cb3eaac84daace11c6f4da99a4,ok
0x3c95c909e5ecd762fdbece1ba95aad8ac60c5dd3,32,0x03bd1e76d72c53053edb61b7167d9fee38e24ebe5ebc502214dac17692cf8d36be,0x04bd1e76d72c53053edb61b7167d9fee38e24ebe5ebc502214dac17692cf8d36be4607d632bb51d64031f31612b4fc147cde450fa28715e9ef15c721a3d97353cb,0x28cd1b4b8777975b6188e11b9213ba3620de58459cdc47eecfaee2d2c236e9ad,ok
0xf1f6d3ade2c6419730e60a7bee8baa8a6789b87a,32,0x02d27efff03c07ff328c45945078a83472d97026ab30f25c87e55bd37255e653e9,0x04d27efff03c07ff328c45945078a83472d97026ab30f25c87e55bd37255e653e9a717a1bca96369dff43ede88fdf07676ebeae19da59605794bc0d310bfe193a2,0xac1d3e7f48e50ccdef2040e02dbb29cd65d033f1891de14201de3324c9a80a3d,ok
0x6f287e62875a859dd896db6b1f51bddb599dbefa,31,0x02da574f5204a14a32fda7730ad9b165b6cb28b6bf69a862f105b2a71d30ecc9a9,0x04da574f5204a14a32fda7730ad9b165b6cb28b6bf69a862f105b2a71d30ecc9a96ce2358ac56d4329d8b25802349ade45751a46b73a235e4428c5d472a476d988,0xef1a286985679603f1b35b30e1829df8d956e1b831093f6731ce1c9724257baf,ok
0x092b98d27f8638dc6d578fd635f44cd463d596f1,31,0x030639247e8358f4bab69ce00afde6e4281f71da12b4b0d6de88ea5f1387cea168,0x040639247e8358f4bab69ce00afde6e4281f71da12b4b0d6de88ea5f1387cea1688c19b2d6734d1ba211262a2b98a358ae4144673b9695b6ecadac82a74d8125ad,0x00dd16514be230cd1f30f5ad8176d3e9c07ca64af93b4dd7ede17d79edde2509,ok
0x3881f0735d9c8aaa779fce6f72938c52e424f852,30,0x02b007706521a4c1461120a1ad864f3e3455718a00d5470920250b35fb259a487f,0x04b007706521a4c1461120a1ad864f3e3455718a00d5470920250b35fb259a487f43039328fc755e55c974a3c93e889e20a9009f996f8578de6d41d4c9e6fab25a,0x0b33c8d2b36ec664f11c5000266f44c51be9b412bc9082ae2cd9c641be5d039e,ok
0x4aa5319dc6f416cc30f9f3cba200ad5dab916559,30,0x022b137406030b60f38de0b7c6ce50f5896097e56d53f8cb9a0c180fa0614d7bba,0x042b137406030b60f38de0b7c6ce50f5896097e56d53f8cb9a0c180fa0614d7bba39a455b8023781b349ef916fc599906eeec38cfb8f41269ac90c03e18b5f5d48,0x22606f23f11bc52fe9787410eb72a8c730593acc48c4e614f06a0b995cf4ef7d,ok
0x5314ac2b303666f43020cc24ffda7c904cab3009,30,0x027d558b32a35fc6f28afe30a418867d7c3daf2835ce5fe7e464ef5d8d0fe96ff4,0x047d558b32a35fc6f28afe30a418867d7c3daf2835ce5fe7e464ef5d8d0fe96ff456b77b217195b00253f6826fbbfe9d98024130de1c2acf63ceff6c1ee20f5746,0x420bb2208b652e2bee37ccb448de858fede30efbf91159428ac9b5f9e48aa6ce,ok
0x2ae04f107d7238da60c9d72155584793377e9e21,30,,,,never-sent
0xd966ac73fd52fe3964129079eac60d04f46fe8ec,29,0x028316058f8fb2159a2f34bb47bcf6a03a07e25df7b4fd1d130d0605ac73b2adcc,0x048316058f8fb2159a2f34bb47bcf6a03a07e25df7b4fd1d130d0605ac73b2adcc16c01b9a6ff233ececf8561fc59f742a335618aa9428565079ad45c48137c196,0x32032bb7b5bc0219b73d71440e7d8c133b43d5875e6462a7dd9b41db742e561c,ok
0x14e3851602229456ce6945deac915c9b2a132508,28,0x034f9d2242c24c27003c21e9f1f167f4c7248b4fdb08c4be6dabc29f721ea26d86,0x044f9d2242c24c27003c21e9f1f167f4c7248b4fdb08c4be6dabc29f721ea26d8633e154030868accaff7e8d84677866ec9679d64b97318a2a878cc6a2e956cd95,0xee0e742db3f20f6ee6d4f68a407cf35529400a1b1ce822da6dd0b6d08120ccfb,ok
0x45270949f2bf31498a53a4485551a45763b77b50,27,0x024c0b18abd1cfc3d6b84f4ca5f4e3f492e1033eb7d905b5bfcc47a63d01de599b,0x044c0b18abd1cfc3d6b84f4ca5f4e3f492e1033eb7d905b5bfcc47a63d01de599b1ca4e58afe7bd8be9078192ce4ff225aa5ee7bad802e813bf7e5b771626b0dac,0x2059f2168f867b1d91f58435512753e2449d23f5263ed6858106266f3ffe6d8a,ok
0x02a7f98b3f159dd41e4ae55da11faa86010727cb,27,0x02a26f4925dcd168bfec68b79e4eb2b2af3f5aaef6830377166114699f189f7269,0x04a26f4925dcd168bfec68b79e4eb2b2af3f5aaef6830377166114699f189f7269dc8cc3e78e067f16c901464f8be68bbbe945bd54481ff985067f7ba6d30211ae,0x665f5efe646967a1432c8d31a07f1781d16efd25f07ff7d5ad58ec768d0e8b5c,ok
0xb976feb36d6bd05957e12bb9a7493fdaa4768111,27,0x02bae15121c96f80276013b7bb0967585b61b101d4bee9c7902b5a292ccf29ea23,0x04bae15121c96f80276013b7bb0967585b61b101d4bee9c7902b5a292ccf29ea236e5e21949f164b70b33a53e5e628118b6b244442dfd55f98c544eb5088105176,0xabc23e092d0b77c1026df215572e65fee4d5615a69781a7db86a575ce4b2c95b,ok
0x2ab820a1793c72c4874672b3703a3b8ad3fcdba0,27,0x036ce05fef59101e61de12d53e25ce3630e846ab8ab70f00adb55a461e42bcb4b4,0x046ce05fef59101e61de12d53e25ce3630e846ab8ab70f00adb55a461e42bcb4b4425f1cd220543102ffbbdb3665d13596fd21737d312ce0377c137656965be3dd,0xca5f469f4803789325b28e95d85eb3acfbdbcb1c83b8394be1f2cfae75ac2ec8,ok
0x08fb5ea56bfa1f3893c1cbd36c1b4f08fc63fb74,27,0x02e6acea1c86f24d3969be0ced3d5fea5b011cb5a75d40c255626aaf0b01b40ed7,0x04e6acea1c86f24d3969be0ced3d5fea5b011cb5a75d40c255626aaf0b01b40ed7487193fee0630cbf26342350a644ade6cf83803cadb28c0e20a4d18c989246c6,0x7caae8a8680fdf0f14e9ca09d1ae45177967ef2beae8cc0c3fdf903a13bd4c67,ok
0x6756a9dc08a5fc3c403a738de7d343fa49161535,25,0x02e50284965f0d24b05b162f9c1b72567db21ec77c1260da58e59ddf46bc89ec42,0x04e50284965f0d24b05b162f9c1b72567db21ec77c1260da58e59ddf46bc89ec42eb4eb475dfcc857e2eae221628f349b9749002ca628f3c71ea706c1835bd359a,0x75a8fb91407804c8c5faebd0a1e8bec35ef5f29c8cfa9cbe120bbab1ae5a240d,ok
0xc4d096e2cf6153d8cade1d3babb4ee567af22865,25,0x02c3008a80fc95a7782fe2f1ab680faf681f74a0badff1784cbef376f16c6d044f,0x04c3008a80fc95a7782fe2f1ab680faf681f74a0badff1784cbef376f16c6d044f60e767e112da394258f7c18936e779c93cb1b5932af4feac4da23f146ba89354,0x75cfe6112c65f623edca7ee5fe8d25b9f7d55fdccdaf8d3f5f2f1ec652872abf,ok
0xbecd2688325c9db0d4baab221c42b1f189f77fdc,25,0x020214959123b8e9c3d562a785ac6b0a5a7a069e448dc8db7166530887f9539f64,0x040214959123b8e9c3d562a785ac6b0a5a7a069e448dc8db7166530887f9539f64d9fcb25ae32005571a885197e898eea4f7292b545eb97dd8ed613bd9127631aa,0x048c5910843b6df336b8fc1e2019d3bb611e306a3bd41a80490179f0f6b9f38a,ok
0x3558dfa571bbcfc530fb030e4a7c68af088ad3fc,25,0x0270036f37f2536151dac470eb5f77d3f6cef7722f0fc7a1fbc1f27bf2fca1c113,0x0470036f37f2536151dac470eb5f77d3f6cef7722f0fc7a1fbc1f27bf2fca1c113d44b5f277f9035bab1e8797dc0439ccb9fc847c5f8b4e4ad14080aefb154c65e,0xe8f19ed8658462cae7b8584a0a82d1cbf065588e88bfee3a43a98c55b80ffb41,ok
0x8b994908d2217a399018acefae71e54e8c9e4ddc,25,0x02df598d7849d6c7b2b98ef560d2195a209318480eac1bad304e7de894bf2ed107,0x04df598d7849d6c7b2b98ef560d2195a209318480eac1bad304e7de894bf2ed107ddcdc208e7f8284224589f8d05b7095f29240184c6ab2f3eb8ae3b818e9e617e,0x5d15a5b41ab676babc3dc69e1582afbc94c51d2822b2ef7b6edba386af7e75f5,ok
0x33aeaac1e504a663a5c66b436e677ee2dac65efd,25,0x024d9646ce29ef82e8d946e1f7019f2ae84e598d01d816e50b4e9dd5ae82cc3563,0x044d9646ce29ef82e8d946e1f7019f2ae84e598d01d816e50b4e9dd5ae82cc3563b61b25094984b4655236d69dd2f448a0d0c2e8f187f0ba85e010edd04a8a6dce,0x67eb4470bf31b8f7e9d050cc11066d556af165c242886a0ef635cca38495abed,ok
0x72e5e9531b28eb38a3543652f62fb8f4e440dddc,25,0x02946ab8f193a32ec0f24dbe598b6a0d6944718e6c2b3dd5bb4570e0d3deebad50,0x04946ab8f193a32ec0f24dbe598b6a0d6944718e6c2b3dd5bb4570e0d3deebad50afd1db064c3f4aba50f300a220b498ce0b8865a2d0bddeaa229edab6eac5e484,0x93b726c6a94016b670f84174a9e68f3be06c40bc87daccf72c50b29e1a058338,ok
0xedfb6f408b508ea0d7a49d59244ae09dce42549b,25,0x039464fbae79a77d0d51f066cd47d0c97a4c8ebeb46c8b879a1c8a744dae6f0978,0x049464fbae79a77d0d51f066cd47d0c97a4c8ebeb46c8b879a1c8a744dae6f0978c555088143a4ac74160adf227ea76f11037d653dda67f40f8fb6ad8a2014c255,0xdd9d10aec42212fb4a82ab7d104b80416400e04e0c486dc76d7745c66dea68cf,ok
0x26ec12f851befa68b00f73538296cf8afd19269a,25,0x022feedcda5c1ae5d1114ba06ddd73b24aa19e3798d04ece40e5286035f94adac0,0x042feedcda5c1ae5d1114ba06ddd73b24aa19e3798d04ece40e5286035f94adac04e19670177aeeb7841c766cdbd5a720eb192b16ee2c17225a877f0b558a099cc,0xa25e0abd47aa393ea1d00f4e99aab5729eab89ae0c434f357ba612b17ae0177d,ok
0xa3c82b517f4bdc4dda05338795b55267f3d5aea0,25,0x034dbdd43415d5e73984d9cda0f6e9ddb5c9d192527e824cd5e3e2f597c8ba24bb,0x044dbdd43415d5e73984d9cda0f6e9ddb5c9d192527e824cd5e3e2f597c8ba24bbaa2203130a4438c80bb09abd62dc9aba67d7865aac2bf63be99dc9430b27c83b,0xff907862ab66a8050e770c57533f449674771635f5bdaf652914989e7d960226,ok
0x190bf5c046c213db2511da31b3d1e7cc3ba9fc85,25,0x03b70015792d09c960951863fdb3921076a4312fec1b423cad02a301bce97ec573,0x04b70015792d09c960951863fdb3921076a4312fec1b423cad02a301bce97ec573183752cfdbbe3239c29592202da138a1e248e1ebb99effc7ed25e3c75a57259d,0xc48b429d624023a5fde6e0d2b312ed6902968ecc0c3baff02362d147469952fc,ok
0x8a1b9a7637fbb5259a2b5667335b9706471e1964,24,0x020423967fcfa1daae8629d0a748dbed8f8e45b6d9a4621a49fb43852582cc381e,0x040423967fcfa1daae8629d0a748dbed8f8e45b6d9a4621a49fb43852582cc381e0b5aa0e0845cd90e5f9faa8e4a4b719a34e90e9b446a5b51e79d3b7ed9205ce6,0x7be501eb2cae6a882eac746771388aa471a74e3dd1886a432229095186da4f01,ok
0xb6ad87a469203ee608da1dc6acbc40c8fab37974,24,0x02508b9d964a054dd99a6d1d52fae4ae83f556d0b7a64e631d2cbde285bd217ae9,0x04508b9d964a054dd99a6d1d52fae4ae83f556d0b7a64e631d2cbde285bd217ae95ca14d3f3b2c667b86e8ae89cea4dbb7351c976d39bf9167051fc30de5bf1d48,0x4a8b6d5aec75632d9fc6ccaa11addd4b19362f61fd2924ce1206439ef1486a66,ok
0x36a98028eb0f003566ad0d89a3414a5bb499f3d0,24,0x035ebbe55eea7dc52986a395ac38ef22e756af42666b14f8306c95139b09a05372,0x045ebbe55eea7dc52986a395ac38ef22e756af42666b14f8306c95139b09a05372a310f3287bf7c34935c51a020313e2447ff57ddcd30a635db0adfa869e0adb13,0x5177573cec7e456b64695d97992ac189721d7780c141f1ae8171c4e841eb0c13,ok
0x47d87e5a3801264bb280197ed9d5bf654eaf3400,24,0x02e1348c2e4d24da006abae9b336e90d69e38dbe1edc8ecb1ca79264ee7ba68b15,0x04e1348c2e4d24da006abae9b336e90d69e38dbe1edc8ecb1ca79264ee7ba68b152415b4c9d4b12c7ed84279a56c72ae7990485027afb24205c87549635430106a,0xc37a655312d30d2aba44df2fc4db47be35d18d2b9b25ff49c7bc12a768e8888c,ok
0xf27d8389a29d092d5b065afb0dd999aae39ad3f4,24,0x03f0a54b93ead788b9bb4bd0e7cb39bae9870dec7ef6ea021cd2f8c300f5291db8,0x04f0a54b93ead788b9bb4bd0e7cb39bae9870dec7ef6ea021cd2f8c300f5291db8dfa29703fd5f1390c6fe1cfe76a1b032f83b4977784f0ba0e05075416c397cef,0xe8eab9d672f8bd920a4ce1063fd16f2fabf199d45ee7b9c43cbd85642164cb8f,ok
0x19a4fa36de13f6157932c6ce11b22586a066047c,23,0x021badda29975b1bf44e2c0c549e7b5a26a34dfb7abe93ed9ca912fd4b51613195,0x041badda29975b1bf44e2c0c549e7b5a26a34dfb7abe93ed9ca912fd4b51613195f18c8b32d38b2946e3636415e28afbc06a13b406a9cda3c43de8d0a9c912495c,0xd88e88873ffe66a87d01b3f441f2b6d25ae13543d7ad3a4ce3b652e652359433,ok
0x25005b3f6402ab7f5e4f8cb293a50a9020aadc99,23,0x026b605af715df769d60eada2641ca86d6cc27f4bde704c224198eecf790d268e6,0x046b605af715df769d60eada2641ca86d6cc27f4bde704c224198eecf790d268e62a92bd7a83ceb290e38702b18b21c622bb4734de54dfbe35f45fc7d158a96480,0xe5ca41b64a6725acb12af513be4587dcbc8243a15e94c2e55161355c4b7f8229,ok
0x6979f89489978f6657e699816b4ba7a5e6a2d3ee,23,0x03eb993829b01994525ead7f5e775fdc94db267d2facf607bfbbd09922fbbd590d,0x04eb993829b01994525ead7f5e775fdc94db267d2facf607bfbbd09922fbbd590d9541aac234475a9c1e914b7db8cac6350ce4c9cce62fc39898b33a525896449b,0x75356d41492be90b09ece03dbe078cd2224465581e8eaaea5f6b35f637fb43be,ok
0x24bb3fbba92b9697487b9ce7e216c03a7e6a38ce,23,,,,contract
0x65ed53dc10131f1d7ed0640263c712ceb862e032,23,0x03a2e239b7239bfb57691ec261d3f622b462d9e4229502526c8d7835ed81874d19,0x04a2e239b7239bfb57691ec261d3f622b462d9e4229502526c8d7835ed81874d194d267a2f51df006a4cbe2c7ce920a64a3fb7b06098e4fd090de2342027e01b13,0x36e5df0794b114e0c4399fbe1a28e2d2f82de66603b93a120737d82f5b69aa7c,ok
0xe4208e0c56ceb31ce65a442792b0928265ab97aa,22,0x0208ec7c0ccd99ae495ed2c5411c312b4fd088a77059400b54614e80bc10333ed0,0x0408ec7c0ccd99ae495ed2c5411c312b4fd088a77059400b54614e80bc10333ed00893a25129146af9f0e457b2778416453425c1d485e5db93c70be70ef16ba042,0x6637c8929d53740bea8cc8f5fef48b7105195061cdadcb0f5dd089f65ea9e392,ok
0x0281208ed5739fa208e9ed895481ca8d2830ada2,22,0x02aea37af78da14414b67f64ac3f230f28fd8b5ccc29afe11e248c90e53f235831,0x04aea37af78da14414b67f64ac3f230f28fd8b5ccc29afe11e248c90e53f2358313e55e8ed99e3044e2724195663e90deaa4d0c5068b3722165420bcb5f77ef338,0x948131f309da57d096e900021a5b520d81b6fb2e0f16e28c8140f15989ee3369,ok
0x45ada55492d3bfe4fab2781c3358f925afc04149,22,0x038011aa547767532580b6d64826704825cefb07976fbe34a2ce0c3856963de836,0x048011aa547767532580b6d64826704825cefb07976fbe34a2ce0c3856963de836c651d2b79d978a970442daf5bbf1ea6bf37e0da18817dd108779b58fd973f619,0x8758c4c6ff1682179fa87e004314668e3b2768af6904a5c06adad01081043772,ok
0x4b0251f6f31c3a337ea27ca4c360cb169a239874,22,0x02893dda6dc30e103920d92b721331381be4b6b9bf86e3b601c6eacf78ef4f970c,0x04893dda6dc30e103920d92b721331381be4b6b9bf86e3b601c6eacf78ef4f970c92c4c03a5c6142e4dec4ac46e1a1eeaf1d6170ab3dbf438146a043453ef76ccc,0xeab99d5836b713f939fa4fc858ee61346ad37a5bed6449a98ffaa5169500c0cd,ok
0x78bf72bd84e9dca09f5e65fa84e53842ec18d1b7,22,0x035d1801ba52f3f4630b69278dfb8d51ebb1b50d153e0e54528fcdaa0a9a7976e6,0x045d1801ba52f3f4630b69278dfb8d51ebb1b50d153e0e54528fcdaa0a9a7976e6a35594d24b995f53a6aa2e9cadac139080c265eac474564ea8195b8f5e8a1d23,0x5f0adfdcbf78557a66bbc127954a38471145e294d48d9512518e791e1abfd6a2,ok
0xd527f4ae525ca3d2c6037e9ebfe68112da0c498c,22,0x0238164835119db3f6259fb7f9b47299c606ba51912a358564ceb1a5b52f4786e1,0x0438164835119db3f6259fb7f9b47299c606ba51912a358564ceb1a5b52f4786e19b015aca35e23a69d8a0ca6526c1c3791efb3d13ec8a3bec046ebdfc809207ca,0x0edcacc347b0306a36e5079e473f4dbd91bf1a33757753d2a5b68524a8015b9d,ok
0x28a4f4b20f320e6e3839a4b2c4bb7f745e498567,22,0x02d6321b27a7400a33b80c6ec86b282e62c41d6d0c6affb6e05124c2261869eb89,0x04d6321b27a7400a33b80c6ec86b282e62c41d6d0c6affb6e05124c2261869eb89b75b509557969077fa32a2f95757ef441525c96d2ae9923e8eb17941d9848048,0x54f85234d9a6359a02da7ee6b439490b1bb14e9a18dd1a7226f454b1ef033d1f,ok
0x5fc261a00329084bae5738b586a13e903ed8da1b,21,0x02a7ccd9db82797a55a8bb2705fe07c2cbca14c3b335fc1d9934d0464fd8b6d183,0x04a7ccd9db82797a55a8bb2705fe07c2cbca14c3b335fc1d9934d0464fd8b6d18331f942ff9083452dffae3785d1bee761301862d2e479675705565b55f013f55c,0xb6b6df058aa16d2eeced51f15290149b1bcb0670128b34d48fedbb98a15721d7,ok
0xcb3efb936ef49511ea8ae5210f454284290f070c,21,0x0311c6b583da19941ab8994b833ed67d91525bb8b20bf1dacfeff6648b4f56b06f,0x0411c6b583da19941ab8994b833ed67d91525bb8b20bf1dacfeff6648b4f56b06f09617b140c9c298ecc38b9d36957d1e6cb830145959b357a06a0c7b6220a8dbf,0xd694e7ff926583cbca4288c0d7bfdd0cca421b14b5cc7086ce2806fb83f2f9ed,ok
0x89cdbcf120714bd45f87a9c78e8e7878e95e3565,21,0x02af36860db508b71594de50265356ea1edb41aac96f51cc0ae8178f75200d5c52,0x04af36860db508b71594de50265356ea1edb41aac96f51cc0ae8178f75200d5c52bf3a901408b6482ca0d139440a3c149342bb2db0da72b5c3b496cffa001766b2,0x2b5f84ea573ab17de263a38733608e3022f5f12e5deb06f73dc6bcf515d88926,ok
0x48b88faf3b4bd634189364e7a7c1e8b8a3a5eeb2,21,0x030df89bf8f05f7e680a6bc7f6f3c1245dcb9dc9495d7284b759011dabda0ee9ce,0x040df89bf8f05f7e680a6bc7f6f3c1245dcb9dc9495d7284b759011dabda0ee9ce9d9ce445930b848eedb0d0e344965ce945747e532aa6e18a645c7ed8e89735b3,0x5fe8b2167abaca203b89a68b2927e5b47eb65a3de8f6cf84a86512c4f0dee55a,ok
0xcb61307ca6e803e3294afa9c1a77a20340f11316,20,0x02b05ba2503598443cc7709d462a783f35162a789a6ce67d91d422dcfdf6639d51,0x04b05ba2503598443cc7709d462a783f35162a789a6ce67d91d422dcfdf6639d512efcd433429c6dcebb8d484101604647bc5b889b12342d4e69b3236207439896,0xde5c5824222ab41e13245f6f778e3e36d65ada9ec1835358312b2ce395f75da1,ok
0xff0847bd6c84bb02bb0dc617e59def64e309c756,20,,,,contract
0x93d020b0c5158939274235ee9e670edb9612726e,20,0x0307145ffa20ebbfa33761b35a75c9cdb799af58d3d300a5d61fa2d07b38af0919,0x0407145ffa20ebbfa33761b35a75c9cdb799af58d3d300a5d61fa2d07b38af09191ad1261c677bb651e42ef5e8f5027cd06e7ca23dcb622f45da21268811f7b56f,0x133531384e3f8fa861adb3047aa6e9c4794bba7dfef6c61127008c60240ad2f9,ok
0x475e22217d88f0f852a4ed3d0499e728fef7ef25,20,0x034a2e626896ccf70d185319a15012f2b011944e8f9add2010893cb5049571d5df,0x044a2e626896ccf70d185319a15012f2b011944e8f9add2010893cb5049571d5df00480ab8077f717a01c087460a762ddb12b3a0b07c98c7963d83e6a34489731f,0x4fc2b9291418589b826d1f47702f9aec02481606db372b7d43c5672ae08f0aa2,ok
0xb1453c981b539346975587103d27a060c58e3d03,20,0x03034e03a547367c62806a1253768f832a155bdd3c8ddd864f52088b12beb64013,0x04034e03a547367c62806a1253768f832a155bdd3c8ddd864f52088b12beb64013da3500dfc96eda1ee08d6a552185a9df08689fefdcfc9742f39013073409ad79,0x878aa97bb9fcf9a47289cbce52744ca6a46661fa2886a23385a3caf5f1034eb4,ok
0x69928e5b372f4a38406eb3dcb76c503d38ca19f6,20,0x03bfd06f7a9ced14cc02ca8c29818fbbb519b547f0434bacebc127163dae11d0bf,0x04bfd06f7a9ced14cc02ca8c29818fbbb519b547f0434bacebc127163dae11d0bf8fb115d011b71563f7a00c99ecfc218fc29e5ea5944b12c8325023962db1d5bb,0x6eb0a0fc6016bbdeb2500aaaf3fdba3e7f3f3acdbc96064580b93670b77334c2,ok
0x38fa32d7c10d79cce348954d194f5faeeb8d086a,20,0x03fb9c60917d3a6220a8f4c857b356b29021da2aaf756bbb7a72d7593a59744e41,0x04fb9c60917d3a6220a8f4c857b356b29021da2aaf756bbb7a72d7593a59744e41f15957b4beb5d6107c25d693a9590a0915eb8a9171e89f475e5be7923df5ef1f,0x5f8bef372a97d62cdb62bd912ab30e2b594ce5df2ba31cb4b31bb7e26f4f7340,ok
0x34b2dbf0979b063f75dcc100d53607a72c595c00,20,0x02fe1b586b3216230964dc664159503824c9981feaf1deacafff55c4b0b1b131be,0x04fe1b586b3216230964dc664159503824c9981feaf1deacafff55c4b0b1b131bef6eb4d204f20f9e3348bbc00a52e86440a502b94e1e9e5af2e7d7e7fcffacbfe,0xdfb0c2f208ebdf3a92ff4871dc5c359e7996a6e7104727b820a53446d518de00,ok
0xf02842a77bf3e05f79c7ef29bf47b7c108d210f2,20,0x03d226bf0c44315bfbb1caa9f19d9e0ac7bdccf80f460176c80231abd5930d2bf4,0x04d226bf0c44315bfbb1caa9f19d9e0ac7bdccf80f460176c80231abd5930d2bf4d62d72ee6a8a50f52bfd5a01ad2fcca449e3d7307d461cf77c5d6e4d8dab60cb,0xa8061dae983e53dbb7f49742d8a07ef5ff6abcf5ad81166b12966a74dbfafd88,ok
0x28a8fbd11e4f6bce8e776dcf36d576051d2e7df9,20,0x026a3ec94aa0ae9b3f27d800343f5ea617b2dc65089b2100455468631cab882a23,0x046a3ec94aa0ae9b3f27d800343f5ea617b2dc65089b2100455468631cab882a2339851349f4f816d57f16b996e8d0094269e64d422f5b5bd0bccd3152e3cfea20,0x6cf31186e58a062ec77ac2dbb372a311ab63954d7fcf594b63a38783823f2efe,ok
0xd512238273ab20a5d8319305eaa6da0472244ec0,19,0x02d036aecada4d72c9c60f5f1aa6123e5ebb44fb996f1bd80588b4c2034a8a8ac1,0x04d036aecada4d72c9c60f5f1aa6123e5ebb44fb996f1bd80588b4c2034a8a8ac1d4bdcc976cd4d01e0adc55e40a438a1989454576c11d16dae49ea72ffd49f34c,0x5e1a2e09db41e93bf573e4907a9165728adfcc0a2eb8825e3de96c6b2e1cb519,ok
0xba96eb3866f0562d66837821fc803b1f67a38c4e,19,,,,never-sent
0x11854608608158dfa82361421fd792eb56839716,19,0x023e59178701901b4697ea3c2e206f367620f5e57c4b4f25fb1465b8bb99f108f1,0x043e59178701901b4697ea3c2e206f367620f5e57c4b4f25fb1465b8bb99f108f19c2bd77713638008711398832596885d72a63a77807cba3cb08e179d14c65680,0x864bf47d8856c93bd5e8e94bef401affa02180491dc25da9279a28ee81b70093,ok
0xf11459b81e04bb5dcbcd234215e44c09baeb3ce7,19,0x03104b275460007c0fc85687b9e69b8611ce2980be45c3f956d02063e729e64166,0x04104b275460007c0fc85687b9e69b8611ce2980be45c3f956d02063e729e64166de773359b3626e230b74597e5b6da9a500cb105a9f8ce43700738ef971ad9203,0x2bcfc39fc325ad4e1ccabb14a8325fad1c96d79a9342cbcbd504ae2c032b5f6a,ok
0xcf4b44189dbb0eaa0944affff03e5a914f5453a6,19,0x03eddb7b9af954d2bc7ca05e204a8ed2af01257ee972e7c34504f6ef21269d8cab,0x04eddb7b9af954d2bc7ca05e204a8ed2af01257ee972e7c34504f6ef21269d8cab0bf63382b05babd4ae40973263e3a6ef165c6cd2071342c22d459165ffb1ed6d,0xb1774104258aa56038cfe3ca0aabc11a848b40b0560bbaa6ec0221e0e5c9c022,ok
0xb15272ae93fb4f5501a8177ba3ee1da2e704f380,19,0x03df217c83b649e7168a25d68d2f5c2fa50e6b8a90ea5fcfdc44991b20a741c8e4,0x04df217c83b649e7168a25d68d2f5c2fa50e6b8a90ea5fcfdc44991b20a741c8e499d437e89d3cceb8b793276af40f516f6bf7b87afabc1aa093b25456c241d6f9,0x4158798e10f3d07e449ce62502c9f7fa6133a9bc5de34eea4913bf509fe48078,ok
0xf0a95ef998d01141a7d5fc659bcc1f0af7ef19ee,19,0x0345103e04014367929b02aa15c3fecba0b2df3a5a88643fc1613c25c60a2c45ec,0x0445103e04014367929b02aa15c3fecba0b2df3a5a88643fc1613c25c60a2c45ec330a41f774800885edf14fe2a809999acbb22ff0dab0c5fec2e6cdf22f6fa4fd,0x78252b97fccc7d86cbe9308c43f15d7310aed3ca4bd486e241061fd75041888a,ok
0xbf9676f9b7999e0d4bd806f76fc89f5806a630be,19,0x03e705ce664644e2aa8b4b2b03028611df478726ac27dc584f862760895e754a4f,0x04e705ce664644e2aa8b4b2b03028611df478726ac27dc584f862760895e754a4f3cfffc265ad0291c984e330eb57d03c14d220241dd76fd6430bd6a108dad9fa9,0xdcfbbf5327b3ee13ade4d8dc5a46b0a7d2651c456126673665d14a9923e2786c,ok
0xdb62c322b17a2c3bf51775be039e7e3b93553396,19,,,,contract
0x1ac5c7a8f41d78849d73f13ecb8238869246b8c2,18,,,,contract
0x65f7b4594914c0346fa45a71e38022c812b59e0b,18,0x03b1c40ff05f10c3a50ca74e3d3ce0a080fe8c6bae3c9464e6e2887c9c281b301e,0x04b1c40ff05f10c3a50ca74e3d3ce0a080fe8c6bae3c9464e6e2887c9c281b301e1c32667e04108f2c4762075e5ef3b629e037efc450cacfa37a38c5062a424a91,0x0fb45b280de9efffbb704cae0833fc43e7ee3f4f306cd6d3a8172d7d82f048d4,ok
0x5d3def6adfe9a6e3012a00636c227b4f8c726ddd,18,0x02d80293d4ff5a44c8eb231e63568ec738ef0679b82e6f4a3db130a5aa7711609f,0x04d80293d4ff5a44c8eb231e63568ec738ef0679b82e6f4a3db130a5aa7711609f0b8049a45aa432b9fb48548d8ea19cddf40d0d7b98cf4243a510d959cd9e4da2,0xc1989d08fbc185955498878690a178ab702321d107b4c258a27df392fa893068,ok
0x77f31543d45b834fbb928d6e546eecddea5c8394,18,,,,contract
0x5ff5613d196284aed42519659f3045a9f436d7cd,18,0x0392eec5fe12f1599780281d7f023b4c9d0d952bdedd9e2cb9525a92478d4d63f5,0x0492eec5fe12f1599780281d7f023b4c9d0d952bdedd9e2cb9525a92478d4d63f5641d1a2494b84b0f185fac611e63928b416740d71eacd84b9b7d97f06eca5349,0xc0dbd244eb48842ea70b20d30620e02a507d11d3f4897a9ecb6ab063c806f697,ok
0xbb6a0fbe1f1d4d7d3df73efa4dc2888f6dce1736,17,0x026dc32e35f5a14cff041da49333fedc42e04ab87809b411c92080996c0f81bc43,0x046dc32e35f5a14cff041da49333fedc42e04ab87809b411c92080996c0f81bc43f6395a1d6778bdc9e7c9f5f585a095f0439fbdb014a96d1ee4c988a95f61c5d4,0xe5755ce15d63de3a17c01b5f69f927de762267e2738cc0359f00591e1b32d375,ok
0x27652e14d6fb6f08e1a185a547d5c20d0a1d062c,17,0x03cbaa16a3c8743e101f4c5e912e2397d82023f4a2e3c7bc9db5dfd76a4f127e9d,0x04cbaa16a3c8743e101f4c5e912e2397d82023f4a2e3c7bc9db5dfd76a4f127e9d8dd74ff285221164c0fbfde8664c3536ec75057516a067849e5111771aa07e1f,0xc4e313256028b75f8aaf0af7e994c84c959fa7d7e9bf49f18e7097e523e0864e,ok
0xebe8502e53645db3b9a767a23b6865a40f96d93b,17,0x0294d6ca5a6cc4ff25553d38a9daec0f8f33b9c3d0b71086c9f450ac3d49d43502,0x0494d6ca5a6cc4ff25553d38a9daec0f8f33b9c3d0b71086c9f450ac3d49d4350245c17da5304e5a9473189a7939f6cacfecc010109a13e51d31b3a04a45ea0f72,0xd9006c0e87713f468d2006925c5127059e04524c61b28fa7b379405b2d4f7c26,ok
0xf113b4dcf627f34f6791394fb8e52eb4071d7789,17,0x02ae5e340278213cdbcfb2c659c6b0509c433f10ce6835f608c78868eff2dfe610,0x04ae5e340278213cdbcfb2c659c6b0509c433f10ce6835f608c78868eff2dfe6103de11ab783a7781f82c044485896576499fc433c2b510d6185de8155f250c59a,0x9f37ce2c789b82fbe31dcc0d9002e5bca7c21c94d7a38f5ab2c11fc21a4ce804,ok
0xf48c495878417b2e94821959241c22dab620b769,16,0x039d4167f60522f8938f07a05ac0744cf18257e134da0272c2d172e20683f1a81b,0x049d4167f60522f8938f07a05ac0744cf18257e134da0272c2d172e20683f1a81b0060f7c51e1e520ea198026a2d9c2e35f605e0193452a080ea5db84070c7d0ed,0x7ee003012fe48705dc6eebcb2f757edb23df00cd14da011358de76f8d816ff36,ok
0xbb8cee4a3d9a2e2e26a66e8b63f44cdcdd6806bb,16,0x037fd6ceb9219c2af2444ef747f503524900857409fa1cb4bc0ff7d40938180f60,0x047fd6ceb9219c2af2444ef747f503524900857409fa1cb4bc0ff7d40938180f6008989c52f284dd7fa509b700bcabfcccea461067f61afc5d0867dad5dc9dc689,0x4a3e1d0631e2bfbfe47e9c9b0a892bfb8c45f4c3772f93d7f874eb129bd467c1,ok
0x0817fc26fa3ddc275d6ed3d7d214b5424375cc86,16,0x03d500ce98c5031a3d422c33c47ae068b2789afea1986673ec69b1ff14806acf11,0x04d500ce98c5031a3d422c33c47ae068b2789afea1986673ec69b1ff14806acf11ab545d28908710d1b7bbb7cc7a7c30d6ad73195bd14f87dfef0fc8dbe819b5fb,0x00dd4c8106f4c74e258ed02efb7be0e31914fc7a20d68192248647e05a95481a,ok
0x386444dea7491ed0a8086c368e92f31e2cf2fc4b,16,0x02fd09d750ba1522db59075d1e3892f88327ee4b622566f6866ea55c179ab6e4aa,0x04fd09d750ba1522db59075d1e3892f88327ee4b622566f6866ea55c179ab6e4aa67a9e5a16ab3c35286ca52518357c0703f6449b0a3c51ea4ef60bb664fef7ad2,0x3f6db7932bdd2440d77f1ff1f12fe60207d1ba7ff35fde6cd35ae3d075fe60bd,ok
0x161f139cf192b05a097abcaed8a60b3a3abbc6c7,15,0x03fec0f36e0ad436b0d005e68904f6f0530980adfef61a408c1eadb84f7899b12f,0x04fec0f36e0ad436b0d005e68904f6f0530980adfef61a408c1eadb84f7899b12f15c82ee72bf772adbaac276bdda4a0e742401a914bd16b60635c142d5db58303,0xf0cdf7785d3be1bb5db7435fc208d046ba6ffb213909b91abc909da3fa914d1b,ok
0x3ee1c068fc9653489a5d03ab925047efeeb4bc26,15,,,,contract
0x12d3291769d90b17a506b4fbc5de60300aefa8af,15,0x03b950aa9332447495e81a1811654994b2398dc86caff47e921935dc374f89e3f1,0x04b950aa9332447495e81a1811654994b2398dc86caff47e921935dc374f89e3f15f5a3ae6ab25ee01106486518fd0111b55dc7fc8c47c6d17221cdc0e80a55581,0x26bd610e52ee6612853f8db930e31280a58d5399abfefbc62647e788a70f3b34,ok
0x554951b207143c7470c3a86c0f55ecb59d7f7793,15,0x02aba4215f1dd7a83b52e3005af3f85e5d111d480a6b168767bf37b6d91f71bd1c,0x04aba4215f1dd7a83b52e3005af3f85e5d111d480a6b168767bf37b6d91f71bd1c92112fa1dfaf79c4ba9ec1001b6d50f91024f50ac7b8249013af362d914b4e56,0xc581a6b3dd0c3a921b46fe13b10d82d014b71fdf826e87139b6d997204440ca5,ok
0x45eafd3fa025c70444c23899ef8b7dcf280fd497,15,0x03ee1d16afe44463c6a193b6dafddcb8fc4b41ded9741368b53ecf1e07d123c5c7,0x04ee1d16afe44463c6a193b6dafddcb8fc4b41ded9741368b53ecf1e07d123c5c7e29a0d3ddc0bb2c785548afc6b1375e19994490082796f320c5e47bbadea0da3,0xc9ad472591cd9921ee2a87cac215c551cb0ae1a5004ea517ac136776e3893cb7,ok
0x6f8dd429bc8f40bd0997e0787cf56b3a96c37c18,14,0x020eee61a2ac79adc9236040decfc96225a5fa1adad4c34de4ffa0ab3851733284,0x040eee61a2ac79adc9236040decfc96225a5fa1adad4c34de4ffa0ab3851733284ef8392390c5c96bea152dae40a451220a9533c5a384ff0a810d350200a7e3d32,0xe4ec5973b611a337362910560eb65c317f83707dd39c78fd584becbb05673d3d,ok
0xf983557ec70fbf1a4b1e247af7bf10247e9b69c4,14,0x020b041a1c21bee116e427b3b97d12ab2ae2f015b7208ef31cf6c0ae753ba2b45c,0x040b041a1c21bee116e427b3b97d12ab2ae2f015b7208ef31cf6c0ae753ba2b45c7bf7b44d3662ea914926620fe172cb64bc86f2418cb1cfd4080193e4c73cb96a,0xae34f7832076977c3735a968e990e6e664af902310e086de8cbcc2794a69fe7c,ok
0xed6a3222f07487da1b46f1d5974dc39ea01ddcb5,14,0x03d448d9a61eb31bd2b17ed38881f1b24ea6b0a91241edd323c563482d3e42d155,0x04d448d9a61eb31bd2b17ed38881f1b24ea6b0a91241edd323c563482d3e42d155813637a654a6f4fad8185c95d90ab68db6bc004ee786b3914815c7af68052969,0xf7635d5ed1357ff26e3f17fc847888d341dddb734b9b5833c46f67731d8ff048,ok
0xf3e0cf03d73900399937c4b3b09577efc800a119,14,0x03010b2de960434da0627360807bcc717201e0111bdf075d45af0a2f5fc9acf79b,0x04010b2de960434da0627360807bcc717201e0111bdf075d45af0a2f5fc9acf79b5798f8ac0f5eff0ef0f6a250b17fe467e0f8832e6d01b511205b59923c7c6d81,0x4a228377e978f8381827548a81cb78448a8a59578deae1c9631abc107f28a599,ok
0x892e6463d46d60f7ebe04d2de37371017b8971c7,14,0x03b93235b2cebe47e7fe63e88e947a886f0443999aa6d2731b784a287571b4a564,0x04b93235b2cebe47e7fe63e88e947a886f0443999aa6d2731b784a287571b4a564f8eb84b07437a72979630827b20e67b44f0de82b706b2b63b08f7b1219656b35,0x7a6fcb4a84c52b24b428944d85d7ae8f496bd3e12f45da0fcafebb55495c28e3,ok
0xc16d1f5649efdb036d7419f2e5fee3efebd42c1c,14,0x02041c17d5f34a7762c0a3b838d6f4d791b39ea5c94013c5064e88f8f92176fd83,0x04041c17d5f34a7762c0a3b838d6f4d791b39ea5c94013c5064e88f8f92176fd83432807b7b09bc58094607519a2eeabb5925c171999a2e2e3607897a34b1bfeca,0x6e3a73a4c54b1d61d48308384e1c78e3039bc0693f7520c0bee18cdb587170f4,ok
0xfa573d8e6eb08f0976d48aa5061ea248b9195da6,14,0x03f6fe1e974a31a182c79bb48f7cdde1c2fbca5ec7f9d632f409cfb9f2492f6c1b,0x04f6fe1e974a31a182c79bb48f7cdde1c2fbca5ec7f9d632f409cfb9f2492f6c1b6c911cfe8d30fb8a9412c98ac5dc50336490780179f0b47d8edb4467c5109c3b,0xd15cbd730d4ba0a2f553347ba74463b0b6b8690a9cc92098d2d3466e8dc10b52,ok
0xe7a70629e28583474cc77b704b67a3c294e2993a,14,0x02e637a5dd2a12032daf42f3a22ce0115a7e071adfb8504fc7ab71bc60961a9275,0x04e637a5dd2a12032daf42f3a22ce0115a7e071adfb8504fc7ab71bc60961a9275d84bc25de796eb6b16a9cc96fc0695b16d911c1106be6b2050ff67a8823bd246,0x34646bf92b5249f3ba95daeaebea5a0b19bc7ab3cf988bd3e105174d2cf55f16,ok
0x6f9217107cfbf189666a9f821ad8b830fbdc0538,14,0x027499c8204324c73d1bf8069e10fd3be6059fa1e74122c58671bee679561ae49a,0x047499c8204324c73d1bf8069e10fd3be6059fa1e74122c58671bee679561ae49a5cc76caa1ddb8c97b7a8308e1f511ca52bab0a6d921c57660acc95b9d3c27ba0,0xe259a809f3b0f8bc1a1ae96df7596d20b93c1bbedb119b7193706fceaa49b638,ok
0xaca7c16aa89c24c56a026341b24afff0e5f687a7,13,0x028e201015217b75e01e55d8ef244b71515e08a0a978f0d6d2a3d118fc103f9b6d,0x048e201015217b75e01e55d8ef244b71515e08a0a978f0d6d2a3d118fc103f9b6d1f2e2027a7e5dcd310582a538b2671a7ce64d45fc1d847fba99afb7deca4c9ca,0x6502b97c44404b949ce6eedec590d3b81a882234c05efa8a52e6bee7cc5259c5,ok
0x2f2fc34e798a5884efb4022c8caa402baf94c35f,13,0x03d7d865b310e88cb749b48ee3f83d206c1a4d18cfe1e3e97e53da64afb649cfc9,0x04d7d865b310e88cb749b48ee3f83d206c1a4d18cfe1e3e97e53da64afb649cfc9adf2ed17994752170ad3bebbb43e8c531a24e0796ad74417b0a32a90b6236a69,0x73424eff257c4cb18643c9d9e4d531d869ab629b176781d9ac5062fbeb466694,ok
0x2228c185db5d758be6c12e9c2dbb494242e582b9,13,0x0289c11890da1181e9df13a131ebb8532e8af7a51e695a8f3164c70ec30012b5c6,0x0489c11890da1181e9df13a131ebb8532e8af7a51e695a8f3164c70ec30012b5c6d0ee4b4cc09c4577aac18fae8353f42bf5c7bcb5dc217481a4ebcf689c12bd7e,0x806f5d5eaacf256b2598ad0747698fc6742ddac09c59735b622ef3af2d7836d7,ok
0xf36fc687c16f3021635b848a7d7450f5217240da,13,0x036e2a9af7865aa67e7d881ed4e88c2c49b3af67f94f58735488eb119cc341283c,0x046e2a9af7865aa67e7d881ed4e88c2c49b3af67f94f58735488eb119cc341283ce4e051d62b5497850f7d53850131f0692d9af8b47cab9de5c349645428006295,0x885c9edc2858a48e20118cf9f05f65657007448ac6852e80570e839a3eaf6401,ok
0x7dfb4dc4206af75e2478eb0b95b46189c917e3f4,13,0x03d2cdbbd4f10ae090d7dd0665b1c2e5a6471f44346438a0abe776ba17cbb53415,0x04d2cdbbd4f10ae090d7dd0665b1c2e5a6471f44346438a0abe776ba17cbb534159b7a35adddaf17e64f1bfca51ed5db63661791eb2bd833a0a55dd0de0977b689,0xf9a421e0df3cbd563a6b2e37b9e4ef8de468a29622b00f12f5390d0134ad802d,ok
0x9fd3d5223dabf45ffc15283da1e41e8ef3fa36f7,13,0x020e62a7a9aae2841b564281ba0fd0f9b5ee986c8d3e87aaacb95d6b37f7020f41,0x040e62a7a9aae2841b564281ba0fd0f9b5ee986c8d3e87aaacb95d6b37f7020f415f9b5d785ddf6baff4e7a49cf10bbd6497121cbacff1d24986143c36e5250792,0x68c2b884ef3a44ce4ae4cabde7d36784b37cfae00e8df16b44e4039f3f127a27,ok
0x57baff1c21ac5a1e9f9a0638596d009da1a2d2ef,13,0x037f2be7b6276aba8786104297177388e48b51a50aab7a5510a12bfaeaaefd41d1,0x047f2be7b6276aba8786104297177388e48b51a50aab7a5510a12bfaeaaefd41d1a442e48ad9a590cfb767af5e36e9c76ca58a06d2e6faf7e348fcbd109ec2ce9f,0x307e14702ff409d7f81521debe82d26da35a400b55cde316225dc2f2fb9519c9,ok
0xbc70ab3be4b0bffb56538943f7a6d7a8d25abb7e,13,0x0294d7c2de5da85bdfb34aaafe727ba6d308e9151649082475bf5285459ff16c63,0x0494d7c2de5da85bdfb34aaafe727ba6d308e9151649082475bf5285459ff16c6304c63bbcad9fc353041d7835656838fba715b9bcba2fa461ae5382ea9daac188,0x1ab1b2049bb2be8eb4d6c69a97fa65aa5cb336a27652966d2e8eb79cb3c4c003,ok
0xe7e8dd95bc71fea7d1f54f86828c4389f2501157,13,0x026727f11f08c4177ed4a2354db030098b65a606b10413b715595ee03a41fdc8a4,0x046727f11f08c4177ed4a2354db030098b65a606b10413b715595ee03a41fdc8a4e0c6860f853508452df5beee616fb4b05977a0807dbf868fad2835105d86434e,0xc2c64c4d9d7c68705fb9a1c1ebf906ed4cbf44fc8af9d393eab3616fb398a874,ok
0xa8fa619ede1a65b2c526add66fb639aad17a0c20,13,0x03147b496c200a0c598771eaffc3b68f9fb8ab1f4a05511ba2e48b3933a765e4ca,0x04147b496c200a0c598771eaffc3b68f9fb8ab1f4a05511ba2e48b3933a765e4ca833513b1f546846f492644b5a5263bd6ffcf5f672f8bd1906845d1af743049cd,0x527775255e617383f677a11d18943cdfe585ab85129a85caee2ef746808e37ce,ok
0x95bba6ac145f6b34433671800403752ae401c530,12,0x03c582d4f0fc19bf42de3ea3005235bcdab237f95e4ba7c568a828277253c25bcf,0x04c582d4f0fc19bf42de3ea3005235bcdab237f95e4ba7c568a828277253c25bcf63283c3089ea4cb37d6d37c8683877840768f428c24fce354ae89d0bfc25078f,0xf3f9f015959c7e5f78a86ef55e61dff108b320a7ce4643a11cb8796171c7e1ee,ok
0xcd3105a937a435172691ef5b5c766e0e7b7bdab7,12,0x03a3638c9718e506289a6d797b73d8865318cec643cdd7499343daf8b66a8feb21,0x04a3638c9718e506289a6d797b73d8865318cec643cdd7499343daf8b66a8feb21f4f91b094fa4313f24148b9cdc7477683042938351c3c8e6fe56c4d7008ce961,0xb5b17a7a924d382baeea5a7e9923ed6329e9ee19c45ecd5280452b8c3764b755,ok
0xa55d80095f811c3b353e7a39391dede75ae0d25f,12,,,,contract
0x769ba16f31a73b635e75c17fccc3db4feb2521ab,12,,,,contract
0x26619ba44efd6190044e3c572f5109f9d53450fe,12,0x03ec79d33013821d1b0bf1ca425b3043de303ffb08f107635975abbf4201a7a84b,0x04ec79d33013821d1b0bf1ca425b3043de303ffb08f107635975abbf4201a7a84b2ac5783f6416ae37e4318ca28773bdfc3bb24d52c97a494266003a5793d63ac3,0xc0d6d9a7441fefab71ebda9e6e09bff292aae7e5b5a4743f769bba5880ac7807,ok
0xedd28e5c0d45dc0eb1c1e902fcbe333fb679dbf3,12,0x03170c186f9a86bb263a57fcbcefe2d75f9156751c4fa634922392eb148239bea6,0x04170c186f9a86bb263a57fcbcefe2d75f9156751c4fa634922392eb148239bea602a91b8f0a7b0b146c4a7dad288f7e035b37986194afef4624f6c6bf3b5226d3,0x570d0f9fcc1c93f93956244fa26d9d997a85a0b1446497dc0264d4f9a3c3ae32,ok
0x3af7221baad99a889168aa58b3446f340ae8b178,12,0x0319452052528abd05da1a28508c1e214777f9536f52ae21422939a2750168f900,0x0419452052528abd05da1a28508c1e214777f9536f52ae21422939a2750168f9006cfb03fb9b3be03820f3893cbc10a306a62739ea1ac9e5204168b5f1e064800f,0x477778082bef7a499fd63a2e33c70f500f234ec410e3221a6c0ed726ba2a0262,ok
0x1b0efb37c3e12ced2d77189de3cec825c75ffcda,12,0x024d6bd682fc9da6da89d2b7941a18345540a82311355190f14c4455197e946b5d,0x044d6bd682fc9da6da89d2b7941a18345540a82311355190f14c4455197e946b5d88a6c71912b10f00028906e0ff5e0421064346585fa65028684fb98cc718e2f4,0xc88277a71bef599a0b13611248c4b1bebb8a6097a5d51a900c48e528d6d2fbfb,ok
0xc1c152ecd40a2dd4c3593a98dce246fd85fbbb6a,11,0x029a5b283988e0360b117b4cd43226319082912edc0cdc4a1db8518974e12aeed1,0x049a5b283988e0360b117b4cd43226319082912edc0cdc4a1db8518974e12aeed1f3b076cba233a41a53a5a5799745968c3e5ee5692f7a68ecd825e25c229ff102,0xc124d0c9602f4ef118f6db7ed711f39b5c21357eb15ea3ae8f6778da26fe78fe,ok
0x74a74955099e3b3f8a676e8a1b68d495f0579d97,11,0x03adad55da381bf1e6e7429928579d5e4977e78eb85b8ef069eb54f903d5e599dd,0x04adad55da381bf1e6e7429928579d5e4977e78eb85b8ef069eb54f903d5e599dd8c0f198774ed16d7d73ee7dc782d45d7fbd22d4b13ebe6fbdfa14df4dcb73293,0xd4a21e8a9d99b774e4bb8e057a95d35f2cef35cbb94b4834c2c218558b7cbfe2,ok
0x1ce9d62ac3dd1b897d582cda4075793ee8d0bfd3,11,0x0382746797fd77d371324f2b94d753c6e25ca4d96cd831447be218f3ccee2cc545,0x0482746797fd77d371324f2b94d753c6e25ca4d96cd831447be218f3ccee2cc5453a9e0cdcff6604af1b0d84fa1208f4b1f18f451c636b064798fb51c5ded7a57b,0xd2c1cbf91612889cac2170e0d600ee844f3723de2351b509b0f2c2dc7450411a,ok
0x3cc8df9acc9e3d3afe79b787772952328bafd9cf,11,0x02cf379a18f576e840db70546f068f6236438a2bf3f5aba5768392bb3745c248d3,0x04cf379a18f576e840db70546f068f6236438a2bf3f5aba5768392bb3745c248d38c4cf1f8ec018dde0e9ca7d15be297cfdfb9be3f9627c6ec9dd7a90ed46e4254,0x1864d3330355e6c59b8b55a70b6ecab12b71504dfd0cedf59a31d1e574901595,ok
0x4ec4da2e846e2d8bed1450124417defce2b7cc86,11,0x03fe37ebb9309b8216cc4a38681d4c63f2752c8d32eff4eea5813637df4086a955,0x04fe37ebb9309b8216cc4a38681d4c63f2752c8d32eff4eea5813637df4086a955c8e8884024b8878e6222a89c6b0d4ecf2cab05728989c223615a6cd58767f747,0xea8211757428725cfc9157d39c203643d3d7439be7449236b30ca600e58d7207,ok
0x5cf270d6e9577c0a58628580bf3c3d3a350c46cb,11,0x02387f49cbe26db6c3dc7ba265d38020a3bc7945115acd336b0a75f82c69b361ab,0x04387f49cbe26db6c3dc7ba265d38020a3bc7945115acd336b0a75f82c69b361ab5daa9d4e45a9ed4e4fd356d56da67c12163d34acb59e785def9510e56b65e776,0x71966256892c9289773b0ec3517e6de35a46a7f274793ddd87ee95dfbd058980,ok
0xe5bb462c63b216dcc347cd2b1f66ab295713a3f8,11,0x021b6638e37e199ae972f9f0f2a75c46b9fff24a37a56db87f9c8ae8f2fe158062,0x041b6638e37e199ae972f9f0f2a75c46b9fff24a37a56db87f9c8ae8f2fe1580629d38c372adb0f32755cd49047b31dfb7c72cb237b3b3467506d49aefe5cbbae0,0xb85b802f35db603367bc4b8b82ff777f659435b9b91d924ee3582bae1ab470a8,ok
0xfadf64545486de207688eeb25315a98a7d9703d6,11,0x022746c6bd6ee8186a7c29bab7e74b81a98d26f14addea868ba585356044c74821,0x042746c6bd6ee8186a7c29bab7e74b81a98d26f14addea868ba585356044c74821f4d916daded02755b992ecd9588aafa6d66293db44938c0b88c85d3150fbe104,0x7db1eed1279698d3e21adbaf2e79f358ea074e81e2a5b644d7faf5cf390a5640,ok
0x3a06876e351471eb08b36ae9b5e762e53b20b6dd,11,0x026f180078c41e8471380619517f316a41eb9071ec3e4f39307b7fed326f06da3a,0x046f180078c41e8471380619517f316a41eb9071ec3e4f39307b7fed326f06da3a93c6f255ca3f9346e453373d635ed6026c24ba27aaa5c0d1fafce3f48f61b610,0xa5d1793e2e8d0bfab1c4f69a95247bacc96974da22091f5578265e3ec70ed17d,ok
0x50cacad94ba478796e220bdfc2f5fb769fc8b40c,11,0x02b08b6649a111784e74454e7e30edfdc2789603ba322a3f689d808674e8db5a30,0x04b08b6649a111784e74454e7e30edfdc2789603ba322a3f689d808674e8db5a303e4849598430ee0f8ea01d4e73fa2512285280f5a4ae30700471d4edf4cd54d8,0x0625ebc670cf68dd4ff6cc291e478f770b911cd7f559503b4bfad0caa9bf5b33,ok
0xed348430065c24e89d3f1a9f76c55de195ee3223,11,0x027b69319cc199b1d0cb97057dc8bcd3104de5308d95ea4d8f6cd4c2087347240c,0x047b69319cc199b1d0cb97057dc8bcd3104de5308d95ea4d8f6cd4c2087347240cd7d86b5c1a32a077782b398dcb4894bf1d42f3db53931a79b9a605d0b5d77158,0xa538e26f7e7b84e35af4892f252a48adefd64ae07c429af9813aa0227c85f7a5,ok
0x5230111aefcfe695490ad4af47d8dad5983d76d2,11,0x03854e6fa0d4e77c74d0e41fafa92fb400466b6d39c265d7a218d6a8c76a7de46f,0x04854e6fa0d4e77c74d0e41fafa92fb400466b6d39c265d7a218d6a8c76a7de46fd8fd81761363440e01f2e2eb8665bee9ae964e8e135e2bac9aafb6c21cc83cc5,0x7fd014e69b95b884f8de9f0f0d0543002bc1b28cf90fc139d502ca19a375ef17,ok
0xc81484137f6fc2fb9115d176ce54abd4f2fa7e6b,10,,,,contract
0x3a1428354c99b119d891a30d326bad92e36e896a,10,0x0260507ab87a2c9369c4e9ee2769aab6bf0dbbcd22be7dd78c8bb3b478dc795401,0x0460507ab87a2c9369c4e9ee2769aab6bf0dbbcd22be7dd78c8bb3b478dc795401d6d64268774a6dc61657fd96412eecc9dad36dfc17bdc95b895c0c5c2f4e4a58,0x7ee536783ac4199267c1948783b4f5c68c3c22cbcd1380e595048a5441a456ec,ok
0x687c18084c1945c17a58a53204e84b9f6c2bde9a,10,0x032cb8d6330ebb2d4e13ea3cea9933d26b8584dbe743a2a616acac7f678dc320e8,0x042cb8d6330ebb2d4e13ea3cea9933d26b8584dbe743a2a616acac7f678dc320e869a670d26a220da20474d66a19d1fe4ef81dae5b079bc5a460d02df80f0d8a83,0xc9c791798e91b60307a8e72b56171fe72acb69af8a6414314189739e6a1217b6,ok
0x781319efbea82fdd748237e3563f275938a28e93,10,0x022782aab405f9fc0bdcdf9c498121ef5a9e89bf8862b39cd3f9f3b526badb6630,0x042782aab405f9fc0bdcdf9c498121ef5a9e89bf8862b39cd3f9f3b526badb6630cbd108a910db46c38a84bd0c3c5e7a8fcf05863dd35e28f888eb3a56bbea17c0,0x2bf93185eb518512e2d796562cae9bd5031e166334ef63a0b911071cd9b83601,ok
0x35524a1a02d6c89c8fcead21644cb61b032bd3de,10,,,,contract
0x8ebf27b83fde8330c4e73e7301719e71640517c1,10,0x03d8020187c256835b89eacb2d117aaea1a1f0ed69c1cbb828bb220d20f6935332,0x04d8020187c256835b89eacb2d117aaea1a1f0ed69c1cbb828bb220d20f69353322ff2bdcd06a2c4d48ee57ddb462c85dbed2e36c735bae1c270605b51e8394aad,0xa545af42d308e4bf7d5b7aba4d40f2144245ce678c4c414cf18ec9bb0e87df1d,ok
0xf31f6996aeced7881becde2acb59479ced048d01,10,0x037365b78a803fe1f341a76d7f8d7b0623d743961d2bbc57c5ad8c8cc272e45d12,0x047365b78a803fe1f341a76d7f8d7b0623d743961d2bbc57c5ad8c8cc272e45d12c37285592efa7be12e9f158668f46a5fcd2b40cc36cd1e056933acea7b5f6c61,0x06f09a7b294973ec034d283016c3b941525d762e7fbfa9a200fb5eaa9a086b76,ok
0xbf8423aa4268b850ab3c045810933aa4248c7089,10,0x026c9fedc0d3ea43400835296983c4f5ed45072b25a21542bcb379920ad672cecf,0x046c9fedc0d3ea43400835296983c4f5ed45072b25a21542bcb379920ad672cecf96cafa3ff990bef6f52e8d4be2b14532a76af008623ec2dda48dc0204c8899dc,0xda1f0d4b9e26b252bc0294ea73cbe8eb3ad11036da818c0d545abb4c1d45b309,ok
0x6e84da5b4c60ad738c6fab100b21e954c56ea21f,10,0x03aecd0c41c0bcc074ec6b633786c4eab80b304c19a2f468a7e68578757ff51c23,0x04aecd0c41c0bcc074ec6b633786c4eab80b304c19a2f468a7e68578757ff51c235d37f93ef847050f914a395b1477a946e4c1bb97b5c8c7a62569deed3e74f2df,0xc52f8b3c9e444914dd6dae2b724c132afc610a440056832d966d53ebb43807b5,ok
0x11517ecdb25b70954f993014ad0b621d2c2b68c8,10,0x02721022626164b2b8a1e588644ff6a672dbe8e4b9317f66483c22ff9342292383,0x04721022626164b2b8a1e588644ff6a672dbe8e4b9317f66483c22ff9342292383906f451da3ff802ad93689ca21601d4e5051a07f9a04cf8b81064cafbd3d04a8,0xf87d6eaac9f070568aa8e113c057d56c37ac64784a1590ebfa5b1ace6ac19ec9,ok
0x7f996d55ec3c88d84d49be1357ea4826c8c7d988,10,0x023e71b75bd6e230a78872f8350d81064b7022e57b0fb168a6710b4725457c0961,0x043e71b75bd6e230a78872f8350d81064b7022e57b0fb168a6710b4725457c09611180345e3bc90d8cea50d006baac458018b8078e787fc485b4bfee93d46094c6,0x00ae1d052991b94a5c576098da6073b75f89ce78ba62d7c02977b9eb6c1c6052,ok
0xbc76f11a59137694bb56cafd89fa7467882d504d,10,0x03b60a7c7f2e656d87d16baa7c85f4106b3b7c0d0b876ae71732a60f54411d3c9c,0x04b60a7c7f2e656d87d16baa7c85f4106b3b7c0d0b876ae71732a60f54411d3c9c94485e5e2c75b3d765f22b8a0bd23f350006ced79f8420af37a2a7118c59a103,0xa3218943a18cf053a9cc24280e22431a9e5053d6d0db917946d8468c8eb01dfc,ok
0xf13551969d8997f75497591c7a14c9aa1c966788,10,0x038149d5bb3d323bb0f0f42b8b89b2073b9c1e68b84f67d992bf069716b091b507,0x048149d5bb3d323bb0f0f42b8b89b2073b9c1e68b84f67d992bf069716b091b507955647e4869e7adb623069e3e1e206c46ac544cceefd1f78416b39bc10558d31,0xcfc25303776cf19b1d96c2cc911c520ea583032098599149f09484f4b9122448,ok
0x459a2535c46c93fe3af86554103f38880c427b5e,10,0x0239c46aec583a7b5adebf61ad5b618061caa846587b5562d96e12c3fd60a5f371,0x0439c46aec583a7b5adebf61ad5b618061caa846587b5562d96e12c3fd60a5f3714ae42e77d01778355c0de89d82a8ec53d301cd5eb7f2e788f0c9527c74969560,0x1306981310dd661e51d4cf36ced6e66508828939634f527064984926379c2b7d,ok
0x0e92719a9781a0965029d26576b68b8d962da919,10,0x02cea90b5dc0bb686300f0781ac953d86d885aca4bb69b5cf8156d16e787a38097,0x04cea90b5dc0bb686300f0781ac953d86d885aca4bb69b5cf8156d16e787a38097c32d2e3539bdc0da5fc93f96bad218accfe988b47fa1281d5e0962e93f59df60,0x43839a5624552c8392e7db4ac3075718a31564db6e455d00fbc18b043ce771b6,ok
0xe7b57989379600b8ded0c5060e08f0f6a5979ae8,10,0x02fdc9239f21b24bc466d46baf05dacb98b18f416df0b9ebac9963ff69b80527f5,0x04fdc9239f21b24bc466d46baf05dacb98b18f416df0b9ebac9963ff69b80527f5e2786b43df8bf6c021460b787bbd0259336b77edf1662e43d1f24d8bd4e4daf6,0xc67b6c2e97205cbb0a8aa58f27d7cd9d72c581e11c211228f453f47eeeeba5d0,ok
0xdc6659b7cded2549a0c373ea7b8839e76e30140b,9,0x02b25b7b19cd85bc96da20bf8780271506e28f189353c1e061654d2647d8cf14d9,0x04b25b7b19cd85bc96da20bf8780271506e28f189353c1e061654d2647d8cf14d94c8ca6eb7499ecb700b11d18198c90671b41fc7aa96c5439f387dcd1cdadc236,0xe34ebcbed57d433d07bf3e1971256b2add1439de39686245b7d2428a5edfe3f9,ok
0x5e8bb171efb4ef1da79479c794d5b8ec550233f1,9,0x02841b127b466575f04102cfb6eda2230173296cb5affc9c7b396feb2f43db929c,0x04841b127b466575f04102cfb6eda2230173296cb5affc9c7b396feb2f43db929cc4d7c79053af308a0cb95ed13d3024cc411a47ffba0710ef035142e8e3f60134,0xc076d6ad0984b554e493487e23baf9f224df1f7377c458f6d61136a8c290e948,ok
0x2921fceddd338d81aa7a3d143993cb89c3cfc5cc,9,0x037dfd333048e9297381562b64c0c9d516296946e552cc9926c67cac7d7abd2004,0x047dfd333048e9297381562b64c0c9d516296946e552cc9926c67cac7d7abd2004f6fe091d3a1bdb75345b655ed58beb303b29baea2a6ceb5b6536d23cbe946cd3,0xcd5ceeda8d39f5b45891ff33a776b73d0645151bdb3a8eef84e5bb16205ab8d7,ok
0xf6ff24e7d28893f4ba77c3945636a1f0da7b20c9,9,0x02e46de8b2b5cafeeef9ef6cefae610172d1c1176cfe4c97a0c935454bfcec7066,0x04e46de8b2b5cafeeef9ef6cefae610172d1c1176cfe4c97a0c935454bfcec7066667c37c37bb70e3dfdf9090f84db1b7e0b24fa2a1d07edc01cd25bba5d6a57cc,0xe2287b9de8980b4672078cc3b12a752ee8e37e954a243d10de305fc5cd49c735,ok
0x72d379618d451a925e255d98a0d5ce18f763de5c,9,0x02a41b93082423b7aa286c5b0314b60650c4c2120eaa6f302d738675756b428778,0x04a41b93082423b7aa286c5b0314b60650c4c2120eaa6f302d738675756b428778ed8df7350f20b0cdbe533cd4ade9b6e7dce98e274f14bf34056ebd073c2c21a0,0x6634b1add0844493141c1b41ca70233c138e29b2666e868a9f5cbc909cef7574,ok
0x9146166434c5c19e16791aaf7bc9baa4629fa490,9,0x033bffe4c47d2345eecda0dae16deae26d0a87d693cdd627a600ba688f2987fb28,0x043bffe4c47d2345eecda0dae16deae26d0a87d693cdd627a600ba688f2987fb28de6e488a9171dbde22634481bb80a21e1a9d084a7a7774544bc868017b6535d1,0x1ae7a03cc93f8cca3899b1a1caa8978c2441386a4be708854ebe997d4582e387,ok
0x0d77580ca0d67e21e53710a3ea5568ac1f5a863d,9,0x025abe590da6a940feab5602539092f1aac3250c7c6ad9b7381b35b1c7092135a5,0x045abe590da6a940feab5602539092f1aac3250c7c6ad9b7381b35b1c7092135a5d25b714cc57a4a1e1a04131c359133fd53af8f46e9fa89a6ae1f08d9d1d545ea,0x67786615e780b8050db6703afa49d8b05adf7ba247ca80560cfd4b2a7be269bb,ok
0x90e3aa9de51dd751d9195ce6868079add56b88d9,9,0x03ef4ec782d298539343445452032882c0ccdf093b63842afa2234bb5900918fcd,0x04ef4ec782d298539343445452032882c0ccdf093b63842afa2234bb5900918fcda3b6a1cfd9411a7303fced0ac46f2ffd70f7de6d0345ce19b1dbb835438b3c6f,0x523ece587d56205c4fa1926e2ca23c2838002b589dfdd26c46f909e536091047,ok
0x9297604741d1f0e20c4ac1e22d7e4feb994384f0,9,0x02c2c8e9daf79cb48ab7310d3cd88a8d28ab76fe43b4fef688809df7fb397abd07,0x04c2c8e9daf79cb48ab7310d3cd88a8d28ab76fe43b4fef688809df7fb397abd070a1384ed8c7ab29a511851c7958fd1c9a6efa5bcf3abc3f4468464abe663221e,0x671aec6f585aebd623e7b54322119110f1c96968f8462ee0eb7a6cdf99354a29,ok
0xdae6ca75bb2afd213e5887513d8b1789122eaaea,9,0x02f80ee2fa2192e8bfbf6fe17e4c56ff02524ede95ea21e3408a9804917300adf5,0x04f80ee2fa2192e8bfbf6fe17e4c56ff02524ede95ea21e3408a9804917300adf5e98fb82a3e2e6a9cbf124ed42c6047adb6ee2132746e8e5256e648c539eeec62,0xcdfc3c56b98ab1f6476832fbd3f22bb006f39ec4fe70b31a82fae8a33a480701,ok
0xd4e92051013e53f8f38074d715c5a186d23c3608,9,0x0292cf464ae5d8b18519923f5179698ae061b2ac9cbd2053ef7a8b937c448c0ae6,0x0492cf464ae5d8b18519923f5179698ae061b2ac9cbd2053ef7a8b937c448c0ae611e2584e7873a37f5adef7a8355423c1cba1778d43d2e3256197145461d59efa,0xa7cfa739ff6e5241924a669622b6892b17021408ff48707dc95ae68561ecd739,ok
0x489391b519f05c5b22f417b054202ec6fefbf7dc,9,0x023352384956279b234e145e0398f08311f0bfb3585280dc580e4760c24dd73d1b,0x043352384956279b234e145e0398f08311f0bfb3585280dc580e4760c24dd73d1bf3efe1f5d12acce808d00ea8f27faf62cd8dd24ca567ca336129cd7c4b75be66,0x597d217ff1d0f2e69b9c9a5b4822b9e329451f9bcbe14ccacc8f78be88e5327e,ok
0x93f55c0edee527941e1d2cfe364710bc6589ec6d,8,,,,contract
0xda60f6f99cea7fb4acfb3dfcb817691eaa41ba4e,8,0x02f9d50de597be8326f7332d5c6368a370d5b265d306a6bdc8269d6c26c3bbb7eb,0x04f9d50de597be8326f7332d5c6368a370d5b265d306a6bdc8269d6c26c3bbb7eb29c9903cfff1c71b4e853002b14372d9fb8a20e094cf0397c05d0d5eae917736,0x231be08a6d3cd67dc44714e88183e16710a2795d00de274066094d2d4c06ae4f,ok
0xcc9f836c2f5e3ce79b7d4c8ee0c200f9375f50cb,8,0x02e8d40c132713b699cb41856154b4260d061a248d10e3910f9f6dd596c508e83b,0x04e8d40c132713b699cb41856154b4260d061a248d10e3910f9f6dd596c508e83b88ecc2790a4430558f30a71ba9f1055da4873d4b963e4efa02d7f13bc4da7f76,0xd0d814139f407a7696e2d296aee310699e8102574b9a9b90d4d65387114c855c,ok
0x16763494c398e72a58b9802b8204e07a62c1c7de,8,0x0223e3933c500275bbc694b6076407a41aafde6ba9e798e309909a1766f3e79768,0x0423e3933c500275bbc694b6076407a41aafde6ba9e798e309909a1766f3e79768008666786d7dfa3f748c6791500ce40644d80b62ad8cc405c66c7f57cc322994,0x5507e8ddfed2e65674c8cae8d7719c05e45549fb704708231b735f697f7626da,ok
0xfb53cc84f5187c2f386e9895476b3decf33d4982,8,0x03e2785285adbe2f879089b39b731c375978f787529d7a9773e9b6e7a29d4ea3f0,0x04e2785285adbe2f879089b39b731c375978f787529d7a9773e9b6e7a29d4ea3f0a3c5c97d928e23fa8caa8908a441b8937abebd07232941e3a99fe4f67b6d0221,0xcb8e3ea0520161c0a7ffe259887abedd782940168a842a42db9679b53a42f681,ok
0xc12ba826da2b67e31122489833462bb65bc86611,8,0x02151a9e2b414f51ddec14397eb79abfcb0af8cc5e8a22c53cef42cfdfab745aaa,0x04151a9e2b414f51ddec14397eb79abfcb0af8cc5e8a22c53cef42cfdfab745aaac232fcd2f8369a7ae218deef9f2872bd32f7f5dbbf08b880c2f41710a8d82d7a,0x49030ea5df1d6e39c8dd61e8439df149bb07576b02674e64308e672676cdcbab,ok
0x7633f5313b0d203079e27af61f45f8184a60dc55,8,0x0331222f842da73faeaa01b4c52eba1b79ecdd4c6e0863736624fd2998ce00455e,0x0431222f842da73faeaa01b4c52eba1b79ecdd4c6e0863736624fd2998ce00455e9813eefebd5ef20ee4a7df706553159b19c02c883305639e914491fec56b2e35,0xdb8d78322bda12cd016a33053d41592de450d1c5e7fea52a35478a8a7512fe8c,ok
0xe76d6f8747a0e41c92567fa634335f97eb1597f4,8,0x029da5bb154cd20cdbffe04919bf04791e3bd9ee560ff9a39dc0c63109d2b2b684,0x049da5bb154cd20cdbffe04919bf04791e3bd9ee560ff9a39dc0c63109d2b2b684f9f38fb8057879e5f8dddb3687fdd853285d89e542fe15b4caaafc193199c6dc,0xe3594d6259d398a27314440ba26f1d7cab2f7af47d48b3d42c13aaa871cfbe73,ok
0xedbd4d006212c748ea5288fe15ee6e00dbbe15f9,8,0x03ee37756875e1eb0360dbf4a3fa67b37662462333ab06e8a5e118916ebd9870a5,0x04ee37756875e1eb0360dbf4a3fa67b37662462333ab06e8a5e118916ebd9870a5d7a55f3ac4f2d11ece4ecf533a998408d0fd3b0dd5582195ad482692374580f7,0x626cced6d28191c4f5eae5f113ab708a56dd9ee595f77fb9403a00c468171e12,ok
0xaf7014d0058efc570fa0cdb786b344876b3439d9,8,0x0296d304b4cfcf564c1b48c63f30bc0c132c0cb70f42f67f4c6d656093fd099c94,0x0496d304b4cfcf564c1b48c63f30bc0c132c0cb70f42f67f4c6d656093fd099c94ecf79086cb694b33e0bd5380d43490a9f609a609ef3dd82a891c8cb4309b5006,0x307bf2a28d3cbec561ca1159eff730e4ba53d1aad34b264006c5a706070e4ae7,ok
0xec479d1ff3f5e116bd69ac4ff4e6fa1e26c5e3a0,8,0x02d825e5b875165b36d07099a7f3b727ca167726906e61eecc645f9bb4cfd99af5,0x04d825e5b875165b36d07099a7f3b727ca167726906e61eecc645f9bb4cfd99af56b860237171cacf6b20510215cf5e8781c4ee2d213920e0b8e4bbbf7e036f9a2,0xf6275b23d5b097676eaa3fc22b07bb7104f0119e5b1e0c0d3d7a940bc954288c,ok
0x78b9ff33cfbe1b6b6914e38ada0593cc04d0fe39,8,0x03f4314a6e266e4c342eff2bd5047a4beab24b3929f2605d05c656182a62d6bdb8,0x04f4314a6e266e4c342eff2bd5047a4beab24b3929f2605d05c656182a62d6bdb85bcb8c5f93c95f3c1520c306d156b717dfd90fb44e89ca1061cd4e68a873b133,0x2da046426e85c031d670b49548f889ce7a689264716c0bda312cefe14f8fb947,ok
0xd022cced04455cf29e28cb50612cc2faa4616d4d,8,0x02a2c01a826491da132856a12a3fc0a058dfdaf5a46ecce25b4822bb6f5a14b8ae,0x04a2c01a826491da132856a12a3fc0a058dfdaf5a46ecce25b4822bb6f5a14b8ae8b029b4a64e4e4d9e75502689ccbda2a7f8552f9a674064270fb270dc9aa9ffc,0xa57c25a3a033e9f7552a4a4c5bf79968a7855a5fcca93000ec078015701721c8,ok
0x6eae7a092c7a03781ca2d8b8a81db00ee5979b80,8,0x02e623c177f1495f18ba3ec55628dd9fdc951a906e6390700d67b4e7b8c7017e07,0x04e623c177f1495f18ba3ec55628dd9fdc951a906e6390700d67b4e7b8c7017e07056d406dc77789378663f04e61b0c4277dd08268f3801814779ce4f32a545d4a,0x79abd1958c4f3f2c450ef2009f22da1ecd5d2be616700c2b4355def92d8f7683,ok
0xa1f95adc8c2ba8fe3be526a49e47c5f0430b17ef,8,0x03d76dda01f4ef5b132b94bdfb59bbdf1e4a4bf1974c20e54b9606359bb36223cc,0x04d76dda01f4ef5b132b94bdfb59bbdf1e4a4bf1974c20e54b9606359bb36223cc5d4e4bba043dca9b1df5c89c2615d7490061a9fa2db5903d123c77ad32ba4f81,0x8368faae413087ec3d047bbb9eb776831e06455efebff7397a13c4ca5a1ba97d,ok
0x43ec3e80b4d5a95e9921372d04a5188f0dd43cca,8,0x027c617fa816a0be3d6dc38ce4ff435516ab1cb1ef8966857229d477814d51ccaa,0x047c617fa816a0be3d6dc38ce4ff435516ab1cb1ef8966857229d477814d51ccaa6f766d744a45a8d9080b7a4d7077c4ea8db4babc0a28256c2b814deaa7faaaaa,0xe6480e5c3e19570c021a70a5724496002fc16aa83d0084697311fb3a64f42d26,ok
0xc1f3afe53101aafca1468395cb754ea9de09539d,8,0x02de376d5ee7f2859d137e4c7c959f32ca757934729ca99e23e487b120c14a28f5,0x04de376d5ee7f2859d137e4c7c959f32ca757934729ca99e23e487b120c14a28f5c758cb0ee807b1d6d5d141238427794cd4f8f7c93bfb85e308a8657aa116171e,0x2ac51d1b0dee26dc9d97a97f634486be2d571190088827970ee09c92b63a8e7a,ok
0xe5c618d20d24346002c1b0d65f4f0150d5056935,8,0x0297fa3c124c8a08f290169e4f528020c78c6bb7a46738adf9b7bba6710807d96e,0x0497fa3c124c8a08f290169e4f528020c78c6bb7a46738adf9b7bba6710807d96e910e4e6aa6fc6f3b761c4d53066a43cdbcc98cb43190fb13ab025f42e5a052ba,0x343caa58abf62034e9fc2f1a7733bc059ad826aaf38812724ddab5207e9578ea,ok
0x47e9bbd4cf344ce067d38afdb648ae46ecac5275,8,0x03ab45f499039173e9e2843334fe1ccdf7edcf11f4523449eefcc65580bd7d3eb0,0x04ab45f499039173e9e2843334fe1ccdf7edcf11f4523449eefcc65580bd7d3eb013eb9579651b1acf0f008e11b70491238bd6e4eb98a666081380b282ce706473,0xfff2c407ecabc850c46056b0cf844de6593d8259c417b230a0be68edbe00a851,ok
0xe257f02c4d2ad6d8cd6fa9eecbd4b417b9f00927,8,0x02767330f26f0cee9944288885e1e29aa336d9e9669e6c0879935a00880bccf724,0x04767330f26f0cee9944288885e1e29aa336d9e9669e6c0879935a00880bccf724df686c87b7c5d498cb0f13dfe3ad4dce8378dce327a347c761a23650b24ff2da,0xd873876175f3a7cd2a078b1b7120a71bf98bb1a4e8712668c09fa0d5f2eed94c,ok
0x237ac9a2a3e9b1344015b3b695657d62669ee582,8,0x02ad0fbaa5e1c8f56133ed0892722cf07b0d7d381ca1c34added1187d714f8f035,0x04ad0fbaa5e1c8f56133ed0892722cf07b0d7d381ca1c34added1187d714f8f03514322be4dc4c913c5f6a2bbe8f8e50e01f6961f51194101ee958e262f4f73bf6,0x8e0bdd1b699e71672934b88c3cccb01384aa0aafae552a46a0084f90e0ecd978,ok
0x4b53204a42f82b097956197f940844635d61505f,8,0x036d74c7d138e22c9e40292ff3dd4f56c86675945e2fb14b8cfe2dbff1953ddc82,0x046d74c7d138e22c9e40292ff3dd4f56c86675945e2fb14b8cfe2dbff1953ddc82484aa4cc1899882dfed886c79d42579de46e3cf09a611c87185534c649ba4b2b,0x1f672b26b6c9ef2200fa2bec63b7e0e295c3f188448c26c1fb0adef59619e98c,ok
0x791d26304b0119092de7a53231e22f42d01245c3,8,0x025648ce980658922f6e135e8344a3c9438a58ae8a4b4899aad75d698dc91ff356,0x045648ce980658922f6e135e8344a3c9438a58ae8a4b4899aad75d698dc91ff3560f98246bf096aea8ea1ef1fa27ec2d2fb18883753911dcff6f155fa00585f400,0x6b6e30f4a61a1bbb7c834f5cb38c579b2b1dc8d5495f2bd1dcdbc8f6285974a1,ok
0x9277fffdb20813aab1d240bdab186e3efddf3884,8,0x03da40028422b37b751e8795dd8bfc1a1d77ca7ec99c1dc594a5bbd4754d3c1e16,0x04da40028422b37b751e8795dd8bfc1a1d77ca7ec99c1dc594a5bbd4754d3c1e16e672b5e7f72c6e10f28d18cdbc4f7a69797fa7f5faae4680658de9cfc0bf7c3f,0xd042968b3d19a4e5024229f4a3ff0d79dad15519d68fe7f574d841992a350239,ok
0x896fed8b86eccf6e8fd9a98e325325716ea76e71,8,0x027a875cf14132bd477f027554b05b1ddc22a100e2d9c8c236ac2d8eb10b49401d,0x047a875cf14132bd477f027554b05b1ddc22a100e2d9c8c236ac2d8eb10b49401dc5a230ed80f4a2fc1d5a23457cdaa8109f1a89d7563248443d6b6e0ba2876a72,0x77df27d23385c6323af84201ca93a0bba74a0fabde31b9eb66d1ba3a80d772a0,ok
0x9856b227b644718bd4a9f51522120fde65204991,7,,,,contract
0xbd99d41de4b74fd545ae2539c78d49b401045b2a,7,0x02f995e5660d6e6f05c43f3a1a55a2629e9e10c82ac8bbc23c09550b81ffe62a6f,0x04f995e5660d6e6f05c43f3a1a55a2629e9e10c82ac8bbc23c09550b81ffe62a6f856cbc05fd7b59ba949c4538965b3b8a772272163fdca8b8be7e344348485992,0xd9c3e35850f227682447d37d21438c5414f60d8047047751a055c68391c0cf9d,ok
0x83d40bb00b76cbcac2e22148edac7ae9b7f83df2,7,0x03d49189d2dd684c2344e0d07bd121a9addaf549d2755eae115e349686011055b8,0x04d49189d2dd684c2344e0d07bd121a9addaf549d2755eae115e349686011055b86f6c80c4809dd74b7b19f58bbe9ed5a4b87e5f0a4c0155fa2538de1b69d11835,0xbe1924e896350b75ca57718fc03dab4e902e9ee0ea1a7c6e9b15f09863541107,ok
0x0433aff1d789b2c7f97ce789e4d4cfc0c0a56575,7,0x026689ded50e4b0e8931dc51d92c41f437eec95ce1e884dbb576e95c589dff1f48,0x046689ded50e4b0e8931dc51d92c41f437eec95ce1e884dbb576e95c589dff1f48337a43c306126930e03a76da90920a927067cd20708c07f39243bda63705666a,0x68d4f74f0d55a4bda66eab79ebcaf73d1540426212b700eb16afe801ff1c411d,ok
0x1e4765464fda40b58c6653ccf2b588638dec7c27,7,0x02839a6f8b96678902932954bc06a4b8015d3c9b8f18b89cc725e8819b01814d04,0x04839a6f8b96678902932954bc06a4b8015d3c9b8f18b89cc725e8819b01814d044c756bdbe31bc5a44cbfdf5624dbe40cb7398bfa124a102c279ce94f69a06b86,0x2b8b570cb35af9a0544a9fae86de53180f550ba35b561624dddebd76b5392b26,ok
0xc08a111f737c5ffc07a2558c554dfc4de5694ec0,7,,,,contract
0x9af77a9a0a5fa21fec567befa6765187f1a3d762,7,0x0380ffec15ac10f7fa853e3023f727a1bc7e61f2e9250981828ebf4b897bc477d0,0x0480ffec15ac10f7fa853e3023f727a1bc7e61f2e9250981828ebf4b897bc477d0c4c5c06606fd8029659e3e0ebb692d29a778ea1f0fcf8a9194435b741c130761,0x046af9900e906a42cd815403570896b87349b6979d4418543b4b9a145e429373,ok
0xd900b8f22710f7651f913af4c78fa7b6f42b9d15,7,0x03d90f488b56bf925b4ed5f0576a07bdb9f6aad82bf6d39d2b929cbe275787321f,0x04d90f488b56bf925b4ed5f0576a07bdb9f6aad82bf6d39d2b929cbe275787321fc4e1868bd0ae7070f81a3133bf8f12d6b138d8a32c64f59dbd03656a15970507,0xe54ba9b87de98628107f122e2ecb59d82b788eddcff58d7727c0271d19b792b9,ok
0xf64e440e095afffa8ca671b114bc26157e648d1f,7,0x038b02b221f98e237ceea7475f9e9adae12989a6807843e232c426984145480608,0x048b02b221f98e237ceea7475f9e9adae12989a6807843e232c42698414548060849241c5e8e732c60e96d978b8b049ad27820846db2bfdb7afbd0d09c9446afa3,0x2cddd63216efc810e0854a83d9cd5aac77a7d17ad0ffba0b3cdd73520ffb5fe4,ok
0x51413166eed989c66af61aa480df6ee7fd4501cb,7,0x020e8753dae580e812297e120e1e69736d2d2ff3b6c4675435476bc9cbebab1044,0x040e8753dae580e812297e120e1e69736d2d2ff3b6c4675435476bc9cbebab1044ed45e4c94e64e8571bbb9e4ff5ae41f5b62e457ebd7ba9e3e68689765231e67c,0xda0ea9d0b4b6f4c7b79d180ed3dcc71bd782c872f428ab75cd561d11519c4642,ok
0xd1e413454f1dc98e08c25f722fc4b3dd2937be11,7,0x023ae038eede86efb8e9a0b2158b29ae69dd5436d0e6bcfa18ddb57fc1d20cdc52,0x043ae038eede86efb8e9a0b2158b29ae69dd5436d0e6bcfa18ddb57fc1d20cdc526633269e5dc2f2e9ce7d12c7bb142a72e42843f97d4f5754829e93bf2568e8f2,0x3eb3ec521189f068246f6e716c5684eb18a02ff745a334b7d4a293527467686d,ok
0xa0f6f7392283163e133bdafe35f8cd7d52520ed1,7,0x0267647e2a4ba457df748451f39954977679abf6bc7df8602588d76f655ac51a67,0x0467647e2a4ba457df748451f39954977679abf6bc7df8602588d76f655ac51a6746f8f5e3d177a0da7365155f7a0d7cee7e65f9f91107eb44f4c526a3731fa852,0x06895b7d7f0f15de6712f5074e1f0fa9ac621b11749eabc6dab7518eed14c646,ok
0xb64f73345d546fee530366c5d3d621c31426e0ed,7,0x03897fb5ecbc9810af1ebe9a8d767cda22010f5ab3a1e2090c6cff31ef8b08166c,0x04897fb5ecbc9810af1ebe9a8d767cda22010f5ab3a1e2090c6cff31ef8b08166c53fc7c845c4bfb9ffee4a9a4d0e695ce8f038e9fbac3d7ec6f8e6e85003e890b,0x4754129306ffef47299efda261fc228924a28b0207748d10e5327b03d0a979ae,ok
0x28d97add070d26e55c5e4a5f863f1f5fee7621df,7,0x0352c7ef67c6a190df80319f1e64b13daabf601fa12154d852a262f9e8623594fe,0x0452c7ef67c6a190df80319f1e64b13daabf601fa12154d852a262f9e8623594fe4ee08d2c32844c2afaa2d7b29cd035302f65c3d9efb3d959366c9d1bfd5a54cf,0x2af3ad12bd3dc4d31fa9f75f985add1dc4f96cbbc5d0ad4d0542975c3d52b7ea,ok
0x728537c54b19f1437ee4162d1578b7eb52665918,7,0x03f1041dc18e0a72c187ab0faca1084cce5f3a4991154b7c03986baa573a0951b1,0x04f1041dc18e0a72c187ab0faca1084cce5f3a4991154b7c03986baa573a0951b10a0c9cdd0d5bc7e3fff70837abd17bddb6a4214bcd4543c167fa7385ca12b4e7,0xf1498d3d12f0e89ffa74cbda48c97e7d8f42bad7020dfcb878e68dd6a87e8015,ok
0x4c9e53bc2551b8a3d785e0b59dfeec02c9ff9708,7,0x03380a73091e855318f71632dff5733bfb70d439e7586ad3e5ce5b7d3453dd8b21,0x04380a73091e855318f71632dff5733bfb70d439e7586ad3e5ce5b7d3453dd8b21e94a71c959d83d954b45582e05d8f7631665b610397b2e4aa05641a249b319cb,0xab2d16ec8e28e478ce49aaa8bc228eb360a3dcfd665901e7c5fa1eaa147e60f8,ok
0x784c3ab9202a0905781c1312a98859f906ed50ae,7,0x0354e6a8279dd6b8ce85747b782c2520dce37541ac001b41a885d3e1167117f603,0x0454e6a8279dd6b8ce85747b782c2520dce37541ac001b41a885d3e1167117f60389252f96ba5467bb10215a022a81f6678e562188344207fb269772ce67682267,0x48d259649f229046493132bfea01dba1e0a29be5c64bb0b6250ae99bce8e410d,ok
0xc66b8abbb118d9be21684aec033ea0a59df754a3,7,0x0345b64fc340fbbca084de4e0fbaf9bdd426728058cd536f88aa1fdbce15ec4119,0x0445b64fc340fbbca084de4e0fbaf9bdd426728058cd536f88aa1fdbce15ec41198a0e7e878620abab4359bc6271f00a5287add47c4fb05284defffbb065875525,0x4b66e76dec59cd1005dedf71daddf7bbf1d4b161392063b4cbb0e1bc59ebccf2,ok
0x227e10d298c38a1a828962ecd96495b47bba4481,7,0x03a59f195be96c36022d0901e8f156f961d6008126a5ad2d1d54337cf7d6f8fce8,0x04a59f195be96c36022d0901e8f156f961d6008126a5ad2d1d54337cf7d6f8fce840f97e4fed202c9d2c50ae52a6b809928bc760f63cb2e5eab254edf1b4c3fd5f,0x2eefb1068144a3ec3043a20954d2007e75125699f69204bd6a6ac51e509f085d,ok
0x548182cf5016311721e6dc19da7b56109e6cf055,7,0x03c5ffd2379169fc1455b1b128c06622528767c95677fe9315212488d32c84d78c,0x04c5ffd2379169fc1455b1b128c06622528767c95677fe9315212488d32c84d78cedd8c680ca0cd4c2749e10ac65fa730d098985bb7ce431c5aaa06a4f796a8fb3,0x240587f2356fd6f8ca4e6d357ff86ea67ced447c726dfed91ca54c8fd97de436,ok
0xa863eb34ec473cae2ab017c804e03318a2a82e9b,6,0x0359ad4f9b7f8716b6021bf0d1a4f1d14d3f8baed046212df9e9da3221d0aa7411,0x0459ad4f9b7f8716b6021bf0d1a4f1d14d3f8baed046212df9e9da3221d0aa74118e448422a250580d90fe7217e90c815629354fad055eff2435f4f743f654506d,0x1e542e7139586b5c4fd198dd80cb3830cc975bc16e0199c585a873297ed14fce,ok
0x612a4ac9e66353a3b371d9917f88124713c6d054,6,0x03503f0575eca9a66dac6cd727f550a0a69ebf715d4c9496a6d2f92323897df82a,0x04503f0575eca9a66dac6cd727f550a0a69ebf715d4c9496a6d2f92323897df82a5629fa74a30d0bb701250ffca5e970eb1fd4ae33ea3d8629f5e89c7379fe067b,0xfe11c5ef89ba4a1a52676f445bfc30a7e1046ecb9dc26abeec92eb4fa9f18169,ok
0xf3d0cb1b3db63a5f98a0ecb05d0d9f263058b7cb,6,,,,contract
0x9a3538d3636d6df2e258f4db29ed01fbfaee7a94,6,0x034bf33d6d2cc4e102df0f4e9ef71f2eee77563e21214053b256ec1c197a823dac,0x044bf33d6d2cc4e102df0f4e9ef71f2eee77563e21214053b256ec1c197a823daca4609cceaa4bf55c91b6285f159dee32e4535e4db88067e14c2e4ec46e5d2ad5,0x8796d3f112aaacf8c5bf0ac2bfddb375e583e2ab8acaba0a354a01f1c1e04893,ok
0x3af79e99b52f00fcb2d17048d87f98809dc9e9e7,6,0x034984d52f088fc4bf12918dbd6f41c702a319d7a0f58b2df0d7976b069f8fbc7b,0x044984d52f088fc4bf12918dbd6f41c702a319d7a0f58b2df0d7976b069f8fbc7b42c1b7400e3794c18d21a03f38e20e3a85a6ebc25a489a333396f6d85e09c02f,0x0bd4b26905e500e49347f70ec03197c47aa68a2eb0998c4e7d4a7097b8b17904,ok
0x9af79773f619f6d68e35ec8fe62660649b011a90,6,0x0309f1bb486002b7c9d1398581c97f3c75ca0e34c78f62b4f39517a7b4bb886083,0x0409f1bb486002b7c9d1398581c97f3c75ca0e34c78f62b4f39517a7b4bb886083b81720540e9f8568fa5a6ef378ad057d5482254c77d9d613d1ad5c4579e3c3b7,0x8d169f8e3c9ea3e2ea7ed6734ef082f0cd160dfdf69a17590582a03ed8271898,ok
0xf36c9909cbf4d0c6073cbe9e82e3d5373d80215e,6,0x02a1fbb649b06afa0cdea7eef8003027eea5b00ce0e1ec3b368c9f948dd4cb55b6,0x04a1fbb649b06afa0cdea7eef8003027eea5b00ce0e1ec3b368c9f948dd4cb55b68771575789d3ae4e1d093c991d3999131fa856f5b0745270b7d0666de0ee9acc,0x2f3a52b9fe00ae2a5dcb50174a7386e42dc16400462900f02436137dfa26e2a5,ok
0x776da8e3c7f6b5bb8e3d8db52d282274feaf737b,6,0x0203aac609d3bf34b020219ac1b07364fd9762f0e2c8216f5f4531fdc184512ec5,0x0403aac609d3bf34b020219ac1b07364fd9762f0e2c8216f5f4531fdc184512ec55d760d56801bb1f7c2d0992329df836c08a03985e2172ca09ae0c01e7a547fac,0xa231cf21e953b2847d7c57241e52117cb5a6fe73da47cc515a32d387699c6335,ok
0xb348e87548e4d5bdf86c8d8724a123f1a607ec5f,6,,,,contract
0x24298ff17f46df37cf4036393e37418c21648552,6,0x039a16eee743749964ab76d82b4743a73be14a1fb4ae3549ab91e95523f4dea638,0x049a16eee743749964ab76d82b4743a73be14a1fb4ae3549ab91e95523f4dea63858f2ad3fc001aeaa146bd9b4d5346b340da79e9f0020bef1990e428451df8aab,0x92d2b2e1e5013ada2daf85fe7470b0947d75f1f7f2d51aa93fd607576ed26a8b,ok
0x3017b1cb21b9b97bd8868f170ce370ecce26631c,6,0x03e6b5a54e5120c1aeacf6863fddac0d291c8fe3dba8780999955318428651a1dd,0x04e6b5a54e5120c1aeacf6863fddac0d291c8fe3dba8780999955318428651a1dd71fe27aa2932f20b3c6b109de2777b9997b14192cc443920a7ef2fa22ac5cb87,0xdef9491dec91faed39f655f595a432771d160efd1bd5d9d869a13372bef922b5,ok
0x4b8ee1eef0bd930c2277a60c839834b142b373d2,6,0x027fc2b559767ec74610e52aee96f7c757cbe528d567faf0e3c15f82102d4dad14,0x047fc2b559767ec74610e52aee96f7c757cbe528d567faf0e3c15f82102d4dad148516059c9726732555b41d95558579321e918b774a6eed49373fda2f2a7fe72a,0x88c8ab5c8d69edb51e368d817bafa113cbc0f5039e54881b342c5e732122e374,ok
0xd2f1a44af45188cb9be23648d42b98992cc4defd,6,0x0248edb26d2c45fcb4c6234b092dd36463f93dfb2e4ad15035d372f4ea8bfc0b25,0x0448edb26d2c45fcb4c6234b092dd36463f93dfb2e4ad15035d372f4ea8bfc0b250608cc2c30f9cc6897f943f01aaef759dd12ecc6eb86f8dfaa9d2b8d69ca7c8c,0xe06dc2a6e873d9889c793fc41ac888334386a950ec94612ab61df08903c55df0,ok
0xa47b63946851ad5083dcc61435eaca0fca87049c,6,0x032cf7174e05a0581ec6c5d79358aa9dd73e42775c676b016eb64fb13a8138290b,0x042cf7174e05a0581ec6c5d79358aa9dd73e42775c676b016eb64fb13a8138290b0df432c1b46dcaa90648bc6a2afb6542af71f1ff397c7df4db9027172072afeb,0xdec0b9728c432c75ef58001264b2447fa299537033450f5847b2c5ec7eda59be,ok
0x12bae99ae3d7d52fe84c4b61ec8bcd40cc7cadac,6,,,,contract
0xe8f4c1c6d29ad2d1ee7a3142b672b27df2ad9fca,6,0x03b2c8427869a1b347bae673668f36611c508d5d956ad291b7c2d496936aea970a,0x04b2c8427869a1b347bae673668f36611c508d5d956ad291b7c2d496936aea970a6ef8541fd2c360f07c176b57968058950fc7d1d1024da212534a20d1a1bc86ab,0xfb1e11d54c7464be31b664d0f3f185645bcd5f527cd9fbe33e44b8fc8ff78c19,ok
0xd1975b2eccadfc841672103c4f78e4c034e67c52,6,0x02f2b1a203c5fcd16ff354970d41a444cd41e810c8bdae8e9afb72034ce3137ac4,0x04f2b1a203c5fcd16ff354970d41a444cd41e810c8bdae8e9afb72034ce3137ac4fd3e07b7f207ab70aad3cd19e7fec2cc3e4a659c7203cf769d6a946892394600,0xae6c71bf99d5e3ee6b9f8dff816e5d3ac28a2d3af43ffbe726e00bf1eecfb5e4,ok
0xe8ee01e7e2d7a6b69987734d47dff6253eb5b52a,6,0x028f09d82680fb1a14e6378fb3e1102e22a1cae81cd0ce56928b38d83aa3627b6c,0x048f09d82680fb1a14e6378fb3e1102e22a1cae81cd0ce56928b38d83aa3627b6cfe507386524e6278618c68fcb7a67fe0a1a72cec37f6c25096f3c5983c617cb6,0x13124763da477c97a8cfe8277d3d14233e9c8845ce7b8d9600c4df94a9d4248f,ok
0x772dfa7475004689192b6694f17a18cebd564ba8,6,0x034b778761a9541368a70e26dd93adb77d230b77452b39e9f1ada54132c4955cd0,0x044b778761a9541368a70e26dd93adb77d230b77452b39e9f1ada54132c4955cd08b77f7fbcaa9ab4460d58e052cfb9948fb85e9c91aca8b0a37761afdb7e1dc81,0xd5b8457ff59e020e22f6ca2f1e9a4dee6bccab2f61e0813a5cbfbe4edbaf9016,ok
0x6fde6adc8cf245ac0be1930fcb6d90f12038ce23,6,0x03b33366017b0ee3559ac5dd9bcaf245b55a107c84808305ba9e0ab27077fb4d13,0x04b33366017b0ee3559ac5dd9bcaf245b55a107c84808305ba9e0ab27077fb4d13829159df54e38aafa61fa9e660255bbde0788425b8edf284cf2b5f6266a6ba81,0x7e3b54b0523266af68efdae3287355f606ba3d91045f7e87b090d2975d8518f1,ok
0x065c84641ee62d032ea5f20c49d59817c87a2747,6,0x031fcbdb74f50bb29fc6d95fccec94d300bbda7aff7770cc2c7adbac2708c48d3a,0x041fcbdb74f50bb29fc6d95fccec94d300bbda7aff7770cc2c7adbac2708c48d3a051451095c96ca38479da5133537438de25e4f99fb409ac7ca758bf279a0c023,0x062685e2ede82acfd8bea65dd992a777ff26b633688ed2d64a4b90b6fce61d98,ok
0x7e17369c16cc0b5fd06ebc5e39119c9a6f66fcb9,6,0x03930c7037babaff1f14285effd4e2da53a220e7bd793054d58d2da90382e86817,0x04930c7037babaff1f14285effd4e2da53a220e7bd793054d58d2da90382e86817bb6403fd60efb89f391ddba70185ea9fa00eb85544d9ccdadf0d98d4a6e7b37b,0xc58bf2d16414ae24ac020b97545234eba4c520123d4a67bb729331ea12534158,ok
0x00c5caf196178a068f089fa7c827d7fa5657cbf4,6,0x028f2e3718035ade3364ab3298635b6092478627fc7c0748a2d103f95d2f2370e8,0x048f2e3718035ade3364ab3298635b6092478627fc7c0748a2d103f95d2f2370e817e9589669d9a2731a856981dfe9a0acb67e9bbe5975ad83d844dc36370b20b2,0xcf8327a4ff8c72de5b9e2dae5a733aa59c7b7b01ad8e3ead380179b53b16ee9e,ok
0x434f1c02a7d2023feaadeaa66deb12e8f1a8d136,6,0x02bcfece4191cd4c0e758b2e51bfbea4e1747fbc08e140605a744cfb5467a93fa5,0x04bcfece4191cd4c0e758b2e51bfbea4e1747fbc08e140605a744cfb5467a93fa5363bc897423a4cadff0dc74f03e8af5a68719b4d72c8c1a63f7bc053db1733e2,0x1f4bb132bfcf40cc9ef4f6da6955553949ef459ce1c401ec54026cb359b317fb,ok
0x7281387088e5260328972628c4f50d359fecc983,6,,,,contract
0xe635f037e3c027471e139dcdcf0c7be8ea610ade,6,0x0389d8c0901d37f92976a29bcd4225b5e33fb19b83554283aa50636eb27cf548f7,0x0489d8c0901d37f92976a29bcd4225b5e33fb19b83554283aa50636eb27cf548f7eab5c1e0cf6c7d45bdc8d57c09b35bb3f76b17da6ee57336b6a040ea7ff52541,0x7a5601049794b1fe36eec48be50476ce19c88a0dc531aa6c013588ecd225c841,ok
0x6d1de1cfcf24c6742ac037e041cb8799b09b0e99,6,0x0287b5049e4c03fedf4c8d42129fa23a5d14e592601bd5008f763837119c8080f5,0x0487b5049e4c03fedf4c8d42129fa23a5d14e592601bd5008f763837119c8080f5c29d7015ea5b5070fd948df24480c4e04226cad1cc3fc0eee591be3be7141b0a,0xf1b037fbf045e3451dde4b26e5ab7a3ff589de82cce19ea1b78ba52580cf32aa,ok
0xc04d56265557a9a0eeae23377d9b2fea70a13fdd,6,0x02faabea70a47e99533726fbd58f361b88389b6a8d0f872e507011bcbba361adcc,0x04faabea70a47e99533726fbd58f361b88389b6a8d0f872e507011bcbba361adcc918bc42ee46e3c6223cfc2f0c521adc78f7aef605c6714f774cc1716c2ba9774,0x8939c60e955115bc4f26af7f37cb258298380c7e4e0ae0d9f7cd3bdc31176e2b,ok
0xebbad2fb1bafbe75491a97cd33fec2a453d35f0f,6,0x02aa4d18bb6c1ec6063ac7f6449bf662cca540d518f6f959f131c76ea61abed9c8,0x04aa4d18bb6c1ec6063ac7f6449bf662cca540d518f6f959f131c76ea61abed9c8d3c9addf3da8bb33ec110cea9861aa250854d7d5081a4b7ef417d0cb485ab9a2,0x24bb87ef79cfbf30203a95a5939ba70d5576b46358be7062eab3006800a67fda,ok
0x7f72608a58117769a0e1902e59c9bb7ae484f876,6,0x03bc77d8282d3fe6f5b32000d146064b3d94dfeaf5379f2d13dc6e02acb71c0403,0x04bc77d8282d3fe6f5b32000d146064b3d94dfeaf5379f2d13dc6e02acb71c040382b489060931e520b4e96f4f03958adc8c36973fe71c977acbd24590c3a16b7f,0xa8420cdc3edb6043d8d4786c66d555830db7814e7dd1a52fb5c5f6b4f0fbdba3,ok
0x108d812534c5f4c01fd87f36ddf40068e6ecf9f7,6,0x03d3b33753da12ebd6d357bd2db82e41d13e353c97257c7a8e8df8b62b4bc6dec2,0x04d3b33753da12ebd6d357bd2db82e41d13e353c97257c7a8e8df8b62b4bc6dec2ae4c25dc15d077ff273cde5f68ee1a05cfd84f5440a523f8521414589c361fad,0x705bd6b79fa328c5b24a8d7018ae5889400da068add904a9fc29babd0cbab870,ok
0x052463c5b558f273b69f5d831603a815ae4eea41,6,0x03427e6db129be66672147ed10f669bfe836f49549eab44aad19f4dd919444b3ef,0x04427e6db129be66672147ed10f669bfe836f49549eab44aad19f4dd919444b3efdaa773fd73ac8a31cb790632832cb641df4d6bf19581652e757d03f62a11cf11,0x8479c76e629eea9aeccac474c354ee21dec365447ede00551725d32c27953b66,ok
0xae7cd197f941fd1bd39131152ef597ad49b43f2c,6,0x03cbb55db8b9cadb29a8e826c6753282c5e4842e575d56db79fdc6162a178a986b,0x04cbb55db8b9cadb29a8e826c6753282c5e4842e575d56db79fdc6162a178a986bdf5da78de55b0da6fee21eaa45c8dd0000e63683c9c68cbf6fddbf9245830d59,0x3f22fbb273b7d15ec35f6f2ba0e1aa45e85583e5313845c552be685f11cda2b2,ok
0xa02927b957b401b09656ee375db3f2960936d944,6,0x03662a2a00447623a55bf00a3b07c77b7d3efb953b5e2edf211efb778e429b8f9f,0x04662a2a00447623a55bf00a3b07c77b7d3efb953b5e2edf211efb778e429b8f9f3b274a7edd650c9c92fe77409319463ef7b5d7200986142204f5b479a540c1ad,0x8043c7a31da8e121894e58b8b31e474427636cf971805885f4c7b094502782c1,ok
0x5ff2b806b374d06e8f4a870ccc9fbf42354d0ba5,6,0x02b9b46955e42d61f4d127891433f9090a3c7d43a38ac1b975b1f7525bcc645d69,0x04b9b46955e42d61f4d127891433f9090a3c7d43a38ac1b975b1f7525bcc645d69c9d735454bdb5f7adfcf5adf547421ef23f93c56cda3318de793317006034788,0xb8fdd25c0f7f2c28c93da559bc621e8159d47886531805bf97bf85bed9fdfe07,ok
0xb5a8d36d15732fc6e6b5e33471ac3d09cbaa84e1,6,0x0335878100be0058d75e2836863e52e99bf424345d0d8c233d8c1faed06c586518,0x0435878100be0058d75e2836863e52e99bf424345d0d8c233d8c1faed06c58651867a381e2ddd67dea1e7aa210021b9d988f7f7d5624573505af09cd70fb3e96a7,0xbb47a7752bf2ad49af739663571623e58ddf49d5d011c44d15e3420de6e1eb79,ok
0x82841622cdb6176c27ac94fa98ae21b502e46e08,6,0x02781df3838214663308a442a73c5651a4d89571e5275171aad64ba2184747334e,0x04781df3838214663308a442a73c5651a4d89571e5275171aad64ba2184747334e93bf2293dcd8503a4692b57c0c58551ef5274758725e49aa081aed53e23f5162,0xed4ae72e7e6b144e69ca9fef9154c1d26fe3dd39bf19682de35db4bfe4cba641,ok
0x1ac41f4721e7f9636e0445cc000450919178ff5c,6,0x02276ec223a9d08eb604ad01cff46e052c989dc2c34d697b72186b11f97cbfee0a,0x04276ec223a9d08eb604ad01cff46e052c989dc2c34d697b72186b11f97cbfee0ac7bf456fffd05a34cf5da6a65b0e5ba489b2a7b62a930a0a40c908b36d48cabc,0x7963a29e935404a43d7091289803e7d3452905f1d2e8a7675218fe872f1b5d06,ok
0x878cb25dd8d8b8e8e714cc18b1e7e0c5669e02cb,6,0x0353f9002122829c11e19ebad473377a6228232ce4630a40520da0c6797a29cf73,0x0453f9002122829c11e19ebad473377a6228232ce4630a40520da0c6797a29cf73e6f46bbb5112b37c9ff6bc1d8b040c89aa8cfd9601bcfbe3a90348a6b963f31b,0xf5a685700a50d1fe3ba17b5e1638ccee7ed6b260158a5778cd855fd04e915832,ok
0x29fcc59e7c58a267f858140fa02b2e783fb65efd,6,0x023b68241f1d10e6bf0fab3bb08c6af21dada95de85523c549f37f1ab8d5912d79,0x043b68241f1d10e6bf0fab3bb08c6af21dada95de85523c549f37f1ab8d5912d7933c4d795f235a7d60635b6cc97d2e3c77d8d14e2c50364e13964405ff177818c,0x907c14952878587a2c9d7b72b5b3151f465d775d0f831fc7c9935331e4f43cc7,ok
0x7e81462e3c1a43cd4bff20216ac5ebeb6913e534,6,0x0211ba45a6bc501132faa22b16de1ed980581e14e88c866dfde90ae0ba5d3e0807,0x0411ba45a6bc501132faa22b16de1ed980581e14e88c866dfde90ae0ba5d3e0807f8ac736e85395b752acc74c5f7125ea41126cdc67c3a5a3e01747a23b3651834,0x07e9b2f516d39b309d8b9fd6853218ae09afd2341b472667fec51e3d09c07091,ok
0xdd3451d9a9f569f55ede3e215cbd1fd600d26b89,6,,,,contract
0xe138920e11d053687120428e4a834f4e0357a2ce,6,0x03d7c556f10d61adfb5f62869efa8d829b5d95519d7f583681a9104de1b5e5b572,0x04d7c556f10d61adfb5f62869efa8d829b5d95519d7f583681a9104de1b5e5b5723a710fc58f71bc84fc9be21748852c26714bbacb186795c5fe4b1de36eb15897,0xe2c15272b2e1ca2ed80a82b7c194b3ef60b86cd8542d7091104b0ccfd99bb78f,ok
0x9ffe162b9b7fbca991840b936f95b40808a1a998,6,0x0250d97184671e1574a19e78b97e012553e9e351455785d66cf61697f47d92866a,0x0450d97184671e1574a19e78b97e012553e9e351455785d66cf61697f47d92866ae044311338c33b9685d6bcebfc860ab9b514ffd9650ef2206de2a7abb4caea3c,0xbfa3e296a2dba1d9b228ce5d2cfe4f6cec27251d2d0c512723de65f69d143367,ok
0x4eb0dc59c773c5e3d4712ee02ecc0298abb6ea73,5,0x033263fcffdfd629993c3eec080a0f51e178d1224c619e44fb5f281cfd11cb4a66,0x043263fcffdfd629993c3eec080a0f51e178d1224c619e44fb5f281cfd11cb4a663eb8411b05c867f4e8e233efcd903ab451687a6d22f1efa0f09022468757e915,0x8f72818fa5ea8a9bc501eba29c18cebfef0c4f81f585855e79f42e8dbd1c4642,ok
0xc14a39332e32aff3185f20d391f6ff7df5d99238,5,0x027a404301589ae71f5b00bcc1b7733f0afa4fcf83440a14d0196bed9eb37ee4b9,0x047a404301589ae71f5b00bcc1b7733f0afa4fcf83440a14d0196bed9eb37ee4b97fea78abb9c58d94ee4c8aa008b774d673610182a9dc729c5103913508b0640a,0xd2101a469ce690b6ce0fa58245d4bedf36d241ced11b87955d3fb5454562946d,ok
0xfe22a36fbfb8f797e5b39c061d522adc8577c1f6,5,0x02163990f098bd4436e24523c5f2de0bd2230a4575cde2d214aa0144248406a4c9,0x04163990f098bd4436e24523c5f2de0bd2230a4575cde2d214aa0144248406a4c970108127fca907f1f46337b00c3697357cf1de061eac1dfaefcd5285599a7358,0xcaed3d25ed8838d7bf7c52e0e55f174c6d8a47c22c1c511c811d62662bb7b673,ok
0x5672de776a99e6d5012fa4c60e6778879569f75c,5,0x036d939b27fd84f58663043fd53c2cda1a206ecd3098b747781e9bff751600c778,0x046d939b27fd84f58663043fd53c2cda1a206ecd3098b747781e9bff751600c778d388d93d6b6c900382873659f5b7a2dd78371f0b9d818924fdfd67847d1f9f9d,0xafdaf43656709f9ff814a1a9b730ae4c57388f14f3e2b489512640324bbd9b00,ok
0xfbbf00f6c2a8b399728bc7e2dd6eee684c791745,5,0x035101223a234ddbfd0ebc2596a8f22bf8afd9eb38aaa8a8149f2c006827312b51,0x045101223a234ddbfd0ebc2596a8f22bf8afd9eb38aaa8a8149f2c006827312b51c4d076b356b8bec4664fffe5e50171580430bdb3f15cf4fc02e1a0df79717d3f,0x0ff646ef7a085f5b529f8566cb12beb8707dce190d38b195e35fda507cc17c87,ok
0x1bdb6188a6d6b624ead2a3906a982a8b0bffb954,5,0x034b7411b25d612a6ffe4446c3176482f0c7dbe09ecdd59f698e0350d4ed184436,0x044b7411b25d612a6ffe4446c3176482f0c7dbe09ecdd59f698e0350d4ed18443682cc941fec067bd01c380b472b99b52e0cc852a5900e466d6410f3a7ea1ca575,0xacd103412271ea6ec14f866767ef13a64c03eaf5b3ed07e3900305e10e9b26aa,ok
0xb855b762d9616235514f833af7b7eeb7b41a4ced,5,0x022e7e32bf0374b0ec10adbfd9b3f5f7e5d06c8952a2cf97ea3b43c7bab1ff3f56,0x042e7e32bf0374b0ec10adbfd9b3f5f7e5d06c8952a2cf97ea3b43c7bab1ff3f56adecca6ff714d7961beeb76e0583ea8aec03db68f0ff059af0d7bc6f6b8904f8,0xebc4faa8300785cf02b49d3bf8edf5ad7ff63599965e361a4216d08c7cf4d32d,ok
0x9a0b12d53b43648f75a871e68efa3a0297c6ec14,5,0x020dfaba7ff4b4984210a01dbb1dce3b64c3b8d00e5e8cdee0ebdcfb04410f6ff3,0x040dfaba7ff4b4984210a01dbb1dce3b64c3b8d00e5e8cdee0ebdcfb04410f6ff3b3c0507a00076b8239c72b965b7f18208b946d01cf9298758cf9166186cd414a,0x519ce6ada5433fe29d2f73bba81a30e98994793bd9dc096af3c199df5e5a3099,ok
0xfc99c0c8d697ab7a7262640145f453c988d36b75,5,,,,contract
0x08af33f391db26cfad47e949eb3e1c5da37fe300,5,0x02f3ed9abb9f195add04f17adc30ebc75a9ce39e2571c5caa45ec05bee66e752cf,0x04f3ed9abb9f195add04f17adc30ebc75a9ce39e2571c5caa45ec05bee66e752cfaac82d7da0c360d1d8cdb409277a052f8dbb769802f68a67298762562bc9195a,0x5a34c9ed8d43c4ff3a6ec04f3aef3ba9582e31a846ba68c6a66fe0f309f13431,ok
0xc67eff6a951ba6f780c76b6187d1ae392ad13017,5,0x0374cca8b6cf1a274f66bc17a31d4fe02ae0102597f577af2e7ffd8461536c7311,0x0474cca8b6cf1a274f66bc17a31d4fe02ae0102597f577af2e7ffd8461536c7311f117d1bf16cce734d52fd41bfcf9976e42fc32ad40f0a683692454c784289239,0x40425cdd2bff423215135a0bac3d1a5a5da6f73801fc8db14fa12b475990b8a1,ok
0x8037a4fc39ec7d421cc3edce97b1942b0a4cad41,5,,,,contract
0x407c88f59cc44c600918b567d04ff00f1427410e,5,0x02c501e80dce603b853209dca9e471a93ee612566c92fa5cd0de71166dbceb3ca7,0x04c501e80dce603b853209dca9e471a93ee612566c92fa5cd0de71166dbceb3ca715d5a29be25b80d45943dbf063294d13a5542c2e92b63090b45d26e7bc11c410,0x8a62b16348fbd8bd25b96e8f9eb38fe052d504236733dfa78d5dadd831702815,ok
0x8c7247f7dff6488809a65a7db055539afb954dd7,5,0x034eb3bef2b0d0db508c4215e3951787a4258a4429f027d5dd5783a1e5f6164e05,0x044eb3bef2b0d0db508c4215e3951787a4258a4429f027d5dd5783a1e5f6164e05ec2f0d641fb389710ccf7d2c8ca3f6239ea959ae46f9acda1ac39c60f7e6685b,0xbd785c0a758157347ae672f8cb49ac78762634537ac067e1b4995a330786b678,ok
0x344e63c83a6fb76e85d0c13976ecfc151869b163,5,0x03782172d2dc3d4214ddd522fa3ea3a175d46e8b9efa45394b1e89f5b3ba12e4ef,0x04782172d2dc3d4214ddd522fa3ea3a175d46e8b9efa45394b1e89f5b3ba12e4ef4f3d605314b9aefa1e46f48f91152aa424502d6bf9a193613ae9440f4a695311,0xe08bd7330363cc08ee3381c1e7ebdb7cc2da0dc39a7e516c7ebe594af3a0f180,ok
0x3cebfefbda10326a2a5b4aeb33a0feffe2ba14d7,5,0x027fe4cc8279e58d9e48842d0f29850033d6eb28900ffd5a8f7aeaba96a3889b38,0x047fe4cc8279e58d9e48842d0f29850033d6eb28900ffd5a8f7aeaba96a3889b381e8b18d280f31e1e4f133f0034bdb74ab70383ac06f33d4e4a0aec0c0fd5de78,0x031ba236e85130488321eaae579307ed8f6d4327ff0dfc8e75dc2d5a9a5fc6c7,ok
0x207811ef0e583606dc26099218a3334a9440bb6c,5,0x036ca25af464672add39771eb388a352cdc8546a1297969fe78ed6ea4c2ed1d4fb,0x046ca25af464672add39771eb388a352cdc8546a1297969fe78ed6ea4c2ed1d4fb8d77a66038ed6134b70127e7b49f21bdd97954f522937347e52b76a263d3546f,0xa78eff6ef7f9e3bd97e6231a8053e13006b7e5731982f8a38fab44a9dc24b50d,ok
0x20c75587792bd5bfbe96abb680e9faea5b3edd9f,5,0x02243bc57b9818ba8eba18fc94d72f94a52d4e5afb190150997bdda5fd4ed631fd,0x04243bc57b9818ba8eba18fc94d72f94a52d4e5afb190150997bdda5fd4ed631fd65c73fa035ac829e61c82ae7b78706be1b9f5e1d7f2de21fc389886a25040c96,0x86d025abfd9219d467ccfcdd084d776aa10009239c16a8a757f076e5e6a259ff,ok
0xb7e1e9a8e0a0b34129035a9889e341c6a334f980,5,0x0390d45bc11c0a5c1f622f3795c4c514151ba1066c1a2db93285e1e29b37384578,0x0490d45bc11c0a5c1f622f3795c4c514151ba1066c1a2db93285e1e29b3738457816526c8b61ece015d83a102e3c019ad8c3310fe07d2e7bc09c2e39939013871d,0x504e67fe592929fb1341ed448abbfed7906cacb0527d04f23991a955fb9c0103,ok
0xac1fe6824626eb0a0fee40c8b002e3e11dfa66ac,5,0x03e4f3318967dea954e263d572dd03db02b16add503afdf1f8b3b32e3eae79697a,0x04e4f3318967dea954e263d572dd03db02b16add503afdf1f8b3b32e3eae79697acca67530e1372913c0dc5a2acf76778811e55748f5428a62af0583ebc511e453,0x76f9ea23d9646159342335c0015367acbebdf63f4adfbb6cb7a348048b4ec3eb,ok
0x4d68c89a5a8cde4f19dd0e45b977254a343ffc68,5,,,,contract
0xdaf0b36082de3a5befbf091e3a1c51d92a1e1e00,5,0x038fd6f1ac603bec1cf4906fa3db8411b964da82feac1e8dbd8936f951f516c590,0x048fd6f1ac603bec1cf4906fa3db8411b964da82feac1e8dbd8936f951f516c59030b451c575f6fd4d68b760e646f095cf5b6f782f6320fc6822718a406cf72cad,0x8cf08c1508a81e7e09c59c77dfa1ed6752a97a5f6bad2151e6f2a29f3c4fd418,ok
0x4b40c999c3fa6a69b9413becc82c77106da8a039,5,,,,contract
0x6f9cbd7a51901cd006d9a2f6c92bde2334841511,5,0x022abee0c2cd44e924f7ba0721ffc9d3d724f8f40db9f72cadf5454751a80ccd1d,0x042abee0c2cd44e924f7ba0721ffc9d3d724f8f40db9f72cadf5454751a80ccd1d5afe019626e014e4f11e400f4b751ffba017c703c326a70e7d2cc2e9a52da548,0x543a3524bb1f1eccdb7a2004b41a6ccb4a746b2e79c88e37466cb2e5ba4419db,ok
0x1789325853bcfa6045b99c542cbc56f8612af949,5,0x035cc64c26c8e8f585583da25e7c75658ae23a4a7953f8bfbc6ca6fbf8e03fe451,0x045cc64c26c8e8f585583da25e7c75658ae23a4a7953f8bfbc6ca6fbf8e03fe45165d9ffb3c2c5f2e9b1425313ae4c0756e15554538076038af226589df141d28b,0x0debda06f9e1436708ee3ab963ccea0b5b8e686ad081e75651ac36b03720a6cf,ok
0x469e388a9d74a7b9af4039a458d8d4de7957c186,5,,,,contract
0x2e99562366ac7aba075afd93237c3c7bb35a40f7,5,0x02e6bb84a068db44f787ef051148c0724dc4e75e1ed0cdad94bc57f9fa5082773f,0x04e6bb84a068db44f787ef051148c0724dc4e75e1ed0cdad94bc57f9fa5082773fe4dd769733cd1f784e8e0222c512986bb52834a766f9c3f87d041307e9ac02da,0x70c5690cfcfbbbae1dc709e8dccab4350a47295c2b7508f74e2576df0f759109,ok
0x60ae8534e9114359c3694999f90ac3afd1ad1a77,5,0x039ff9bbe03a85fcf71f97d642573fe5cfd75dd77b819e7fd0fea0498b393a5ced,0x049ff9bbe03a85fcf71f97d642573fe5cfd75dd77b819e7fd0fea0498b393a5cedc874d0943dff7a08f3f6c4622e9c2c659ae0dc9ce4f4064f8ff6467da45a6551,0x7659eb37995d30b4cd4c9db1b8408f00d2e812ea74fcaeb91bbaadb0b3a4ae48,ok
0x1739aeed68836e4d5f24d8a563a039570ed1a03f,5,0x02f6435907a745a6a7909386771f196cf97469946e3e40c767b9b465784c7621f1,0x04f6435907a745a6a7909386771f196cf97469946e3e40c767b9b465784c7621f14c77a16e47f0e29aa6d2aa5e050acc37c9403ef366cd0549e6125bcda0511bde,0x8a1c6dbc036c18c3d0f5871df5340714da1c713469e094460f53feca5dc0f382,ok
0xca6ecbba8e1e1186e9da5b50eb41143f4c60fee8,5,0x03ee54f050acefc3c97bc6af61577eb163abc818e994767d2bab6f0487811a65fc,0x04ee54f050acefc3c97bc6af61577eb163abc818e994767d2bab6f0487811a65fcf686df20a401274e08fee53bce98c26c38e907c2fb7ba62255b32c6f47152bf9,0x6d8d999739be7723f4a65894a058a3d995dfcb74274c9a37d7e36880a52c8541,ok
0xf128f6a56df76af5e4949f8a373f1fdae8e533ed,5,0x034770dd72d12c465638e10c446cc6f646700bd42142bd9bd28f9d24680ba02fbb,0x044770dd72d12c465638e10c446cc6f646700bd42142bd9bd28f9d24680ba02fbb0a259c8675af89baaab21f2326662cbdb9138f84d6e57d23c80537f4d3f126bf,0xf1e3712f174faec8b58a1a1a6f73bfbf2f6d3e56821f2573a35043b97c8ec5f5,ok
0x8dfb256b33f2afd88ca3d5d3a6006df0c9672300,5,0x03192fa31be9ad4903709aa566c57d39b8dae8f2cfb9d5978f157d34d22ccff7c7,0x04192fa31be9ad4903709aa566c57d39b8dae8f2cfb9d5978f157d34d22ccff7c7c0340a25236c4f1d55371ac53045fb3f350162b51566fceaefbdd27ea678123f,0x2aab0a5aa54bd1225829f44f5a6415a6624ba043f2c70b7c264ed72465fc6cea,ok
0xc8fa1216f8156550e7c7a1ab80733d46d5582f01,5,0x0221e94277e008721444c9511f7b4df7b916cafe4837811404f226b599537a565c,0x0421e94277e008721444c9511f7b4df7b916cafe4837811404f226b599537a565c96f5d33593a720a2cf54f8280239ec50af2289b26a1d7b9b028f0b1c39c740e8,0xacecdf70b671314f07138eb2dfc5b563516386615552aa9d76e9cfed6bffe693,ok
0xf21ff406e796c81d3cba482d96f3e980e357821d,5,0x03a103b7a000f1cadbf461684a2758204525cf2a122a5bc3bb69e1ac2df3373272,0x04a103b7a000f1cadbf461684a2758204525cf2a122a5bc3bb69e1ac2df3373272a8d015ae1e57a46235960eecb8e82d9de4b1786a3c23f116e8d29951338af931,0x25bf6ffad619ae0243638ef8fb80aebd2e6b9efd52ae25e10184a9914da6b409,ok
0xbda901bbb6404050b5932656ba5efef0212dd8f5,5,0x03cdceb15cf874b151e2301b794aa7237548e947380b385da1cc686fceb58eacbd,0x04cdceb15cf874b151e2301b794aa7237548e947380b385da1cc686fceb58eacbd8d1ed94c1c3e6e46e2bca5d40e3b26b3ec111e29e512a22417f088a0f8e11541,0x0dc13cef322080024f6f888123880cf5071458d3a2318cab7e9d9c0032024199,ok
0x0c5fc3ca22216d954479829c89ff3cdc8fb415b5,5,0x0289b65e53ab285d9127048e7d4139e5f88211755c3c5a8f9a68f5e45091038e68,0x0489b65e53ab285d9127048e7d4139e5f88211755c3c5a8f9a68f5e45091038e687a3e0bfb6e5e73ea521236b6326f1cfd50f2a448310b06cb39682efd13035766,0x57bba978320e746b51198d01384d2f6de1ab0eb6bef00f4b4303d98111dcac80,ok
0x062ff9b2805eb0d2c5439705e67bea559ca4bb5e,5,0x02470f3684b6c32cbb4d2e32d8de6cb657e813270620d4704d2d31129db15b5eab,0x04470f3684b6c32cbb4d2e32d8de6cb657e813270620d4704d2d31129db15b5eabb54fd53ec912cf52bbf24ceb6a8e90946e5127251841c4be74881f18df8e3f38,0xb165665b34ef83a8cc7600b45ac2bf2471598c02924aecdde4d562272983f696,ok
0xcb7f38fc562a96da0103ea7bec944a10546c67fe,5,0x0347d54e927f3250098a0f05aca0ab24a1e8294eff5ca2deb8ea3c238e7c11c8a1,0x0447d54e927f3250098a0f05aca0ab24a1e8294eff5ca2deb8ea3c238e7c11c8a1f94a799561e62ca0c86848a841115c26497a1fe8b2d5714aa98097e28595f5f3,0x8edb96c23dc98bb944f82f7ce7817465ee6eb1ccd740ad9df08fc0869fdaeef1,ok
0x90a18b0a76beefbbe4428a0f2545deeeb29291e9,5,0x0360d596c7d626ddb5f7013ca979bb2564c1a4c45bbabe3a8b9351f9c77154367b,0x0460d596c7d626ddb5f7013ca979bb2564c1a4c45bbabe3a8b9351f9c77154367ba8b0c549f26af8f0949edaff9e810920de851e2cbba74f03b4208317542a3775,0x4b1a19bffb7d206d942525127a80c9f0265f7981e2176181e3dc12ca63ba0256,ok
0x33256635b7d200dc0a1de51c9089d93c44a5a55a,5,0x038ac9370ff4520e68c5183e16fa746a3e9609320e0f436eaa487e0c57a0fc1e50,0x048ac9370ff4520e68c5183e16fa746a3e9609320e0f436eaa487e0c57a0fc1e500f0d46950c08e62075e4adeabdabaff85b186bc218d1f1f284d641a3741cbd7d,0xb898d0400818b2a9e9e313033311358c833f2f1c653de7fa746549afb22364e5,ok
0xebcea89d0e3beb500449f7216bb0f456d1fd93cb,5,0x034902090f5a310d4cb3c53486b53ed0b59d76688c14a60383dec5ed1842b1a4ec,0x044902090f5a310d4cb3c53486b53ed0b59d76688c14a60383dec5ed1842b1a4ec21f86c44a8613875b63dcd2e6e1591bc00dbb86c8bfd35b78d9645ef1f30b80b,0x889e2a878b46b780706dd0480bc96e0a681dcdbf25529870692793c7ec4b054c,ok
0x4a03d12726483cefea54990a7d00f9bae3e3e2bd,5,0x02fd7ca8c92546d11c77e617633a23183b35aadaac47c34e7f8852292fcb7f99be,0x04fd7ca8c92546d11c77e617633a23183b35aadaac47c34e7f8852292fcb7f99befbd513a0c77350eb7c91a2887dbaa97ff9b01bbda1389db2c9d555536f41f5cc,0x5e5aeb8ae66fe73d034dce17a2704a81652c3b7abfd7da09e5af45e7a6719dff,ok
0xe25b715fad7756775fb156d921d48e14cda249a1,5,0x028f5cac9d8307637f33908ff8453cf4c7f6ab92bc0b44de8a99e329a484410884,0x048f5cac9d8307637f33908ff8453cf4c7f6ab92bc0b44de8a99e329a484410884ed65f22442c305dd911bdc1bbafc053de750571bac0e3df3e92707cac0054cfe,0xf7df11b118f6e9c6f43a4bf16ec9828a0ae3f61676350184cf78a6822c31aa63,ok
0xa97847f8989cb1ca8e1e0e104e65393f072a95ae,5,0x033864362d51ca14504cbc6863c653944463b64bd0714750644c09c23ca42d5350,0x043864362d51ca14504cbc6863c653944463b64bd0714750644c09c23ca42d53500496e7af15341e24b6f3502d4c847c07044c0f9053dd86889302edb451627ed7,0x90523f983df58a106d54ab8ba238154ad00cb0a4c82b9b184e703faf80021cbc,ok
0x389ea24a2f22e0113efd1ae606b8e11659faa8c8,5,0x0211b3cc0ad24c7e1c86de60691a26528953038ace294fe21108f2e4021d4aca64,0x0411b3cc0ad24c7e1c86de60691a26528953038ace294fe21108f2e4021d4aca64aef3dd2483e15c75b503aaf9f009202235d9c90d8ea393db8bfa24bf44163962,0x6686e51a7e68fb2b283be1dcacb3832522fe1b41d63bffe2a1d9abf1019e9e30,ok
0x3f9343a5b2d1ccad06a07219b7d74e3cbff1b8cb,5,,,,contract
0x1b0fc5ca8ad31172ddf98455e1112bb42317c6ae,5,0x02287a18c26938b4f45b2a34240544cc309770c4157b92d6bc9f8208905c6b272a,0x04287a18c26938b4f45b2a34240544cc309770c4157b92d6bc9f8208905c6b272a26c31f30a51e86813c3777da632e9786b6547cbda51ee3de8daec330b5941fb6,0xe919b186b1f7f4dbb7f4cdeb459fedee468dc9e93c407647edc2598ab23c87b9,ok
0x6f69f79cea418024b9e0acfd18bd8de26f9bbe39,5,0x0318a451a58b24a1a5f840ee17a109008e8cfe36917320a536722f506519549110,0x0418a451a58b24a1a5f840ee17a109008e8cfe36917320a536722f506519549110b94faf1037fcf2da6c5512259a027341365ba1ac5d3d3956675fb11675d1efeb,0x4b5f7a6c775c471c55e55c1fb6338a4003eff631210d68052ff5e725a53ef6ad,ok
0x07632651f02e96345e9ab58b324d5b804182df1d,5,0x029c039e9307bd327a4128b55aeb750b91a16e7ea18d8952ae145bc17cb7daa305,0x049c039e9307bd327a4128b55aeb750b91a16e7ea18d8952ae145bc17cb7daa3059d3106271dd4ffe8b2fb32df04d5cf72080ea8209b8028b019fff4c948a209a6,0xe04e16372cf14c30e81b0a567c2a51d7a1eb3d85d74eaa6c34f8d4e28bbd0644,ok
0x0f317ef7065721a4ff03a674b4fefc8260f06ca2,5,0x02486690c4a10c39e486ab013d3b207dd497739430432e2a7058434298542ba124,0x04486690c4a10c39e486ab013d3b207dd497739430432e2a7058434298542ba12494f6af4ae1c95497ddaa997f5175f6de29277afc7251b0b855c74a0d05e34fb0,0x99a44851e8395fa71f79d9c2cdd4887fe1cb6997eb6940b08988a01a0bfd6200,ok
0x38aa86bb913a673d1d150d91ed70e775f3ab9c2f,5,0x03f339faa9a1125163c34985ac477f454714a65ca9f5ce9f4201518a186b7758eb,0x04f339faa9a1125163c34985ac477f454714a65ca9f5ce9f4201518a186b7758eb7e5e5ef02fb0df03f07ea8384be7c37b5edd1db956c467941e346158a6cc155d,0x82c88f2ed6caf578047bc32ee1e33891800f6b11f04044121d12d31965e0d828,ok
0xa9ab024b115c4bc70ded5e92bab2d3080260df10,5,0x03ca3f80009884713819a24d0a3cfd95c3499d7ac58d640942dd153ee39ca49226,0x04ca3f80009884713819a24d0a3cfd95c3499d7ac58d640942dd153ee39ca492268686bf35c09e0b727d81a4aec02213cafff5d407f0b743c85b16fe97bd2284d1,0x62758153273bc2f3537a2a6cc1dcd3c9805d77630ccd95e1b80c3e61e8a794c5,ok
0x7d88389ce64d69c8ae2fd7211d943938369858a9,5,0x02c3fc614aca533ca79cf6e0b8f0d13b2618b934ba0f602398570bbe5280b8ea8b,0x04c3fc614aca533ca79cf6e0b8f0d13b2618b934ba0f602398570bbe5280b8ea8b0e72e9ad602b1e0fde6b3e77e070507959f84d3e1d9f62feed555c81dcf4b620,0x4dbec13f09cf291b1563637314e6c2edfb9f550d768933a751f0d37c18646541,ok
0xc280a039f061d13d1a5096d0a3f75d4a05a93d59,5,0x0275776606fef10c3db4ddefd69e0a1c89a839fbd4f6689cab8bdae3cffd9df342,0x0475776606fef10c3db4ddefd69e0a1c89a839fbd4f6689cab8bdae3cffd9df3426d31df355c6a339be17f2f69f1393e72f5616e4a1f2d4a906bd74a8538938b38,0xc6818b4662c9c5601e38b38593573c66a2d99c3bd86767e8aee5fb5a037bcfe6,ok
0xcbef34c58f72c3bf19eabae53ce8116019d5920f,5,,,,never-sent
0x62b49c0ea76fc573150ab3b7962cad2278d7b8c7,5,0x0318e6e2abad84c093dda105080d56e00b4155b9431a67fa51adacb4cbbc65f2d3,0x0418e6e2abad84c093dda105080d56e00b4155b9431a67fa51adacb4cbbc65f2d3fe6164c5fa6c34b8fbd0727e86abddefe66837e6b9f645d13b7322a518f219bf,0x90c12d361e5102a2e8cf9f532298886de7636e860c9efbbea0c76f08d1572f53,ok
0x5ebcb20bdea4364b3c127e919192f3734e44c132,5,,,,contract
0xbd7b753ecd6a3d43f36a4a05ee5a27fcf81aa986,5,0x031447a50952f5aac808a9e9a1af1c6888042f0a98a4835831bc6ef207c7863abe,0x041447a50952f5aac808a9e9a1af1c6888042f0a98a4835831bc6ef207c7863abe427f1d0b162e074939558e4b3356cf7cdbcdf0c70dd6a3e79ba42296711bd91b,0xfda1a82a2e44da7be3f3c3f97c21677ec20edbc477c90b72318ece7558611921,ok
0xb863683c6765c4cc1664b870c16d7bfe711e2b3f,5,0x037799801b0a4dec5440fc0dbb2fde1c55cd1e9385237ae931fa7cfc557e65afad,0x047799801b0a4dec5440fc0dbb2fde1c55cd1e9385237ae931fa7cfc557e65afadb884cb81e19f853c48dd0c30242ddc807c6554901842de5e539420f4f18eae2d,0xdc4b87e71a48c57cd363afe8dd735d6eadd5b0269fc5e455e9d026e13720ebf8,ok
0xef5f415e254ce1cc1ae86e8d48719ee554954f9d,5,0x03812b0492284382621a576e404c965f444a2efad69f11844cf739c54278730463,0x04812b0492284382621a576e404c965f444a2efad69f11844cf739c542787304639c5a790d53460e4468b859c50cb91249acf799ba045ff40539ba85a6b15a5041,0xf8e16032bbde8483bc7a1f6cc380cc27895e0ce083ca03aa6e0526419784411e,ok
0x6e0cb4d37c614651dd74b4152bf8261d5ce5f65e,5,0x0295666eb11b1b12891d83fc5e860f51c8c46ba0a2c625240f0f925b16074e25f4,0x0495666eb11b1b12891d83fc5e860f51c8c46ba0a2c625240f0f925b16074e25f47cd060325e600765f6de59590250eaf2b3d7d9afda349eca55de1d5050969ab2,0x39f3ae8b6b4fd3ee436207ad9e1024e0381022626fa4e01048a333d4becabd01,ok
0x4e8c7c35eb79d34db345cb04f4bc20ab6566c0b1,5,0x02ab55ffc4c6ce7e63c6944152cb9576d8d246e1e091870a60bdb91ae61d6d90c5,0x04ab55ffc4c6ce7e63c6944152cb9576d8d246e1e091870a60bdb91ae61d6d90c5d611d2bc32a3a1b62d3a0aefdc4384eaa3cf35a0d890f94fd3f4714d92ac2908,0x554ba72a5f6ecdc90356c6bd81c1ed5c052442ebce2c8a10874a4a417ec0493e,ok
0x177bffb9a5cd631fed5633914974f38c5daa75b4,5,0x03e1c42c0bf85ac13eb30be4e5377ea12e5c77ade210ddfae28edb601643cebfb9,0x04e1c42c0bf85ac13eb30be4e5377ea12e5c77ade210ddfae28edb601643cebfb98fe3132452ca36c089c8979f4e1033eb49669786a304b46446f54b4a7a0ee09d,0xf6fbd253579eef13141f6506175cc868f09f430fa067af8044a2d7340874b5aa,ok
0xe40b9fee54d2663f22d648a175c2969310739fcd,5,0x029e77f0a9e9ccdd2086c45e5a7523c96c46faaedd29abd7403d82a7ffe82396d4,0x049e77f0a9e9ccdd2086c45e5a7523c96c46faaedd29abd7403d82a7ffe82396d4e77b9c6aa6ac58c0dbcf41c9982a7f6a7646c09dc19b1a1791b8553514ed8542,0x08cf1fd437385156f605c9e4e8f7b89e8b2cbf03d3279d56aa1e9425e5940a7a,ok
0xda427eda292da568f9d925782de4670eb3c29a68,5,0x035ff34209c7611c32a5fbf69f9a3146615bc5ffbd258b6fe91a97545472da26fc,0x045ff34209c7611c32a5fbf69f9a3146615bc5ffbd258b6fe91a97545472da26fce09d77860fcc5e9f850f446e458489784df643fa3481584cab5543a333995d23,0x41b9df17f349e472b83172c2e489aa6c1e154efd944822fd933199e4b00f0953,ok
0x0b3e87a076ac4b0d1975f0f232444af6deb96c59,5,0x02e8cf8d88e45646d19727cc3698138df2e3acd759b8a85739cf63b54e4ddb1c7c,0x04e8cf8d88e45646d19727cc3698138df2e3acd759b8a85739cf63b54e4ddb1c7c3209a2396bbf219b6a15e512ee040247f26024e0af90f0e9c088cf34cec4b730,0x253c3a4fe2b6a3817978095eef0fb6a4fbd5ee42a2407d3ee7c94418f2e840ea,ok
0xf8764025e83614ca1506ecd2dec5eea1aa307660,5,0x0262a22655c42203dbf575535ca82e77594c19e1f0389c91be29f9750d2fe22ced,0x0462a22655c42203dbf575535ca82e77594c19e1f0389c91be29f9750d2fe22ced4dd7873434778c9d156943f825a411455b2d5d1ae2078f64c45c0c9dd9648ea6,0xe1ac4bbbb6723f48ad359041786c4006e6dfc5c68cd28a502f4e5f47cbd8d5bd,ok
0x8ac688eaeaa5c32867fa7e210d854207ee3eb69b,5,0x0266729df2c8f851549160f4b023e4094a19142760e9b9a902378d60419e1df077,0x0466729df2c8f851549160f4b023e4094a19142760e9b9a902378d60419e1df0770d510ea06907c12f9deada85ebf7fccf482d2f69de45b83dd14a13152b5cc618,0xd5ff336507b3418af5a93bef06a1dcfac52fe1ea27f33ad44f392294261599b9,ok
0x409c8c9ea976ed4914f2e47618f74c5c53d9ce47,5,0x020bfae48f0727ada51426acba2cb25033c4f310a818ba9b81cc328f1eeea42fe8,0x040bfae48f0727ada51426acba2cb25033c4f310a818ba9b81cc328f1eeea42fe8bec23d7be6011b7c274306999a1f6f552898061efaa01ac5e596287336b08bcc,0xbcb067ff2a5e0ab947c49c86d220c5abec76eef4cfef2fb416a56dc4c88dc64d,ok
0xc8404bdf586b617298c06b8acd398baf5a407377,5,0x03feec370668dfb4b9f3c1cded9b29b924bc609afd962e89778845916d783cdacd,0x04feec370668dfb4b9f3c1cded9b29b924bc609afd962e89778845916d783cdacd28a1e5b6ca05c5d9a04ec12b90fb25f0525bfe024a052727ecdeebc869649019,0x6026447aad2758fbe46609285b87a9d26ee713384d8ed5beca6964eb6e0f70f6,ok
0x23749535c3ffedb99d8088907bb5ebb40f1d7b8e,5,,,,contract
0x053f5baac147b3d26fcc56fc2715d3189a37a261,5,0x03c1d9850d06bd469eb2cbd521aa4052fe9b70c806b4ebeed3d5c8374dd700ac75,0x04c1d9850d06bd469eb2cbd521aa4052fe9b70c806b4ebeed3d5c8374dd700ac75a9d6556f69dab819a0a4ae556024540596749b70f6d4e33072429b763aa894eb,0xa0e0482d34a6c697f4cb4f8ed566fcace574db9d45ea2c13a6c8578bf1bda7f1,ok
0xbeafe16c7baac72e8fcb0b82b9741dc105373c72,5,0x02fb424fe10c1355dc8e7e4fa049c9a648a1045e5cacb1351f5adbfc43c552cc92,0x04fb424fe10c1355dc8e7e4fa049c9a648a1045e5cacb1351f5adbfc43c552cc92cc27b7e57d70eaebf4203f0896f68c7ea718cc99fce510dad78469a4c748792e,0xda209ec4408e697bef6ca0b550f97fdf0c63c516025f6c0aeef3a9cc284fbfd2,ok
0xb2999da974f7c60a1c99473bee0326956ec8026f,5,0x036e3a017f60b5ebb80679d2befae4305a7a53f26126ec2a8d906978e4c4656df7,0x046e3a017f60b5ebb80679d2befae4305a7a53f26126ec2a8d906978e4c4656df7d36bae42dfddb941412afacaf363b1d72abfea1b8f3c1850671aa02b56c9ae9f,0xd097d988772a432b7f6c5e710967fe602f8955185ece1497bcfd39c36fc7daa9,ok
0x55e314e3b04726ebccd6d47968c3811a0737c69f,5,0x02fbd5f73e7a6a1503398ae6e0485a69bb61ab7aaf8b6b4fcc682c3238a8359191,0x04fbd5f73e7a6a1503398ae6e0485a69bb61ab7aaf8b6b4fcc682c3238a8359191f3d7c060024647b5e6c174db7873129bcd1d44f355a20a2576c3edd2dde618d6,0x8a7f4479fef4e7133f0af03b6b89126491db69a7a36236b4e9401a9886367299,ok
0xa9c714f5a560dcc8e6a64d2bf20ff0adf97436a9,5,0x031e45d0648e981c075bb0bff989276b2375e38ee01d06f76b7be299016afe91c9,0x041e45d0648e981c075bb0bff989276b2375e38ee01d06f76b7be299016afe91c9d0fe6243d5316f25bb537db9a57e4e691c8f977c1ca82e2088b102e050017d2b,0x87464ca1dc998bc37431bc15986c0dfdc1497b42c686f155437d0b8bf00fa1a6,ok
0xfde5dee1158f2e51dde568b5c7035bff9a54df42,5,0x036a435da0fc6accba1f29fc3b52cd6f475ed7726174c844867060256c04c90a9c,0x046a435da0fc6accba1f29fc3b52cd6f475ed7726174c844867060256c04c90a9c082dfee38dee8d463b5b5eef6912652cb300b6206bb92106b93cadeb8ded13d5,0x7ef15e783fdfdf555af7306bc818f699d821423b4ce8120b6d82e0f0ba952bf6,ok
0xf3741fa7e289501db4a4e222ccffb4fecade8288,4,0x02783252b21777e01e7f1e918a329ed5fca681077cb798b8d45f41e93526a1896b,0x04783252b21777e01e7f1e918a329ed5fca681077cb798b8d45f41e93526a1896b8da07a93e4e1da5afa23ceaf906d07d8543eaf42b79ccab681bd7bf24a3ce07c,0xc3eca40a34ec1bc8c02a71e5ae84f841f9979129cb42b4e0f41c553eb4dd44f4,ok
0x20ba1ce746b2aa3bbedfa401dc931da8cd7797af,4,0x030a65f425620342be857a728aae090ec6c7eb0902fe0220aa06bd90b120c76ced,0x040a65f425620342be857a728aae090ec6c7eb0902fe0220aa06bd90b120c76ced70f02daeb07373597260bffeb07a3b3daafbf43d9591b06abc9b053347c49195,0x404eae9b3c868023de84116b59c0a39d6dfc552474f60f8fccde4ad54e6bca6a,ok
0xf202be18d1bdcab2e025e4487ebe92fb9cc75c91,4,,,,contract
0x941c479a6ad50c41e4bf8da2f4f353a509ea73cc,4,0x03f57149a9fdd41b46df7aa29d6027965c8d8cb529480b482360ec69d3a62969bd,0x04f57149a9fdd41b46df7aa29d6027965c8d8cb529480b482360ec69d3a62969bdd66aa54cba182bb417f081d62e42531866d8b738e05c958bd34ec796c84d2021,0x0cdd44580126de7a5a7d2f1be02faed1fd62ca89685f774773e77a29a9674fb6,ok
0x18151a735c43780aaf1c49a02428d64501096f96,4,0x0202de6eb521e179803c8f2f4d472612ce6817bdbde920d3cbb4fd52a1dd5133e9,0x0402de6eb521e179803c8f2f4d472612ce6817bdbde920d3cbb4fd52a1dd5133e91c093661c212085a86f67bcc807ff452a697504c4fa2a8d341473e6c99dea4a6,0x0c277b1f9ed9bf9b11d524118cd6f87764fce0b8f9bdb402b2b2d82027d3f5c9,ok
0x5065a6a3aefc4346e830e988ae9c9d6a65d62f97,4,0x032f48f59190c3ce2e95689143743865c43504604d9ae60b13e5ef415969e95de9,0x042f48f59190c3ce2e95689143743865c43504604d9ae60b13e5ef415969e95de93e9e9254b0aa3e6f311313e902b5ae230ce520a182280fe4519bb99b6001c305,0xb2a65c80bd60c1e87a36cbd6257d39ce929b06ee4a262f3b034a29235b93c8d6,ok
0xc7e65bb391eb149ebe818539a6e0ee760e103924,4,0x038030381098892833467073ee36802a3670eb8ac7799bf618621cec383d6dcaea,0x048030381098892833467073ee36802a3670eb8ac7799bf618621cec383d6dcaeab2f986104b7a8f350209cf294465ced07649f642d4576bf94392b6b11a99acaf,0xb0a7a3b85066f30fc38e43f9d86c07ffe89146d1554625f5bda7c5aea9a5ef02,ok
0x9a74d1660d1bee773c00708da8bcaf1ddefd5a9c,4,0x034dcb5e47340109a07709b2b100d096310acbb83819a21ee385f8e16411966f46,0x044dcb5e47340109a07709b2b100d096310acbb83819a21ee385f8e16411966f4699ddb1beba46ef641314f6748bcd781b088d467a1c8fca7acb4f8172c3a96305,0x30c3cf9e8b89cb186485aa36a79df6a82519ec6475f890d7c4a83dd485ed681b,ok
0x1e707451c7eaa56a97d85caaa03cb110c320b076,4,0x0365e06a596cb05044b47f1aac9bb3dc2f9472fc31152cef929f797111c97e3176,0x0465e06a596cb05044b47f1aac9bb3dc2f9472fc31152cef929f797111c97e3176153cd9ef883c0dddc949a0408218e9334a2b52de5798aad1eb63a3dee9030bb9,0xed48c4a648b052478ea44483a9556762052d0958f7ef36ec31049c80444078f3,ok
0x0672c5b9bdd5b5c4de0c80a449d2f1b2779455ce,4,0x02e3e433f707532b7372c53a0e37112203199dc24e9e13b36152436c318a7889e7,0x04e3e433f707532b7372c53a0e37112203199dc24e9e13b36152436c318a7889e7632caa29f5e76ec2f6e746667f1c63e3b09a3e3f993a0c7a200b170f50e6abca,0x889bb7cbedd78e771bf020449ec462ae971cd9b34faccc686bc8e63a12160e34,ok
0x70de37fd37b43ac5beb9c20e9d4af5bbdc62feb9,4,0x03e12f48ab41fdb7a7a4b46a218f157ee9934a5dcd67dfcc80e578007e4aa20fdb,0x04e12f48ab41fdb7a7a4b46a218f157ee9934a5dcd67dfcc80e578007e4aa20fdb9fa1510a6ab92b736add529e8ed9020eced12db92153f3a8d09af8c15cb6e2ab,0xd5344bbfc64b919cf38211e9f986105ff5a248723a3ecd6be2c105b10535e4aa,ok
0x4dd0519123618ddb7897c0054831eb2fff6468ad,4,0x03d3e16f0716c9dd53927a6300cf86a8353a7736062e8d04780f8de0614e97a7da,0x04d3e16f0716c9dd53927a6300cf86a8353a7736062e8d04780f8de0614e97a7da95c19fd249235fec521f76d31168b47e776c23d12bb3867d1526f42ab507d203,0x55b39c8397272f2cab82e8accdd9302032a1b354f5d0f795b60df15959b8359a,ok
0x3da62016e889ccbfab163fd2a9886cd8f82b042c,4,0x021ccc69ea013741f17c6d9b3b496ac39a3edd17816c070cb7735552c13c2bcc05,0x041ccc69ea013741f17c6d9b3b496ac39a3edd17816c070cb7735552c13c2bcc053f257d0bdd032534ae0d7853ca1c8d672d7894d9bf64ec73865190b64fa85462,0x2f1fac6a1b0a512eaeadc16d83af6ea370a6fe3ae829885644b4875500be39a4,ok
0xfe3531d20580e587f173902e7829246ef8480ce2,4,0x0229dbb6fbdfb1b2e984be804bba58ad87e826fded9626909c52b05e1c7fe098e0,0x0429dbb6fbdfb1b2e984be804bba58ad87e826fded9626909c52b05e1c7fe098e0a40bbc16f9ba703a661c411a856e3697674f99577ae344b3eeedcdd0b12aa95c,0x0bff5a652fd9e0074b852fcee3ec67e598c0c2d8eaa7ffc1c8ed920249864edc,ok
0x35a47659f4ddb1bca386af221ae88549c9f7456a,4,0x026aa6c05d38b6ec174eb3c2f5499596b68ace6905d373b015a8ca7286847d4a16,0x046aa6c05d38b6ec174eb3c2f5499596b68ace6905d373b015a8ca7286847d4a16f8b573d8c5a9462dc6c69ec76935c74919dc10723050684e7f8f38cd176ff56e,0xc76de138dae9ca90a25c0b7b17502db9cb9a4db73df27297fa5ee70fafe083be,ok
0xb91584e7818c62945d92d5afb608849309fe7d93,4,0x021c3e861848c58ee317744e4bed39b81e198a2609f1e589196afcdb3947700740,0x041c3e861848c58ee317744e4bed39b81e198a2609f1e589196afcdb3947700740e62870e905fd0dbae464d0df1e5a2b26d26e80d9ebedb32d6a3cd5260e903226,0x1dc27ee7daa687a99112beadf756be06beaa8a1fa9039d5489238fa12974135f,ok
0x27e06de3c3d5a2478e1d43eaaa6e1386bfac903a,4,0x02d96b53c75d2382448d4ebf81ee50ccf42f281223a5a841f1cc7976ee0fb18ba7,0x04d96b53c75d2382448d4ebf81ee50ccf42f281223a5a841f1cc7976ee0fb18ba791bef1d1eaa5da1e42288a69c45ecfc52c6e9310e2befc89a3ab7347508cafd8,0x5e7d6817018c7e48e2c459d46abbcc2551febd065e72a1a0abe55b19dceb6f8d,ok
0xd71f294a6a2e9a700fcc7329a12ca42e5265296e,4,0x02e224c2a1eadb13655b5a833ff9cd7529e99feb28c531772ecdf8757dcb910b09,0x04e224c2a1eadb13655b5a833ff9cd7529e99feb28c531772ecdf8757dcb910b098b37518a6f52816163687a857bd885d3a97a8935665fc8bb4e268d50170d9710,0xd83e84c35749b73d82f7680e5d536817215daff929bcda94bb971065cba250e7,ok
0xebca4a15dfd8cb67da2823a322c8cf2ac86107a3,4,0x02ac3ad5551e310f82e8243a0fb869babc00dd88cdf7d6c0e58df7b5499ef4ea7a,0x04ac3ad5551e310f82e8243a0fb869babc00dd88cdf7d6c0e58df7b5499ef4ea7a1d4473684d87f87a1c0941fc5689fd009ca1a3b405679acba3a22739451d5ed8,0x46996e67c370047171720e96f28a9e911ede06503737c181406fb68220c52251,ok
0x26013b787aac632a92483f669e2de85103ad2536,4,,,,contract
0x61cfccadf1608117b50681b8f2429e0762387b35,4,,,,contract
0x0d6e832e8188c308904de51ea62b43920fe1da46,4,0x031427378a395e80fae2e29c32ae5bbb9d2df2a1075f37082f5de086a80f25b60b,0x041427378a395e80fae2e29c32ae5bbb9d2df2a1075f37082f5de086a80f25b60b990d298c7d62009c87f5d28048d2604ac7cc2a6887582de88d9dc60624b3a3e9,0x96535eef875f44ada5d7a0ce8135fc265cfb08f3052e1c8de40a3b6cfc4ef2e0,ok
0xacc6ddecb44c559203728dc0c675f7c65ac84405,4,0x02610070d84e35b7558c98aa3a804d313d6d6f1194c1c03c6f56d4a9eb94a7d484,0x04610070d84e35b7558c98aa3a804d313d6d6f1194c1c03c6f56d4a9eb94a7d484949cf69b0f8abd0c289c34f9a0a2a872177ffe9c2abc035458d8bb07cdac54b2,0x16be2702125aa48584ff7af12d1d894f54f40b27b98a91d8c82a26c6bb601a43,ok
0xe123b7df9a55073b6bb726d87a41ee18375ded6e,4,0x030377b1f576d86a0cb26ee7a7821fb16f5c99184841b2bd22a22857d0e78c1240,0x040377b1f576d86a0cb26ee7a7821fb16f5c99184841b2bd22a22857d0e78c1240a471ac668ca27b326c48194cf29a5ec76667bf803850ae74e5b496ef1446d32d,0xb9640fbf021c33767b7d64968f14f331cdb7a20e7a2755fafe5763969e6f3a5c,ok
0x68c9bfe4c5ed8f83c080eed22905b6713ac68016,4,0x023022862260d5038d4aab01ae42c8eeeb0eb55dd66df0945ac42ef44cc5b275e6,0x043022862260d5038d4aab01ae42c8eeeb0eb55dd66df0945ac42ef44cc5b275e6b687008c2f4e56976645793ffa37d8af6239f8fa747b54c47ef3d8cf81e34090,0x3d3dbe2429e70bb4bcc624ac258b65481615bcedb255fc721de06621c4dd985d,ok
0xb0cb2e1f0c9aa7cdd947fc0557a7cb206a503cb5,4,0x039afd1f4e4176b1fd2c706ff8a13d51180066e0f470952b462e3467ed6a58484b,0x049afd1f4e4176b1fd2c706ff8a13d51180066e0f470952b462e3467ed6a58484b999d56da2a54888fcd6b481ad32e52d36d5b2cb5659217885d09ba6385ea9651,0x92f7b37471207d689115d4e1f08c90182275a2bf235e06a4e5f7ee3e0053bed7,ok
0xc3423cd6f382912220257f7a3bde7feda9de8f2c,4,0x021f19eddb4652dd9698495fbb3b055f873c2d867062e99200955f6efd8e3e5f85,0x041f19eddb4652dd9698495fbb3b055f873c2d867062e99200955f6efd8e3e5f85226d44f54d2683ecc2146ef8973c776fbe10f1be89a3e1652ac718cccfa398a0,0xd959b13fbee46eea151ee4b7cddd44510ec4da7e2ebadd670f81d2c5e0aec65e,ok
0x7558d13baf0be07757a9bae468eb4c4c9bad9f3a,4,0x031800cfbc688d20f36ab86f16e30ff4d137d7efa03b91edc4afd412d4e247fe1f,0x041800cfbc688d20f36ab86f16e30ff4d137d7efa03b91edc4afd412d4e247fe1f95c4cd7b1799f2cc8b90b484a55fdd81805dd4e1e246de02061091d769d9f385,0x5d70a2eddd860b2accdd3467a54c7923cc55c5fe6ee2f188190f01678cdf7c9d,ok
0x23d1ca645b4a2f0d81d896e882703b5ff91a7919,4,0x03278331a527891f8768deaef7f6de041ba2e630a466c7a04f399e417f9acdc04e,0x04278331a527891f8768deaef7f6de041ba2e630a466c7a04f399e417f9acdc04e3a8e428af7936386de552ae0c19f48c7439a1435534d6178a15b1c23ad75e2a7,0x08d0e2c8093dff0bbbab00391f4bcbc41252af296a3dcd9fe6bf8c9cbd3722dc,ok
0x6b6e2fbedf0c5146dca6d0b31db6fabb98d5bbad,4,0x031d519ad4173ed724d43ccf32158ae13ca2bd4397f22a7b3c1d0a353ffd7abb97,0x041d519ad4173ed724d43ccf32158ae13ca2bd4397f22a7b3c1d0a353ffd7abb972b21fe81e5edf55c0d65795569a95fe466183aaa601bcdb10d5e27fb0e4afa65,0x096e76386bb7a5cd01dab221574076799b202fc654151b2b531c5350834246f2,ok
0x34b78d3fddee993022e99b793376b98020e2454f,4,0x030b5ad2c855a28e90d2af1b5869334aeee4614c178f06dd7e0450fe9477a9413f,0x040b5ad2c855a28e90d2af1b5869334aeee4614c178f06dd7e0450fe9477a9413fe993cf7139cce1fcc9a5cb109f9fbae0fa5f2916d1b3448aaedb29482d9b7c35,0x93f240b92dc971128584fe9ae062ef1c27b855d8da33493e93b2efbfa4befe69,ok
0x7c5b8d297bf11fa2a6bd4bd476fe4fe608d61938,4,0x02e53bdf0bbbdd94310a0622369b5ee416d6fce7f7c9085c8aff43f55b551a0c26,0x04e53bdf0bbbdd94310a0622369b5ee416d6fce7f7c9085c8aff43f55b551a0c2688879ebfa479798c11237ba7bc140e3d726a0a80142ee782ec931cb837c5064e,0xa8d8395c23ac575a0fce0ad93981cd065dce5b99e212986bb3fd7ed2813e0cf8,ok
0xcfa10eb34cae908e6342caff77328681f3a6404c,4,0x03099aa803b4651d56aeb04741d1b25fb081510d56779d7a89c634ba26abce209c,0x04099aa803b4651d56aeb04741d1b25fb081510d56779d7a89c634ba26abce209c34b280222305a9d18f5eb6035f0d5ac2cd6e42f9c2b1474e3a3eace41d682623,0xc5c4b5c83bee84ccc62cab984330b646497140792233c06e61743a1b0fd20cb1,ok
0x785fc8c841f73e5f64903286a6efa46785de8e24,4,,,,contract
0xffcb87e3f0d9a464cc53c95422cbb9b5b95f2b7d,4,0x026d29f9cb00bf1e1ba29b3bedb1de9b550d223b8a3ddd5cb1ac2a39b3ce6b51f0,0x046d29f9cb00bf1e1ba29b3bedb1de9b550d223b8a3ddd5cb1ac2a39b3ce6b51f04f1514123ebfaaefdca73e9360afedb4a1168ca58d7c11434391c120fd44d95c,0x63a20dba7aaf8cfd60ff5def8ff5a3b68c429ec0848c43d34310382cc260ce95,ok
0x93e68d3a01d5e914dc45da9688c351ce053c619d,4,,,,contract
0xf43abbd4e692702f20b244a41d0d0063cf7ce710,4,0x02288a4d3d071366c35f75cb601994669fd944edc5cdc3a095a48d4155ece28246,0x04288a4d3d071366c35f75cb601994669fd944edc5cdc3a095a48d4155ece28246c7df7efc3202b21f48a5b7052144e43e77ba368d85643c7eed510a2c63b362f6,0x1300ba8ca6c6aa73da03159e02742bc38067bbd539b128268c42f2d5505c1c4d,ok
0xd803405e9ff8e8f751c4a09f1dfab6fded6aea47,4,0x033642d3185bb8486c59dca135dddee4a0b308ceec91d4f4cda341ff95c0c08d73,0x043642d3185bb8486c59dca135dddee4a0b308ceec91d4f4cda341ff95c0c08d73bbdf7d1c12d65369d758b150017c7fb15ac33dfdbd69fb9e827d2a7bd225e015,0x14378cafa96dacebb87e70df343fd97c0f438042a6f2ade0b1f5ef5b09ed9c66,ok
0x78d26d6cc0d987e58c943ea1f7ab50ca52642d5e,4,0x03ce5b8c240b885010527f8c40133a7015c43947068733b64a2b2b6993ab40dd61,0x04ce5b8c240b885010527f8c40133a7015c43947068733b64a2b2b6993ab40dd618b9bfd250998929411585d7d686ae3119ffe3eb3558c777d4e38ea7b705aa2df,0xbdd5e88c6b8550db414bcd3a37a8f7c068987c495d70dce3f26ab81275216e6b,ok
0x398421be2891ed44a35b705b0838ed59fdfd7555,4,,,,contract
0xc88c9ba6872f39fad9afbec455342c982e7a09a2,4,0x03242f6329ece89bdb3f9ed8b43c2820cfe85e9f1dda35135c0e0d4c02d6419b2c,0x04242f6329ece89bdb3f9ed8b43c2820cfe85e9f1dda35135c0e0d4c02d6419b2ca885947c8be0a70f862d68491234db48286e902a358c4837284768d07c66405d,0x36f2e9b47608d12e3aa05618ece234af0dec43bc710a1f540c59c271c406db77,ok
0x64b641ac303cf288dfe13d5be7e26b9fc49a830a,4,0x032c4c38005cbf375d6ed211ea9983286696b569b2fde51e5646b4098e6eeb9239,0x042c4c38005cbf375d6ed211ea9983286696b569b2fde51e5646b4098e6eeb9239bc3f6c85b41b9f0d5059be04dac5bfda464bc5a83da67e6b560e53ee94642f11,0xeaa5636bc92d75f4c08769797fda867a2ba93931ca68baef3291ecaa36cf9e1f,ok
0x228f9fd74f35080771a9e858f9575451d3ccf7ed,4,0x0253279e4f847f6891fc9b5b7f972aebec68dc2d5f875cfce8865a93cb0b69b421,0x0453279e4f847f6891fc9b5b7f972aebec68dc2d5f875cfce8865a93cb0b69b42176c4a8d0e1a117b2d92b02ddfb5979a12bd76e804896e2c4032f822480d6ac04,0xcb7e8c0d6ac4bbbabb84b79fa77d53d9ecaedad3486923867c42deac5cf836dd,ok
0xea0c49abfdad5f4c88554eea95f4997a407a9a2d,4,0x03015cdac61b8b522bba34cd1f6ade8c3b5e114ed546fc4bb9a854c8957deeb3eb,0x04015cdac61b8b522bba34cd1f6ade8c3b5e114ed546fc4bb9a854c8957deeb3eb4f964e533adfae50fedfed1cc1711adbdf268d3b799b78de022e2d9271e54ea1,0xd89ed7e55c886db7d211882bd0db3b33b6ef58525e4725e9b88134497421641b,ok
0x1c30508d830eb91bac2852fd1835feb47fad11c0,4,0x030101889ed07c44999ca1e3c057ae594c4bc01550f2f6c2be16c8b95e1e67ad3f,0x040101889ed07c44999ca1e3c057ae594c4bc01550f2f6c2be16c8b95e1e67ad3facdf7f8b5c65b5f946fb655a272baf83fdf8b35d127e7bff609702dfc2882b8d,0xa5a97ca7180a0d8586f12bd1bf63ab414662392f00c5500bfe021f0ccc62ad74,ok
0x5a7749f83b81b301cab5f48eb8516b986daef23d,4,,,,contract
0xb2dbe161a39d74e39bdf69810b13fd507b6d49e6,4,0x035949351527a9f221907e175a858a25385ccc9f0b9a6dd656d3630194e6b549e1,0x045949351527a9f221907e175a858a25385ccc9f0b9a6dd656d3630194e6b549e1d7cb7fce78e34e11415172c9fc3e42db320ac008b16ae2321e059259b0e4042b,0xfc38445ac9c62c9815909818b5a44688de81e6d156e68ccbfadeff69f5b24ecb,ok
0xb3fe953734926d7d931033a5f745a467f3c27fef,4,0x03c2b63d284a7283748536f11d6474ab45caaabb3227def5b7a1cc2ff776260eab,0x04c2b63d284a7283748536f11d6474ab45caaabb3227def5b7a1cc2ff776260eab92750b8ed6575eaf7f1b20e5dbe4a6b44019c76be00b0f33ceb025952775817f,0xabeb03aeffa9a62c311b2ed0b51e4ae3e5f54e3e410b1465b7ec1437cf1a15ab,ok
0xbdf4af1e6aca9dcf5d2e9c05d67afe5bfe2e4241,4,0x032f5e74fe25f9b27f2fd56f53a1fc84ff7867b53f0264f0db7680e6d3a82f9fe3,0x042f5e74fe25f9b27f2fd56f53a1fc84ff7867b53f0264f0db7680e6d3a82f9fe38bbd6ff10c2296e74fde38705c5e4c3c4f8f0788421b50577f9e2f2bc0772777,0x66ff32a55db341fbde684d24696ac52aebbe173835ce84379a36cff5a4063a3f,ok
0xb61cbc559425bf5f156d8c759b4a72ff09a2dc30,4,0x024dac6b583716151f7ede9d64f1acf5e626adebe6a1e45860452fa1c7ebf2f116,0x044dac6b583716151f7ede9d64f1acf5e626adebe6a1e45860452fa1c7ebf2f116ff06377fc73c85e47f3a55321fe437da96bf733dda22c85789fb96820ca2bb7e,0xe2353cd530fbe9ebd56fd8699eea2e852f7a6f2318660d68ee73a62488e723d8,ok
0x865fa597f192e2db7d9496c7268a720c514d7489,4,0x02e4a5eac1aa4add6a4efa08e76eece871a4b8a1fd66300a0c48b3e8c9850094a3,0x04e4a5eac1aa4add6a4efa08e76eece871a4b8a1fd66300a0c48b3e8c9850094a3850036cc3818b6b193e9a7c96ebef05c8cb070a1ead44994ce3a09eb86297998,0x15aebb9d083b27474a7bf24066aed2f8c5131168e5243efe92d10e59c38fcd34,ok
0x4a2327ef55beae251be0bb7eaab1421c5f03fc2d,4,0x0216b6eb3cd1eba81b06777cc7b029d08052ad0c6738359302aa29a6ff63187b6a,0x0416b6eb3cd1eba81b06777cc7b029d08052ad0c6738359302aa29a6ff63187b6af0c7f0c4702f328f7096e4cbace80bde51c9830d669f48542c891e8bd58d1b74,0xd89b13081992c741006f953f21874a6b12e7ac1eea4dc34aa823dae6f6246dc3,ok
0xc32d2c2797c8d340c71d7108daa2bb148ed364b6,4,,,,contract
0x42baa7145ace15700716788b1a831fd106ecdfb6,4,0x034752252819fc66e0e631b9df6835c9700408dcafce04a26d7f3c0723e524cab3,0x044752252819fc66e0e631b9df6835c9700408dcafce04a26d7f3c0723e524cab324613b616f00e2b482105ee3cdd468216bd9cfdcc1a5ba145c44835e14469883,0x5d17b8e2bcd70d2d5f421562326be7708c5b9719d4cd5c12c396faabbbd8ba8f,ok
0x57638bd80cfcfdf172fa1d2d67260bc253096b7e,4,0x02cc06551303d01cd6933993ddabbd0f7779c6c98c3885a56d3cf2945b8454c33f,0x04cc06551303d01cd6933993ddabbd0f7779c6c98c3885a56d3cf2945b8454c33f225781f229cfa0f5c60b22e50a56d738b94e3b085332810490a447566322e1f4,0xfd8ea96f0bdff8ca20a6af0f1ef1a17e9e96a855fb9e13f64582f749f96eebf8,ok
0xab05d6555eba7df718c3086ed930307207278231,4,0x025c3312a251eb6f2fa8292caa11f935a3cee0a8d311eeb19ba9717953ae0ca256,0x045c3312a251eb6f2fa8292caa11f935a3cee0a8d311eeb19ba9717953ae0ca2561cd0131b0758e97f046cdac9fcdb716e292f90dd2b04db9e2fd7661ee0b5ec36,0xf5b5dfa2a01992d4589e5eae3c54ddaebec3820f6a89674e2e3ec2aefece41dc,ok
0xd24b8afc3ca867e64cd124dfa4c6a33f566aceca,4,0x03fa1d79fa69c46e36cf69bbe64b09806db11442968474198464a9f55d9e8fe7dc,0x04fa1d79fa69c46e36cf69bbe64b09806db11442968474198464a9f55d9e8fe7dc8534360f94d8b4d1188ac5f954cfe24bc0e74449530c3787e5aff458991617e7,0x85548094a10575186d78ed2266b7b5c323a6b18f7352c197ac9713e475f3f584,ok
0x4970cb1bc7d40e85f85b7c5d4238b0715eef0636,4,0x036384023418dd43547ac9005d960665f420ab96b59196d683f19d4f1611d938a5,0x046384023418dd43547ac9005d960665f420ab96b59196d683f19d4f1611d938a5f44bcb6f926fea0134f7efe704212c33174fc39db351379357e6dfe2cce637c5,0xc720ea8fd318f9fee6578a2a5c07dff7a64401402df5b45562d1c5d2ddbb72f0,ok
0x15af0a3685f3fa49aaaabd7524a2bda7610453c8,4,0x03724cb87ff37f003ce27bf1f2c58d438e8c0a61c653ed5fc03894428fd7da4fc3,0x04724cb87ff37f003ce27bf1f2c58d438e8c0a61c653ed5fc03894428fd7da4fc393489c89591511c882a41ea7b6deff896c9f1dd9eb412774336666d572274551,0xd5e14e6efc9bc0f3e6c39dd0281d4772e61773ba4e374d88299c17daacc923fa,ok
0xfac3dd6bb385ce5e4359529bb98d7cb0e263c057,4,0x02112250fda6ddb6fb24b801bb4d3dc81bf6f1c115c466b84b2de2a364edd1d26f,0x04112250fda6ddb6fb24b801bb4d3dc81bf6f1c115c466b84b2de2a364edd1d26f279df950012292970a92aaad7c5d7d97089f8020d896da894ee05058c381ab8e,0x2b51e8b75126e317df6f5491684ba57dd553ad243ec8fea5f6969e78482e39e8,ok
0xbff2cff10adf6cd9fbc9c495bc81e28cd1003e23,4,0x022eade854cf634a2ba47262367191c263f3213b2794fb2bc172883c8e233391a7,0x042eade854cf634a2ba47262367191c263f3213b2794fb2bc172883c8e233391a7d8ebf7251252567aab729025650490031641d5047b4854a4b651facda2aa45b4,0xda5dde649d185ec1822e707a192abeb61e5057e5b7a0012368105f4c2567f6cf,ok
0x32afda4782e69837d0c06e5731d1c1895a0d722a,4,0x03fe235edd1f787fe0c78beefc6bd4f2fb6d9c30ae27eaf1121ad61cc976d510fb,0x04fe235edd1f787fe0c78beefc6bd4f2fb6d9c30ae27eaf1121ad61cc976d510fbe704198cf22f805f9fa4c14a61ce93dcd103dcb539c6a9789483a0cd39f75eb1,0x61b843fbc8c711e5fb13b36ae6297da1622ab7fd5591c65b8931e90f2e11220e,ok
0x834cd2ffd58ea661a8b9432cd14873776404191e,4,0x027780607997a1a4d0c630752238f8aeea772f7c67fc35e03df48380fcbc2cedbf,0x047780607997a1a4d0c630752238f8aeea772f7c67fc35e03df48380fcbc2cedbfa92a00bfcff99d541d594e2586c89b28b3f6b99d5c58ceb90cbaf8a8b7eb450e,0x35bba50488709c77d1ebcb72630100ccdbe99e604a78ebe9af7d046b66af652b,ok
0xc44a209dc655ae5911492b264692d0ffdb34d4dd,4,0x02c0445960bd8c822ad594019f5d75786e528610b6943fbd95c8c1e15a5d958d53,0x04c0445960bd8c822ad594019f5d75786e528610b6943fbd95c8c1e15a5d958d538ff397a789ce4a5590f1ff38e0f53ebc5084d4fbd4773bcb9580af84d50c046a,0xd8ae7c76a1859b9a391738802e8ead9f0595a786c7f9f94fb07adccee15de75b,ok
0x982083883a652deee0a525da1003edab48482af2,4,0x0324486623c087223749a726581262971679bb53610f2e4572d33317b240b17d06,0x0424486623c087223749a726581262971679bb53610f2e4572d33317b240b17d06dff0cd9e02bb7d1081c39acede8dcf1b613c41e4e78e62e89fe1a787cc157cbf,0xd4a436cac00077f9a0933982968c473ca1a312255b391247a961154bc6d92849,ok
0x12cfb1db767fea232fe925c557bed1a80e027be9,4,0x021da06c77a638d9fe83393753ef9be0cc3ccf6549c4004e876fd1ffadf9151e8a,0x041da06c77a638d9fe83393753ef9be0cc3ccf6549c4004e876fd1ffadf9151e8aeb6e17c37932230cdae7f859e9e6755df9326024989733ddaa5bea88e238db8c,0xc65edeaf0ed0aff5e803c4ea9c13ada153476d19ff52211ae3e2b0db92af817a,ok
0xb5b9ad81fbcd50d3b9dd4dff7d8e25e7325d622d,4,0x02aef4f3a6ca95b1dc4c17f8a2412700daacf3f135e1a48a23d6e2a5420f85475f,0x04aef4f3a6ca95b1dc4c17f8a2412700daacf3f135e1a48a23d6e2a5420f85475f09728ecacdd9dec7fbc2e808a1dda68e7af3eed862b570582aafd6d498b50686,0x528d1b354d1c34cbf9a1c699af0cc4cde4fff8e5c70dd5bb5e19083359081745,ok
0xaac8a151414d38330bd8ce9d7abe55e92b63be38,4,0x0312434606fb40b70a3a32f8b271ff24358f2a57db009f812fd18556f2af3308e1,0x0412434606fb40b70a3a32f8b271ff24358f2a57db009f812fd18556f2af3308e1fee316c84a7e5e2b68517be410b2d228e8ea8d0184ba84002fffff0d05313d7d,0x3e0e1d8fb738e080c8112e24c7baa99132956118cd25a0b59909be21c205db78,ok
0xdcccbc712de62d3438a6620dba01320e283ec006,4,0x0240a4e8a2453efcb947e6e85e60428da721a16429ffcc6cfef0ea7b51dbcfc0b1,0x0440a4e8a2453efcb947e6e85e60428da721a16429ffcc6cfef0ea7b51dbcfc0b155594517452019e8a93f6374a84be230469df0db325d5c7fb86ef66c7b608a6c,0x39a13e85864682259a06ad00034a0457302f5f1eff77ded585d6c30b33ab963d,ok
0xb0adae0f8481f3cca290168cc3757b0ef38a7e02,4,0x03832940f8c53c7f19326c2817e5de2a35f6c7e2f614b1e4b5f338d72bc0a6210a,0x04832940f8c53c7f19326c2817e5de2a35f6c7e2f614b1e4b5f338d72bc0a6210a8e20fd12a1204184c4c34d521f66bd29ec35374d5df18a26c3fa3433e578ca31,0x47a311ac34945bb3644a0d4f0b850eb62c66a0937c4703c2a88544283c3a57ea,ok
0x85f7d9e7af1553738d798114c83ec4b0a448aaa4,4,0x03bd8515e8791bc3f261fc98ab058bbdb617852702d1c05bde3aaf35aff22273d7,0x04bd8515e8791bc3f261fc98ab058bbdb617852702d1c05bde3aaf35aff22273d7189683aefdbd3dd329e17eb462db9a962683896d47b27c454b034b93e505635b,0x310427d516ae55c6bc484b99309b76c647f521577e0a3d9140c592cefbef3db2,ok
0x5c7c2031eb86379d134a377b7ba842ee58710ff2,4,0x033745fdf8624d3b863d246a2159694945a1a050a078fde2591978905c92a1406c,0x043745fdf8624d3b863d246a2159694945a1a050a078fde2591978905c92a1406c811bb73da180b804736a719a7f6c350a83ec7249404cd9a1a3125c6e64d649f1,0xdbbdd3054f4bc9a114f6da838a8a075bd2807a1cc2652691d45d053a075552c0,ok
0xbc6ece2d0ece34243277aa93f74035e1020e2b56,4,0x03faad93e63c91a27ae6488d81b3ee1db5db92f1e48ac1d9a43c51cc7dc088243e,0x04faad93e63c91a27ae6488d81b3ee1db5db92f1e48ac1d9a43c51cc7dc088243e8b5c3a9bbc01cd2c10defa06ebc3f968f1c11f797541d6bcb1015cb0ad8208d3,0x374fc8012a357e815b565cc7c9311f11e65ce78f8afff0dee19683120ee9d561,ok
0x30ba0ef4801a29335f00b05a2137806e1e851db9,4,0x03a0324c3b30ec411c1784b046e946fac84697795713834eab740b6a6cb55790e6,0x04a0324c3b30ec411c1784b046e946fac84697795713834eab740b6a6cb55790e62b655e38c11a2c705ee53127012704eaff4b93040677df1c48305c8a3fb857f3,0x73e708482517e900eb0112f062922c311a870ed99557d8d26814501587176e51,ok
0xf7f06203e5e8e8f549fbab78ef7ed7adec9cdd89,3,0x038c03393949d4c41535a3b0cdc839e2d2d875adeee7caa496ff4c448e890ec504,0x048c03393949d4c41535a3b0cdc839e2d2d875adeee7caa496ff4c448e890ec504b7bdef77b0701b1785e036a9a03bff54e89d842937cf5d994a2f9e93f68b5807,0xf1c3c25fb83cab51a59376638836287b69ba7ff3f11edd01f43002dfc34e924c,ok
0x1c80b41b4a18ec7888d77889f9f332adb1c73c34,3,0x03a1cf802dfc52820b26b12b3ed9436ce56058fc209ab3e99c37d6bfd8c3687fe9,0x04a1cf802dfc52820b26b12b3ed9436ce56058fc209ab3e99c37d6bfd8c3687fe92dbc579c574472589474936f3cb9f0fca9e632489020fae6ee4b04a8898fa941,0xec7011812d2d3d4805bbc3bf29ba606e0bee8472edf29e535b61241bf2b8cea3,ok
0xc1401759844dd36d5c80bc045f69657a43b44cad,3,0x026afce8244d6d1a7d080c084e46419c3b7ce7bea55370df55481bfd0ddae85d58,0x046afce8244d6d1a7d080c084e46419c3b7ce7bea55370df55481bfd0ddae85d58f3ab938013066a063437b658b279f1dd9e579cc4d1a364899d468c8222e43206,0xbfbccef44748b47f5ce91f1e4619e2d8483c7912cbdd61616f66f2d4b9931ff6,ok
0xda151a0a1497ada1507f803287716b21ae3934f2,3,0x03b0088150fa9441f853005c7d40315a9088aad612db4d90ba248855968a867245,0x04b0088150fa9441f853005c7d40315a9088aad612db4d90ba248855968a867245593293b6a5b2c445b097902c7ddf5bceecb0a5e0ab817d1762e8a6b93a8ff169,0x71e5e296398e55064f386944b5d77ac874d54c2d3955e51a9dce2941df440f57,ok
0x02e3d364666cce698883ae5d3dd2b8f763effd26,3,0x032b6e54f28338bf3ae16bf58dc801c704e2b9428a4eeefbd1f71cd42cffb397f0,0x042b6e54f28338bf3ae16bf58dc801c704e2b9428a4eeefbd1f71cd42cffb397f0b4b53219b501bbd21f00e759ce01bedf937090ae18ef8c4f75af9a970e944c91,0xaef86863438938462f6054abafa5389c73f0584fb405e355643d3da051ba56b9,ok
0xa385d9367df02d05f72a5ee0877c5ba6b7bf2ba6,3,0x03c5e319d32a6a06222901b76c0606b7af3ae44885c70f4d9868a90415c072f057,0x04c5e319d32a6a06222901b76c0606b7af3ae44885c70f4d9868a90415c072f05741247551385efba2681fd2fcbade07f9fea44d3e7092b8bbb3c371adf067dd59,0x3f2bcb28d07a17133b7d8abe121207c887724749c72936464c6966ac0bc20341,ok
0x3bdd8d5e5b2a56b35cc66b0f0bc424b091b74fd4,3,0x03ed0c01dbb924cb0574fc082e374c3a4451e4334d090d1c7e936629a08e588221,0x04ed0c01dbb924cb0574fc082e374c3a4451e4334d090d1c7e936629a08e588221a6cef23cf18b15d1ebb74b36f722dbb69f97e559db427f3dd2333f40490465e5,0xf9a1a49840bfcf2acee455d846671ed7ef000593f12af06dd4484c7e56f71e7d,ok
0x3a82b6e85c37b46fc1282c955ac233b6ce2d6425,3,0x03aec44877e9b17ce06d2290f8bfe42bcd947517d68e00f7c38436ec7d91ec1803,0x04aec44877e9b17ce06d2290f8bfe42bcd947517d68e00f7c38436ec7d91ec1803dc92a22e5b2e39b01159a0fe01408f29baa50fcdc9521187800303ff76a6a4b1,0x8e392acae47b6bcb3c379203a77968dfda11f970febeeb2ab18d1ab34e46d5ed,ok
0xba4d3b8bba885d0cc00825494520bde0ed636790,3,0x03675cbde62e499ddeeec85b27693487146f4116130488acaa50182ba9330c3bac,0x04675cbde62e499ddeeec85b27693487146f4116130488acaa50182ba9330c3bacd894978e73cda22d8d2bd718b7eff450405c467a1fbc767eb3edea07161516b3,0x9272cf9e9d25d76e60f586de6e376a7ff072ab738ea5c79e13860d1f19165bf7,ok
0x0dee035f1341c43bbbb22405572f7cb0f4bcf551,3,0x033bbc1e3c12262779f7599ce97bf0ac3477176a38c582a8ec1e071fecfd307f72,0x043bbc1e3c12262779f7599ce97bf0ac3477176a38c582a8ec1e071fecfd307f72aac3d4d26e2b342af130c0629766e1cb7d64ce7a61b73bd2095ce681a05db0c1,0xaa666ed48fa6d4fd3260c51486cd97090f0d3c1597446968e800e7886fd9d02f,ok
0x38a943eb092fe1ec8b8d72be68dda3c912a6492e,3,0x0296ac64a7e1211386157887de76e974fea648797ec868773538483d938a977afd,0x0496ac64a7e1211386157887de76e974fea648797ec868773538483d938a977afd161b4eaa7edf5305c31202690c4e99e10f33969a00c71f5207a86eea1a7615a8,0x7a274fdd732c830c32f909a90a61fe64b369b3048edabf556f72f3aefcb13480,ok
0x684e593992d64538f9d3b3b3053d3b3251216086,3,0x0372cd5de47329fb3377eeb9020c32371aa4ac3e4b86fc173f5a4c5c1efc80719b,0x0472cd5de47329fb3377eeb9020c32371aa4ac3e4b86fc173f5a4c5c1efc80719be4f9b9f428684be73239715b0272ffe670a54feb225b06a353188de4ca2957f3,0x4af224f82a31e113c26f791442670b4bf41474194cd5255238fd607c013cbf42,ok
0x52802c6b2b6d5240bda8dcc4ee58e43261ff024f,3,0x035bba70d9c93e95aff77ea537d0f28beaa46fa8eabf791da392c7ce51f89c0d41,0x045bba70d9c93e95aff77ea537d0f28beaa46fa8eabf791da392c7ce51f89c0d41032ce88b1ff36262de0493bbe7bde1568935c2c1fdb0e24fd60e93796b227b0d,0x330ef4c305def5538604107fc7b1d411b102f4c2447c7f5f7896047ce8494050,ok
0x557d2644d2c6cbb36b7197ffd1799d8bf64e6086,3,0x02e013bbefdf68d8fe97e36cd4709bbcf7effd99cbf411f02a065810de6ce4ac2f,0x04e013bbefdf68d8fe97e36cd4709bbcf7effd99cbf411f02a065810de6ce4ac2fb4ed0a0bf3a567d95d81fdb4a8920e2ea01da363f1907c577854d3663a9dba18,0xfb38613fadd991c1bac4ea84cf1a544791478c9182d46ac6e87f56496db16d69,ok
0xb9d9ed0cff89f425a4b34492dc59843a69096b94,3,0x03c9ced44ed8d7bb7682b6da78d3df0fac11d86d4fa25cc220af8f32a5821802bb,0x04c9ced44ed8d7bb7682b6da78d3df0fac11d86d4fa25cc220af8f32a5821802bb5c2ffd2478066a348e7f42671fbbdc912380c5a83f14e636e82ad23743ef60a5,0xdd4e138ca67b20f8efbcd9dc42c3d49a3eb5fb345336714fbf37a697942a24e7,ok
0xc8e9ba58ec507c6e3d05a06c74436a9693152308,3,0x029ef69310a0d7c78c0d5811acccfc1328d93ee026574520a3b2c0bf0bbc1a30e9,0x049ef69310a0d7c78c0d5811acccfc1328d93ee026574520a3b2c0bf0bbc1a30e999ea796efdac1ec5f357db9a0a78ed852e05f88857f525f5506d13af8efa0e30,0x0b9931474962b41c768e3a0c49a1b09a9fdd5ec9443cbd3d2b1ed5e7a6672e76,ok
0x5cbbfdb8533b48d06b9b506af8571e8cc47b5997,3,0x031f12a8884fd27c5684e47fc09a6f78def8c7d40d0858c9b36840665b46226f25,0x041f12a8884fd27c5684e47fc09a6f78def8c7d40d0858c9b36840665b46226f256316290b6638fb677d25dee7d1819d5f58e3021ef71c53a47058e46c083738d5,0xc7229e2ab84166500a8c8c96bad8aa3ef9998a7b1637733f7d33403bada28689,ok
0xaef9af7d723fc23c717d9c8d12e5f38d09458f66,3,0x0315121a0ca7b687fa823190f2dee2949ef24c6dc84cd664fafa436fea752c6c44,0x0415121a0ca7b687fa823190f2dee2949ef24c6dc84cd664fafa436fea752c6c442a9b545851a8da31c441c8bd08237b833a6571c8de4064063fe6f00197a4b4cf,0xf08cf857d635ca1fe72cacf22beb07a33dde9b27fb91622120ffcce21edb5dda,ok
0xc50a9c4d28e7e5a2dd9edfc9e0fbf066096c9473,3,0x0299ea07a45a6a47b4d0d7700bb3d846c8e551c9dd162004ff06262ae3657a17b6,0x0499ea07a45a6a47b4d0d7700bb3d846c8e551c9dd162004ff06262ae3657a17b6a7ea6a378e99e0496e8dba14e870b0b8209af835af2b7afe609efd061935c508,0x80e53257a5a2d9478eecb89501ea8dd6e8a63a327cd4146c5b42cfd08133b0f5,ok
0x16ee2e28af5e71c5a2a7761aaa84e856dc8f2ff1,3,,,,contract
0xcc46edd5dbce351e8755095b0f788a41d8b8d755,3,0x037a98f7f4a01ba031af9efd13b7a21ad4615364865b429db06a0dff9e6bb660da,0x047a98f7f4a01ba031af9efd13b7a21ad4615364865b429db06a0dff9e6bb660daa6319fcf0d2692947eec5fc8a935d98c0166f143f1bdc1feb1eb370f8b32a16b,0x01cb695ef86123468c1e49d43c46f2e39c369a5c3c7ccab594b244b2eea53e83,ok
0x43dc321542de4147e89825d07fa4da869ccc9bab,3,0x02038dacd2a0555b255610ebc2193309bd292b34aed9e35fbc6cc862de560d3ade,0x04038dacd2a0555b255610ebc2193309bd292b34aed9e35fbc6cc862de560d3adee487c2ce09c5a093722eb6f969127a4e2b0a20066264769a386e2a553b16af02,0x880e42367126340e402e36f83585b860dd662c7a689a7941dcf08d0984faf85a,ok
0x39fa6e3ce722ceebcba9b020efc14d006f9b532e,3,0x0257044ea75b2dfad2cf3461b55c2c2ce0745fd15d42f2cb86993fc63b7ac35167,0x0457044ea75b2dfad2cf3461b55c2c2ce0745fd15d42f2cb86993fc63b7ac35167d77f9d884bff4741f236cb96af0ae8686361680eefadd8c6d73339a9540ef85c,0x14bbc71cf694601a85548a33262c4676bd885867914781c2c2c856b23175b853,ok
0x8823a25809e29493ecd36403ea060b7aab33d3e3,3,0x0251feb89af91dc5e55ad6f313f72d0da1525764bbdc3787e3e618dbad9078349c,0x0451feb89af91dc5e55ad6f313f72d0da1525764bbdc3787e3e618dbad9078349cbc154d1eb030c362a90f3c5a69b68cf554dc70e60f193bab03c548f79e0b908a,0x0f839fe5837139169976eba56ed45f57fbd977614d11ab44ff8e6e9591c5825f,ok
0x8171f869c0ec537acf0492091669f74ceef2dd12,3,0x034f8840cc4e87d51a9ae238532157db05db463e6ee644433dfa9e0451f81ea706,0x044f8840cc4e87d51a9ae238532157db05db463e6ee644433dfa9e0451f81ea7060bff3b4c214e2a062e11e09d80145d2194cbe3aa79e4b4d3b76b5fc351a0672f,0xa9f53146a16e8ac16efe4a0e0189e3f71ef1733b86ca1ccd9b6684b8d6269f27,ok
0x705ce74440d5f669eec7a7289efcc5fdc0974e4d,3,0x03022e876c8a9c9fcba4e9c2a6eba08d839fd4dfbc45aa959888de5b29546ebe5c,0x04022e876c8a9c9fcba4e9c2a6eba08d839fd4dfbc45aa959888de5b29546ebe5c6af134dbceeaefbf9b80de9d548dd2482b780456a8ff059417c9e32c3b3771bf,0x9b9e5186b3a33b8691e24bc87be212d4a05469167f0fa7240ce4619ffeb151e6,ok
0x2492cad2dd36de0911ce4a27f1d2b89ae3fee117,3,0x03dca15d9aadad14e46b88c3b6ae7f6fe99f9d9936f2056b68edd788003a195c7b,0x04dca15d9aadad14e46b88c3b6ae7f6fe99f9d9936f2056b68edd788003a195c7b105f5e90cfc7682dc43160051d4f7057a51f3888084d529daff8d49e18ef353f,0xa0bf4e1c681a1391fe7ec57debaf9b3033ee2cec810fd98a488ca0776aa79608,ok
0xa49b69d33ed0afda73f6572e2fba9d0a3f65e4bd,3,0x02c9c7fd52e48b96dd8346c08052526d5d14bc15fcc2fd72416d1c57937a6a1353,0x04c9c7fd52e48b96dd8346c08052526d5d14bc15fcc2fd72416d1c57937a6a1353332d8c0b6f7cd6489d635839a8863861959060676ed2b04a003c14875d40ed3c,0xf29c91c2251fc9c5e60f4aa717b4bed858ebb43549969c492227e4a81781d2fd,ok
0xbc9c522417d58f94515d6b79d7a9e615f2f0d1b0,3,0x031c39fefc5def9ef96ef8f83a1c5529efc910463892b788b0d0bd5d38b96aa00c,0x041c39fefc5def9ef96ef8f83a1c5529efc910463892b788b0d0bd5d38b96aa00ca35a50a8c933e7765dcdf196c995bf8a9e92c1606c1232b94068fda284ba2165,0x1006666782a9161b0eb15453a8cb1a9a8f37fa7dee7302a6019611b3f1e97bf3,ok
0x42abbe48ffe683d8b471c90d6c3d45502582c326,3,0x024bd596dc720039b45b7ef112b20c55f2ea4c9a25493184bf917414c4fce41df1,0x044bd596dc720039b45b7ef112b20c55f2ea4c9a25493184bf917414c4fce41df1bffd35321b54c2ff792acc2e89c4667d2d19eb3032709d55c484697602b5c248,0xf5bed77d8acfe6ed4d2ee77098ebe2e62213257bbefa2731340cbb27b202ae62,ok
0x28c099d60e0f6606bda34014a12753ade3195244,3,0x03d196a10c537dcee353250e2a828b9c41d304a9d5bcc16d09f95516b79f7800b7,0x04d196a10c537dcee353250e2a828b9c41d304a9d5bcc16d09f95516b79f7800b7f86d6d02fa6a8e7c998162a0890bddf9a8d7c532b69f6659de8a922d932c3ad9,0x49a5000c82b48daa9596c61947f570ccc7e4a584d96b1d2da9828893cbc93f9b,ok
0xe77a5935e4e2f4e598adcf3e61bc5b4743ee88e7,3,0x022d6d3b11b13609d11db374a271c8931c3c1f36d7d67b6209adbfa18c6468f4c7,0x042d6d3b11b13609d11db374a271c8931c3c1f36d7d67b6209adbfa18c6468f4c7c25e20ebc88e3da0206600ef5082d540081e7a9305dd4a81e717fc446bb68dfa,0x0d0a8a816385c0ad10c30fd46f60a582c63beae4e629c5c737c0416daaeb5b17,ok
0x5e78e96187789aefc38eaf1790a40a87eb0b641f,3,,,,contract
0xaab961723e77c77af13968f89beb80ee8c815cf4,3,0x034c474efd443d9fdba4174238a0e2220bac2a53cbe8c66eba2ffc74737382c1f1,0x044c474efd443d9fdba4174238a0e2220bac2a53cbe8c66eba2ffc74737382c1f1a0537025d88803b02ce76c4bbf31d707a5e43b164de56a31fcc1d0e13472c505,0x88b2d79f6a2229416ca9c1549fac93a7a05583959881a6469adac3c231d01d2e,ok
0x6bd0db0cb440d84a6e3c6c12673ad89db7f25340,3,,,,contract
0xce6e27e298bd6024e91be5028762d57d857bb5c5,3,0x0283725509c439f7b3971fb4a34842f12dc7a37210ff8976c17651c2d48e89672d,0x0483725509c439f7b3971fb4a34842f12dc7a37210ff8976c17651c2d48e89672d68c8c4f1654e76a0a7f9a6431158bfdcc533b1f1c6fe62f75b8b734fcb29c6ac,0xe2e7b84f4f249d3722abfc72fe509b09dd12ee7f9eca7d8ab675fc8517df1322,ok
0x18b0046ef6ee3fd03ba91a190e37e7ae72b89d8b,3,0x028a1d50a85c140b30bb79d1ed548ca1490fbad7707982d65fb676a67898d9e7cc,0x048a1d50a85c140b30bb79d1ed548ca1490fbad7707982d65fb676a67898d9e7ccd0e2dce50a9ebd5fe7412da9645e44a850ddf6b937362e4cb9e01a3d92051612,0x2038696525fc32dced6cf92cdc5476b4a7ac38eed3d00ab81c5256fda3deec38,ok
0xfaf64fa8bac82409b7f19a860ffd0b6539b08b63,3,0x0213199bf138ebccf85a1fff43f967c8ed731cb0624fc6bb50d4c448e8bff4e013,0x0413199bf138ebccf85a1fff43f967c8ed731cb0624fc6bb50d4c448e8bff4e013e3b943e63a2102458827d69bdd60633a37cbd8fb24ae3db47be0c86d488fc1d2,0xd3ca035c2e3c900c1806787e4dab64f1ad62a3efa97457016c0e9e1cac436d90,ok
0x97fd87cc32ed4ccee07b17e1159e9aca85b223ab,3,0x021c5d1388d5d2f16a64ed5e6419d58028bf987d87b30fd7c0f9cfc02fd43aa9c9,0x041c5d1388d5d2f16a64ed5e6419d58028bf987d87b30fd7c0f9cfc02fd43aa9c90dcc7b7d6eab5988b468045087b5a1d49947a00ca733af6735bffdbdd7902f76,0xa9b54b19e785befab043591347b017738237c7f626afbb8904fca3bbf4a54c80,ok
0xd261d1b054e3efaa4eb9717404cefca8d25bd806,3,0x029def293dce9a70c5145cf6bc1b7b2e8ee98fc08511958175a0dfb7868fa130bf,0x049def293dce9a70c5145cf6bc1b7b2e8ee98fc08511958175a0dfb7868fa130bf61611ebc4ed3b84f5443919d89889711dbdf543a13a4a1f13780ce634a7a8f80,0x51c8fe6b2331402b925b82d315dc7a58dd79e4d3b549ded25d123b80080b7fa4,ok
0xbbd815335ea8ddfa9bc1766cd06f64050d409b52,3,0x030c96e155218bbf1b8d68a37213bcf94f7f6f2427ae5db1472ded4c28ff97ab57,0x040c96e155218bbf1b8d68a37213bcf94f7f6f2427ae5db1472ded4c28ff97ab5753f3ff664cdeac48c4cd848d00407c37abeaa4e82565f15ebbf81482857109c5,0xa974dac52dec25f8072bfec20432faeabf903c29072edd407c4eaa833b09e999,ok
0x0ce4b0ec2a332aa96c669393cc2ec03dc2f8cef7,3,0x0202497650630734f6b7e468b24f670e78bb53f23cf457aa87bfa45454730a0ae2,0x0402497650630734f6b7e468b24f670e78bb53f23cf457aa87bfa45454730a0ae2ac2b27454bb546ffa324635a64c4874ae145d4034f3397b1effcdb08c1174986,0xc0285ad10d9af685776e4f4f39e60f68b9b2f4ab28b5d17e214a1d62cda20db3,ok
0xad1e365152589d3501340af5c004bfa1ef0d724a,3,0x0331abdc4cfacd83e3e0ad180a8bf1c4511a741acb4f27a3512bf2e6fd97c18b60,0x0431abdc4cfacd83e3e0ad180a8bf1c4511a741acb4f27a3512bf2e6fd97c18b6029b315c2ddaba3125a7e958fa1137bfe01e04d5f9cb650e9c99d0e730519f143,0x680fc2e7dfa49d5ba9fa81dab8f4be29ce71ff8abb76f5fe194967dc76d87db5,ok
0x9e2ff2189abae6ec2d791ace9bb98ef982231b99,3,0x0343aca7670b869e705b1c4707d41f096ffc210fa134a4015f6aa082c4e0b63dda,0x0443aca7670b869e705b1c4707d41f096ffc210fa134a4015f6aa082c4e0b63dda66eb3e04870d47da23a5671ebb631a529b9c0440005cb74b5116fe59af455821,0xf9d1b67b6f275f4f2bac02c3a0339660e6d5c48147fa2d2e9eba61234b44dbd4,ok
0x219b2f8d9fc36ecccf18f6d877784c5bd3031002,3,0x03d1074198b846c572187494adb66c7f3d34b987fa8540d41c556a875be8ad0a70,0x04d1074198b846c572187494adb66c7f3d34b987fa8540d41c556a875be8ad0a706e0fc13c9a2a7003f55653511bbce10d97cb8856491a29f3ec1cdce3a096e2c7,0x233913743f13201671d2f5a64c9e8c76cab55f60d157ee0786104c29ec167bbc,ok
0xb6953a123a72a8a2c7dd06e45d8010133cfc7c99,3,0x02ff1c7eb1580f92d3ee16a85cd230da122dc68efb9d728df769f2a873c65a86b9,0x04ff1c7eb1580f92d3ee16a85cd230da122dc68efb9d728df769f2a873c65a86b99b839ee19cf70401802621c1b22c4885f323e22c298f3e5daaa5afd2d30081b4,0x5b1324dd95ce2f4dee2238814cb33c94570ed95d88e2b53e692be269c4b3765a,ok
0x184ec46e45cf87ce0864467b490fc8c6b70038fd,3,0x02af24e456c20f0c64d17543c4e34ac746c6f8cfe2c102acd295fb9b1733e80816,0x04af24e456c20f0c64d17543c4e34ac746c6f8cfe2c102acd295fb9b1733e808161d0106774ae88de7751194ee1ee68c3f4d7a34be3f04ab742e95841022b3df06,0x58a8b4cde8de57372a264100fa00a433decc98f8a912e1ec89c8181e98872143,ok
0xcb0b64ad640c5ce94fb1cad0f11c15d63341c409,3,0x02b6f94c5b2c89173c0aebd80d3e18b7e589a12180e61422d4886758c03123b1e9,0x04b6f94c5b2c89173c0aebd80d3e18b7e589a12180e61422d4886758c03123b1e9ec8b350b6c583527e9e4527743ec1aa0ed782e71687aad8477d82d2333518592,0x00775fe0587ad03cddebdec2219083a37c927bd6edf0527958b560c865a27aac,ok
0x290cec15c713e30baf658ad7de15229db98dfeba,3,0x032d46a9dfc5425fc6e0c15ff12afabd876573032e4ef68166f17b88a7e6600e05,0x042d46a9dfc5425fc6e0c15ff12afabd876573032e4ef68166f17b88a7e6600e053605414df7d4dc06f49073576e72d307c7abc562fc9a662c230e6de94d3a3e43,0xd72b7b36e5e2acec803050f688aced853b49c6a215952afe44a40c93f13a6bd9,ok
0xa4a557a71de54aaa0d2616be5e51f1ae0c904cc0,3,0x02bd7a3630a56c69ee9ecf8abab725a11491d3c886cba52bee95a95b8371dfa1e0,0x04bd7a3630a56c69ee9ecf8abab725a11491d3c886cba52bee95a95b8371dfa1e069df086e29e73f5bdc1b7143cf3c95d15fea3667c693fe64433fd6f6bf529fbc,0x2244cc5798737bce658df78ac8c024303e8c2e46ac862aa7377f452b6ad28ab2,ok
0x2588c255133b89ddba6f5d7627e541e2eb820846,3,0x02f8f1f35d5685adc54cbe3cb032118b4665fa0afc873148f1943f6fbf017cdec3,0x04f8f1f35d5685adc54cbe3cb032118b4665fa0afc873148f1943f6fbf017cdec3553fde0f81101fb1662cc8994c05a7bcc15b910a0651907850c686f6dfe4cf80,0xcd067d9bc19f128d5fe71ddd0f57d0da64a77a51e678c00d5dc2d796b7f5e3e0,ok
0x16cddd6e47661dc4d709804a7f7f687cfa6efca6,3,0x03389106e39d509ee1b0244400c308274420338b5205e7f01a20604774285f76c3,0x04389106e39d509ee1b0244400c308274420338b5205e7f01a20604774285f76c31700d27af306f73dacfece44fe3138ff4e40b0055b0ee6de856444f5d5392817,0xe9a943959c746437a1837eaed701cace56b53e4b27ecee6801bcae4a8ad141c4,ok
0x3d890821a7537759b75ec66196a20939193e5da9,3,0x0331557ca5c1eaaf781e117d56ca825d8b0e65d0fa029d0d262dab4188f41d8de9,0x0431557ca5c1eaaf781e117d56ca825d8b0e65d0fa029d0d262dab4188f41d8de9b038466b31727f74e5d0b29b215e84909c4eab449f5e198d41ba4cce407daba1,0xf47416229df108b81ffd1f9ee55cf2508df8705324cad933f8a6bcdf6cb69681,ok
0x97db0e57b1c315a08cc889ed405adb100d7f137d,3,0x03ceca7a4bca404982f88b31dbf2ce98888aa9a67851d9dc95f3163dedda80a9db,0x04ceca7a4bca404982f88b31dbf2ce98888aa9a67851d9dc95f3163dedda80a9db59a29e025fbea938010f587037cdffa26ef46759357e36db976ec829935f758b,0xfb6e7516321b4e47af7203a60fc4e9b313e7ca5134e67adf79fb2d08a172b548,ok
0x649ecd4d804de3920bc64287b2d1d7be3559cbdf,3,0x03544000c0ced0c08ad68de940cd0c7fc94c005f0ae09c49f8aaa8e7f6ea742ec2,0x04544000c0ced0c08ad68de940cd0c7fc94c005f0ae09c49f8aaa8e7f6ea742ec291579be32aadc2f8e8a780e7878cb80f4e586f532b679f8c1cc252d69e9af047,0x07a56839bd19636d66ffbe372c86a3265f8c0b8b73ca0bbdd6e89203b0a0c1b2,ok
0x6000e277496a9d3d0961c080da88c5b38a6848c3,3,,,,contract
0xd882da666191ff6cca4e95f9d8210ea2a6cb2ba0,3,0x0275da72c78b04ff85ba4fe4f1d4a99b69c00658b36f52183722b3cb0e9ac9adba,0x0475da72c78b04ff85ba4fe4f1d4a99b69c00658b36f52183722b3cb0e9ac9adba5103df00c75c2b7b309aae68b2061634e43f63799597da6beb12956ccc04395a,0x6e9a34c5394097b69ec76dd0988aa1f1794ba2e020c42e73f89e26b79dec787d,ok
0xfedf168c17348b00acd55018cb22b8d72ec61aae,3,0x02128024bd822fba49daebd45b11f48917f3f45a411737a8bf7504550c557595e2,0x04128024bd822fba49daebd45b11f48917f3f45a411737a8bf7504550c557595e237ab70373ed3200d4c55be16dcc8ce7537daedb5b18c779cc5bd1f12a5b70936,0x0a7e490c852794936f057d1a172298d1e3fb771208355476829578e9917489b6,ok
0xb8d5231d5942e743b48d6e51accf2a04549fe708,3,0x0221da32c84beeb7789ab6a46c654bc63fd861fccece5542b53495242ac4fdfe27,0x0421da32c84beeb7789ab6a46c654bc63fd861fccece5542b53495242ac4fdfe273346906833aa99f564a6f3f9dfa70e4106e3cc2d4d67af682dfa69f8e31e9fbe,0x70d8616f8809adad83ce13e303c653552937f6be812cb173cd0d87b3c152d5de,ok
0x7d6a2f6d7c2f7dd51c47b5ea9faa3ae208185ec7,3,0x02ac2ee09fe454569a90694997bd67dc34a9da54229f122298ed514b70018c21f3,0x04ac2ee09fe454569a90694997bd67dc34a9da54229f122298ed514b70018c21f3cf17ed22aba5da47a0edcabea847c41740ad98296d00dbe54260d751734cb2d4,0xd48a5a96a8e423fda9a9eece3648f0feb51f68a000cb205e59bb701a40c7c0aa,ok
0x3fe0e6e1c47f0683a9f301149274aeed43d4a361,3,0x02e76948932745208701b18f6fce0ce3f22d855560a9b05da33e33a1bfc4be273a,0x04e76948932745208701b18f6fce0ce3f22d855560a9b05da33e33a1bfc4be273a4459e6c2ff4c58332906b455f960f23582bd113fb5233461714c7f563832e9a2,0x7321e926edd2867a31a81d0e36b3fd1cc0133664cf7076ed4e1555c419d414dc,ok
0xe95e35d6e05c1ef8d442ddfe83faa0d9c5c4b143,3,0x0282a2e0bcd96f3243fad1e57c5a7a10faf659139dd1fa00e6132e322fe8ee3bb3,0x0482a2e0bcd96f3243fad1e57c5a7a10faf659139dd1fa00e6132e322fe8ee3bb3ee41b66297c54c34cf712f842f189d634d02641f607398ab36bc4df4209e0c9a,0xef94ee7f39560261ff6d43f7d13c8c522f76ebf16d805f67b96faee7d89dd356,ok
0xc3ba136448c4519bd2fb006fd5a7c196b94fe6cd,3,0x03b3a2ef48511765bdb6885112dd3af9361c24b040d4148c1c2284dcc65a710e2f,0x04b3a2ef48511765bdb6885112dd3af9361c24b040d4148c1c2284dcc65a710e2f84a8c5104cfa23f0407089b2e9f0fd41243b3bb6504ca381a9a712cb889126f1,0xbbd0cfcf133bf2813eddc761bee60e0dd0179c23b007ea1cd4c9ddcfa71fcf7b,ok
0x2cadc4cd6a62ee1254017214ed3be6b9f41159b8,3,0x0329a34cfdd96585c28dd310f914405bf7b6923e6780079aa1eb7451ba57f05e1e,0x0429a34cfdd96585c28dd310f914405bf7b6923e6780079aa1eb7451ba57f05e1e7b8094a672f3f0871c3ae499b5e084c688e1ee954dc53d23b0308fc52a2e789d,0xd477e5d20ec24013a98a49e97c048f3bf5a120dd872e001c9035d2090655b064,ok
0x989d25df83933b713bc400429c1748853d24430d,3,0x034f6cc7507625d6ed20701f06882a36c8854761bf44f4266331e16578cd84471b,0x044f6cc7507625d6ed20701f06882a36c8854761bf44f4266331e16578cd84471bf93b95593ffb9b952c61b5b6ec5343f322b845a45c992ea7fca5f1f43a54dadd,0xd4cd2cfffed1f4b532fe5145787329f54ca5d98d5640d0d156bb5be30817a865,ok
0xda6c90e307e94eaec0aa8758f3e1f734c73830bc,3,0x02e860d403f698059e4b76e905644f90ed748a1fe521a812095c5072ec4e9c9a31,0x04e860d403f698059e4b76e905644f90ed748a1fe521a812095c5072ec4e9c9a31833f5926c08994ba83d30456f73b9a4bcf50581ebea6ce1dc8ff04ca842e0a72,0x2b92253a9b8b8f2fd75e5becae188565e78d883a2e714fefaf7f173d54c7a5c4,ok
0x74ea944f5cb56e478b42ece48919e61810961f69,3,0x02c24b68b33fc0903c39864153c6e2d55564853f83ead0385d0c4eba5ed3d4e34c,0x04c24b68b33fc0903c39864153c6e2d55564853f83ead0385d0c4eba5ed3d4e34cadd7643009da2b00f774f61ba6aaf3e49b9e4c2d9f93bb7eea942cbe3215cfaa,0xf1ec296fa6d724c692fe817cd0db62ba73e85576df74dde48c6b85ffc6a94d70,ok
0x6c6bb9af2f542fcfd7b5e790ec8e19b1730a5ffd,3,0x033a41ed71440413568d88c2b661b1e8ea01f66c6588f391645be67b30b4e8e339,0x043a41ed71440413568d88c2b661b1e8ea01f66c6588f391645be67b30b4e8e3397283b7767325227a127f09490a0e59b70fc7b65952553e7e20d91b5a23f9b713,0x30c3c3cf278a35f95a62d7fe8d393039c44c7286dd874f78f8c42306d2ee3aca,ok
0x22775e5665b56b82c318d54381771e7cd2a57713,3,0x0341e352669fb07d59b4e3f8dce84b4a388da648e162c9d17c1b36dcf1b9b0c5da,0x0441e352669fb07d59b4e3f8dce84b4a388da648e162c9d17c1b36dcf1b9b0c5da4ba6948d511ae3aadd4893be9347d0ff7f9baf3c54aacefc98b73c005730f377,0x0f190aa53dc757be8cedfb0c702230285af407ca85eb25dbbd8e7fd0768863ea,ok
0x565e2a7608b2a21700207bfff860063a6ad2d21b,3,0x02a459c50a76ee19df79a1140693b47370aedd39277cb7ba109b08b19359c57006,0x04a459c50a76ee19df79a1140693b47370aedd39277cb7ba109b08b19359c57006e197905924903b3c729039ff04a6bded15cf036001df66f639c980a51abe734c,0x15b851b5c30a680c7ce11def45e36d3f410f3698990fa76226c412e5a94e773f,ok
0x357e6b7ec1ee57fa9d3faeee42ecfe5468d12703,3,0x03727409f1e9ee49592453886d6f8d91af4d88eb5207fc1d02660028e04a88da93,0x04727409f1e9ee49592453886d6f8d91af4d88eb5207fc1d02660028e04a88da9306b8c1d2279839876180222328fb6daf1e25422a21b5e2aa1ca2045dd5f40419,0xd26e9e60d4f064733bf8ca5ebc48385c0edf9d2f45b2a4e2464c096e7b6977fe,ok
0x3e8edfce719d939cb987607dce7543a02225413c,3,,,,contract
0xfbc9986bba119a5692c009444c58c4b96499f561,3,0x02f7966e0193a7f897dd3435db8ab0e18d86e96f212bf4e032d0f081d65de5284b,0x04f7966e0193a7f897dd3435db8ab0e18d86e96f212bf4e032d0f081d65de5284b432a46d629e2a41fd54d3e2c4f9cf0242556f8c9872c8ee6d4d9216249805114,0xb183d075019d20f9ead46a625e226645d528c9ebb1adb6eb6594f391deced222,ok
0x0ad97f178f62451e0b118f32c2c7fd51e103e3fd,3,0x03bf3c81776b61edf228a3b59ec997d93429a132ff94ede90c5d10618ff271406f,0x04bf3c81776b61edf228a3b59ec997d93429a132ff94ede90c5d10618ff271406fa2da0bfc0589e24a7b10bce5e8576f6d13f58a3bc1e1b52bdf29f69210de9c73,0xed591fabf159e71f37853b23c7e9d39ae53d86d652665f3e03caa204255d809d,ok
0x2f4dcf8e1717872a8e2d7efd57cfdcb588668a21,3,0x03afabdf0b4df75a22b32bd46b87384e7ef296c0f8bb33abbe5a4a42808dbcdd6e,0x04afabdf0b4df75a22b32bd46b87384e7ef296c0f8bb33abbe5a4a42808dbcdd6e6cd6074d11450f38b92506df93f508471521dd3c2071405a9756629209d8222d,0xe92086c07a409d206f21eb096c87fff58208458a32afe57d5e6323fd166fea29,ok
0xfdc6b05e0ba7b27d80a6265bd8c7305384148abe,3,0x029cca9b3a4a98da7ecdf90fc94a0993523497af45ed28e5486a5d772e3fb9eb34,0x049cca9b3a4a98da7ecdf90fc94a0993523497af45ed28e5486a5d772e3fb9eb348146aed416f82188e9065841a3c2cebd26840c3b873af9ff3351b2b9faa84880,0x838d92234263318c5d1c16c67545cfc964cad09a2cb4830bb5258aad3afbd349,ok
0x613e5baaab445847d6d88f181a6415757c07a512,3,0x02af4df60e1e2e31b1f185a28f56c27b4248a51893aa9b5e8b6b6fcfe89a037c18,0x04af4df60e1e2e31b1f185a28f56c27b4248a51893aa9b5e8b6b6fcfe89a037c185028aebd78749b7b161fd7531faf0672aab050e316e42cdfcd40b81eb68643a0,0x0f40803e912c4c05e73d85b310d89c458ac6d6464db2191144612a634ebb300f,ok
0x01c055d85859e192120d401e4717f8ecb5d35063,3,,,,contract
0x5aa43037da9da8ebb7eb0f897c8e9e3fc3acf79d,3,0x030dabcc10063ca7dd9e8935b568a7488d14a34668738186fcb3552ba0e8656b99,0x040dabcc10063ca7dd9e8935b568a7488d14a34668738186fcb3552ba0e8656b99da0c285b231fbd9621e71ecd0d6108b8b5b44c3c374d7bd8f0103b9273fa3657,0x297f340227869a85195ff9500879a5244bb7e93983c53ee3e7dfcce614e6a4dc,ok
0x9d2544ddc67729132bef78837cb39053367f246a,3,0x02e40dceb8119c83badba1be54fc02440e3bb663824dbed67653a274b6c6d7d7b7,0x04e40dceb8119c83badba1be54fc02440e3bb663824dbed67653a274b6c6d7d7b7db5a9865c1fb8af6d0b99e2d78c989a49020775ad9323fbe3fe50818be4581c8,0x2da6dfdbe7a1cf53267f245774695904f11f8e218cbe9851145459571cf11da4,ok
0x946bec3d83ace597d589b5b19dc447ddd69893b8,3,0x03f1fb8cd8e0735a377b323038fd1382b469369ab8443da98bb4f4116f45242777,0x04f1fb8cd8e0735a377b323038fd1382b469369ab8443da98bb4f4116f452427779a283df0acd1c1b625d5e24b5fd2adeffc8f1cc0d41bbeb58fcec7b0b9a3f65b,0x61f39f8588c076bc58e0f51bbba79934764e79a346e4b93cc48ddb76e03b9bda,ok
0x0738711f103185a92dc446ec4c1e2381787b1a46,3,,,,contract
0xb93db10e12d6f04448efaef4676922fd7b8d459d,3,0x02640f029b7ea3960c9a1d6c2e3588dac0fa774baae99d22d3f51bc1cf13ecbce9,0x04640f029b7ea3960c9a1d6c2e3588dac0fa774baae99d22d3f51bc1cf13ecbce981dcee7a11dcc2293a0d2d5beb114e53e6a857c6248b2a296b641988c032e542,0x7c8663ea54b12db499cea4606210a78ba7ebf8e05e5081ec81f7f36344fdc5d3,ok
0xf3ebb7a89babf46a6703ddd007fad1529fd5a35b,3,0x034c5864d4ee7714c6492033fd27248b5fce77f4659ea2b1db5b4d9f6c8031a046,0x044c5864d4ee7714c6492033fd27248b5fce77f4659ea2b1db5b4d9f6c8031a046997191863788e404322aa7168c4cad3c816cfc10e2ca13d0a655fc99407b0ad9,0xf8a15556511d47ec35c64c9bdf86626a266b931d188712f83c1929f88007f11f,ok
0x343386a578bdf6442b65e6999e830e29ff0b7c63,3,0x0309640d04b56254011047a90235e61d686b11afef289e449133f84fe108355e5a,0x0409640d04b56254011047a90235e61d686b11afef289e449133f84fe108355e5a7ce2621040aedf6abfbb376c4e8b24a93dd1fb7bbca30134916f5e3972390f05,0x8d3927d2c45448ee836bc6b92bedc5365d93ab8311629972d383191cf54b2c19,ok
0x991e593e6017dd7465b03d0046c88e1ac0f252ee,3,0x0232244579492a0070d890418054977b15e71cc0848310a55281f432b56740ed6f,0x0432244579492a0070d890418054977b15e71cc0848310a55281f432b56740ed6fa230f8b410d080996fad95f2aa75212fd2fa7f30121716761db10d91651827d0,0x6c3399767edaf6780623d9fde3197fe0677339692ee646db613cea4f3660685d,ok
0xcddfeab515731f6f1b3aa32ea0f889bd6b4efe9b,3,0x02c4e2148fe64591921184b0c2904b4a2a9d70479a1de045351c4ea6195162ef71,0x04c4e2148fe64591921184b0c2904b4a2a9d70479a1de045351c4ea6195162ef716ba194eca1f891429aa260d97b00e57c2c31b767f4a7eb86b1328215f9446988,0x5a0f39105509f324bf7a4fc311a64573260ebff975df1ab0b79bc138f2059b30,ok
0xa7cc503461e125fee89380d01cd0a7c453906ff4,3,0x028c927d7423247732dd21b8ed1bf15c8a11941198252f570cdc3b488d2f9647e2,0x048c927d7423247732dd21b8ed1bf15c8a11941198252f570cdc3b488d2f9647e2ec0c1d6b61971100e2b3194aee8b2c478e423c1562e0d73205e9ced4d354f2a2,0x4a7c2dff411d11bb56346c034e68fce3e233a986d6629bd6865de6328957e60b,ok
0x4b1a2ce034fbed250108eb2be308dd8b9bf94067,3,0x0324b12217b8d9f676e72d788a1d2884ac7c5b23f848804d8006f32d7d728b461a,0x0424b12217b8d9f676e72d788a1d2884ac7c5b23f848804d8006f32d7d728b461a3695104396529a045e19e4b6da5046e2f20f8c4d04326a3d913a30231f0b0c05,0x952274d99e61994a3170c7fb77d4fd94ffe419897fccba678d18daf5f0d1446f,ok
0xf27665bc9947fd551b632a7bed43d8f0830cf076,3,0x032d48b3c0c62120b251bf2aeb04bba6462ae51fdd7bef8531a09933526c06e01b,0x042d48b3c0c62120b251bf2aeb04bba6462ae51fdd7bef8531a09933526c06e01b8dac915e9e94cff9d0d50a3e05f9511bdf1f9501177dfde641674929ced8c3e5,0x3ce8bb06dcd8fb517e4f9c5cf5eb0465019520ef07ee61dfb6a4dd7955fc77aa,ok
0x834a1b43f2b4b613dec4b329cf1bf6d966925b49,3,0x038af630fd9ad662e724dc20823db77e1be6c929ce42b279a219af6e4eed222e1c,0x048af630fd9ad662e724dc20823db77e1be6c929ce42b279a219af6e4eed222e1c935883507795c3ef634f33af144c61b8e3e5d70cfc4c0162c474e95b81d201ed,0xf93fc63fa2bbe657197372a94ce4e84edf0877d6b31eea32683e87aa4adb552a,ok
0x7e8267c34df34c4f366133d8f7e97960a61dc51e,3,0x035f8ffb58ae54d313ff0e383bc9f736315a0bed7330fc72b8333459abea12accc,0x045f8ffb58ae54d313ff0e383bc9f736315a0bed7330fc72b8333459abea12accca1844d83b6cfc04fbad6e591ab9ba2dc8de5249361090d9892f09a45bc5e7a3b,0x737cc829239c0752a0b8b0d0ab604ba12022b3173495481ba864ad5376fe560b,ok
0xcefca6f80560201cd89f5f7d608ae39c2c32898b,3,0x025b10f764d2be9c3d5375a7d0eb93714f75a8ca95b1df2e7e03a25e5d405b41d0,0x045b10f764d2be9c3d5375a7d0eb93714f75a8ca95b1df2e7e03a25e5d405b41d0a1c3a712b6b140b883b4928b8bb53692c62907bf041ff76c8f776627588b49de,0x651ab6532d39fc6541f4ca7c94a56c3ea05dde80c870e9110d4d6040721222c4,ok
0x3029c67d66b10917b14347340cdc2a8551b681d0,3,0x03704619a5fbe4f7ac6259850bc784b781b1f5a0cd3944ca3a5834d7a07cb44acc,0x04704619a5fbe4f7ac6259850bc784b781b1f5a0cd3944ca3a5834d7a07cb44acc0ff1448e2081bae4b47a3ec7455680c9f457c74b817e1585a9aad5bf3be27793,0x60a308f60a89dcd513329db32d192415d91503fff779253a73eafa929dfcf93a,ok
0xe1e06f8d502164e02f81292c456362af79297088,3,0x028ef1b7d079a05cdbca82eaaeec46f8dc912273d727c8511317cf4a0fc779d68e,0x048ef1b7d079a05cdbca82eaaeec46f8dc912273d727c8511317cf4a0fc779d68ef4795cd14fdb60dd0e863614edb6cc847950db9e586e2db789885ecf0322dfe6,0x7cd731d41e6fb9b152e5b2e203f7376f7a04ecbfd6044f69c26290bfbf289ac9,ok
0xf9107317b0ff77ed5b7adea15e50514a3564002b,3,0x027ffe9cd612be656c69ea4470b05387d4d074d8bf34571cc7fa982b112074c483,0x047ffe9cd612be656c69ea4470b05387d4d074d8bf34571cc7fa982b112074c483c39ba66ebd1e69b848386c14346997b8a7f742ae911c1aad717f06fc744412b2,0x15bb2a88d7f151c34b3be6079a9f77436c667e896aae5b617a5cc673876eb4d1,ok
0xca8eae37fc023efe7728f0a0a4e20e627e9d3b63,3,0x0363447375377289521f8190ad84d08c82f1f05e7d4556de1e12ab787ce9509a4d,0x0463447375377289521f8190ad84d08c82f1f05e7d4556de1e12ab787ce9509a4d532be8473d167e6a31f29d803478bda91d9a5c00151ad6c41bc6de1973f2a365,0xf97b9fd2750aadcc20bba0574e3b62cfb2cf7cea4a56f6e89931289d57d4d15a,ok
0x0443e05dd3bcff32ad4e74d32a70aff2bbd730cc,3,,,,contract
0x516e531583adfe08347755c0cb04d797a9c2aa07,3,0x024c3627e1d3cba2270d4bff06e6fb2ef77ada09890714b19a16d830d84d6cb791,0x044c3627e1d3cba2270d4bff06e6fb2ef77ada09890714b19a16d830d84d6cb791291835b15bd10053ece2bf13c03128563e051334ffd380c5cc7970b7c3727d7e,0x46327c916c8b99b2b1f28a9700169404c06e9945ed7ad8d86d8af7a01114e305,ok
0x0690281101abb8d7cee1847fa152bc71ad51de5d,3,0x0234aa0e015e9873ebf5af3e3832fc5c262f26d4ef183babbd30bf9706648b1f33,0x0434aa0e015e9873ebf5af3e3832fc5c262f26d4ef183babbd30bf9706648b1f33d31ca2264131ebe5abfa2e1afdcbee3ab16ac9daf654e74ef9c5c41e616e5c6e,0x03baebbcb656236b94ae09ee1a04bfa92da689248e75c10ef68722b92e65f639,ok
0x43d7f9c4d2b29e3376d73d5940925073f3cf07be,3,0x03590ed5153a5db6286b6dce0d374c95da19ebb055c9a63cb297ac15d64686f85b,0x04590ed5153a5db6286b6dce0d374c95da19ebb055c9a63cb297ac15d64686f85b4aca2e5838c39a2928c7a46b9fc3cd92e6b08b5b77e72345d7a774bc3fe8eacb,0xc813e30009bb6d9b2398640ca5a466f51ff2e91df282778f4cdff9f5373ca6d7,ok
0xc1248ae859e11b620d1150cbc106e527e6a1f236,3,0x0256702b13aee462c80a6a00df1713cbffc9e6bf0111681eecf220db8e784af4cb,0x0456702b13aee462c80a6a00df1713cbffc9e6bf0111681eecf220db8e784af4cb5c46f0ff2f256678ad2ba0d0264eeee735156cc79bf22bde5f8309d3ab909cf8,0x667e49408837e290c34f85417b9288019d5d001ced61518d3f769e24ecc2d535,ok
0xdc4c86b3339080283b3a2514b156b76820373bef,3,0x026f3816008e7d1fb58d7145eba2a0928ef0f146f54c4c371652640b243f88a49e,0x046f3816008e7d1fb58d7145eba2a0928ef0f146f54c4c371652640b243f88a49e3f7abac040a21ab440257aebe3fae7b10e506ba122818b5df750bdff69b41cea,0xab011bed0621be6cbf3fc022906eac12173e38e75aa8386089110fc044a6242b,ok
0xda41a343a37d3b2c67eb793324ef1a6254d3cbd2,3,0x0340a56e8331c248f494b1b2278b98b912a567ba40a100a45c74bc4ca8fc674026,0x0440a56e8331c248f494b1b2278b98b912a567ba40a100a45c74bc4ca8fc6740269b7f4493d43e7a9241942464d90897879a6d65c4b267d8842e983d7db31b4a23,0x2724a5c37b4aaba7f706539ad2a8ca50be4823f17fed647cec5ca39297169bf3,ok
0x6030d20a3bba8e5c75d7a6bb3cccca9ddc027cd0,3,0x02bada6fce69bc2256b3302259be5abfc0f2cb5a770a30adf92db73fcb7c4bca39,0x04bada6fce69bc2256b3302259be5abfc0f2cb5a770a30adf92db73fcb7c4bca3915df279384b6b6a136fe7adc9c76097ad8d006fcb5d5609c7fff5026e92b3606,0x6dc186528bab4ba32b7590645d75ea3118b0347f0fead3c562c029330c9f9ee9,ok
0x648e51fbc95e46204de21f0b6887222cfeeef734,3,0x02a0cc562a01b550a25fdf7b54033c0796307f3f494617a545f88845172f941c52,0x04a0cc562a01b550a25fdf7b54033c0796307f3f494617a545f88845172f941c52cddd64cb30970de6cc96db5539e4d36f697ad85df1b8f12c0e038c5fe8802e2e,0x16899018ba6288964b0fdf5ca931c8576b1c0155029c23775ca3ec39060d4b3c,ok
0xe38c41aa3bb7f2cf4f8f4cef4e167325248e3acf,3,0x02334de35b55d094a6047ddfc4eb024e002a0019f93d37f119d5cfd86ca7c47b67,0x04334de35b55d094a6047ddfc4eb024e002a0019f93d37f119d5cfd86ca7c47b679a9fb4de9fa0d800b9c3e5bf70fda9019a487a9f8e72d8a05ae7564ffb219dc4,0x563ad2936524f802d34e34fca4a583a18483c49f794c5caee6998e770a438977,ok
0xd4bc77a569306fceeb1e51cfc743ae0390d2a333,3,0x03812c5c52208633e7f4d1020dcfc6227cca37fcd0b6a80339db03527fa569876c,0x04812c5c52208633e7f4d1020dcfc6227cca37fcd0b6a80339db03527fa569876cbeebdd27d91ea6de6475351dd6b5a1478108c1e44c224e609fb0a229b2becf81,0x7dee658d247ace5883db55b4d0600f045df7e6d9895f2d5a24738b482feea3ba,ok
0xaf6d18473cd91acbf5c109f12d2126955ebb553a,3,0x03bef098c48ae4a47ff8cc71a8327a91c59901762f62890795dc978fe4b182f3d4,0x04bef098c48ae4a47ff8cc71a8327a91c59901762f62890795dc978fe4b182f3d44ca492b71298f89302d1dc75d38c14a437a6639e31a1efecf0de4b34a9c28815,0xc29f3690a2b0f0a8f9a7bd63bad0a8990e09826d1a696037701b1725d7e4180d,ok
0x888d4228c045ce4baa36d34f34e0d192a21a1f23,3,0x02048c23c94840a892ac0fc75dc601e943715ac90f5f9a452cc3313eb311c68c64,0x04048c23c94840a892ac0fc75dc601e943715ac90f5f9a452cc3313eb311c68c64f6dbb3e765a846cce98a847943955b23bab7352ee0160e44bcc1dd306ce08350,0xcb3a519f5bfb8e06f82d46ad71da6410f38a4b26d58c370e0f5886581d76be9d,ok
0x82a892a536dd70e6f2b7ebc37ce6eaa16f4691f7,3,0x024c31dd26a5e63a0985c93faad2fdedc3d05fc1d7b678541644bcbe3f2adf798f,0x044c31dd26a5e63a0985c93faad2fdedc3d05fc1d7b678541644bcbe3f2adf798fa2b37723a3fe4272d3758cdc17e40a3dbafc0ee9f7a3158c1e8571dacf13c170,0x84019ff24c2f3e3d54499f51852807be5ed5778def156d89d3c1e6c04e06e7d5,ok
0x53488974472d4b881760b2644bbaf8528ce12cb8,3,0x03f2b627c9d06c49173d90a072d61bb30c0346970138dcc6ce9099a4a9c87d0b31,0x04f2b627c9d06c49173d90a072d61bb30c0346970138dcc6ce9099a4a9c87d0b317f80ec61e2f5cd8a39539fd236eb20d6253e6fc2f62ed160f229084c52bd816f,0xf20fafac4cab9ec0fba60fb42913ec1f99b4e50b1bbdf590d733a8a8a693b8de,ok
0xb073a24d6722c5e6ec4494a477dd1f7ee95f9af0,3,0x03826aa194decc1d694ba3bd8ba89d0a780ae431939486cf1d90b2d06ca119147e,0x04826aa194decc1d694ba3bd8ba89d0a780ae431939486cf1d90b2d06ca119147e5beb79ba6f641d6534a292b2d32b8b0c5ddd4504f1f6d5c29dc4f253123964cf,0xccea6ebc6b144966f9006e0bd59a8f2f3b1a1f7c545007c285671763b05635fa,ok
0xde3697dda384ce178d04d8879f7a66423f72a326,3,,,,contract
0x6346548d1d97b76d00b7941a6ba490cbf87613e8,3,0x0234845ddf5b44686421e1e3729f17663e846af3d67fd779980a6279e631987b54,0x0434845ddf5b44686421e1e3729f17663e846af3d67fd779980a6279e631987b549bc57362f1a534de0c4b0919d408dda07d5d22e05de1d4b6e60f534f1cb029ce,0x6deb270fd0bc68e7f90370559ffa20faa336fa52a9bbc2203a492e48e944ea3a,ok
0x24fda918c1cc2947486fb1529d1b1e863b1bccf7,3,0x02aa722bea6f1d20eff3adaf0a936251761cac882049279d460606b671be2706fb,0x04aa722bea6f1d20eff3adaf0a936251761cac882049279d460606b671be2706fbfbc94a7a5d142b3ecca123abceda4d9ff56af51736d4ce8e65ccff2fd8f00bae,0x2a7494e366596e7611a86c0086f36b836a5480cb004433db393b8323a2470e51,ok
0x363deba39c26918594aa8c0319293fa50be031af,3,,,,contract
0x5537cf45a02adc11d44930fbee8d2e9679294c3c,3,0x03e08137aaf5ae43a86d1fbd529c28b5372bbb5259c34a380f8cbba2d032d5ea14,0x04e08137aaf5ae43a86d1fbd529c28b5372bbb5259c34a380f8cbba2d032d5ea146120c6feee72256f1b26eb2e729f1538c57fa4289af0a2a5f4e72b5b33bfbbad,0x9b2bef164a03cda8cfc19f340dd7ac54876919a83892c32b709820ea98525b7d,ok
0x107f8778af1302676bf2e58ea124b99fc12e4c11,3,,,,contract
0xbf74d4a8fe75f132f3851a92cc681f74d09333e0,3,0x02e32dd167a2056f21e2053a3e145d5dbe179b5a2a50cf2e5465f3e7b717552c6d,0x04e32dd167a2056f21e2053a3e145d5dbe179b5a2a50cf2e5465f3e7b717552c6db42fd2ef9d2b4a89387fdc0a9469b5a978a9a5f44066848baef5df628ee7b110,0x7e2152531671d065f74f96613a7b98f653a4a4b4d1fad47cbb0338d6cd512ed7,ok
0xb812b11e5bfbeda4f33da7d96ecb9bcaf8276d71,3,0x02111b4b84c517ff950f037fd4025a9bb6dd135cde4b3f803c957fa20a12e079eb,0x04111b4b84c517ff950f037fd4025a9bb6dd135cde4b3f803c957fa20a12e079eb83dff47fa12c55b94aa8c7b9062cf93ca8197dd71e119d009059d4722216c1ca,0xf85b9abaa5b8bea304b03fc8a28f0877b5df124ecb370192cce946fb17539729,ok
0xa6baffc93ffe801c1d574ff75abdfc3709f679af,3,0x0278bcc730afdfc536f37ae4027857d1609a4081566d5cada6ee5df7186ea0808f,0x0478bcc730afdfc536f37ae4027857d1609a4081566d5cada6ee5df7186ea0808f195b58be58c5bbfbed0abdbb5e1bb58dde031fac7badf3d260f47fcfd724e69c,0x6634577c1998d6b2d7dc9011063003c74525e01af0ab95c28168696cca5202d0,ok
0xb943f5a6c08545c480b71250ef5a93b52b8dbf5f,3,0x0230f1e7fd0af06fca95f9f7bb0f5320cfd9c70329a6f085bccbd778077c031293,0x0430f1e7fd0af06fca95f9f7bb0f5320cfd9c70329a6f085bccbd778077c031293846715703e3430aa15b07ac4862aefabfdf0d5c54d9300291d905ae66cb6280a,0x17b24513edd8de76b5324c76c34c1914db3992e8b208d23bda99cb6ba85f4280,ok
0xe5475694dbda631a7d88fff7d1b751a457b76824,3,0x02618d9d0a962369167c7655098518c7297d9af514b0665d403e66fc4e54dbdb41,0x04618d9d0a962369167c7655098518c7297d9af514b0665d403e66fc4e54dbdb41d0d1d278b75f122d80b50f4fecebcadacac9b0403f34d6620a7e01d308c48dee,0xbe98f136c9f72d7b1158c3513c2f9a083f600d638dd2bd32c687c5cd925e7840,ok
0xae3ade24269254a56019b542e697e78a4b0dd33c,3,0x020f367077061cfbf3b9bc18b212b964b5cccec4ba153cf54fbf53b18fa4ae1145,0x040f367077061cfbf3b9bc18b212b964b5cccec4ba153cf54fbf53b18fa4ae1145d9c95263fe976cfe30bbb4423b43f6e43c9abe304bb650679c33f29df3fce908,0xe14068abf8766d15544a27f0632668ffa3717c26fc3c0a78011829df29b2c6fc,ok
0x5b67a9adce3de5dc3ee6b6fa6b064c3595085154,3,0x024e79645fd58d1f7641c9a02952550feb02aa8bda8f80008ad5d6b54afdc22cf4,0x044e79645fd58d1f7641c9a02952550feb02aa8bda8f80008ad5d6b54afdc22cf45d1675071a3b8451050d0fb2f3b957bb95a586d0c2481e3246e3db55f020fd7e,0x6c368c7a8eec65ba84e0e5ab98efc9dec0efcd57b45119b254e2bd294505387f,ok
0x3d9b0a7ef1cceada457001a6d51f28ff61e39904,3,0x033debcb873f502bf2222f5eec28c300764bdd0824e4ddf7a9132fff5f749387f3,0x043debcb873f502bf2222f5eec28c300764bdd0824e4ddf7a9132fff5f749387f3ad608d886e14f6f78fb367b238504cdb6dd0f229ab40692b3153532ed1141bb9,0x33249c506e368d9e210dff83656775d7a26bd4b44d4af6951613560cf90cb4e1,ok
0xc9c9b3b7a0548f97ead001114ee661a90754aac8,3,0x02b50c105b0957f30941ec6a3ff0004c2341ef742d37bb6242ee630b3f71e38038,0x04b50c105b0957f30941ec6a3ff0004c2341ef742d37bb6242ee630b3f71e380389b2f2fe973564de69228c6f569ab261385c54a8ea9668cd589cce2585b70a882,0xee8e1c6bde04f36b7c12ae6565d3eb11cbcafc1f9d6661570f51253b96c51f0a,ok
0x85f87376d21bf857236673850464d46fb6bfa2c5,3,0x033a10796fde5bb88d7f29e26a24bbb47a93775299d2db92b3000fe4adb9214770,0x043a10796fde5bb88d7f29e26a24bbb47a93775299d2db92b3000fe4adb9214770ee38e778dd840edd85ac8741a78fa7c1e0ba0b4dceb7dcea843bce3a68f2bafd,0xf95d47ba22ba25cf8ae93794f5e105537bc93a6585d0e4c3780aa0fd92ae0000,ok
0xe0a78af0a4fa1c0fd621caf74f842a09da0ef0af,3,0x0394e423e7bf41046c9f3613c4a752520003d89faacf0b1bfc829abe34c6a2b295,0x0494e423e7bf41046c9f3613c4a752520003d89faacf0b1bfc829abe34c6a2b29593456936ac45ecbcd2d308aeb00df98c92eb95b7ff3cb9a33957ba6084b22b89,0x80b4ebf9cc1e0660e25cff4086e7fb7b4adf260f7d1f942eab685081493b325e,ok
0x2a937dea624f3f9fc08e8fb27fd63b654fe38e31,3,0x02607bc99264e9a74cd5cc79aadd0cee3f15c5c988e98b24cc1234e1a57f24cb6c,0x04607bc99264e9a74cd5cc79aadd0cee3f15c5c988e98b24cc1234e1a57f24cb6cf4ba3f1a180d90ccf745e1ab58fd55db95829b9b815f257fa147b3f1406064fe,0xbab8f4e4881cc28fe3dd31ce705eed792a0fa3969fd61731e79327edff0a2946,ok
0x11b7246173e16f8c10b07d04b719e48282ebe2cd,3,0x02bfff1a74c221b365f5afdd661fc7d459c5d5ff93b709502f93ed7802b2be6281,0x04bfff1a74c221b365f5afdd661fc7d459c5d5ff93b709502f93ed7802b2be6281b76cf0f88ea9d388e7238ca5c40b362009170908db596ec261ab197e34c7c2ac,0x9007e7031e500fcd0bac1f78700af6fb66293a7d75719adb6375147e7a42dbae,ok
0xebca3452fd22bf4854265bedf2b6e5ab86f1b549,2,0x030b1bfd675e7ebe50d0a33f10b11eb5eaf17fb1ad6b58ec8ccb5bbede314ac237,0x040b1bfd675e7ebe50d0a33f10b11eb5eaf17fb1ad6b58ec8ccb5bbede314ac2372eb4793f0403c3fb85d70f8a230d9eeff47083fc7dbbd2bca99a950bb8b9088d,0x73af5c609c8538ff4560c4d465c5990bdc9919af7d01e5b893ad30dbaaf8f65d,ok
0x525e639922399eac27944eb3b9aa20cb7759b56a,2,0x03dd27c5bc490cc2c906efb8f1513b9c47df01a7645fc58bdd29eefd16ee737227,0x04dd27c5bc490cc2c906efb8f1513b9c47df01a7645fc58bdd29eefd16ee737227cfbb1b31dfe61a017c57aee1cab504e7e2351b8209f982e5e4d5239d34431f11,0xbcd85a609d1596d48b7a8b4caabf34c6f589242ed4fe94726e83458b1406a614,ok
0x99cdb33df8726f1952af7f60a02e70436241d499,2,0x0321f1904205e0118e9d4292c394e4d942b7ab701ca676c46bbab5edeec7574c59,0x0421f1904205e0118e9d4292c394e4d942b7ab701ca676c46bbab5edeec7574c591c139cf4def8ff12b950f0b3ea9a8c588a4ce7d52f56592ded34496ea038d09b,0xc2c5def94a56784fd383d9e46b1f4820ebea0c8506862c634ce634116b976b53,ok
0xd6531b2072b0809976b0fbc4064bbec42bcf0413,2,0x032f78bf1553dbb5af4e3480d6f4f9bcd8cde0f94e1d3aa9bc13c90f7897c43d6e,0x042f78bf1553dbb5af4e3480d6f4f9bcd8cde0f94e1d3aa9bc13c90f7897c43d6ecc6d3a8a9d49ab1729664c77198dc21a3a8acae01316aece07e56af3675a042f,0x7bfc1093fb105261f4dcebff1b446c8914890b23cc57333e1227f27b0ffeb30c,ok
0x8b9679e32598fb5cb2a793d8d2b6135ff8a42f1b,2,0x03d9cbeb146577dbf5a87709931c1f90618e5ec9d8bf81a1a00791b92a49968b33,0x04d9cbeb146577dbf5a87709931c1f90618e5ec9d8bf81a1a00791b92a49968b33ec886bb381c6fade71240484431e742c07b4091d903deab9309c832d8aba97ed,0x0ff03540d148b7de5d9e93ea21ae4bdd0822656f539a2d30b9cbc8cb275ace82,ok
0x5f72aeb2e0edad98f8a1f20ddddba5dacd575771,2,0x0249750de98c7d7ffdeafa6f5f511f6577e1d61c059fde2d95b8b0f877a7e12304,0x0449750de98c7d7ffdeafa6f5f511f6577e1d61c059fde2d95b8b0f877a7e123049157148e6e6a68d501cf691126adb4b72606850c587657b2d7f7fc086955bfb8,0x7052ec8c9fd57e88976d11881f07e3268ee0f39f87e0fa7fe8e39524f1a1cd79,ok
0x70aa2f127e179d3499b1914f8b46daaa1176fa84,2,0x0312018f339a0ef1a6ffd58380dedc2006d706df029494f611b7823cc32be4e728,0x0412018f339a0ef1a6ffd58380dedc2006d706df029494f611b7823cc32be4e7285845d2699e14e6d57f88eebb5e98756e27226f4aa318244d6f3066cca41ccb55,0x847a20cf1fe6002e81fe0910fb057a28957c140eef4b5da476d56803f5e3dbc8,ok
0xcd11abbc370dbce80b81a250df87b3226f2b1a49,2,0x03e7dee0d856ae737b94c65228bdac3206f6a9e7d277470592c94b4c814015b8a8,0x04e7dee0d856ae737b94c65228bdac3206f6a9e7d277470592c94b4c814015b8a842d520b83f5545cc63c564d7d8b496037854a7bcaa49fc11675961679c5aa4e3,0xb7e312d1fc60aef714322094fd4b44e31c6984c03cb1297a70e24e1efead518a,ok
0x44e808c938ac021e98a2ea76416bfb26cfaec574,2,0x036caa84b8b9e1687378ca0b77353ee7f47124a64239a68e6daa95bcb1d35eddfe,0x046caa84b8b9e1687378ca0b77353ee7f47124a64239a68e6daa95bcb1d35eddfed2f992b76409af9b3ec4eae447d57abef4db21766c41cebfd82c0db4a59fc3a1,0x1f8ad5bd8e4c34b930bbe5f41be4adf9723fba4330188737d0a47f63a683b5ab,ok
0x1fc4b564c2f0e601198969817ee999cb78517ed5,2,0x0233279a646983e2e3d0741ab7b113d57e059562eaf0a31fd07ad7cc7bc68eda21,0x0433279a646983e2e3d0741ab7b113d57e059562eaf0a31fd07ad7cc7bc68eda2158079703a764bcceae7b15717bba4b3e12cd7ee4f1047af0054b908613dbb1f6,0x13b251c53ed90ff71bcd31440cc00a3b3b5029fbd7207c5bd152ff64d4b14bfc,ok
0x081030f16f6418128726f291be3015c76e85e957,2,0x026de2277265fe2d7ef77a172ad9966f390d4e35c1d424d4074248845d3565a056,0x046de2277265fe2d7ef77a172ad9966f390d4e35c1d424d4074248845d3565a056ceffdc38756401606afec90c80e98e62a8d5ee2c0696104b5e16cafbc30e6eaa,0x811d43deff994c8235fa72656981b87d0be93a09c1be1f8bbf1ad06778cdfb07,ok
0xce00acad5652ca3deab47f51359c3ce0d199e25d,2,0x0360835fa705a8f6b13482b43fea3a295c1e0e452f1ddd900e4dc3bbfd1b861ee6,0x0460835fa705a8f6b13482b43fea3a295c1e0e452f1ddd900e4dc3bbfd1b861ee6afdbea28b8b0e50f49c9141312d4a0349b8603dce815fc68be50bfaa4c287cef,0x8b79d52add13a084cb479943b033c6808925d31b9f36bbca7415ba250c45aec5,ok
0x93db1e5382d2e7ee2c4c5d3825713c8fa76d25a9,2,0x033c2eef4e110a289c5f2e35423f0a54c36c50967c11babfcac56c603b4211274a,0x043c2eef4e110a289c5f2e35423f0a54c36c50967c11babfcac56c603b4211274a44c012d81e829e9f548c5bbd1a90f15a6b690aa17ab489b8f789d00474d3b39f,0x527cdc4f2c6961c760d6acc37b9cbcbdb79a6833bf958b93a4346b48b6473439,ok
0xbbcd80616a6b035509eaa9fdd542522882c6cb2f,2,0x027bc49441187b98da020f4718a897bd6d14055f3c2311dbe56c9f50aca8b2ad9b,0x047bc49441187b98da020f4718a897bd6d14055f3c2311dbe56c9f50aca8b2ad9b866ab7cdb891f38d352acbc75630b103b905e00ea70ecf9a68ff697d5854c25a,0xde3c9dcf7a300002829f2936f60821f09ecc618e9abade729617d4052560916d,ok
0x8efaf667c11f492421e2ed02a6b481a6e59975a9,2,0x034003650f5fefe5bead01972037d2f330a31a5100b02582c135ba9690786e69b5,0x044003650f5fefe5bead01972037d2f330a31a5100b02582c135ba9690786e69b549f7f18a2cee44538b2b2998d60b359365d93dfb65fadb4e75bfcfbea6a9d5ed,0x3060868a9b6549f15a0c66e96f8eaf07927efedbff723ecc993b0afa50829586,ok
0xbc488a070d9eb24706f5b45a7c235e5d13994de5,2,,,,contract
0x4472ecaabdcac4130886c79e241cf6c8247868dd,2,0x0254eda6a2e6ceeee3077f283baa502f4ba6d5a0a1c4592bdffd510eb9b237228f,0x0454eda6a2e6ceeee3077f283baa502f4ba6d5a0a1c4592bdffd510eb9b237228fea7f04649459bbe91740545dedefd1155a3f305d8e2b72be37182c6ac194e7aa,0x76f9a441af20d798a4378fc1aab8c493483a0b4db140a5b8f1661ae9caa3b652,ok
0x22bc59bf33715f92d268b2bc7868d83055529b74,2,0x03fdcd8b27d45c26c0b133c0ef2e591138ef791a7c7627bc82aa3d001b45b08ea8,0x04fdcd8b27d45c26c0b133c0ef2e591138ef791a7c7627bc82aa3d001b45b08ea88db2183a15b1b3793a7a3bfd63fd4b0de216a1a7ddb53b22c674b3acf68c8f8f,0x1c8669d5e026e6b6d50c36f2f165ac471f48efa01cfda6844c76c60c578f4faa,ok
0xd6bb3d5028fed555ab4046bee702ce57d4dd5e49,2,0x029a16d6969decf823f9e00c87247acb96165fc61413cf09c62e864a72208febe1,0x049a16d6969decf823f9e00c87247acb96165fc61413cf09c62e864a72208febe1ef89737a9f41ca7bd61f9f2ce32ea77adb2713341b00a38c4a61ff0aba727494,0x4502cd709706f4a480b3244b792b61ddc8a4e899ca4f1781d4020c26f667e36b,ok
0x6c021b681ff049ebfed8817aa0a762531db9f896,2,0x02527b78e3bcd18e6b6abeb87f3186c39c223bcafd24b949bd7ad9238429c3a778,0x04527b78e3bcd18e6b6abeb87f3186c39c223bcafd24b949bd7ad9238429c3a778caef9f911076d58ebceb834eed593e2f9be60c9c24910254aada87bd45dbcb26,0x3adbb25d3289fb3bf095aca9842261ccfbdf0184c7f41f1bf541e9c833cec5db,ok
0x5837fada0a70b6d1bd2e3c70dd96530320216dc9,2,0x02e3102b3b4fda12e322c9b0472bc24cc186f1c04ee7b55f98a3d2e3af68be79f5,0x04e3102b3b4fda12e322c9b0472bc24cc186f1c04ee7b55f98a3d2e3af68be79f5d183c40dea6180493dbf3636f7000ccc33138b8243f18ebb2cc5b29219197a40,0xf9f7c8ff75750c3aadb52b0b1d5e4a3afc336afd0d7f99d4f49c206993d2af24,ok
0x946034cf8f20734455591441c4000dfa225ae600,2,0x03199751038a5f431b9a1c080826c13f5229123831f3eb757bf4d63e842b33c31a,0x04199751038a5f431b9a1c080826c13f5229123831f3eb757bf4d63e842b33c31add50ef65bb90360ba5cd26aca87b1a61002c2978e27d3fad954f104ef07863bf,0xcd3bb2395ecfa1ab2c2fba2960c5c91b152764d2fc27a53b85df9c5dd6cf24cb,ok
0xb4e03ef28b02174421852e8ffe3e79cee23c1c74,2,0x034a23627a35a3bfba8c2548bf36e2a24d2fb04e396fc9c431475419116b93dc47,0x044a23627a35a3bfba8c2548bf36e2a24d2fb04e396fc9c431475419116b93dc47125d92bd9511af289219be5f5374aa47fa0bc2ea68279584690bc512ceeccabb,0x4f8dc6a78b500368023e9fe4783873d411b0cb391c2fccee2057c387a196472d,ok
0x4f23ea7ea33bacc330067e22d52b004de8058cdb,2,0x0362d3d3cc325f6d72f9ee6507ad73a548159efeedb5da7f4b1d016fa96d8757e4,0x0462d3d3cc325f6d72f9ee6507ad73a548159efeedb5da7f4b1d016fa96d8757e4c6628f9b3f1673aa360ca835efa5e4f66cb7dd25574e253029807e106fefd4f1,0xd175eb075719f8620bf44fe6a2404ba5828a333064d365c11a8f8483be576326,ok
0xcfa5cb57aa2c2480ecc28eba304162f520e7e929,2,0x02013212f23971d20daaaf5dcec0eb74e62ce38d4304c4e7803e3bca16e9b832bf,0x04013212f23971d20daaaf5dcec0eb74e62ce38d4304c4e7803e3bca16e9b832bf27e2e15320f9778af1532e334d9e3ef96e1c5664d3e4b7cc9f3a82251394928c,0x0febcbb275e5770cdef4bb5dfce3f1f4d6cbb8b8ebf8d10272387bd887e9a1ea,ok
0x43bcf01ea198e317358a7372d32877c8b929819f,2,0x03f83036e1f01d12c1965dfbea567f6eaf84caa3e957b082b43941c6c7c349ab1c,0x04f83036e1f01d12c1965dfbea567f6eaf84caa3e957b082b43941c6c7c349ab1c17be4f6d1c1e6684ea92b26408667d208849952a5d8bced0bf457576cf2d45c3,0x6a0ff584fd6c67b88bfddc64197768cdc146ee2812b07e66a4ad0879481ebe07,ok
0x2c702fb4f0da89ed29b426c5c61a9faa8f8f3c17,2,0x03467485540f02832d676d2ee5f8f6937b436406eda406e8371da1c3d11f996a15,0x04467485540f02832d676d2ee5f8f6937b436406eda406e8371da1c3d11f996a15619509737ecc193cbce3acedaf76ecbdd423ef018edd4f5691dd8ea487c8d3fd,0xe4e0818be1b62d589cb3de8dacc27b544ad7de98745f379bfe000ebe7f25eefa,ok
0x22a589c7a0b550317569694c55cfb8db7e6a737a,2,0x030eca32ede077aa20969f6bf7beead5999ec292b137cb0405b270727b665bfe0a,0x040eca32ede077aa20969f6bf7beead5999ec292b137cb0405b270727b665bfe0aebfc613543a3de848ccee63ffc35f76c09db88a065a4223fe194dec1d1457799,0xe04467ce92a04b4534888c8e9dacad622bc65c1077ceb0d6971ddae4b13daa71,ok
0x600a9815c15c29de5fb087d0a58c56b48d5d5ca5,2,0x03a4b56606268a25ecef28da6ca9657acd76bda8ece81176b8b601b8b2b456e93f,0x04a4b56606268a25ecef28da6ca9657acd76bda8ece81176b8b601b8b2b456e93fce3190367f1fe359e452eb343d5704e10ed144922944eedb88d230cf363a8a59,0x72729c667039071dcec24e0e367a330963abb5875c6ca2539dcb74a9bb03f7ad,ok
0xb23eb0e1b93551e1c652351cddac51c3ceae3e28,2,0x02bcca7e3c56a70a38c07f54c570f073696fd12cded760401fa4fd8abf021ea4dd,0x04bcca7e3c56a70a38c07f54c570f073696fd12cded760401fa4fd8abf021ea4dd97ba3c169b4c6f33b48536163606e394db9b680d7dd6e7f301fc5e743ec7818e,0x094eac816a10e2b26d57b850445187ca42cf3407c7efc411c05f4fb97bb27489,ok
0xbc9ac2dabcb0196dea3431bb856c05015c104824,2,0x0364d2ebcdda2cecd2af8c698132fe381662f21861f5ae7f4357bde25c766b2ced,0x0464d2ebcdda2cecd2af8c698132fe381662f21861f5ae7f4357bde25c766b2ced1d5baff1d5eefe5b572b5342d875d5b0519a3ffd37eac595f1acbd41bc567c97,0xf2547eecdb03bd6c2be495dbed4bb0f38faae7ba11be04275e94c09b29b9918f,ok
0x76460d69c50fc334517e81ee7ccb288552ec45a5,2,0x0349598d279dacd3acf105e3268a18fa5be717819c98e219f9250e749a54dc62f8,0x0449598d279dacd3acf105e3268a18fa5be717819c98e219f9250e749a54dc62f86bf589b306d99627aa3be11ce050680197d97b738f56be1d57a9e7202664029d,0xf71713509f2095449a1109d25536c569fe8baa89da2163918f99e3aed7afc80d,ok
0xed740e1463b085f34a245129564dcef539374c2a,2,0x02c9568b85f6f30f713b41807b98371ae93fe2c3a8c5ca7cc0e22c393c49d33cf6,0x04c9568b85f6f30f713b41807b98371ae93fe2c3a8c5ca7cc0e22c393c49d33cf6e340e988673d79b555e6592fc900f13bc18d58aec74cc13fc0dd7c513fa4bf3e,0xc8a9956de29d7050f1566224afe8edaea7941fce21b200946165cd25c06af71a,ok
0x770569f85346b971114e11e4bb5f7ac776673469,2,0x03ac5f9c46ebf24e5c7484114b95ac93c25e8f9e110e82ff0b052982dcfdc903bb,0x04ac5f9c46ebf24e5c7484114b95ac93c25e8f9e110e82ff0b052982dcfdc903bb8b5289db511e9077243f165f278797eacd6c5928b4d29552e8c1ab950cad0f4f,0x030d0dcdbed39fe92df5c597ea2efae47266fc9494f42d690fa43a64920f5407,ok
0x95c78abf672f629fd6b38834fb55351bcedb16d3,2,0x0331dedc6c5519b1f5c1934e5b97e0eb835469d638e73afdaecc1913fdc9b5bed9,0x0431dedc6c5519b1f5c1934e5b97e0eb835469d638e73afdaecc1913fdc9b5bed95604b95b75ebda2fa4dfa4365e7463392236f9fed864cfb6534a1856a2bb2f4d,0x4f8f479a80da879cde38abb9da1d267c498aef0365059f61e278c76a9f596516,ok
0x460a8beb9a585d81e9d7526ef3f1c10443ded892,2,0x020dcaf9bd7e0e1f9cfbe2afd0efe76382020264e77edb9c806d9d3ff3df7283eb,0x040dcaf9bd7e0e1f9cfbe2afd0efe76382020264e77edb9c806d9d3ff3df7283eb18c42ece7cbdf459df7dfa54582ae11294ea95980a4a3e4668ba2d216a9e3136,0xa9f422800731aba42d9b2f6dfe1d1e3722925084ac43bcd5ac62e7635413bdbe,ok
0xb4404d43bc3c91b846b325aebb94760f7622d661,2,0x02a9a3e1862fa5fb8d0ea90cd783bded3602e9fcbcb536d7e0aea5835443bf3251,0x04a9a3e1862fa5fb8d0ea90cd783bded3602e9fcbcb536d7e0aea5835443bf32513650143a23607c4989eb0220e11c63e9f1146986c2936934992bc34828c821ba,0x2bafa96b8b057bf61e1a8259b65ea9e5f0e8e9b70f94c2405aca214409aaea7a,ok
0xa25e72d9007245fe228fb7878c2dbb2c7b1eca93,2,0x03390915d296726c40924a7eef0e03015c739034170c43df3694bc41e90622893a,0x04390915d296726c40924a7eef0e03015c739034170c43df3694bc41e90622893a7271570262c0306b8690274cae72a426a9010b60d53f36664a83d229bbb3c869,0x2702df38f391e7bad8203b147da379c330b99fddd80d9f6c18a318f2ec6d0a0b,ok
0xd701c7b0c24c0057dd489b8e55f92425abbe8fce,2,0x03f3ddae96e70b1efa47ca01215d4e875705d94ee0c4443f1968eac4b7a47ceaef,0x04f3ddae96e70b1efa47ca01215d4e875705d94ee0c4443f1968eac4b7a47ceaefa51256b85d707241f7a1ff935ee4ee9f9d450d94ad87219d41e28fb7d952b673,0x311b22610847ce41ccc120cbe07cf54104528ea15179cd79e442f1d442bc5ff3,ok
0x045f3890d1174bc604eeceed4681e603435c59e3,2,0x028c469ac49929d9d2a0dd624f6774b1689e79446d65b9a1b0115872b4bc48c471,0x048c469ac49929d9d2a0dd624f6774b1689e79446d65b9a1b0115872b4bc48c471e826060251da31d54afca82f2bbf166550dccc14a738abffb60a006de9e45cc0,0x6bf93e8a9a60b1d727450921a9fc603e73aa61edbe3f7f6cf0d0d136772055b0,ok
0x1329312607c3e8378871bc39f04bfd42a7b8a50d,2,0x036ad522a8d427dc3dca534a41ff3f90bc847578d8991ccbd7c82b53a113720346,0x046ad522a8d427dc3dca534a41ff3f90bc847578d8991ccbd7c82b53a113720346b5494451b58b0d65e0f67faa5543a198a26576bac415e4f205a11d14497c2135,0xb8e003e5ee78b6ba6ac2f455c357798b366b3e1628b0ba3fe2c9c0d758c0fe8b,ok
0xa3adbfc9e5f52df62006b236128d1fd2b70af04d,2,0x026311f3d37821f55f15af670658078af717ed779f67b0fcd0753131bf04130039,0x046311f3d37821f55f15af670658078af717ed779f67b0fcd0753131bf04130039c137818da2d3e5d2adb6dc193521fd8f9beb46495ccab6fef5e4ce7029a666ec,0x9a20bdd273bff408f8d08c8a8ded9481c349ec2170442389d739210253e1b251,ok
0xcacf2510ea31985cf76b4fea203f03581465022f,2,0x03a67c5e025f59ad487803f621d51cf07705dadea935f2e34d59fee414d2a668a3,0x04a67c5e025f59ad487803f621d51cf07705dadea935f2e34d59fee414d2a668a3e6006603efd06f322b2758f6ee4a6f28898fcfbfab9cd45e0119948059cd3751,0x04b170cd87aada082001e57631ea1d1ac4a51b3ded017456abe07782622b3863,ok
0xc4662bcd1c847e2236e91e8258a97debb7fa6d84,2,0x0221351ad445aff9ae26f76fb58524fedfc2cdf911615ea0beff73f2a206e367e0,0x0421351ad445aff9ae26f76fb58524fedfc2cdf911615ea0beff73f2a206e367e0b9b643542012a1301139e294b756db6a9d6f172b3b1863b9465441a0fc1c4738,0xb260f362905060e9ed5c3da4b96baa5905e7a1af3bb0f38b64c992cf3878834c,ok
0x509742ce068293bc8fe34f3a7b84627026420b38,2,0x03025aebbc5fe7b6fb34a2b8d00a99d3679ef4cba8f70a5b3f7a0269783365e64f,0x04025aebbc5fe7b6fb34a2b8d00a99d3679ef4cba8f70a5b3f7a0269783365e64fa1fa6385b37ea1ea830bcf70b7167a7b3a11425ba43fa45c1582fa16a3e1e06d,0x18913d5ca312ef24f9f832a90c5ae3b271e309af6070ada0c86f4fac6e9ea7d3,ok
0x2bb0b02d09cc4e38172614595d5a86fddb878d2e,2,0x032befafe54fae60d89b267a963c2624cac289e90314b762f0b3b739737c27d52d,0x042befafe54fae60d89b267a963c2624cac289e90314b762f0b3b739737c27d52d083c03258e3f1b4a1397a21c8774f560a8924146f87f2c9d21d8a6baba505c27,0xd8b89e0547cda9ae737e7dda1c513939df48451f117b80b306d9711275389b08,ok
0x36c9b4ef975fc652485dcfc70a6e7eb4ab71aa77,2,,,,contract
0xa4ad17569bdebac7dd027994d01f980fca4282e2,2,0x03b7ebabe476d3c08ab570395f4bf821ff8a230d0f757588a5ade31bb1d232ce15,0x04b7ebabe476d3c08ab570395f4bf821ff8a230d0f757588a5ade31bb1d232ce15c64fd11af82288b53faa4e2a0bc66d60fc410fec4e26e6815e0e150df061e2a7,0x00668f4083d5c189668bbcf1896a13fb236bbf6d4ccd7c8b5237b927daa1a612,ok
0xcedaf3ad30eae3f7050da94f205d4c2a576da83d,2,0x02647d2727a721dbeabb6a0613460946befd2b88fe16d39d1323d6f77588ce6c5f,0x04647d2727a721dbeabb6a0613460946befd2b88fe16d39d1323d6f77588ce6c5f142537b76e1b495889ab7d490ac876f0d48ff997a0b041442aec5e92b6249930,0x5e20a1a82991eaa7862c8783a9cf5681d108bf8f46dea82f0314bd161667f5c3,ok
0xe32ff55d4a164368721301213ebf6ee0ce59ea7e,2,0x023a61dab37959f1faf4fccafd29ada20fdc7e744a3a4856dccd1d207dffc5e5ec,0x043a61dab37959f1faf4fccafd29ada20fdc7e744a3a4856dccd1d207dffc5e5ec5d3b69f449a2b0f87d7c7547f7b5accbea5a9c008e8d708fc67a6cc1ac0a0eee,0x6449f8c97899ce280521503918e333ff9c3d11cb0209398c2821442433f2aac1,ok
0x8fd0a06b0eecf911b2a60985b1903b80aeaaa834,2,0x03c9a5e626b703f1e9e289e0ea8ab64a4691cf0913aa722c81d26cc7bd4ad9c1dd,0x04c9a5e626b703f1e9e289e0ea8ab64a4691cf0913aa722c81d26cc7bd4ad9c1dd5ed29bbdc53861d7e54f36a70a6d4f8a66cd64b682dbbf9ea93b2bda6937386d,0x35e2630fe20cc70d06c9572a43d3ac981bcc55f90a0b6af2dc3601a0337ccae2,ok
0xf76c2cd1d2d1028125ca675013e22a74d51ba468,2,0x03d44f6687416cf3677f056c8ee3f31fa900cf8bff0043eefdd0c6a83a24e1bbb3,0x04d44f6687416cf3677f056c8ee3f31fa900cf8bff0043eefdd0c6a83a24e1bbb3cd8ebfd3c4673780078d87336762b41d5e4fafe1dff77f70dabb459ec69171fb,0xf115ff12dbf808f155a57ce37b35c02f717c06ef107937aa6e9e5f878dd1f7ae,ok
0xa3a8d28e408632952219bbeea7b0a18b907b5061,2,0x03bcac6698e482b1d0393ff88f49643d26c928cf2f2896e2f12655458b245fe1db,0x04bcac6698e482b1d0393ff88f49643d26c928cf2f2896e2f12655458b245fe1db5f7249a0f23ef3b1036151304b0d78d9e65fd5c626a69b3c4f404de0d9245c3f,0xff676cb81ce08689f9c6aac5b6abd9cc52d07f7d901847df9bb0f5b0af80d46a,ok
0x0b95f218d9032ebcb9ea928c7621e2ec7d19e390,2,0x03d64f9187028a36b6da689a26d9036213b9f10ca8e8ce1d6484d95fd41de74fe0,0x04d64f9187028a36b6da689a26d9036213b9f10ca8e8ce1d6484d95fd41de74fe0d62530715078e9ec3cbe892ef533342fa2ec197f708bf20e2939aa80f9c17555,0x7062d72a4af94fb2fe8f9aadadd26c99d189d6036e3b18f37aef55a97a39dcd4,ok
0x6fcc5156001132af3c3e3669d5370fe76b7505c0,2,0x0350f7ff85d42f1f4c4b7fb31c180ff614030e5a0cade56722bb528b7c8871e435,0x0450f7ff85d42f1f4c4b7fb31c180ff614030e5a0cade56722bb528b7c8871e43546ee76ec393d2e11211ef4a1c84dedde2699182108169e32a41c9df16513ba23,0x161ce913ba3763f905931b08279e8711fdf8242b3c32078c6b6bd8c6d73971cf,ok
0xcef55aeeb95be7d5c53c1804012a162074e17937,2,0x02b300503156b476024536cf6637fda0be48f34866c10134d6300cbcbc9b6102c5,0x04b300503156b476024536cf6637fda0be48f34866c10134d6300cbcbc9b6102c5b478c72ff13e1f03ecac7161e69701f3032856cad776390fd2e8d8949ef20858,0xba06d490f9757860796d19bfe9d81a363afc34579a07d2d86118abc7a87f7fe4,ok
0xdfcaf91ee7ac0839c4a4da345135fbb8b867e7a7,2,0x023e3417debbd5e1f51484a5c0dad1a8734c42e3c0fa9e3c38d3302cfdaa785611,0x043e3417debbd5e1f51484a5c0dad1a8734c42e3c0fa9e3c38d3302cfdaa78561127ad27b417c7cf15fd4ee9f1132c903ef43a8be44d271c2d36fd81de7bebed6a,0xfb36f522d1d69149458ea9797d3c9b6dbf6127a6a1a3a429ac22ff23a18a4e00,ok
0x196d52e0cfb4305b4c0f4a3b41d1e14458d23510,2,0x036d80254ce032815f4d38fa32099012182a0117ae602df6901d6a985b2947d4ae,0x046d80254ce032815f4d38fa32099012182a0117ae602df6901d6a985b2947d4aeef887ab9d5fae9a59921773015b3552913cbbb7c229de3c27accff13a1c1e3b7,0x869c3c237de5a6a52da2e737b40c5ee24e8c9775457126841af8716790bf9400,ok
0x45e221606ec24b3bc2d1368bc136cc2abcf79d72,2,0x037fa7c8ec41bbd4eab26083a3c2258f7d6ab9eaabe573b0bdc3c84f791379b99f,0x047fa7c8ec41bbd4eab26083a3c2258f7d6ab9eaabe573b0bdc3c84f791379b99fb6360e4b871791319377a0d54f3d4bd92887bf7d0e0089b849fa1c7294e53f9f,0xb97fa7ebc01dab375ef4d792c50619adaeb5badfcd260371333ab419d6fc800a,ok
0x708fc1e0d73441a7223681a90cb2bb3411374315,2,0x03011afd617eabed1c9993c43296ef9906e87882cc832c67dc3b1f036362e2420e,0x04011afd617eabed1c9993c43296ef9906e87882cc832c67dc3b1f036362e2420e8b16363eca62469be7c6f387baadd74bf6912ec02f1ed6efa06298b20c9e6d4f,0x496508014e176573572370dcd3c646c39aeb2fb03b03ae0520cf2bc7924e47bb,ok
0xdf7bbe25a721828c38441cd2576f275168dda3b4,2,0x02bfbee965fdddc1488f8a6c71b80266344dbeed9e33e31bddc827db50dbedcfb9,0x04bfbee965fdddc1488f8a6c71b80266344dbeed9e33e31bddc827db50dbedcfb946ec5c47c716ec54a3a2029eaeb48b42a5d82129b49bff8194f7027480aba424,0xdbbe71e7d54683af6a47cbb0af2cec15938a492f1e59358cf46e6f9fad01bc84,ok
0x027e7745064ace4399d7259028e2ebd91f914e22,2,0x02366573e88a94a888c0b2dbf250f6012f1b90e58c9d827fbea44fd6c97c77cfa6,0x04366573e88a94a888c0b2dbf250f6012f1b90e58c9d827fbea44fd6c97c77cfa6df87f5a5abca4b927da8499a77f02dd4efc555121b80ada74fdf49e0153a71a6,0x60da39901e83c1a346b59f5fe9b5721cbcde0cf853c41484c450b4f090ec8ff4,ok
0x5ddcd65f592a6b29fa9e7147c3d8e9a7d97d953e,2,0x02f7726268f53db781ff4a3e89a6d5d08a5867b29d1fe7419d17eb6d3c792497d5,0x04f7726268f53db781ff4a3e89a6d5d08a5867b29d1fe7419d17eb6d3c792497d563d85b8be2915268c2fdbefbe7a2e0600a27cee154ecea22c79ec9a0428aca2a,0x9c785099846e056f32a7076431774a1093dedd0ca72063119bc0aa32353c2986,ok
0x0e74dbe1b9256e79ea77148ad8225a9baf83baf0,2,0x02772e4ed3c04eceda5368b44a4f8b8dc757c708b481da96d15b95bcef6906b167,0x04772e4ed3c04eceda5368b44a4f8b8dc757c708b481da96d15b95bcef6906b16766a84063fc0bf49c088e607ac2c397ba4a7f2ed811ffa20b4896c8814ef73906,0x399aff190a77042aff08299d0a54a315ff5dead2a815db7944531e40e3bd4a19,ok
0xdd88e1c4105b8d1b32c18ed282d7cf7f72fbcf52,2,0x03867323401a844e72057ff3b23b9d7de26843cce933e17d6f09cfc7514bda21c3,0x04867323401a844e72057ff3b23b9d7de26843cce933e17d6f09cfc7514bda21c3a917b58750159f57a3842428266bdfe8aaedc1e572c0492b941cfd22c1151f7f,0x053988882f48cc80569b6c55d6533fa2ebb1e5ff898ef3160a51a64c47b73ac2,ok
0xe90a15ddee14efab1b2a48d30bc2bad5f68ebc8c,2,0x0288631eb5efa6113b85ab5d8c0487c21b68ef9cbbc0798361672b8b52396eb970,0x0488631eb5efa6113b85ab5d8c0487c21b68ef9cbbc0798361672b8b52396eb9706f5bcb7eb25bad25c4793bc38a909d19c9b9b16777c9367f7c13bd879112a9be,0x25524fe0515c12269528fcb97beab798f00374f61a404e4f451f1f0433e39155,ok
0x5e44c9503983814b31303e06a4773730a6bc00b0,2,0x020a7dfeae3c04936c171ba069d66cc18ade22692ca1941262ff203604924c23a0,0x040a7dfeae3c04936c171ba069d66cc18ade22692ca1941262ff203604924c23a06a765953bc7c9a850a1f6a7f5333373858f0119030b892702ba26c83d1f2c7e0,0x547a762df019765e193e7acbed72ed9360b8ec6fd371c6278f1a7fa9952278ac,ok
0x808cb2d92e6c3410c611960f8f44246fd9928902,2,0x0212589394e3418a45f6a2ea7d04b511597f675a630297410987f1fceda382e479,0x0412589394e3418a45f6a2ea7d04b511597f675a630297410987f1fceda382e479d9aeff5a97de371d415eec59c1e778cdb5565b08a3d0b8b8dc097b00c66e1046,0xbf38179f1a81bd1d0241be5c1d5342ad2ddb6b573fa0e353105dc909357762d0,ok
0x72f926fc12537f594700c8b52dd23ede404b7f8b,2,0x02a74f10d41109df0d189b6d00868999f06326def3971461e44eae36af22ab7ff2,0x04a74f10d41109df0d189b6d00868999f06326def3971461e44eae36af22ab7ff2f592d377441eb9ff708ffd93ce9f02cbf84e384791713438ab33c79dd59539c8,0xd618a348ae1d31d93061bc782ffa29c9cf155063ac353f7fa8c00e9a28b2a92a,ok
0x78fbb8fb3491d32d2462e0b3ab1d2b859ad70ec3,2,0x026ce8a6a65a021496f892537f727eff9c3e90fa7c2cb6a37681fae18808018738,0x046ce8a6a65a021496f892537f727eff9c3e90fa7c2cb6a37681fae18808018738d45b21187435e31b4d003e26c2f774d73724a3085e20e93d681584ae59058160,0x87153b9867f11b62a120bbd2ea03f858f9bd07abde4c5db2f692078c9726d304,ok
0xbf300f22b77276654b194e4b8e93033b96da7b42,2,0x0274698eac639608d290a14aabe0e78ba1799046aea182c074891ee3e2609627f7,0x0474698eac639608d290a14aabe0e78ba1799046aea182c074891ee3e2609627f70b384f099e31a01e0ad014121e868cbd497279ba77000f6d52aab265d277004e,0x8cfc790ae2b256e33353173df6c33ef89623ce90ed4d74963295960dcbac0cfe,ok
0x19a77b6d7949526dd664aa11b28b4ac1382a80f2,2,0x02f5864354e3969551dc9462118e8d1a8758d73271ceb76c64f13b081677de5dec,0x04f5864354e3969551dc9462118e8d1a8758d73271ceb76c64f13b081677de5dec40f437b45461f3f6d0cbba92ba628b8f968ba1484d24f5e21ca0697c8424b61c,0xc81b4737291baa72f05fd200cc9556fb88e3ad8339fdd37036d07ebe6658d07b,ok
0x444a68df94e77ef60bee8712ab10a5066bde1d2f,2,0x02de7317f8d4f8f8303d8b2e89d678242402bb352bcc041b2d1a713abe6fc6cc0e,0x04de7317f8d4f8f8303d8b2e89d678242402bb352bcc041b2d1a713abe6fc6cc0efaaa86b99658d9ab59fcd92d0c06c0a0b8448a459777f03e94a265459097aae4,0x9836249c9806cf63a285876eef7ee83c01e69a267a35056b852ff3ed4e212ac3,ok
0x5c453c97b9d657794f5bf83ff68d637c5a051d19,2,0x03b53595c3a0cae7972a4ab393c7091ae7e6c7d4f0516138b36a39246dc9f1005e,0x04b53595c3a0cae7972a4ab393c7091ae7e6c7d4f0516138b36a39246dc9f1005e5706206879ce38e34226cd6e48f1d7b969161464e4fdc178f64c6dad06ea3bb3,0x176a78c11a1ba1ba18c4b197ec6e84aed39dd126c221eda21b5850d4b4da8976,ok
0x6dee5436c908439a7e961c715d83efa640fa545b,2,0x032bf50c522f041f0030d47cab698cc42ede8fa5adc892702a0407d1051e928be0,0x042bf50c522f041f0030d47cab698cc42ede8fa5adc892702a0407d1051e928be06b93de42211678365f68d7698a439e567617276ceec560ba4d13fa3839ff6925,0x92d5dbda3921f669135e89f7e296eeec72aa0114cc215b04ff2a589cc0e9203b,ok
0x5cbc533b539969e4fe0b8ef14f8d187c86e22cf3,2,0x03816091657b4ea8b6626992ef73d3d8fb4e90ba13e9e816c81d3de0365a9879d7,0x04816091657b4ea8b6626992ef73d3d8fb4e90ba13e9e816c81d3de0365a9879d7235a87dec2f31add2de895deb02e23bdc2dac3aeb80521d95083deb3bbaa3431,0x97b2132a92b69e88275c7cd7fc7bb72fde1a946d4443b1642c76469fdb34a95c,ok
0xb04d22d52622880c8ff505ea4c27c6efdbb1cb2e,2,0x02e60206bddde8b010058fb9a4ba52485cb32d206e991727e031c4e6ee6fe72312,0x04e60206bddde8b010058fb9a4ba52485cb32d206e991727e031c4e6ee6fe7231283960d82699de1c6207d5c31126fbcfd9ff0e859f812095644736e9f85cc1d14,0xb5b9b3b5b1b3781b7de60c6c0fae7782d026ffa4231bea2a7c80548c74ba7577,ok
0x02fc388021d06de22919b6e969b9dfabe7151dc9,2,0x024fdc78eab73c2704d5f5cd543edc775401cd26c8c9bcff4d92fb600648a264af,0x044fdc78eab73c2704d5f5cd543edc775401cd26c8c9bcff4d92fb600648a264afbe408cd1f5c69400624a442f2e966fe284e5dde73509107c7c093a9c6b8410d4,0xeb386d580095092c016528017465e4664c21f3aa7fc4f429f7d046c0b68d9342,ok
0xe21a3972b251726e672fec6df7275915965c58c1,2,0x032e5b604636aac4a174a15b1977eac95e0e5a6cd1e92f6ec61d66785eb36c1bc6,0x042e5b604636aac4a174a15b1977eac95e0e5a6cd1e92f6ec61d66785eb36c1bc60351d6de4556bc9aac65f437479e89c6fea69e9ceecc9c31ac3ceac306be3475,0xd76a2efa5775708419d73b937859921395d2a7dfd8ef4407ea2a538c4b94c3b0,ok
0x4c66e05aecf0dbfed062181475ceaf0f38dd4c87,2,0x022ba85ca279046d3bf9586af6a973ef5fea4241a3d16161f592d752b3a42d0a23,0x042ba85ca279046d3bf9586af6a973ef5fea4241a3d16161f592d752b3a42d0a231f1c7e1ae4e07d4834a94b0c314902ed101026f4c60fb9b613be706deec9b00c,0x57e2969dc51beacd226090b9ec32619aeceb8209719c20950834a6744e23ac87,ok
0xf44100f04140d26b49852b4e48ca39a93b2c8db4,2,0x034f8ae9a1c78f548017cf053f72aac87a7a810d96710bd715286205c594872456,0x044f8ae9a1c78f548017cf053f72aac87a7a810d96710bd715286205c594872456306714de90eb66769fdaf1776708b3c1325f8da2aa01b14bf5076937d02f8357,0xad9a01591993dd0755057b07136904a1c2c6a9bae5af6a88b79f91e12b22a82c,ok
0xc5370bc7540a91178896e766da7933c7b003cba9,2,0x027206843fa1410e4842fff81a923520ce222e9f6a54f6372704555713329fa20e,0x047206843fa1410e4842fff81a923520ce222e9f6a54f6372704555713329fa20e23ed8d3cd3bc39c681e4f085d5acb71a96cf7ba0478bb3fa74c1cc8a6b698614,0xdd7aa42bd02d41493493f7923d896e2870198674aaf81f205363ff27dbb937f5,ok
0xb8734b8b9927ac62596d3c4c4a74c35041c110c6,2,0x0346ac202c3bf26090df2c2027b3aee54e3eef94a843d8323494deda27d3a6062c,0x0446ac202c3bf26090df2c2027b3aee54e3eef94a843d8323494deda27d3a6062c5864ead41fe60d375821498684c412dd4b826d647fcad532a7abd0f6fa4631bf,0xfd6a81a7acd12aaef86dc7179edd694d2cf99f788affd8e37ee4b01bb6f74e17,ok
0x1d9fc050bc8bdde9ca783cd54a329bc4607c67ae,2,0x03685d42034d80b61fa7856efd694e39e48e05d84a4920ddb1c9fd5e97976b4cea,0x04685d42034d80b61fa7856efd694e39e48e05d84a4920ddb1c9fd5e97976b4ceadb689547388d1bfe9bdc4df8f84393283ab8e29e4ac708f0317ca0adafe9055d,0x8408841db963c716c4ecbabbcfee3246f30c2d9b145836449cde2e4ad6c58f70,ok
0x23c3f7f7c3757c871695ca3d8908733895d2ff9b,2,0x02b3de418d6f821d1feae2145b3107431f45773d59c4474ffdba0941b5683bcb1f,0x04b3de418d6f821d1feae2145b3107431f45773d59c4474ffdba0941b5683bcb1f9263678117f4a5ae00699cc1cc0d0d7055a9401c48eb1187756dbec922072b04,0x6e402ddf0fe32bcb49a54d790e4cbdb2959628337553ed89b1b3ac3534d54cf4,ok
0x91f34452853213794df384a896e070cad744b538,2,0x02e5cdd74e1d9af93dd4460c4bd7093cb2777cd376c39aaefece2aaf677eea3755,0x04e5cdd74e1d9af93dd4460c4bd7093cb2777cd376c39aaefece2aaf677eea3755283fd414d94f2dea31b7b25131e992690edd1c49ce9d6f9ab3ebd55516dc00cc,0xd22170bf8d28a240c18189b41c95e230ae6725d0a9c181d5f88bf0d6c11fda66,ok
0xc66f361d9e27a35f334c5b9507521d236fa31f20,2,0x0362f49cff66f45f30b8fec87f01fa7b294d23fba0d3ace42010b609fc7c6e8ecc,0x0462f49cff66f45f30b8fec87f01fa7b294d23fba0d3ace42010b609fc7c6e8eccde69648305dea7de9a3ee65d35b9b878a76f3eb2dea19181b60698e9741a6171,0xc3553ca9a7fd098876a08cacdd0c0bee8dcea2cc5a91244bc5115872eabbf17d,ok
0xa4d11dbfa1cb098c4b320e7ccf31eef3fceb61a2,2,0x037d7d4eca3b23f7c2a3c68a1e400d1f6c476aaa00d5b1f59e2a70124d7623db0f,0x047d7d4eca3b23f7c2a3c68a1e400d1f6c476aaa00d5b1f59e2a70124d7623db0fcebae51114bf800c261d894bbafac9571ccf2ad2b9d8975c89edc8f094931781,0x7168956f1dd70f252c083c549dcf22715c4a017ac9e38db5f9e4028cdb549a26,ok
0x297ea0625fad5b12817454c68e9b6c84c9dd8abe,2,0x03a09c510ee6431876b64c7729d7f7fda7ad8d14151773c351ca5f9035c8a4c247,0x04a09c510ee6431876b64c7729d7f7fda7ad8d14151773c351ca5f9035c8a4c24738cc85bc06782f5e62f22cedb5dc3fa0fba4206b758529d2a043e45ac8fbd04b,0x24116a32e560e306cc7fff7a68f00ec44f00e9c8230ceb9c3695c22241274722,ok
0xa9fc94a22c1030eb7efa1dad9a736e5f5701aec8,2,0x03800b9cd60af614372048e9ed9874cacea2509b9e18c0b6f76fab4331de0b5c88,0x04800b9cd60af614372048e9ed9874cacea2509b9e18c0b6f76fab4331de0b5c887c2fda69b95fd820ee75293860cbdf9bbe15697c6830fcd3122bff3e951eb68f,0x41f693647d4b95425c2dc3eebc48d4e05129987907769953f870677abd654793,ok
0xd84682b4667d3967b2eb652e662443ae2a130e46,2,0x02436cbc20b2c75ecafc0cfd501d8ebd49464e3bb04092f0ef6d94e618ea75158a,0x04436cbc20b2c75ecafc0cfd501d8ebd49464e3bb04092f0ef6d94e618ea75158a0f3fa7d53eac3764573e07e8f1be45b2a13e9468532bff445c442359f2e454f2,0x5e7a474df64e37af53df04881d58c5058e2694f99076e945771788c6b299eb05,ok
0x51e162687a45622fa293c8d68b1e59eac7e5a569,2,0x0263f8a5c73f6bcdfe22648033615ac88bb456f497ea855ca5a8fffd094faa1d76,0x0463f8a5c73f6bcdfe22648033615ac88bb456f497ea855ca5a8fffd094faa1d767b34d7fcc593fbb8b6e9fda4d78e299b0174b47f10e88e32ff025d58bfd2298c,0xff5d7c7b1f11fca411dad485dbed9a26c7b5fd9737a38710c1a8c2dad431844a,ok
0xc98d611ac481a3f45b824bb54d68ac2cf3c218d4,2,0x03503196a4d97afeeb7a371ff8abc0160b7816d3341a47d67ae1a372e9499df4b0,0x04503196a4d97afeeb7a371ff8abc0160b7816d3341a47d67ae1a372e9499df4b0094335268aac9ea4ef94209a014c514ab4b064dfd5b83cad175b6b128df5a03f,0xde439041034a8578fafe9909c26deef7db17633db06a71de283ca99148d2eb34,ok
0xe07f9ad5d31a862b429401e9321127f1cd42bb7f,2,0x027c9d67ca72780dfab906ce32dffc67abf594439856050c9b4fa78d0ab72e9f81,0x047c9d67ca72780dfab906ce32dffc67abf594439856050c9b4fa78d0ab72e9f816bd392d68059a1ee62971b3d553ae87b3c1a09e3ccc3a655b0b4bc314cd1f762,0x0affb5c821414250f6517f0fa65e7ee46419c320555dbd06f19bb98459c33a04,ok
0x54e6eb9097fd61b25b7f64557f66c59e3bb7b278,2,0x031ab778871c952cc73c278e65391c8671534ed94563b39e56f0aaca345239ce56,0x041ab778871c952cc73c278e65391c8671534ed94563b39e56f0aaca345239ce560bf2db68b88a267442526831fda6b84de1adb5e4a811e45235938e41bd363f8b,0xbe9803261c5bdeea548cf5e2b7bee2595e63a68e3cd519c1c336daea356ea3d7,ok
0xa6bccd40affbb7649a7e32a4da930aea35b42339,2,0x0345375669a6fc2d10b88c96fed73a7d1f4ef51bca44a15d2ecf9f951292e11efc,0x0445375669a6fc2d10b88c96fed73a7d1f4ef51bca44a15d2ecf9f951292e11efccf9cfd6b449ce590d671092405b0feb1cf84a59fabc52e2da3fc9e8865552b6b,0xa01defdee289be8c8754f24cd09bd9aee9e983018ccd6638885eb85e78f379fc,ok
0xb755b0fbef6c17341c768acaa689ae7abf4cd101,2,0x036098a0fcb63e6e6eaddbb6411dabe9381e0137debe9377f4aa80d8a72fbd19b9,0x046098a0fcb63e6e6eaddbb6411dabe9381e0137debe9377f4aa80d8a72fbd19b9ac8bb164c4b063e0e26ac094ec82c985e99f7df66142bb9d310360c220522d71,0xe136654d94050f8456b37d3c94116703f4dbe364ba1b2b07ab4c00e4fa742754,ok
0x8a9fbbd935781d3d63f4b9fa7cf0b678b69ba5d0,2,0x038cf23f2326b337bc807b55d949ddfe968aa9134aa2511d2cfd5d052574c452f7,0x048cf23f2326b337bc807b55d949ddfe968aa9134aa2511d2cfd5d052574c452f711f3346f952d6c1f25d078d02bf85985b7aeee70494df8abb68297ef221f1051,0x3ee310d02d7335657cca42e2bf0cf5725d831078863bfcbd48d77882d0e28b66,ok
0x212ac760e172857b75d9f6796ebdcf976f9a4915,2,0x02ef43f15d4df4a0e3fee9b6edc896b237b07eaf0d7ad65b9d89617d5792849c6b,0x04ef43f15d4df4a0e3fee9b6edc896b237b07eaf0d7ad65b9d89617d5792849c6bc61b2c757511c80b9aedbae392e2926908e02881f3101daace28aec269616528,0xd2877b95afea8614f6bad0e32942fd63c67be9d27cef557c4e671b027c66e975,ok
0x7afb763f447662bb50795440ef1dd06025415a57,2,0x025095dee451138a200998343be21d6172f6467527841eec6cd18987b6f7f70555,0x045095dee451138a200998343be21d6172f6467527841eec6cd18987b6f7f70555ba1a5f5ada6735ceca6335c07bd29662065e07e8204ba587399edc7f756e549a,0x4381ac0c459119c8eb9291200c6f66046dc1c8d02c6eef53855af0eb5bf6fab7,ok
0xd315568facb8430cb4cb4e80dc437102ce87a7b8,2,0x029f76f744f9579edf1303ad753abde32b2d398380dd0565a2da592730170f9f6f,0x049f76f744f9579edf1303ad753abde32b2d398380dd0565a2da592730170f9f6f050bdf3ffc1d1987daa60589cbc41277683111a666e8c2b92d632f0dc4cd1db0,0x460a2bd8f1e6ff7fc7881b5dd84a3e84d38a38cda0e096bab02728e404c39dc3,ok
0x37e90afefd6c8eec3b85f46d85f8ada4b9573437,2,0x03e847d532da31cdb7a1363ac4fad86e8a695b5b2416f534970644e7df477447dd,0x04e847d532da31cdb7a1363ac4fad86e8a695b5b2416f534970644e7df477447dd7edbc3d168a44e656ea6c40a2b340f069f5e371162e5d88e6b21d60396b12f9b,0x4f71b87bbe84ec0701eb445398bbe327612175fdbe4be29a45f22e08a8d0ea37,ok
0xf1ab0d1b545bdeac9ef7839b704f0f633737cfff,2,0x023aec6df3d64ac1e8dff58cd4be189b7844924acf982cb3986d2e35d6dcda8cc7,0x043aec6df3d64ac1e8dff58cd4be189b7844924acf982cb3986d2e35d6dcda8cc75cbe2e28883ae1fed02525163f56cd2b641bd43e6150210d20abf36b945dd646,0x00abbe3a8570ebe420ea45dc1907e254ec029b309dfaf7ad5c4e0a3b5a68141d,ok
0xbeccedeb826b42d24e9b00bf333ee79b09fe533f,2,0x02f5250aa2d55db88932cc9a3b533217edc5b8b3bb30cc71ebd848f6cafae16d9a,0x04f5250aa2d55db88932cc9a3b533217edc5b8b3bb30cc71ebd848f6cafae16d9ad9547a8bb64fc701c36053d1b110606fbda75956282f66f3ab5d8798d4155190,0xb30b4d46084c27732351bd962a7a40c7d99b8d4428d653af086efd0dbef10eb0,ok
0xaa3f22963ebd519b6876b21a91d71abf58afad89,2,0x0395742ded3db0b68750104840e7136ea02294302c7e1b402ac63d1d699cd681a7,0x0495742ded3db0b68750104840e7136ea02294302c7e1b402ac63d1d699cd681a7e2f122a92ef49b2c84f5d3992982d2b5d015036888081c288497fa587c74d351,0xa2a71b20ae66953f5ee0c53db11909b64e8ce8a8fd8d110b46de5bd50c267223,ok
0x1a8d92d8d3ead807d58e3ace35c74743312c6b0b,2,0x0246271e58e06eb2b9db65f924a839917f3c3d5c2804ce27757fe73f57e182e3bc,0x0446271e58e06eb2b9db65f924a839917f3c3d5c2804ce27757fe73f57e182e3bce8d23aba89a8d96051e0065a9a34b18cc437548cd3f6a68e23dd8e57f7aa6096,0xb16fe47e967b4172669f3fdd80bba3e2d1c84a5eeba374212d24da7d31c2b3e8,ok
0xfa7f496750a6fd5dcb241eaaa67b610b98660a1b,2,0x0345b0a44e030ad5280fe783e8a7d31e2b057b781651953bdf72f3703cd224f493,0x0445b0a44e030ad5280fe783e8a7d31e2b057b781651953bdf72f3703cd224f4936d3aea33818d7edf785db1fc11d070d499379ffdabaa55f6d850be947e6fe3eb,0xf33d6905d2c302affe72f7fcccaaa9f17ef8652913e2aeff42f7a1bc14fe15ce,ok
0xf2affb46591a8c3d7b50639ebdc368a8a980af81,2,0x037044dec65ff8762e7f862eaec79db7422ef4bad43f721fd8cd86dcb694722707,0x047044dec65ff8762e7f862eaec79db7422ef4bad43f721fd8cd86dcb6947227078be6971739f149ee6552c6050df32813878d09d5da4080468964e2cbc278c3c3,0x27dbdc7f045ee8c5c656036d397a51ffa14fd2a5027af64ad8a627cc3f7972eb,ok
0xcc48df93b10c493b118d889c2f35b47682d68ba1,2,0x0302d6cf549e93c0c7b7f5c171ab4a974cc664be08e1dc092bc977fd4fbc2538ca,0x0402d6cf549e93c0c7b7f5c171ab4a974cc664be08e1dc092bc977fd4fbc2538ca7490c4138dbd9e0aaf2cb300c2e1a2904249c6a101b6e186da863c6af8f1a461,0xc79594d0bd851229dc15fda919a6b193706d21c37c03a26ababc5332cc1f91bb,ok
0x918a812aa65739c8c03e0bf84be92ac3af373216,2,0x03253d3e3c5936538679a4ea8de8e8862f3cffcd5a1c50a38cff553219bd13f171,0x04253d3e3c5936538679a4ea8de8e8862f3cffcd5a1c50a38cff553219bd13f1717e0c3681791a2388d4886a7e8c5a88c8185c984b282ff6cf736de80a90ee1cdb,0x2ed1137211382335d392ee99ddb6398ad88d695be234e3f63758d060317b3a03,ok
0xd307f9eb92b7a32eae2eaf3b82daa4a442eae1f0,2,0x03c318c75e3bf3c62598a910c1bebaa7dc3cf43441367d5e5cc0dfd5e7456ffbfd,0x04c318c75e3bf3c62598a910c1bebaa7dc3cf43441367d5e5cc0dfd5e7456ffbfded03a105d1914c84016a9fff557a2abb06b430ad49594c69352d760fafa6e37d,0xbcf4530ce17de560916868e3b24d176f53506aeeb45c28ccb9aa285eeadbf3c2,ok
0xc2065e8c845448b6fd7a3ad168918f2ba6e9d45f,2,,,,contract
0x2173da5bec8e004444a179312118898b9f353d71,2,0x032f116fc6cb777b270d35d0a24e1b862d5896edb8becef2c6e9bc4e69328a2611,0x042f116fc6cb777b270d35d0a24e1b862d5896edb8becef2c6e9bc4e69328a2611f7aac2ab9c913ba4fced5598d4e25e686a5324c08b563febc4c28a9829ca3da1,0x9eb322662cfe3beb4692964833571d5f1ff5573173fcdbfe293522fe8a82b9c3,ok
0x3fc26d0a29eb139586bc6862dea3f16ecfc523e6,2,0x02ad8cdbf4ea6e2bc5f93b0a1fd9f6c60769274b8bfc58fd173516726b84dc39bf,0x04ad8cdbf4ea6e2bc5f93b0a1fd9f6c60769274b8bfc58fd173516726b84dc39bf88075534d2c79ae363a9f174f394bb61c24a9b7f641c894cb2f4392f194767a2,0xed4e2267c44240e39e5c32a51fb77fa758b7baef1817f064475c6e6b2cfa397f,ok
0x3c1015dae01e34a0df75e713488b79e9cde62125,2,0x02d48f429ecac7340afec6963d94bb737a0cc9b0d0ef6958f81b5bf8ea4ce1ae31,0x04d48f429ecac7340afec6963d94bb737a0cc9b0d0ef6958f81b5bf8ea4ce1ae3159c5af27b960557a425f973802f15380558f071f4ed261ee9b409bfc5d633cc4,0xe7f06fc7bbaafeb5bead76f9be162ee4928aaac6b6956e960a922f06b5f9a482,ok
0x4805016932aa0c422c4c0eafd27c9363371a57a9,2,0x0292bb2e6935ea23fd7d812e96094afbb1a81c30e861bd37f5b400695c68c81947,0x0492bb2e6935ea23fd7d812e96094afbb1a81c30e861bd37f5b400695c68c81947d91bdd8913679a21336b18ba790cf37ec0395964248c6413e0387e79ae53a284,0x5196ee4979d86f2890d5fc068176e485387119fa346482af012a2703be4dfe0f,ok
0xa9068d2b17fc6dd91147c0cf16be15d38c45d389,2,0x0259976c24574f8b9e95e4be11eab38d1b6471a23586d330e60cfa345300a09c50,0x0459976c24574f8b9e95e4be11eab38d1b6471a23586d330e60cfa345300a09c50803ab8c0a5e153be9d3b707407186feba6da53018e7effb47c0cbcdf7e2a6226,0x6c35a38acb20e269b39a8cf0a8c5c8d0e963c99a80bb074d0dedce75e87d6daa,ok
0xc1731193c0812af69ad67f9c9ab0009a343158b3,2,0x03e686baefaaf38588a41e3f4cd530baa7d03436f018ba26b474f92f286e897700,0x04e686baefaaf38588a41e3f4cd530baa7d03436f018ba26b474f92f286e897700a1e2d17eb8c13739b8c1944f4ac9821a92dd8826f9d267dba1231dbf6772a8bb,0xec032e36dcb35587043a63958d6d97c58e6d3694a3ebf9ae6edfe341bcd8e7ae,ok
0x6a0aa49c26309ab257857ecd65ca364747eee55b,2,0x02c95639f9ab6cd45451ca0ad7c8e1c93c1eab8d82cb3ac0673458fe9ee1e8d1fa,0x04c95639f9ab6cd45451ca0ad7c8e1c93c1eab8d82cb3ac0673458fe9ee1e8d1fa4a65a3f3629af1240d8a74a9589ac81290418fb21da9cb18d32925e340d9c732,0x41db6b9db7b4688674cf0912c96bee79c8c29baf01ab07fd3bc215c7ffacb8df,ok
0xb91015af5164c2c8940785164c50064771414aa8,2,0x031d37a166ac94ffb81a5e33ae9dc3ebfc83b62a84ed3e087a092499385172caba,0x041d37a166ac94ffb81a5e33ae9dc3ebfc83b62a84ed3e087a092499385172caba0aac36ba5408a8325a0dba6314679c15c7cc0ccb6b7bde773952bafe5a12d87b,0x83d479ccc2bed93af806f64195e8a59705d1b30ed3223afd70a1ea5d1f63ddf6,ok
0x01180f770161351e946f6665befa13beb56898fa,2,0x026f2825eb08c4c549aa9132a144e8f1e0250af512635a2c65c60a75db06792fc1,0x046f2825eb08c4c549aa9132a144e8f1e0250af512635a2c65c60a75db06792fc1e9a0f63d99f27d1344fe94826eb54530cdda4cf57bedfda514f43c015a893ff4,0x52b6d72ae03faf0bfecc4cf1f51ef0255429da6318af5f999460d959fadedd29,ok
0x1ea000886ce848999eb8885b1d5f5c3850052db4,2,0x03ae74fe29a8ba6782acbf80db5080e476317880091e047de72ffad3768977ec55,0x04ae74fe29a8ba6782acbf80db5080e476317880091e047de72ffad3768977ec5563f1653f0bbaeed6e882351d0a301e511fa7f9ad0b6c16bb62a7a8ce9ba66f53,0xebb062da5d568736982a40d1732df6e64b386c4b2487e21145d097a1bebe2b96,ok
0x69d62b87d953009308ad4a1f538102e27ab78df5,2,0x029625229b9ab03438b12b98efaf381c4d3506ee9a148769be0765ece1fbc3df49,0x049625229b9ab03438b12b98efaf381c4d3506ee9a148769be0765ece1fbc3df49c655678d86583f220795d81baf59f48308a49b26dc38552e416ae0f0c5f25c88,0x04bc606b336d31246f867a4846f813130418eb7b72292f4199c3d22acecb00bd,ok
0xb7e31690cf308f002c19493be9db16d141fa7921,2,0x03c6215ae5fa60937947d22462a56aab0d0e80d834e78963213a59eaa5f5c22b42,0x04c6215ae5fa60937947d22462a56aab0d0e80d834e78963213a59eaa5f5c22b42edf301384c5a5d351e1f8d5a1b1c42490200cbd46ad491639f4dd786d8344cbd,0x71dfa6237684072a24b980c46ce45e023565d6bcd1156ebd346dd8536b0c1a2e,ok
0x3676603861d3dce6ddb1b7a7cf35e53f9c875eaf,2,0x038a757c75b05a3b874db1babdce1ca1ebdd2de544602b60048f3e602972a222b6,0x048a757c75b05a3b874db1babdce1ca1ebdd2de544602b60048f3e602972a222b6d2c2e245d1fbe0efdb8b18353dbbb04031144c1c3904c60d8b2c364f117e0ccb,0x0cd857cdb9789139b83e961e813cae1d3c7fd8f32c67541e4fbdc52194f17449,ok
0x49ded5ae8c9b53366a4255a8e5958460704df888,2,0x03b21760e71305ab13077000aba1b9e5ec355662c612e24a6f4b99ff556b93abe2,0x04b21760e71305ab13077000aba1b9e5ec355662c612e24a6f4b99ff556b93abe273be05a6a0b78ecd4199ec9468e6483d30603d8fe3b436413afddbef2b95035f,0xf50b85fa9dd689d03608cc1c5aeb9b379b368caaf03826a27111f7a817d92621,ok
0xf620df5ac2ec8f8478a65241e82f65f1e4e848ac,2,0x02dde57ded1d73cc7fbe7c5e0f24c459c50d9f603e6662999b8d8435f6749341a8,0x04dde57ded1d73cc7fbe7c5e0f24c459c50d9f603e6662999b8d8435f6749341a82875eca3443ce4e89bd2d642cef2606e74b15454ca02e535baa3a5d08a18981a,0xf10b1d28ffd0a817466451b93bdeb124ff46f8383a96612019f4f9686d3b83a6,ok
0x87a6d196177ab8b800bbf4218f6dc382920fe39b,2,0x0385164597218b4bbca0787b07bf00aeca7689f94fc9a73a6d565d5602b6ea6183,0x0485164597218b4bbca0787b07bf00aeca7689f94fc9a73a6d565d5602b6ea61833539a8df4dd894e84fe081077715ebb9353cf9ef1b985a906d0203fd31bde1ad,0x3a0cce13305ab6a5af88ffe9060abeb0ba80ce4b8854fbf8cd15a5c7f9e35168,ok
0x0a2667ec7f66b6287f688fb21556a65586c39636,2,0x03c559a1ee74a70e6e574de084943f99f553311906c632b85f403e17c5f2084afd,0x04c559a1ee74a70e6e574de084943f99f553311906c632b85f403e17c5f2084afd3588f58d5c457fa180c657211a96e45839f4183d7e16397911d1870d62a9ad51,0xdf4dac1b993be8255c887b21a2e2aaa3d8de32ab31c8b5707fd7763152446fb8,ok
0xd418788681c2f6c482e187134526a643c2185fa8,2,0x022c7fe5cfa7bcd0a195b8e25e389ea2e7cc1f4463f96772efea77638e94b8a7e2,0x042c7fe5cfa7bcd0a195b8e25e389ea2e7cc1f4463f96772efea77638e94b8a7e20814e68dc573675e4e5a81ebc21612b5277a4227b48c7d4951ea6e321f44f278,0x1fd8366ce9c30dabb2c4db5415de1799cd7a984d38af19423a20afb5ae90361d,ok
0x9076336f0a9ba9af561660e3ecf4e9549e33e2e8,2,0x03ee551c13b778e98f54b5cf3796133fa94fe45b310779e169e22ea5f244ac1d01,0x04ee551c13b778e98f54b5cf3796133fa94fe45b310779e169e22ea5f244ac1d01887f4ddc9b4a2b47e188b85d50fae06b64fdbaeb8a6cc1652aeeb71e76e924c5,0x342e47d4356a7efb4e5447179b5419113f3b8d681fcc0617978d11e623b7c09a,ok
0x9b640c92d849f9c6bf0ec39eb15f9be27ae2901d,2,0x0371a6621ebd1ba8dca1f4234026f9eeff6d8baf927c79f66f128d1d3eae6a0ab1,0x0471a6621ebd1ba8dca1f4234026f9eeff6d8baf927c79f66f128d1d3eae6a0ab187a0a156f382a1257d288ad9f6ee3e1b8d1f153fce6f18f0ec9b81c325367489,0xfa843852443fb9c5ab8903fea3048663c01c23b518d4cfcbbead725bbd5264c5,ok
0xe6032443424ac7cd4a03c78698726db693f86b4f,2,0x03a8b990075e7561764336ffcc77f8425ffdf5ab7f13b7c7784bd096f1aa288159,0x04a8b990075e7561764336ffcc77f8425ffdf5ab7f13b7c7784bd096f1aa2881593a615c9d101a9e66e0fc2e5d1503860e38252d1dcc70519cfd29c220df2daf83,0x907f29c92eed5fb61957adac68283b700ae9b6158f92e8e6c16367db0773537b,ok
0x06cda65ea36d50006eba6fb415ad93aeac539e89,2,0x02c06c258e3be3f5e3121118ad60de479a19392d650bda48e7b051d3a4544cc144,0x04c06c258e3be3f5e3121118ad60de479a19392d650bda48e7b051d3a4544cc1444a033f5f5f7171def830e917dd9028dbc23e7024b20b55a79496dbc2f6cfd022,0x891ca9defc880c4d8b40cc067b2cd19587846c1097528488dc3f76db4b6141cf,ok
0x1f63d5c8c49e8afd4c6affe463fd87fedfdf1f61,2,0x038822074e6a8363ded336517699529ad79a59064ae02202a18e8fbf31c5e85fa1,0x048822074e6a8363ded336517699529ad79a59064ae02202a18e8fbf31c5e85fa1342c08564d41a1b192ce91cfb2082cb1a3b3585f404ad2060341750a86d789e3,0x50981cd72da88ba6b4b4c5641608f1cafa331bce93ea41f5be9ef7d65fb9317f,ok
0x73b0492a255c0f27512194465fbbe7591f81d8d1,2,0x0397f25efee595090857d338bf51ea7f16b68c65002e89723de5305baf6ad3b8d8,0x0497f25efee595090857d338bf51ea7f16b68c65002e89723de5305baf6ad3b8d8e2ddd027356a709aea7db7d627a89fc49e825fa376780f9a7a362b4c0eb7d79b,0x4183cfe6aa65082f5ee4a7a1220158f7f1498e8773abda368dbee3997e608849,ok
0x88bbb92237a78df8968138ff310340c771b47702,2,0x02009038c41ce3f09331e528f92ce27e6b091af40f498868ff26b6a06df491a3e3,0x04009038c41ce3f09331e528f92ce27e6b091af40f498868ff26b6a06df491a3e357524a7ea7d012bc6aadd54a63fb0005a88bfe1e0f918da3adeb4d615e344dde,0xa4713939dec1c15304a974d2f86b28583858ca94ae769f2f10ac08c885492272,ok
0x2428e76a98e6fc9a96b589f602e36c463abf7303,2,,,,contract
0xcca178a04d83af193330c7927fb9a42212fb1c25,2,0x0331524d149519a9eacc2b194097387d1f4ad6c13547143e1c94468e946a205566,0x0431524d149519a9eacc2b194097387d1f4ad6c13547143e1c94468e946a205566a91e9f6f35549a4fde51acb5be8eef44cf6d8f79dca0a82784c4fed7d7185c07,0x22f7f29bdd57afd15b39860be096408745c0a28f29afebeea613681d7624bb69,ok
0x8f0dc000d3d4cec7e8233cfea94c5324126eb5ab,2,0x03890c4613ecef7bd216292dc1bc03ca2f9b396e6f7fbb0863d505debfffefa74f,0x04890c4613ecef7bd216292dc1bc03ca2f9b396e6f7fbb0863d505debfffefa74f8f68748e9d36646a4f8fb6912108816c0ab00a472f9a30bd2dcca607b2af2cd9,0xaffb06afb513a8b02a6a793c982526090181ddcf4e07bf3fffeef8f1a820e4db,ok
0x70a9c497536e98f2dbb7c66911700fe2b2550900,2,0x0231c777105effc410571746ad6f83125b415daeb1d7b34ac792553a86224d9d91,0x0431c777105effc410571746ad6f83125b415daeb1d7b34ac792553a86224d9d9190156ac465ae6aa41abb4ee50e88c9e77be45f5964c08dda3b567dcf90104c86,0xabaea2f0e41e03e4160d7e7434551d96edc190fd715c2ce6af74288e180e9618,ok
0xaf170d00662558d96b772f07b16b53992f1bb48f,2,0x02dbad2073db94f8b2c88bedff1ffd699e2020b36ee9e09e08a3a884ded189022b,0x04dbad2073db94f8b2c88bedff1ffd699e2020b36ee9e09e08a3a884ded189022bd35d934fa273fac56428c6faa02b272bb70f46a8ca1b5a0c77ee8ea5f0baeb7a,0x3ba15b2041cf462de04c1dd8ec92af00d7f2ebe871211dd2a880bf6d2b145df4,ok
0xa40633df77e6065c7545cd4fcd79f0ce2fa42cf1,2,0x037fe5e817441f503ff7b0e099950ace1509d919106cc67563adb8bda64743f7fc,0x047fe5e817441f503ff7b0e099950ace1509d919106cc67563adb8bda64743f7fcf74b8537874a25abcbab30b45c0b6683f64ef4ce32aa6d96125bf755dbe5f7bb,0x5d437d858f3008a5ba0a33922d7667e8347297f3cfeff44eeeddcd1b6a777373,ok
0xc7b933e1f56d8d2d40de05d915073d4c43d144f4,2,0x023b8e82bd998b34fada37ecf281e1127dbcb3f2b5271dcb8c25ee84632c672d37,0x043b8e82bd998b34fada37ecf281e1127dbcb3f2b5271dcb8c25ee84632c672d374b4bef41653ef03343120e0b621d973a2152f1e787cd1b8f4088575aa85e53e0,0x2e397cf565286a242271aeff9a75ae984e1434d13283b6961abd59b8860c55d0,ok
0xbe8b0cb26806eef3793c738b5f6914f4955608d6,2,0x02e7f010bd38398852772be250b2cafe4e0e1f274679371177444168b11e333b88,0x04e7f010bd38398852772be250b2cafe4e0e1f274679371177444168b11e333b88e2a4fc554ed256849d2517498b60bfd8ca7653c1cc7642b3f02c6fe08e4a4b58,0x8493d5f7c10811dfa0f73ffef430936d1cb5fe3f42abfbc92d8406ff2777d443,ok
0x790be520e0ac42fb3fab5b5f5f467232a1cbc59e,2,0x029d4ced70f7d64a1a7541f8fe88eb48adc08bf07cdca877313dabbe2a14a95631,0x049d4ced70f7d64a1a7541f8fe88eb48adc08bf07cdca877313dabbe2a14a95631ee0298201e457addcba39854e049506699f45a1083b62d954b8ac8597956544e,0xadf41114a91d67f16a0a8d8f35b00001fe7c710acdfec81897d7e1576d3b00de,ok
0xc475386399a17716d6a37106eff3c67492785ca8,2,0x03b97dcd80a93dff5c761ce465361c347740349e65fd93680f01dec052439fabbe,0x04b97dcd80a93dff5c761ce465361c347740349e65fd93680f01dec052439fabbeb9536393effe55c626a1e999af82c89e0fb7ac1aafc50b7166ed3cd9170d24c1,0x9479b2eeae9ad09f78ed183cdb5753c3c67e83e2b543bcf46f171ce523a3ce7d,ok
0x10240c76ea729f8093aaa0b961a1e398e45d2b6b,2,0x02339e7dd0a84eaa09ea8eb12e9b73253055500283824893b4ec6d344239cbed72,0x04339e7dd0a84eaa09ea8eb12e9b73253055500283824893b4ec6d344239cbed7282a6348f7abb16dbd45ab9960a6d6fb81c5d53ce522386299a00c2122bf1728c,0x13a35d08d4d48a4d3bcbea10504ef83a6fd0be0f3ff5620ea49b13d069374689,ok
0x59c1d62aa7d3ae19ed459e5a98ae5354170ccc6b,2,0x03f3e5e5768ba50d69803d1cc1acffa3c7bcbcd1bd1241dfba68438322a452e575,0x04f3e5e5768ba50d69803d1cc1acffa3c7bcbcd1bd1241dfba68438322a452e5759ff0c49865a4979e6d834af0f0bfd3b94598d060a8dba491404b6693d689722f,0x8f567f02f93bc7a2ab22a7cd1e2526151cb33f2d587627a31d3fe41cd12465a9,ok
0xffbbb63b597b3491255981a818d7fac5c2169003,2,0x029125a46b60f50338eed8ad4bb571393a527d5410090ad6baac5ed6eab427db00,0x049125a46b60f50338eed8ad4bb571393a527d5410090ad6baac5ed6eab427db00ea94ad19fdf03358ec43cd7010a593bdaa7cebcbac9729e48d9982e68b55b1dc,0xc6c625dd64ddb5fe4550b87c08eac6ad199265453a066ef52c0dc73afe9abd94,ok
0x6b16bde68ed2061475c2dc4ba929316bf9fb5620,2,0x0376c8527528279ca1245611457ffa704542ea04d2566ca945971bd86688e397c5,0x0476c8527528279ca1245611457ffa704542ea04d2566ca945971bd86688e397c55721768c6d8572e12d3c1ca0f1cea09ea2b3e5ca0f59301a5b3e21d0bd550257,0x15a02874e649aaa6e912f9128c5b232088e608e980478a6be61d734115d3e5b2,ok
0x23d5e5400257964dea2933bb69a296546628bb72,2,0x03eff4e4c83a00cb16918e215261d8c2ee942defe78bd518d6eaf68d2a7606d818,0x04eff4e4c83a00cb16918e215261d8c2ee942defe78bd518d6eaf68d2a7606d8189418bc3ce40a482003b0c947f4931ffdfd16699cf7f4a0e6bdadc35d8cb60155,0xa287b3bb51c987588c533aba2e99872f5acc34a2df3817bd6af15969d7aa15a3,ok
0x4b27a053e30c147eb5e1f50c8b2f32a18cf87691,2,0x0232a035aaef81c3b00f4df92b9e7c1bbf09ae0bd3d16b1959604479762784d6f5,0x0432a035aaef81c3b00f4df92b9e7c1bbf09ae0bd3d16b1959604479762784d6f52a3405bcf3a02901d5da03fa685e7de551b4bc0a622f8e3f54b6635858731072,0xcd6f83c41af3b0ac02e2ae3d252854d4277f1f4bce2718c0a2aec9eeb046abe2,ok
0x75033080c6d0fd6f204c325741b5aea4d8b62e76,2,0x037dda8eba24bee799f0712f396d10c6e40583445d17b0c20a6fdb09584be03d3f,0x047dda8eba24bee799f0712f396d10c6e40583445d17b0c20a6fdb09584be03d3fd65888a007b6f559016b646cef04ca6f371685451fdf19db52c3772d93cf79f1,0x2216e17c6eb93db3d426bd76383370804de9dc3600501d90f3e19d4bcce0de72,ok
0x9601e82db388dbe7528e86020a3c3034344528f6,2,0x0299876381764e2d957716bbefdf528801262f1d8a24280db3deddb7409952e75d,0x0499876381764e2d957716bbefdf528801262f1d8a24280db3deddb7409952e75dc6b3fd4bd061c74f238bc9a1be2ed845c16a04f50a924c783201a58eee3dccf2,0x374ce6ebeb1ea0ed2a749a5b6c4a20baf623d95830726ebef5fcbb99796b8124,ok
0x34c293a80c651e4b3ff3439d1a63a19ffe142ba2,2,0x025c3fef91482db521be0cf49ef386153f444984b7ea1bce8fcff29b42e421a615,0x045c3fef91482db521be0cf49ef386153f444984b7ea1bce8fcff29b42e421a6154fbd6a4f4bd6e2984c7515dfb59d48c83e64e9aeb442f3f837519f67ed28e98e,0x2d1874e0e3955110691517918d4e8f03c41699f9343fe018150d4c328738fca0,ok
0xf5615545e3e0736ac2a92f1c2152e03a19f81297,2,0x02dc3f8ce9e02556d39309c5f6022bad19bf487f024863e8495534ef2f1b42d701,0x04dc3f8ce9e02556d39309c5f6022bad19bf487f024863e8495534ef2f1b42d70123c08d46a745cf1233fb956fc0dd2bbef717c5dcf12d9a7f2320da478d7e0796,0x2e4399f6bb0330af339e3c9d190f89ae61d9bf498d034c327fd23996983d7767,ok
0xd120a5f5bcefba9f1bef541f9caef8482710b7cb,2,0x02ccc416ef690d95d491b544f75a1a84d794bd3796b648d1fef6cb24e1fc927eaa,0x04ccc416ef690d95d491b544f75a1a84d794bd3796b648d1fef6cb24e1fc927eaa67f58de4718280c2c4b11e6eb3184f27630c2eb70066c389efd676d07dc2cfec,0x623c34749fc5e27c87505f8c20d8f62a99f9c7ea6262b20783c4e45a81979316,ok
0x5d25b8bbb23e886cfbbb6db4436dd74109fcd6e5,2,0x020dd9c63342c821401078185ab4e61ec56cace9969d1cda2a2206e391278ecc79,0x040dd9c63342c821401078185ab4e61ec56cace9969d1cda2a2206e391278ecc79a79a6915ad2d8b61094ddc6c3fe39397a3f5a0cdcf3b881381afccc7b3c60c0c,0x190dc20885e38354877201dcc7111198c70859462687b13fb97d897de9274ff6,ok
0xdee05acee43e3311942b2dd35f680f46da01c8e3,2,0x022764cd729ad070cd4fc1deb07f138c2d9b678257edf8b0ea19b7281a529d5f08,0x042764cd729ad070cd4fc1deb07f138c2d9b678257edf8b0ea19b7281a529d5f08f8f17a5293b99dcc1e2d320ec21646587e05039306df20cc71ac775dfccf8c22,0xa26242a7bdc321b8854993de1aea5ea69fc3c0b1fb3a3f7caa274b1a03cb6d67,ok
0xb05c3da5089fcbaee8c0448b1e379a16cfb921d5,2,0x035608b27c4c78028c7e7ffc42c9c9e6357c3b3b7211e5dfb4c62aecc63c5b13ae,0x045608b27c4c78028c7e7ffc42c9c9e6357c3b3b7211e5dfb4c62aecc63c5b13aee64326e7d588b5d0e6142d75704b3da82fb7dc0b073c3d88714d765b1b768fb7,0x9f4f208ea13da9134451f75e5f461de0c59cb2d86d4a2e29f477f11f7d6d38b8,ok
0x33f9f48869638cb6c1a492055d88988a5a260ca8,2,0x03879a68e63dd371ee159ac46a4d3d0ced5b4e95fb0169e8daf3026e1d6bd51162,0x04879a68e63dd371ee159ac46a4d3d0ced5b4e95fb0169e8daf3026e1d6bd51162badaccd7e52b627b1f62ab85e63e95bf2962998cbf5a2fa086eb4df1c4a6a3b9,0x652ced64e93dbe53e6997970c9f1fc6db36d253b49d3d21f52fb7c8be43967ad,ok
0xff15c39fc040963ee974a74ca492100c4fe9df8a,2,0x024189723bccee0ad65ea097c13eaed3b428bf7cb3a099c20d644a560768f2f08c,0x044189723bccee0ad65ea097c13eaed3b428bf7cb3a099c20d644a560768f2f08c9dc07495d5d8e58376d885d97ad1a846b7b6eadb96308c75f8444f19448ef6b8,0x9c15460c6383fe2d6684b5dc4ccfd8615b8a7adbdbc0bb0c9c1e12990085172a,ok
0x29a1adfdc02737b42b75d043ee3b59d899984b26,2,0x0397ece562f21d520d7d1fc7e04949b71870a2ba5c725fb53f8b6588e9e86c2c79,0x0497ece562f21d520d7d1fc7e04949b71870a2ba5c725fb53f8b6588e9e86c2c79c47878e7868884b531ebf70a68898b4ee3df72386628db535d8fcea0fa104b1b,0x9678d475a6bd6843042122da9976aabd96912f197223f565d7c74b77f621a59c,ok
0x616ac18fc5220fd220cf0c399ff15f9c3f431ea0,2,0x03eb36d62b0b9f7d3e0ce76cde8403fc5950ffe8231eaf5da42ccd3bc77dcfeabe,0x04eb36d62b0b9f7d3e0ce76cde8403fc5950ffe8231eaf5da42ccd3bc77dcfeabe15433f0cb6de181a9dc71c4963ca8d091b676512ae5d0dccf488535dd88c2385,0x891f27d5af29542834064420ce4581ba613cb6bfa7a8e018bafc8e0e828405ad,ok
0x5b4f6c2b357a41a77888fb60bfb82be3f75c76c2,2,0x02281217e22a36f4e1f39c8c5ed0ddec5788907e0a66377ce433d754f4caaaf188,0x04281217e22a36f4e1f39c8c5ed0ddec5788907e0a66377ce433d754f4caaaf1883800c9f3a881582b779b82825f9264e5a3649662e0a5d3e42a2bf268aa7bde32,0x228eaa8e23c221297a672297287640152e0737ae05c8be634596d81621c68b89,ok
0x2e30d367c8b565c6d8ea236d81b54beae751a91e,2,0x03b357edb40b42c9ff3e92c497932f1727ddba8361b2878b05dd98dc9898570c80,0x04b357edb40b42c9ff3e92c497932f1727ddba8361b2878b05dd98dc9898570c80d7c6cbb820d0583cd7e9e3a995cba7642cd21027a8d4519948c428efe8d18303,0x4fab957a39786cc196d0b3b9463b2703ecf08c90b72dae2bc3f7ff2b1003171f,ok
0xbbe6002951fa00388e2ffb59e21cb5d47001cab0,2,0x033655b02794693f550077c6686dc8d70f3bb1220a9ee304bf39fd4cdc8067fe44,0x043655b02794693f550077c6686dc8d70f3bb1220a9ee304bf39fd4cdc8067fe444b7903cfc383c8049d9e21058e9f6d3af4ab13f37927a09418d2f24245a8450f,0x7525b99b047f3a2ab4e7818536f8a085d38e40cb7ce1ae5788d195abb1348ec7,ok
0x938dd61225841f7974b25c601f85490781309ff7,2,0x032d3c162346c7dd7fc05ec28a4b2829de867bca8ef957f9f8d1c7d91c26c92ba2,0x042d3c162346c7dd7fc05ec28a4b2829de867bca8ef957f9f8d1c7d91c26c92ba2abc363e91aeb808838f6e4e7631c66b6d7f689d4533df47730fad6a708f9d2d7,0xf4e4925bff1dc56d152b86207a43e39bbbb5b2df8ac9323ffc8679d1484ba3e2,ok
0x26522c9f37b3b89852e98f42554365bcd749c201,2,0x03bee5edeb23eecb63bc446e156fe76a7a82ebe06f9443d55c470396f966668ea2,0x04bee5edeb23eecb63bc446e156fe76a7a82ebe06f9443d55c470396f966668ea2e77cb180ca9c96085580029a07c0595e6b6a5be0fbcd92e06b9c86942c2e1c8b,0xa57f05b4863882f009977d35abad4cfcf2ebd2f591c34bcb5726b046bca20ea3,ok
0xf5dbf5a3cfc491f53ef5a38a7acaa422300b8aa4,2,0x03db0960e80276c118345542fedcf99eb5e558cff6a2d3d92c9f5099e246d0b061,0x04db0960e80276c118345542fedcf99eb5e558cff6a2d3d92c9f5099e246d0b061e9c131d0d881d53218dc0285f366ab8534a0d3e5878b2e6ee422e2bd43a638b3,0x4ed55a56ca4f3af247996fad444e1f6907eb317af4a16ce5774740493e2bd6e7,ok
0x199855a967d1410c3da1407f33971b0ed7daf89f,2,0x02cf881db53fc0195fe4df2bb7fa842abdde316e32d23d08f57c46e2353de1f372,0x04cf881db53fc0195fe4df2bb7fa842abdde316e32d23d08f57c46e2353de1f3723fc58434cb1b21426532ccc4b474daf4d8cf01ed3b4a9429aefa2ebf12cff476,0x3802ae9754f4d388b6fff2838b1a7f2024af20d722aa2492d4a4358daecca2d0,ok
0x9d9a49379dbc48b4e6601e6b6297f9dc47f04182,2,0x02ea877cd85340180c00b17ff0edf7ebe27859f630f147cfde6fd96037a69ad84a,0x04ea877cd85340180c00b17ff0edf7ebe27859f630f147cfde6fd96037a69ad84afa57c6fbc528eb847b5d51cb60a18b075598ecc37b7c27c382074b010c6b2af2,0xf183d95c8cf8b6b5310006a41a3a43ea0c12cf1201580b02554734845180ee49,ok
0x62395638935f6406e12c7dc8b7ea205b6c45540e,2,0x02377484011ce0ceabdd4fa36baeefec833ae74e64de17c1dc0da4b0c9501f5219,0x04377484011ce0ceabdd4fa36baeefec833ae74e64de17c1dc0da4b0c9501f5219fdca3389a6eb7dd940fe4a96d3fd27c028931df8e4be78813332e0ac692d20fa,0x92f12116f937236f0b56e4aff307953f465aefbc35e793d95421a0ffa819eac3,ok
0x221b1e55458e003afbc4072dce07fe6dbc199787,2,0x03b945ece7758a99b2a040e75e7ff85e6ccad5d284ca067d099f83d39911d4081a,0x04b945ece7758a99b2a040e75e7ff85e6ccad5d284ca067d099f83d39911d4081af856a650368271cad5664b8aa4bf20fde42b15926db983e4283cf452a68776d9,0xda4aa488c0c6e1eccd01bd75beb78781a6eb3975cf4b7c869b0bbae4fc4c3599,ok
0xa0928046b284ae0956a913f7c92610dcf3ab4599,2,0x03b7f5c08dee18f1c2cac92cdebfdfc1169c45681f53a6b5b4b06b00851542bbbb,0x04b7f5c08dee18f1c2cac92cdebfdfc1169c45681f53a6b5b4b06b00851542bbbb33d07b3461617c4b59a24b04e8ee9a78e123a893da3a96da8dc8bd3620cefa19,0x8f8f2a358c21c2d8a7957bb069547d1044ffe1234cfe8cdc4d20971be3509281,ok
0x9808dc63071a3fd268c89537cd94207b448fbd0d,2,0x023d992ee05eda721e4776065e0f707f1b033ec8ff1e2d62ea467d4155634fa1d5,0x043d992ee05eda721e4776065e0f707f1b033ec8ff1e2d62ea467d4155634fa1d5f6f3bf0a18995ac226b6dabfa71dc7ba2d10c87b8c46129f80f6c6af9f59bac8,0xefb9f9575bc4ba07a0ac620293ee96a47807d91d044debe588b593b92dc854b8,ok
0x9405ff3645fbfe9081f94f01ed73271af0a4ded2,2,0x02bc9f9466c62aa9ae7d4d0ec1d1249a5a56dc004c99bc9a1e553e5fc842288a18,0x04bc9f9466c62aa9ae7d4d0ec1d1249a5a56dc004c99bc9a1e553e5fc842288a18b82de59cbe768dcb2c5deaf313cb8df0c059a16f37e37d6e3375d229e7fe3bbe,0xef91b2c5c63da5d047d6a79bf0e34bd6004b17d7231db70f6e6ddbdbf9599bdd,ok
0x0e6c09a95bcd7fa85670ba10e39c441ae308114b,2,0x02ea9ff10fa5fc6724a4143cfcd76c5f5dd6ded4a0609700e5a14fd7d82501483a,0x04ea9ff10fa5fc6724a4143cfcd76c5f5dd6ded4a0609700e5a14fd7d82501483a39aaac1728dbf6696b3acbfb568e8b8a30f111b998173fc08768c073b8d86eca,0x21e07c0565c41b5b07556166a382e41031753d782d9b5455fc494d6cd82798e5,ok
0x5c713567fc73ebd7c802d30b2202ea9cbe2b2b95,2,0x03158b51848df57651f255bf5f6b1fe37940b72d64f7fee5379f4c2932f5e605e2,0x04158b51848df57651f255bf5f6b1fe37940b72d64f7fee5379f4c2932f5e605e29c1ef4d4a510c71d129642715d850551395eb939acd16bc1bbc95ea81e67b20b,0x8fff0cea9466c011a380aca927a69f5135eca2f00469f2f2ae59c6e589dc7484,ok
0x8bb31fa6bb295d55a52fc066fb2bcbe6329f97c8,2,0x0336e27d9cd5d847dabe2cf489d794e3bf0bf9986dd9cec57e047c4abe04c4bbc9,0x0436e27d9cd5d847dabe2cf489d794e3bf0bf9986dd9cec57e047c4abe04c4bbc91ba4e6b91c05ed391bf868df4643675a4eaeaa611a3934b77380c5218e368737,0xa82e666e1c534ddaa1b74670b618980e3f307349072b7600457bc52e11bce1d9,ok
0xcdf4bda1166b4c1ae9fcf5d5c766f3bbd4faf76b,2,0x024ee7a8eeb69b8e5ea78ab5ec3cd73c7f55ab238a6e62b17f4f89b8c17d97e1b9,0x044ee7a8eeb69b8e5ea78ab5ec3cd73c7f55ab238a6e62b17f4f89b8c17d97e1b9f523d5bae2907468821fb50a5a08acbc2a53cedfcfe613c768db6983e8784592,0xa2dee1033a7fdf5f6652ed12e19d5295da139a3a863b7b13d95118b901527b7a,ok
0x8d6ad9da06bdc9ff53a648e98212e4ee97126659,2,0x038a56670899e62378df62218b48a09e6f95a03b470d5a38cd4713e3c02b2e8e6b,0x048a56670899e62378df62218b48a09e6f95a03b470d5a38cd4713e3c02b2e8e6b741404c7d227d9ba19e21b5c33f1871bf1aaf73ce2bead86a7b832368a2d8935,0x1875716293e2b841d48932f5d712d74b9133714a2c3472cd3c33ab77418a5ee0,ok
0xf38861eac724d841a729ad4f2ec18e8d72c8c560,2,0x0348651ef212c2629469b91e2aa937a2b3a780627c58f57e653024dc380a587c2b,0x0448651ef212c2629469b91e2aa937a2b3a780627c58f57e653024dc380a587c2b2f6df0af0dd83de2735559c7130b1dc3ecc192abb5eee2b41ea092c130cc57cf,0xbaef95ef97b56cd4ee5b807d5e62f537519c2f22591fa73c9a4e879c3fa49a07,ok
0x9722d3bb786b5a29c4f8b32fbbe8ed4a609843a5,2,0x02754461fdf71c6bfcdc4f7269606bb5d8e47884a66ff63a31af61e8c40ff77d69,0x04754461fdf71c6bfcdc4f7269606bb5d8e47884a66ff63a31af61e8c40ff77d6979a263c65f312178e4b074316da5f692978d498ea2d77fe638c1fc06d3c690c6,0x64772c0a742743d08bf1fb36a33e9c5352c5daa5849662ad084b4fcc77320da8,ok
0xb32659fe74a4ceabadeee1b58ef334d499b8ba26,2,0x037cf8474fa29bbd7c15a4b78af22f4397abb5fca40672563b4bf7a6c8c581708c,0x047cf8474fa29bbd7c15a4b78af22f4397abb5fca40672563b4bf7a6c8c581708c42abbcd568a22e9478e6e023ff38d4fbf6bb501dd22f89d86a9b333189190fd3,0xa657467675fe2fc221414a8354462cd634b3d5c82005f1307feef4d1901952ec,ok
0x014f3045f0768d6fc00f46ac43032e446fe20b4d,2,0x033a07651f479b4a583e4ee465c2e60759c9ea45667a82201c2a2f2c489fb9dbe1,0x043a07651f479b4a583e4ee465c2e60759c9ea45667a82201c2a2f2c489fb9dbe170844481f8a65e5744943c1eb4d503094fcab25b9448638177274e7f47529525,0x58c2a2c8e96a13801188d64e3a681fb89135da44b27f9526192794e6c79fc585,ok
0xbc1acf225c4fc99d758c98ea84fb29fd75ee1e5e,2,0x03153e8dc5e6b300467378fede976dc70c42d69eb0f69667f677199b7549cee66e,0x04153e8dc5e6b300467378fede976dc70c42d69eb0f69667f677199b7549cee66ebbaabe074aaf389d0d21603337cc0e694ecf5d7b4934dfd2cf389cd511a83a71,0x8428ecee90776a88c0c64fd21e2289e110b91c69060f82e484b8b3e98d2a62f4,ok
0xc8cdef7a03cbc43619c5d669041b60da9138e70a,2,0x03aa38a79c07842d591acb5c82db8b6cebe38b3d69438d2fd5eb45c435ba028674,0x04aa38a79c07842d591acb5c82db8b6cebe38b3d69438d2fd5eb45c435ba02867454bae236a309823c11da61b64e365872795d0381dd4676b82500b6606bd8ccaf,0x7907790cb767ea27e3efe9aaf7301c8e8ad43b2f31ca77152061e3c753662596,ok
0x3a00b3c58e45f2d5ce8e6929f6d12d792b0c3323,2,0x02764c904c8bdb8124fa5753b001ccc9441f37ed66046040f2ad6be3ddd9b8d668,0x04764c904c8bdb8124fa5753b001ccc9441f37ed66046040f2ad6be3ddd9b8d668c5f56ca6fb2a9a0234ea11d956d17e0cc15f325f02023df70734635f18629258,0x03974ed8cbf31bdc75eb0e922e7bfb303e8d68f753e8377dd417caf42274e82d,ok
0xd6aea0120d585e8b4e71c3615b5f34094ca2e6c7,2,0x0267075dafa2498640a263761e9baf844941545695144750004672073122f5fe6c,0x0467075dafa2498640a263761e9baf844941545695144750004672073122f5fe6c619d62ebbcef6dd9e521d079b50a22d2f0aa3bf802baf235d3dcb4cb1e5cfcac,0x356f5266fd4a7859e426fc65a6dd1d1c121b19dcb57c84d624ece9d6c2aeef7f,ok
0x2d2bab870b7e09e59de96a7ea33fee9e663e6aca,2,0x028264a1b47939b7c3c8efef9aa379e863408e3e4d8e721917221fa0cc9afc56de,0x048264a1b47939b7c3c8efef9aa379e863408e3e4d8e721917221fa0cc9afc56de66a0319e6685b8f81ae650fdc6efcfcf6d4befcb48563eeaeae528fa8b181994,0xd914ca4dc9a550acca76175194192ee078e63c52adb4c3c99d92adf014eef46d,ok
0xc8d5a3a7f1e786cd6a3474be7031f430382e52b3,2,0x024d43b851fcde8b120c528adedc228656400e23e3817513c8d0a7b1113750c37e,0x044d43b851fcde8b120c528adedc228656400e23e3817513c8d0a7b1113750c37e32da8a0076aecce2ce6d7123824f4a0f2b2f0546f71c15410df1364b6630a64a,0x00b210ab9623cc9d7d2569a025281c3b2809bf7241fcc942a8fe3a7b024e38e3,ok
0x7eacbddf05f1f14717aabb2f840aff2cda74f380,2,0x024fc502f7ed476a476d034932dce3af828f3f52988d15e89783310c981b1253af,0x044fc502f7ed476a476d034932dce3af828f3f52988d15e89783310c981b1253af010d3b77af518b2ba40534a3474031a8493bd48392f4e19498e878fc84e1979a,0xb6d18a367d59953046eeb69ea8cbfd4602e0c9cd73684504ecf2f1395080969a,ok
0xe10aee6a208869be99214ee1e74d2b6bc5e97519,2,0x03dcb44af7d9761c0f680b9db88e48db6fe1d41c63da5137025f37c47260c1d206,0x04dcb44af7d9761c0f680b9db88e48db6fe1d41c63da5137025f37c47260c1d2065e759aa92d84baf7ffeb589349583807cbbe0c7d281f0cbc6fb118509057a8c9,0x6442a3e7afd68e2e2106bc70fff223283cd63b226af968a7d8199d2f6aa1c17e,ok
0xe5ab89e74af448043e1a4906e31e4c3edd3f9662,2,0x03c186395250fed59ce6f6c6fc144b9a20d165d81e5ff16843e4fb63a1875676fd,0x04c186395250fed59ce6f6c6fc144b9a20d165d81e5ff16843e4fb63a1875676fd69efbc6f0609c953787545d3f3fff8fbf87711648611c2f5cc6b8ea4ca189bd1,0xf8f9a1401ddaf5c4ecdf002d46b01ced13d8c4ad839235950a3154051d704100,ok
0x3a51c9fd216fd8c2f386b15e448c0d52c9f36e24,2,0x0392d8833a18ab86c6eddf7a6e1b6cc10a7f500b75beb36d1778ff3411f00fff61,0x0492d8833a18ab86c6eddf7a6e1b6cc10a7f500b75beb36d1778ff3411f00fff6116e97989effc66a77371287f8c84302f7df5397cd4b6e16eef9fb8ec30ccb29b,0xdb332287048930807b5547b8a92ff967d110e90d7a8b145fe5cee83b54c9bb8b,ok
0x9047d314ff14b89d9bbd785ddefeba691ed0bba3,2,,,,contract
0x4441306eeed670e4962eb7cfe5342958b3932b48,2,0x0308c89c9bce43b05d1508fde96528254cdd55d82b0e1d7fd0ecdaa278911c7be6,0x0408c89c9bce43b05d1508fde96528254cdd55d82b0e1d7fd0ecdaa278911c7be6d01867f1ed2f6d3e94d143b641030432bb14134607a80371b6097609293da1db,0x2a5415081b9ef4b48b604e6b12f1f5362aca9dc9e85795affa862dbe4ee4711a,ok
0xa277393d00e41046a7175def26ff64f2d133aafb,2,0x0364cfb68a3f84b17d4eca977445431f8917dc5a32322e5d461778075d1f3b9c8e,0x0464cfb68a3f84b17d4eca977445431f8917dc5a32322e5d461778075d1f3b9c8e59461b84d261a1854e42c50f5afd15a85af925d1d512d3522c017a9cff2962d9,0x3d76dc819edad0e35652ad52ae26728d2e4d99fe787aef93909802f9c311783f,ok
0xc5c096a642bab3a435485f4e1864df179670d4ca,2,0x03b926f488857f3c5ebcc3b272ed62261d2b266f2bfca399f28fd8b6d1f53d0e7e,0x04b926f488857f3c5ebcc3b272ed62261d2b266f2bfca399f28fd8b6d1f53d0e7ec6cc836ddeb4f57d678cf2ced78a5b8ae2f245bb5731699e3417e07d06e795d7,0x03d691e982b2420e8ec297a04128452b2c9475594eb22af1c9790db887d890b7,ok
0x79f927328e7888bebf5cf5742914ce6d0364b64e,2,0x02f53a87317e277e025dda58ea01dcfc63684e3daddbc052d28da1acf86f2a250e,0x04f53a87317e277e025dda58ea01dcfc63684e3daddbc052d28da1acf86f2a250e13aff263fa104f7160ba808dcdea1504a683abb08c3d7030e5fa4a780f1c92cc,0x1f5b05ca515e11fed5808d6111ac9f6fda8f8d5a712c51764be2a13f15ba2bdb,ok
0xb05fd2ec5ce332bf8f4f86d1c203b594ae2ffe45,2,0x0252c29d04fd33d93a4319cfc3508ab38459f1b972f40160e7e9a378472a1d43c1,0x0452c29d04fd33d93a4319cfc3508ab38459f1b972f40160e7e9a378472a1d43c116189459392000f2dadb315faf67835dabe838e915609783ebf88e09a381ac92,0xd72988a3fbc803aa36de9c00053faeba8fa83bed57db1d6c977b1505ca5a69ab,ok
0x5fadb64c07074d7e99065ed7c40407a953a71127,2,0x036d488a3c4209f32f1c1046147908d9a04f47f5d3059ce3322144585a2a3ca760,0x046d488a3c4209f32f1c1046147908d9a04f47f5d3059ce3322144585a2a3ca7601f3bbbef64dd07dad4c50ef95e6121a5d0a7a9a42131b99b17630e36cbb1e56b,0xe405dcbdd12a7bcf5ee2a8e6ade982da47c56f3bb47f31319a2a64c4ceaa782e,ok
0x36386a6f1be90f4ecf8504817006f463b171c419,2,0x03105bf41074cf688b3d00180b8f6b0858d3de0722971126fee5b97ef85d4d6317,0x04105bf41074cf688b3d00180b8f6b0858d3de0722971126fee5b97ef85d4d63175abcbb580e2d24387f7175e6cb6073e6bb06ef6ec32e7335640bacf25777791d,0xacb5e3841c02046265b77b6929ace76972019929c14e270dba462b744ed08aef,ok
0x79fe06aeb1b8a33ebfe01517c5b1d916acba80d0,2,0x0289508b772268f7bd5102b646936437065c9c07ff46896d0f746d2d354cf28ca3,0x0489508b772268f7bd5102b646936437065c9c07ff46896d0f746d2d354cf28ca373076813deb5f71cf085c7a87b333df681eb3f7f4441296b42dc4b81d5b87ee4,0x1aeefeb0b1498872e8e85d2673d1f88a07397a7a0b6dc8625d76c93334b5c54e,ok
0xd16fb561903debcea1234362ac65aad3bfdb6c52,2,0x032027f1d67154c48f01b6d50f19085c6ced9e86fe9ea874c5f13b1be3e22911a5,0x042027f1d67154c48f01b6d50f19085c6ced9e86fe9ea874c5f13b1be3e22911a5073fb3e52c1274274934b7e567987a6a16226afc144eaf1677108455e142101f,0xc144e4ebd4e3cf3a24c15acedd9f49b59aec168f92b93cfd306c66e955390e2f,ok
0x89ad5f834aae5d062573b9fa75657a4ad069ca79,2,0x024151d75b013c6adfd89af8dffdf2c0fc1b4664b549cc8e75c2c44f5037ba3d08,0x044151d75b013c6adfd89af8dffdf2c0fc1b4664b549cc8e75c2c44f5037ba3d0810029393ce35177ddc65d888eb9fe78514f75fb382f7c5c5e4cbc6291de25bbc,0x18efba69abb80cc44982d45f20639cea86960d9e8ffab557f62755132f9e20fc,ok
0xa86778a6de57d42f67e4c4ed07aa9c2ff4569572,2,0x037bf455be7962637f58506ca658531c246b9260cd4a69126cc6254261e5c25c85,0x047bf455be7962637f58506ca658531c246b9260cd4a69126cc6254261e5c25c853d399c71e66311f1d7a0b06b2575e451cc664f03d1d61d43ac0c62bf6a3e76c7,0xee6dbbf984b15439022e67235a25b67d44058ec8ad8d0acba30d6c8158316028,ok
0x43462694c43c4ec61921f2739b97f6c55a831cef,2,0x03c3c940705498ea69e5a24838098e4b72b891bc1eb2e663e73a54c02368ba4401,0x04c3c940705498ea69e5a24838098e4b72b891bc1eb2e663e73a54c02368ba4401ea1b42018c2ab3ca385aa6a27b41f4244204e9a5bd032aba6eee733a997e441f,0x848390a572615f07ceab676aedf1a832b93818f3b79eec1fb4c5249db75a64f1,ok
0xa2da34822e19c13a25ff7c2edc63f7c4b6e086b9,2,0x037d034e3e023ef3e68666a5539ed3b08688e68400cfe2f7a19ca1d6103513743f,0x047d034e3e023ef3e68666a5539ed3b08688e68400cfe2f7a19ca1d6103513743f60d20464a15dac81e39a39c9ed1bc12919c9229ea5c297a7152a51f382615c0d,0xa4f558df806530d0771a143921b744a1e54d9bc013a76a9099107060f46c7432,ok
0xa4bd10e0e55b5a7e510c45c5f65b087a1d8d9701,2,0x0322b6df51cd3fe57e8cf759a38a037b76978249d8e909d771f569fd5b59864430,0x0422b6df51cd3fe57e8cf759a38a037b76978249d8e909d771f569fd5b59864430eb480356c5b6eee5ceba8dc409c2c406b4a3c0402667cbfe5f50ca19a4614f79,0x0d973a72f39967f101752049c3f7639810c7ebf86be5fc7644e1f9dd84570805,ok
0x2c1d3ec0c47587543397770de1383bc7440e7929,2,0x0394c1194a336b99af2e4849aaeda2b7920f4abfac07615f3580d08f15ea4b29a7,0x0494c1194a336b99af2e4849aaeda2b7920f4abfac07615f3580d08f15ea4b29a77668f239cddd9bcdde3f60d43bfe8456281a2187165a98f0ec9f649930ebcb8b,0xa6cbc84ccd416b65aa5eeb76c81fc250aa02bcb6b8b87715d1948e9fa3aefba9,ok
0x25da15fd4ef71edaa5806f16fbc676f8d2a39048,2,0x03e3d62bd4f63eaa31176a8d37be701ffd76e9a79fcd950f04d65b50046b373264,0x04e3d62bd4f63eaa31176a8d37be701ffd76e9a79fcd950f04d65b50046b37326474fc30237d5d8d3bb1717cc3d876b749da9fea6509563892b273dbd2599f2c67,0x7b7dfab15e1f32ce712143d0a7c82785fa3261984abd4446f8eaffcad6115828,ok
0x05c2b4727015a66c898bdac6b5262766a7716a66,2,0x02c3b9b40064e558f3ff78e7621ff613c6643cacc3047608c88350b0cd40773479,0x04c3b9b40064e558f3ff78e7621ff613c6643cacc3047608c88350b0cd40773479925ad9cecb1095fabc650805098a4d658b2060ea3c47f14c3cab930a928bcb38,0xfd3ebd488408a59f6dc4261b223b75da50cea3e767f89f1e5b2871b267976b65,ok
0xdbd1cfba1a2ba960206c67c724283ea25c7c7615,2,0x02187b23bdaaedbd8eb8b7390a33d304c968c50a6b02d17ee5ccc7d4b73976af84,0x04187b23bdaaedbd8eb8b7390a33d304c968c50a6b02d17ee5ccc7d4b73976af8439447161d2ed9ec294cfeedfaaa81dda46af0dc9b822e8166879cc8936df52aa,0x6b1ebdc19cc32620c10e191a227a363ebfcb01df0f5c4a2c06d34f3729951364,ok
0x2325079108ce42689af06157854f2f48cb268aba,2,0x027c40827b35cf2911b916a5dada11aff8f68d22141cf531cebdf369c988918ef8,0x047c40827b35cf2911b916a5dada11aff8f68d22141cf531cebdf369c988918ef80f242bbda0191fe8bbc4edddb62cb1fd69216ab51be3524e23452a99ae3cecd4,0x28b4593ce603ae33a2c41b7c8798ec3fc2d3adbbbaaaa353b022a9a77b2097b2,ok
0xa04135d54788f99bcd8c8f457717c78bf669ff5b,2,0x022bb751517e5663b7b4f576daed4c4395ea39afc56590edfb49a5917e11514147,0x042bb751517e5663b7b4f576daed4c4395ea39afc56590edfb49a5917e11514147b58d769fea4dfcef440e9c3a16bb3aed9ec0b017767a1ba46ad515ab56b7dafa,0x984ec7a07fa1136f66953da1df6a42eea02de87f5c957ee84db01c1589eb0787,ok
0xea74114b5bf0ec8dd4aa0ae2ab747eeace545547,2,0x023522a9df5767f604e965e826fe0aabefda8c32af213f0846653dde5d7facd730,0x043522a9df5767f604e965e826fe0aabefda8c32af213f0846653dde5d7facd730481597a6f8ae694e5a949151046607b34cd171aefb3f5ac261fd5c144df575f4,0xb2227fd31e95204ab01c7e6d14f4593345faeff6d801873c728d69d0d1d79b92,ok
0xd7b2cc33071045a9a5055d3a6ede9327f82d6036,2,0x023f073becf8a0655d28dd40d84e99cf045f31d4fd4b9dc374996cf1be74302ce8,0x043f073becf8a0655d28dd40d84e99cf045f31d4fd4b9dc374996cf1be74302ce86e89b424b56d0e9979fabfef822ceafbb406f198530dc70b453d20816c5e363a,0x1f90ae9edb7f1179cb3f221d584b00d5bf03407a55e20d9f6a2dc66b8424d5f9,ok
0xfa34d734d398eeeb42319221bbded4e2e550f7f3,2,0x024fd07dfd2f9fbc64a0e2c9801805a36e453b59b99d2025ec2951d265435ded34,0x044fd07dfd2f9fbc64a0e2c9801805a36e453b59b99d2025ec2951d265435ded3473eb4ff3c8d7dda8c3d1b384c7b174fd77ca0dd97404214444e9c8ae7d606204,0xa3478d367e45604046d87c7cbebe763e3fc14885cc2428dc7f33479af2951100,ok
0xef2bebf1db04947712f8d603eb7fb6901f506795,2,0x031e7300362541a5c22a37dd6785edad655706af418b383737c5d1c6553a6081a1,0x041e7300362541a5c22a37dd6785edad655706af418b383737c5d1c6553a6081a1c0f18fd20dd69ed1c64fd82cd9f63d0d77a531e0f808237485a6d616b2a23fc9,0xee84e383198de0f9517b881ef0297452a24e6ace1ceb7f4b401e89e17d710157,ok
0x68a9360e07a5fe96a2209a64fa486bb7b2df217b,2,0x02c242dbdae47ac2bcd2e222a5b436a99d0be66eab4ddf416a6295305f9cc94b34,0x04c242dbdae47ac2bcd2e222a5b436a99d0be66eab4ddf416a6295305f9cc94b34781a1d28654e084334c421c8aae4dd3adb5a8023757c4d56a6c7043d17e765ea,0x266e6b69ab346accd24cf6e361f1b64eb285600425bec51c268619fecbe8b3d8,ok
0x02319be8113d7c61e2b817c72b101d69327c43c2,2,0x033c57c1211c20532f1392885ec4cb7a0de08b6215c71ca9e9a6853885bba8a255,0x043c57c1211c20532f1392885ec4cb7a0de08b6215c71ca9e9a6853885bba8a25506cc45f96a01e904a62d2f1bcd0b8c987327c426d82712fbe7231be4afebfaa3,0x5164077961700458fd03701ca6eaa8d085bcb88d748888ec365afd0cbce3f700,ok
0xf3c9c4ea5451581f88ec547b28153266a20f47e7,2,0x0315d3d8402fbdde3517593ea2ec388fb6eab003bb4ac33635e6cc8cb344f4a5b2,0x0415d3d8402fbdde3517593ea2ec388fb6eab003bb4ac33635e6cc8cb344f4a5b2e07770bae5beba458303c9082e3814bbc872d67547acd5f8294e759a7e829fff,0x82b1e34e4d6fa0cd208c98e29aa643ef4f7fec488f01afc5e531f324cc76266b,ok
0x10952aa66e8efc6349f665c60ef1266ee75db413,2,0x03cfa17ea29433fccd6e995582e4069eecb910d61a14f16802614b1b921bdf5356,0x04cfa17ea29433fccd6e995582e4069eecb910d61a14f16802614b1b921bdf5356eaf7ed93496c82ba80e01a60d25fd4eb9f8a19b9770076c2228f692ba4409da5,0x53b9f7a0ecfce2eea41e55c1a8d2502cd8c4ad2856360b1347f6458590c5aa73,ok
0x61f4e473c9b24863bd01b525e9f1eea18e8d6fdf,2,0x02eeb0fb603bec1e7715162f624b5799768413ab011554a4c14a0d748f3ab2fafb,0x04eeb0fb603bec1e7715162f624b5799768413ab011554a4c14a0d748f3ab2fafb85009b8cdd8368212139a9838c14d3aaf98616e38dbcfd53ae113290bb9823ca,0xb4f31612cb3fea5f640d3d0804c1c2758c3097480b37754ba8eecf552614063b,ok
0x83a4bd235381ba01659066972b7641caf53d48a7,2,0x0362fb31811367dc0de0339880f4962d374060269411d6a68df52d92ba5603b088,0x0462fb31811367dc0de0339880f4962d374060269411d6a68df52d92ba5603b0882e389ebabb95895d3c2c17185a2fa627743f8acdd4d7f9de462457ddefb89ecb,0x131312ee77cbafd39072fa075f5ee72c043a0838037afd07e2dd50bed7ed064e,ok
0x21e681b835b2185b2c9bb0b82b755c18b57d67ad,2,0x0201780342b9b468607b68ca0ab7880ee1cec7f90d196ba376ddbc3bff31871d20,0x0401780342b9b468607b68ca0ab7880ee1cec7f90d196ba376ddbc3bff31871d202e586b6f046cf33c43b53f82df318cdfbc73e569571f740ade8b277d999ff9bc,0xaa4c9d5be2790191077d354ca38d3d70baaf7bf86260405fe48da20556758f2f,ok
0xea884574a7b1ce52d0fdc2f4ac4862183d3feaf4,2,0x02f4e9644da481d221745fce076378d4f9d08896b9b77d979627a6260008bbc810,0x04f4e9644da481d221745fce076378d4f9d08896b9b77d979627a6260008bbc810a1afe853075eb2a071d552b5bbed47e5c0a1bbad8691017243d3fec8a4f51480,0x4e3db16aba8fa6ef659762d99e90fc252d35d5ca9566d645a5e2b7f00f3d96a4,ok
0x7b11e47891b55a664fec693bd87e494711e25059,2,0x02a8a51c7800542032a16865cbd488b4976cae6da839dd5f12530c11b8002c0b2e,0x04a8a51c7800542032a16865cbd488b4976cae6da839dd5f12530c11b8002c0b2e0830833f3f1bcf7ae3fcd03b7bf6eae3c6e341fdcc9efdcef87bf7ee76186642,0x61cc5f0a9e2ba08e4f5d68a39b0bdaac6b6c64b812edc2b7623b018d90946c5f,ok
0x8cfd118c74bfaece63c8229a169402a5d54f9a3d,2,0x02315d2ea50db42756b103c62f8f3d218cd813d7210aaf19e9a57effd09755956d,0x04315d2ea50db42756b103c62f8f3d218cd813d7210aaf19e9a57effd09755956de4360b9796ba57a27098f87c8f3283dc5dd765ac2d3e24a383d54e5e292b946a,0x8e8be9c1394ddd7849856504e46e5a089b2833b6cc7ed1bb431aea8d5216f145,ok
0xe8281869852542815caa01a4f419d6c7ab836dc4,2,0x0263df93c85f396922b9fb0b853f53ddde6ba642555f02a04a19125e4fd7ffcc84,0x0463df93c85f396922b9fb0b853f53ddde6ba642555f02a04a19125e4fd7ffcc8497f5b7cbec78ea2c9cc91effa843159d507794eb5d5d68597165ee427eceebfc,0x1e99ff75ca95ea7b02516b17503cab2af8f332cfc387d20adbf73241297e7bfe,ok
0x5f33e7092338f26ed35006bb255e580acef1a7a0,2,0x028f80dda0b262a14bff0c880b95a261759c4bf31b349c523e0b8ee6037e44a3e8,0x048f80dda0b262a14bff0c880b95a261759c4bf31b349c523e0b8ee6037e44a3e88f03289214fecdfa9b596052309d557d8df4fabb519eead97f75337c2452c082,0x00f738f7791aae8035b924dcee0045baa8acc3b4ab341ef030e9bf6e25cc4b84,ok
0x2d6eae0ab43a564154256dfb4a1c9598623b5fac,2,0x02d61aecff7104240072934a08c78d51433d7ba90c615e72b88dc2bec285f52137,0x04d61aecff7104240072934a08c78d51433d7ba90c615e72b88dc2bec285f521373aa44a04e4ad706aa79017731336959ca7e457ac67fa22c1b8cd31a9892c5aee,0xe67bea18410188267c8d12e1efc1173dbfd9bdc24ae6533f860579e001e78a55,ok
0xb9e35799c289400adf567e92fd85c81c06f13d09,2,0x02426d179bac3c89b50625683e52b08620d02e3babaf779b05b277ea8e0843141e,0x04426d179bac3c89b50625683e52b08620d02e3babaf779b05b277ea8e0843141eee15349437837ee3c6eec1589009975995aa4d51855c6751ab1de4b4b5427e3e,0xa4dae8c0a4ecc7421b752786075a6deaf4c26e2ac59d82f0ed32615a28de280b,ok
0x2289565f6cb84e930dfb70dd4bef406abecc3311,2,0x02ed9a83df2859b92cc03a7c0e7282d9811daf014502266dceefda33d258e1db01,0x04ed9a83df2859b92cc03a7c0e7282d9811daf014502266dceefda33d258e1db01b4f53b421026feca0958f88540017ff8bc7345147ac16bb736f5389b12f16498,0x6edba85f678f7a617b664c124e3a09c2c944ae8e2a31d295707bbe25bebfb6c1,ok
0x57851ab7875af586cda6104e787a39fb5058febe,2,0x0237b71378205adfa957f87178dd1b8198e8f3b1039d7804a32cfd47c3f8d519ff,0x0437b71378205adfa957f87178dd1b8198e8f3b1039d7804a32cfd47c3f8d519ff201fbf4a8fd42ddffb8a2c432dbfe0c7a7da81bb17fa1ef8cba157d5c8a6041e,0x0216589ed9ee82ebb99906961ee5fc6e4f493e349b7ef9fb2e0c4e79a00706ed,ok
0xedbf4b599c2bc69a3843e77357ecf5f02ed63fef,2,0x02be64767d1e33c658fe29201e96d20d1664e6522a739098b677a3b74a782df5e3,0x04be64767d1e33c658fe29201e96d20d1664e6522a739098b677a3b74a782df5e318791173be5a19e63f2ec86b6a290ff11145f2082e3b4899bb4bd8126705ffc2,0xc887baa37ad593606f6c409c803f076080696cf4a561502f212cbfb76f53957a,ok
0xc9b438c623395b31671b4676f2aa658a5e5bf1bf,2,0x026615aecae094b7a733fc4b949f0a7194554b6f3b41ed32b92dc4d60a5c13a5ee,0x046615aecae094b7a733fc4b949f0a7194554b6f3b41ed32b92dc4d60a5c13a5ee07bbf1333983527bd091a8428495380014a34e7679cc26087a14ac42e8251c98,0xe1d98a44fd603c94b9d942e7654b47d32918a0eea0e649b0dab164ab9a07b1f7,ok
0x6cf6babd8435ad313299e8bc3c9d83252c7f69d7,2,0x026d24c8bce2a5c85e210de61c60b76983b3d752fbf93cae9d4d574ae80e34fe1d,0x046d24c8bce2a5c85e210de61c60b76983b3d752fbf93cae9d4d574ae80e34fe1d2fa38d95096d834a933f391f44e716a4aee4cc88f71ffc0324e239a87584162a,0x4887fb2c2ff8863d14d52a471b37e835db83506ea6009552b3ddd3cce20c78b3,ok
0x0d3a21084aa6f74aec25618460d32a5dd30c0f27,2,,,,contract
0x34174e4388e0712d43c1e7b98267543b9339ad64,2,0x0303e190fb2ac61069da3152f996b274ef458a98968e797f59df2aa015f870eb5f,0x0403e190fb2ac61069da3152f996b274ef458a98968e797f59df2aa015f870eb5fb4fd05600c676b1436f7b6bac0f09f66cf0d4494881bb1efebe760eb67a76937,0x293d869e06cf4c0b0fafb95beb056911536b91783eabe35b57fb00d50c74e2b9,ok
0xd773dc1c5ad4f29f66361928ed163540d2aa4857,2,0x034785883d3f40dabc5bfe4ddfa7905f47e5d2312c3d5f03fa296e0b586b97cda3,0x044785883d3f40dabc5bfe4ddfa7905f47e5d2312c3d5f03fa296e0b586b97cda3e7fc4dfa2980750ee0eef1fbc92a4fcf55200ea49b7c3f016361ace3515d10e7,0x802e45f5e588a90fd7331ebf89aa4d414e9cdb56e5ea027441f1fd1cf83d274c,ok
0x0f71dcfb225f6d23313362500a91aa59e7a94b47,2,0x03c98c198b17fda4afbace281e10c740837886ff6829d517f411e6cb437a429ca5,0x04c98c198b17fda4afbace281e10c740837886ff6829d517f411e6cb437a429ca5aa7d823646fe8bfdc149f00604c98d1220ca1cda4f9b27d35dcb77681acbd1c7,0x4a72e92c57c2c3ce9badb23ebc6863d8bd0ab92e47c73d7e1a136367a945ec10,ok
0xfca01e11e92ae6120a07fff5f7fc22486bcbf04f,2,0x0329630551ac99a496780bd3f13d5ac2092b15bcf53f14fb0821e4bb13ed102ddf,0x0429630551ac99a496780bd3f13d5ac2092b15bcf53f14fb0821e4bb13ed102ddf8e58f35928b85519428bceca650ffe2d582b934b87d7488db8737122fb50be47,0xd44147e966d85f4ca2d1f3803bb4ae8f7a3c73b9f44cf99b3a72c470369865d7,ok
0x374f087d52868a0048e92714e0dea9e01804ab1d,2,0x03c5676a164690b00596c8e84352613d05a0ad437a43e38d58f1f2fdb5f9e0fa14,0x04c5676a164690b00596c8e84352613d05a0ad437a43e38d58f1f2fdb5f9e0fa14ad825386b30bba743dccafe1bf6dd110fe8122cfb801c0601f483588598bcbbf,0x2af9af3834f06d065b6b5f33a99ea391b78ef4adf75e5a77e0ed1bface6646d3,ok
0x9563a62c67967152beab4c0a9ebe1ab6e1a0afad,2,0x0373ac0cdae1e481d7aaf25a5835bb994ee93248d8e30434c0cddb8be71c11adea,0x0473ac0cdae1e481d7aaf25a5835bb994ee93248d8e30434c0cddb8be71c11adeaf800f0efef2387cd1bd53aad32ca485234b59fa41130babd634baf4cc0b74f3d,0x6d734a6b762d4e8bd963d92726f4810df3d57d8f0cbf7e80bebf297d023966a8,ok
0x317da049e5fd76c73b4ead54afa1688288123e35,2,0x02841a9e5c0170b12a864aaf02b8fe062fd2416da5c114ae522fdf65bf4f3d7a5c,0x04841a9e5c0170b12a864aaf02b8fe062fd2416da5c114ae522fdf65bf4f3d7a5c83f6bb6166fc9fe0e9e98463044e620f37ac5028aa06c7eb96c4240c4b671534,0x726ad1d93c207569bca6b6409712194979f7fd37659ed7ae7ac1dbf285f14eb1,ok
0x48f7271ea7cc6e36305a017d4d0375a245483887,2,0x03702670717d351b9eb330251f683d1a60217fe4dfa08dd811075618fceea40e7b,0x04702670717d351b9eb330251f683d1a60217fe4dfa08dd811075618fceea40e7bb6d9c33a7fc21a4b69a7c779f0e40cea103602e560f4eed0d246fe45f514f791,0x835d994a3f226a1b257b81a17f3667d58992a8db42bc80841c8156c05c112c7c,ok
0x11d748cb9c2920077266563f4e48b7d0a3524e61,2,0x02188f96ec25b324945980a832e1b0b349d8e90db5972ba80c9ba41b10960ef371,0x04188f96ec25b324945980a832e1b0b349d8e90db5972ba80c9ba41b10960ef3717ce27a94781b73f7c8006ec3f666ea75b1ec78318e859a1a48f8babf2eb927ea,0x2f2b4a94545ba813209f4f24eb8141e325ab06ee7751cc2d6aa5652d91d7a08e,ok
0x135d4a2b8e1d8642908d8f67636307fced656103,2,0x031d2d441bd74a263624c24da18c5bf74e86842ce8624698f11afe801aa11bbca6,0x041d2d441bd74a263624c24da18c5bf74e86842ce8624698f11afe801aa11bbca6c2a3dddb7cdb2c68b7d7267df692caca7b5737ce2064304ca13667a033d2f70f,0xa0eef711a21863f5f8152a8fed8416a1eeb84e9a1a1b6d0925bf71c10946005b,ok
0x8caf34317e90a479f718049ef63b1590387f7db3,2,0x035f07786153e2febad3d2a89d73a68ad55aade9901529bcd6c1a0ba86b4a62529,0x045f07786153e2febad3d2a89d73a68ad55aade9901529bcd6c1a0ba86b4a62529fb3b86013696f47a7c9144d96cd22ba8be1dd32f91a243a5fb71b75c44f7a2bd,0x35a5a3d587b9f091473563d5ea7ec3bcd6dfc64b3e078fd96cd82da01b6f450a,ok
0x7b47e54854648e0fa3af2db572940c310cbc013d,2,0x0364f8eb18658c15c805d81e9635623fd26027e922944968bc3a8a9cfcd9be2b39,0x0464f8eb18658c15c805d81e9635623fd26027e922944968bc3a8a9cfcd9be2b3984431e063d59cc51c8f6fd5604c4732f947d745276cc2186c3045056307b301f,0x4f4f492c986a678b3fa71d79f765c53cd65678004dde988df91d0a767388ea89,ok
0x013ca029ba7db937008758f59e9cf32d0ebbd720,2,0x021f345b8bb63fca7aba5d81d6b401e273e468cc11ae2d076c7dc3ca8529126703,0x041f345b8bb63fca7aba5d81d6b401e273e468cc11ae2d076c7dc3ca8529126703ec9f1af6932342e6c0efd33927832f7723f870c61e62d59283a26b05a8c456f8,0xb587d85e7a9a38a9a2b522c0898cbbd2763b0a0c3cb72bbf485291672c019176,ok
0xa1280f931c2023507bbdcdd3b5185391f4d1ccb0,2,0x036e9eaf0783942b7b9a111fc3d559f4797084d2f68110c26a91f8f1ee5abbaad5,0x046e9eaf0783942b7b9a111fc3d559f4797084d2f68110c26a91f8f1ee5abbaad5ca23d4ee304c83866ff6e29b934fae0f70d33b8089320a1d062d884feb54104d,0xb4dfbfdf09b106cdffb2e4c91a5ad150bf9d6f871332583d11867defe5f60899,ok
0xd9e30b42b47b1294779fbf30118b19322d1f762c,2,0x02a0efe32deeb6065dd535d9bf978d7a5b2a8095e436f97c2720856b94b689c2d7,0x04a0efe32deeb6065dd535d9bf978d7a5b2a8095e436f97c2720856b94b689c2d76c5f085ba6878464c11f16c94e1cf2bef6938b946509bae7701c8e024a881df6,0x531b7aca93ab133aad4be999d995a01ba94d9f1709922573c04781df85a4fc5a,ok
0x9487e61de2c2ca8dcc6961434f2c61edc0eec233,2,0x02bb4be4dd1759ae90aa922aafbe8f165df552ef55e80433868167edd917c18b1b,0x04bb4be4dd1759ae90aa922aafbe8f165df552ef55e80433868167edd917c18b1b479d9debda84c42013655d747d518029035936a2a87bd20d60e9538e7714ea3a,0xa9183ddf5d0d95013d0da75c638186f56d2094f8ef4b5471b413561314e1dbdd,ok
0x5a1c0d1a1f34523b6f04d681c52a636cae532501,2,0x03229a2933483d7e56b446536bf3f29595b56ac0ef07cab0a41262193554ef546b,0x04229a2933483d7e56b446536bf3f29595b56ac0ef07cab0a41262193554ef546b6bbf8e6b4a737121ebe8b8e12beb32cff74854be3c021cb84b04d12dda2b9cdf,0xe62cacafa28a9233770f37f66d185e08c9021814d295c7826631f2115061a219,ok
0x29d55cb465dc50fd4a13a6f0c30a15a843de3894,2,0x02e5275abe7cc5330b0a3c9fe8b8b9cba76a9ed39f7be8132f8dfdfde0e1f3155b,0x04e5275abe7cc5330b0a3c9fe8b8b9cba76a9ed39f7be8132f8dfdfde0e1f3155b0aad7a6779054c20954b896bf1f2f02a5df31a44ba3572771217b9abb29087d6,0xd81d2771887a83c14d1e530e2d0a81e7a0c99ebe5b3889bd4d81493006b05d58,ok
0xe6fb9f4509fd514f48b43267809ed8fbf2ffe442,2,,,,contract
0x39a81e75652fbc2631b53e5983489462e1c3989f,2,0x0317078c1ed3d21038fcd27bbf2cdd41a93473c0cdbf944b2ea3dcc7c291cef13a,0x0417078c1ed3d21038fcd27bbf2cdd41a93473c0cdbf944b2ea3dcc7c291cef13acfb72f67dd46bb3563180df44902a946949782bd83fbbe1a81385c888951c42b,0xafd3b01e561514657464af91f0c750b5313aff41b18117b65f1e2e9c1a5651d2,ok
0x47d8a641cfda32248faa93b3332fa6a90de829c5,2,0x024bd8c35fc1807f624d40c868f5a301d462f9855e9dcdfb7b42dbce723525baf6,0x044bd8c35fc1807f624d40c868f5a301d462f9855e9dcdfb7b42dbce723525baf6b6c2ec5edebb77771c1773b4ab84ebf3705a7f15f0f9cd2ace941eb53c6695bc,0xde1ad2ba5edf7b11f70ee78cb7d3c982903e5a9b931f161c5828665f8fd044ca,ok
0x520e7ca6ffacc2c1f314eb9b658cd0150487bf50,2,0x02ce41fc920e0eb36b52b0582f3ad79531b5ccb4fa137f0feaf0a536e90c56716f,0x04ce41fc920e0eb36b52b0582f3ad79531b5ccb4fa137f0feaf0a536e90c56716fa12823a6ac0feace331d44cc67b29eea4fe51ac2d9f1532f8c02f3a6f734ad42,0x68c8ef68e10df6fd28a40ddb4c180437dd23da6313346788af2bdecd89a09dfc,ok
0x74bafa2adde98b1a66ad3a0fb7e005c44329cb7b,2,0x02b75dfec8a022ca6c59f200e7e2136cf7db925d430b111df369c6d89c2ee3da85,0x04b75dfec8a022ca6c59f200e7e2136cf7db925d430b111df369c6d89c2ee3da8530598f631de0f8de2ae19f9b3048229de1b87b1ab38ce0ee8cc328b983e22442,0xc31813c942eb80e460c37d08b2c1b4c3f0574d150177944c98460beb3201dc9d,ok
0xf883aae3e4d10c0405ce8dbe9b0f1414fb05e20a,2,0x0344749bbf2dcd629c9d6beb1a1b4ba3aa061c90332dd83007881ccec5a23d7ff4,0x0444749bbf2dcd629c9d6beb1a1b4ba3aa061c90332dd83007881ccec5a23d7ff4043dccd86ee82390c51edb9b5ca1c8238695b60894b3532ac8c8aed25094b49d,0x682df499f1d2fbd0bbe7a94ed83b09ef2fcd676e4f192fa656b241ffdd5f9c93,ok
0x71f494b08df932c87252b1129c24b45a5e77a9c6,2,0x029a47a2979de8b98369f95cdff1e93ead9049b8951612c9797dad5f513b3516c2,0x049a47a2979de8b98369f95cdff1e93ead9049b8951612c9797dad5f513b3516c274a9a251329ceba486c4b414a58a58e3d821ee6ad2bbc29673424b71d6f28c7e,0x8f216e521ff6dde4d7ac79af84c5015744cfbb9242f507c6d9e7cbc1828a607a,ok
0x56d3ca044e1c2b91f3d54c8eb1fe5d6c183e0a70,2,0x02d886db2fd47b7e661958dff030cc4987bf4754c8cb07bb2e63077d3ca0c147a6,0x04d886db2fd47b7e661958dff030cc4987bf4754c8cb07bb2e63077d3ca0c147a6c8bbee43efe90d5f790f1386005bb232d17a7f51cc219d633fd0b487476a9c3a,0x3f5129eef8002a64ee488d67f19ccfca854152e984bae907894faf35015386b2,ok
0x9d00f736be44f60846200859212b6eec5aca86b2,2,0x0319ddd019f4e02ad1c0b5ce49b36025e51d9749431ebabbb24159756b21ed908b,0x0419ddd019f4e02ad1c0b5ce49b36025e51d9749431ebabbb24159756b21ed908ba9af9c27c1bf91dc2804338e8a19d82796b73c787ba19047579612b7314a7651,0xc002a41e8a626d9f66d5e56956eeb794b0afe8d5d425c0e4b8bceeeaf9f17553,ok
0xf9df0b56dc96ca3248244dcb818a21506d0eee0d,2,0x025927a686973e52bab095c0ec85ef69d08d7e76b730302bd367f8865bedff3261,0x045927a686973e52bab095c0ec85ef69d08d7e76b730302bd367f8865bedff326158d6e22d8dcf10adc55ac8bbd69b9fbaf182e466ed38992f28486373fd930e00,0xb6730df1cfd2a690ef09bf54d481411573f8dd8ba6474f6af06dfa88b017ec34,ok
0x7b20a61f0bf38c08037711e719d455169561a7af,2,,,,contract
0x2a5b12c7880f277579ab86388203f7e17f7ff2d0,2,0x0377c0c95e9de76307a0cb0ea6f5ea9aec7cfd6ea9451810a046c9d6f49a67631e,0x0477c0c95e9de76307a0cb0ea6f5ea9aec7cfd6ea9451810a046c9d6f49a67631e34f9e9d327c9b214f43500340e60c01f6129988f5bbb07ee0aea9560864f90d9,0xde162757a1ea68502eee75300fe3ae13b15065682302514201b0312d2af3eb4e,ok
0x4ff7b7023a032d0e4818740655905808ae667e42,2,0x0331b9d965cb7fafb1a0612f768c8230a5db798f5893627e54f9b4375eb6a082e8,0x0431b9d965cb7fafb1a0612f768c8230a5db798f5893627e54f9b4375eb6a082e82093c619eb904c0b9cebf4ca95e8b2983a4ccbeb7ad2b403b893101cbb160845,0x5f4cb02713f0c686c85c91f2e390b8a671ba27624c64248f7f81fdedfa50d300,ok
0xa0ff0320c721d95d2de8a4c30ed2eeb3acb11332,2,0x02fc259e67d527c65a1916739f0821ba5c34ac0894a8a3e09321b40cfbaa018f87,0x04fc259e67d527c65a1916739f0821ba5c34ac0894a8a3e09321b40cfbaa018f875565a31c597ea79a620e65f6ba0d2e889db93bdfeb65ea0cd9f90003a9ab4aba,0x73bd93e9c4b6a5dff70d930f7f0bb39dbfa359a436cb88ea0fa225b496bceff0,ok
0xb8864d306a566a018056955ebf41a76a9088354e,2,0x023a39104150c8a46646f527ee3e9c22424e68c0b7a52e6e576c837188fca4308d,0x043a39104150c8a46646f527ee3e9c22424e68c0b7a52e6e576c837188fca4308db1cc113f6da99240a560f33f0dd098bf91d9cac0093579a06ee59f2b38d81b6e,0x07a4cc2c8def08ccba1f022e62fcfc13528960a4c236a6e49e60382e541afcef,ok
0x227837093cd0670200b96fe540ac30a41d4919aa,2,0x03d6b41fbddb08b81def7d940e3e93881fef1d7fe5464b8b4da3d646d96024c54d,0x04d6b41fbddb08b81def7d940e3e93881fef1d7fe5464b8b4da3d646d96024c54d3c8faafaee5241010fea45fc7b05d936151a3ad74e1fa0c36199244f689d4787,0xe16bd1ce636881f12087cfa75a7995ad490d8a3529294512833a3bd24ea138f0,ok
0x45a90c64eac24b5340da39f263a2cdb9bfa58069,2,0x03c94d4619f43349d823d56d4fecba3f6c6030ace56629e4c1bd769f30303b9c4c,0x04c94d4619f43349d823d56d4fecba3f6c6030ace56629e4c1bd769f30303b9c4cbfca7a4ae4f574c1d8c6a704d5869aa53781fbafd3ce56f91021c6222f11f6e7,0xd69a67b36082067049ed4906bae1161b146e462d37d42151ec14241bdc6ed4ad,ok
0xea7dfc4139f4a9d34d69c5cf8b77441f4c40db29,2,0x039d4a5aa629f47e5d88dbe15e1ca4b99ed9da634520d5d6b121228ae3ea42820e,0x049d4a5aa629f47e5d88dbe15e1ca4b99ed9da634520d5d6b121228ae3ea42820e4244e26fc00ae15cb69df6156e62d58f37b1bab6da337d06a2211c32b8723253,0xae8f110c0027f31748364192bccb5ebd8e32d772cd9ed3f50aad93dc1d13b2fe,ok
0x7f43d48151dd5479ca4573751fa7df32d9bc2bd9,2,0x02217118bcb2c0b402940f46f954e4888d48c4f6965b2651028d8f63219e89e4e8,0x04217118bcb2c0b402940f46f954e4888d48c4f6965b2651028d8f63219e89e4e804fea08dfa028a04d23db487b87705cd0ca06db3dad3351893159787fba31cb8,0xa84a5de75609eeb57559a24968769c74f2f7d645b12d80e0f49ed11889de5bab,ok
0xaa950d1cadd39935ecf1a11eb9f44955f21d3c90,2,,,,contract
0xa168c46370ffb4913e84610751b79fd357d16753,2,0x0264082b6056dcf31d493aa790f01bd49b73b19da5ee69240a6f8347c6dcf37e97,0x0464082b6056dcf31d493aa790f01bd49b73b19da5ee69240a6f8347c6dcf37e97c9c55e7738f64eaa374eac156f5e5ec08238dd20f6fb616b7f33d0eaa0246e82,0x978b024bb9cb93efcf9d30d22011212faba38551b31b956a7b6ba1d77add519d,ok
0x0055afbe3b961885de3bb63b7659465a7583cdbe,2,0x0212e972dd69db985ea07d1373c060bbc71b545f60e0ef4da718b91c467b58f613,0x0412e972dd69db985ea07d1373c060bbc71b545f60e0ef4da718b91c467b58f61395f85e68adcd7e6176e34737eceedcd7a81b386615a0a63f21d8611f43930382,0x1065c19b0d17ec47886bf92232f713fa058c1f1bf1cb07d7982d1fbf0423676e,ok
0x7f6aae750c0e055408b837324e3a12f8026d19a5,2,0x025e3b2fc71e59c0bb6a18698a1339ea07698947cbeea24c116249e778f7751aed,0x045e3b2fc71e59c0bb6a18698a1339ea07698947cbeea24c116249e778f7751aed05bc6279543f4b071f37be01a8e662bb6a6817ab1eb902fd9d841993b40186f2,0xbe07a9959d2de54e556dc5a516a9a86a5b4dfe921b44cbfc0f82587cb646817d,ok
0xfc1b344f49466fd24f9aadd426b123000c758af4,2,0x033126fafc3b9f5c2ecb9f343ca5ae3fb069894a4f0a318fc47fef8dd49c17ba70,0x043126fafc3b9f5c2ecb9f343ca5ae3fb069894a4f0a318fc47fef8dd49c17ba70f22186672d4e2e014f6a83a8a2e8620bfd20932327a6e1d8889e29dbf238bded,0x268ce3be8457e435126921bf65c10d5a1a09ecf1bcbf8603f56b32132bec6de9,ok
0x419e767e29cca57abf3bb78a9bf50927638fd1c6,2,,,,contract
0xffe13b6a6dd56b218da98c60a37b84144e858826,2,0x020ed99e9dc2ff9cde9aed306aa0447bbc42c84d0954ad8a5f89ad2c25e7a7f55b,0x040ed99e9dc2ff9cde9aed306aa0447bbc42c84d0954ad8a5f89ad2c25e7a7f55ba3653d575c74aa3bda39bf1671f1cb5482a88129d2f35c955f9a1a8407cadf2c,0x951a56da662bb386a6c6c73089c73b05666545281dea7a2858596b9330e521ee,ok
0xe3e2f2e08b4fe58f5c7b7679bfa63b55c875b59a,2,0x021041066b9930da855234ba9536b63adf083e8cb6f6c9a93e4fd66ae431859d23,0x041041066b9930da855234ba9536b63adf083e8cb6f6c9a93e4fd66ae431859d237e02c1c411e551105f703b18057a9189f640c92b16d368dbcbfdf79260e16db0,0x82373b60362db9e65a7ffd3402aa76392c8f3c80609cb3babc2b06b70de29363,ok
0xafcc5eccfde01d5a9865e8670fed3362b95baace,2,0x03bf15daa23511eb26a7940235c525f2c067b2006d8271e547fcdaa5b8f66cbe54,0x04bf15daa23511eb26a7940235c525f2c067b2006d8271e547fcdaa5b8f66cbe54630d861c2c6d32c10593f44b2c5fb2bd82f02e26ab9988d5bdb272e3c605b85f,0x9f66339d52fcee20ccea2ef2885cad7fc77c7f42f5b85bbeda12b6dec95fe872,ok
0xb83f84d4dd0f392edfd2901a5d4a34ff83710877,2,0x02cee1eb647794a7a2e3e7d22fd45d4946b7aac80f21088675b90df52e34beffef,0x04cee1eb647794a7a2e3e7d22fd45d4946b7aac80f21088675b90df52e34beffef8abbb7e692bfd823ea76d525c5914356dfb5e6f4f13e664b6508bf06cdd3167a,0xd7531d6f22f3498a8569348c7f7fe15acd132ee8ed1ed1adea3d974bcb276a2f,ok
0x841d8d640b13d65ebda8d9ec4ec0cb08fee01155,2,0x02996a074876b417d653bb67d86ab1d2d6f999bc43b5f4f33f94afd32d3e469a46,0x04996a074876b417d653bb67d86ab1d2d6f999bc43b5f4f33f94afd32d3e469a460abe72bc1e847c4f26b87ad6de0bdee3aabe85fa9669568084fea27ae1dc13a8,0x870637d9ee244ff69c412c4acc969676185648d106dcaecc57b5f87b12479c2c,ok
0xeaff5514f3afaa6c398974e42f636f261ea9f617,2,0x02978fcb1a509da3e4f2c866c3defbc5de362de642614be3e5262723fe7671b466,0x04978fcb1a509da3e4f2c866c3defbc5de362de642614be3e5262723fe7671b466f9e39f1c718bea1a320b8bd8cd2193793f3b8edbf62f1aa2126e467e0426e744,0x525c615a233ff138565cb19e69106fcb8442e4007b625b0c48d9361ba0261c22,ok
0xff4f2c41af6bac672164357677466ded6b92dac0,2,,,,contract
0x8b110500be6f4f36d672260514a05333e388d10a,2,0x02f25de29eca61c3f8d4611e8203afa1bb5279fda2602d95f928094e0284675b1b,0x04f25de29eca61c3f8d4611e8203afa1bb5279fda2602d95f928094e0284675b1b32eb9f13dc1803c91842f722e58737366e4022fb0b0d85c58df9079d86bbf666,0x2876203361da7a3a3da599b7a23a28aa20423346c4dd060171dfd937f1b98890,ok
0xb04b157676e293b53853fdfa1a0f9482861fa749,2,0x029d95151bf6caf9d410661ca417d3368ae465c7a7f93bb845cf32d0a5b02a9189,0x049d95151bf6caf9d410661ca417d3368ae465c7a7f93bb845cf32d0a5b02a918995b9d8b469f876d64850684637c2c20b95ea4267f1083dd90dc76bd88f6d55ba,0x1da18581fd760294f15f57b2d058590f2b4e82d7c272292096e161f813773133,ok
0xf08b7afff80e902535a61f2d5c3e0e29137ef29a,2,0x023af28549e5e1c544f2b7b360428dc6ecbeff194ec5cecf50dbb524ae33b12c8f,0x043af28549e5e1c544f2b7b360428dc6ecbeff194ec5cecf50dbb524ae33b12c8ffe69c09b5d3839e054d0a97295ade5c9b89a61429de43f68f64136c666e97b1c,0xa750264ef488d80f78125d2d3dadc1018bc09f607b76ab9430f19d9ecdf1ad19,ok
0x12222b11ab9696c85ff985702a3bb2bbf4e0f423,2,0x0268a71691705c4b25a2cfd14627002effb2d5b158e9aebae31e08946656fa8941,0x0468a71691705c4b25a2cfd14627002effb2d5b158e9aebae31e08946656fa894146ee63e961b4cddb5402d6a00a799bd746e29e8d9ef47d7aa1b1423f3e47dfa6,0xf93c87ba2670377e1ccaf92930898a9e9db244cd5f87c389b6a114789ec9312b,ok
0xd1726f9635c94afad5fcd642185f4d820dae86a2,2,0x03a41a63f7e854763071ccef64dfc3a54c6fb388c086d89f9a4344cc2521465017,0x04a41a63f7e854763071ccef64dfc3a54c6fb388c086d89f9a4344cc252146501704fb2f20a64d46156c84608985dc5136c37f40b1262a3649f27df71c85f60f83,0xa29d72ccf79258043278f47b8c04a60c85dc0af99427da6e6c9ff688ccb1dd79,ok
0x1a5302039bd2ee983bc01d49a6dee3801ced5000,2,0x02dee491d494c5753f102c5207bd8fe9012fa614e4d362328ad8e449a18316e528,0x04dee491d494c5753f102c5207bd8fe9012fa614e4d362328ad8e449a18316e528ff4453286bf605ba3a9e2fe63938580ddc1141bc400fe07f39c68c2e51c6b6ca,0x21b0fbe57954de0918acabecfd15f4684642a85b404933a978f43fadb6a1f121,ok
0x47dc54d379a5184729b8eaea794bcd2cb7b291a7,2,0x020b1604f5cb2d951cd19bdb6eb952360aaf8e9f1c059b469cb10cf7ad28162767,0x040b1604f5cb2d951cd19bdb6eb952360aaf8e9f1c059b469cb10cf7ad2816276782c3dc0b58fe7a03f106441f022289edd75a0a1d64878ae00eb5ae15a693ab24,0x4387960502e652633960785e805571854f5ecf18237ac6978d719b04ace8f177,ok
0x78fd06a971d8bd1ccf3ba2e16cd2d5ea451933e2,2,,,,contract
0x99a8f10d21a2685760bc32c08becbf3e9ac2ab43,2,0x0382a46c8334af421bb42cb27d5b6b96d4a1448ce8a52772c988d4f17ef25d1bea,0x0482a46c8334af421bb42cb27d5b6b96d4a1448ce8a52772c988d4f17ef25d1bea0e38edce17a06acbe1b7ec40fa9674cd49a307420dcb7eecaae0aad925864b2f,0xb02afe846e57118a0289ad2a18dc77e508c7423eb07a882a9f6091a5249ec8e3,ok
0x44fa6e46c69b24b3d08c32da3163448dfe13c644,2,0x02c5ea02f0405e74a59fe85f9c4848374de4a0857213b804abacde5bf2cccd67d9,0x04c5ea02f0405e74a59fe85f9c4848374de4a0857213b804abacde5bf2cccd67d9996c526425534151ea8b7a36ab36f6f8012db01f9777d9623c0f313484e31f6e,0xc353fc5dc0baf91a942c6742778f146b4dcf7387834b9a6f014cd73582ca622c,ok
0xf48e2242c88331ef81ea5ec215f0f0c9abf43c05,2,0x03d2f609ba69f606dbdbe230f962665a9d1a1ea66a56fa9baf6b5061be8abd3c88,0x04d2f609ba69f606dbdbe230f962665a9d1a1ea66a56fa9baf6b5061be8abd3c881190a0dd9b84fd9aa65f8b330c520c69a4eb9f36d3cded9eb17c6fda68772501,0xd2d62f62cc0277cc0b734227b84837f97f3d94acb78ddeb5af142f56ed74c289,ok
0xf6777d1b4e49a8b653f752d8159c2a02777fe187,2,0x03b6a5b5cecb43865ad6dfeefe563c6dbcf1b36d93bca555f50f6c61f596438b57,0x04b6a5b5cecb43865ad6dfeefe563c6dbcf1b36d93bca555f50f6c61f596438b5780704fa74f245070f732b75b021d8df8b426ec20a0967f0a63381a86ccbb006d,0xc4570643325e5b7fbbd22566d3d02a56a2e08fcee3f76cdeda8e89bacacb8f2d,ok
0xaf433abb85680127949a65e68802aa9889d9a017,2,0x03d425b741460d7b548bd4a78ecd50b4f1c3719ab62847c36bdf2af92cc9520536,0x04d425b741460d7b548bd4a78ecd50b4f1c3719ab62847c36bdf2af92cc95205368701ba8bb3218334bdddd4de9ab6a25cd1fdf4c86b7fd7f470e4256ea34ef74d,0xa22b0b0564f512f66782a34eaefb2b230b5755297583734d44b5f8fdb0ad917d,ok
0x8e41d536cb4489995246e30e4a70fd7527a03fa3,2,0x03940f5c2f89e6dd42b3c41600901f8dd5c3139d28f7725a074f5d216d1bac27a1,0x04940f5c2f89e6dd42b3c41600901f8dd5c3139d28f7725a074f5d216d1bac27a152f7dc4113a50b64237308407e055935982a289249e0f8c6cd3fa3368d227e11,0xd4a8175eb21869330c31c8d14dfaa0cca402e69e70637a5f2a9a750f39f4f43f,ok
0xfc75905f8c6ea924f774e7573658833992f2638a,2,0x034846b890755f2b8d0756995656a7ac97df087b893652417041f9da13d3b6bf6d,0x044846b890755f2b8d0756995656a7ac97df087b893652417041f9da13d3b6bf6d64df229741570686b5ab6deb53eeee1ce9f0bf082548a3d68c6487a6217c0d1b,0xca411ea5ee37f970ec5fe22f5125c867634a476281b3aaa3c46e626bfd4d403a,ok
0xe6b1bf679ef28a6984c57860fb31a10de1b73b2f,2,0x03b5f5456a0fc0ea07785e87932723fb74927e7d316c6a1d18e5dbba403df71fdd,0x04b5f5456a0fc0ea07785e87932723fb74927e7d316c6a1d18e5dbba403df71fdd5f26877852d475eb40b675b3507d9161f0746277914a6ad05eda50d886a1290d,0x480bd5f39f089d80ae58d9aebaefc6ad9d07957d2d1cdc611ad943b1e739ed89,ok
0x88b112c822bd18fa4ef329f84d786d71a39eca83,2,0x0302786cfbdf582fd4d9d5efab65cb21dc62914f5a09998b2b6d1c87e66e94da98,0x0402786cfbdf582fd4d9d5efab65cb21dc62914f5a09998b2b6d1c87e66e94da98d9f3e6172cc2da0c9798ef77fc4f837dea94f8feacf859ae265e3463121d2647,0x5f8e79590adff1f348076433be0376aae45bfa79daaa15a0ec9bf3febeba3945,ok
0x5453e6725c73ccb1cefdb8c991e5b82951197823,2,0x0225cd06f260be39bd9dcd543b1692944a6d580152cc944b49718be108be7d5911,0x0425cd06f260be39bd9dcd543b1692944a6d580152cc944b49718be108be7d59112b6e1527d44e60e6e8cb3f1c8946665fde6600318a0b021ae3a9d0544de33122,0x97d4333c19004b1a708c256405f2cad1563253d08ccb9d656b13141153fe3485,ok
0x7eeff4b1498ba4f262b5ec32cdf9462801bcf188,2,0x03774f9884d47e49c580aec76720ccf2c7ab402733d0a4cff4f9b31305befed11c,0x04774f9884d47e49c580aec76720ccf2c7ab402733d0a4cff4f9b31305befed11c392492342ab1f2998bd3d28823459a3fe1aa403e1dabfe7cdf798a3eb6eae5d9,0x7114726792678ad1671fa112f24516c8d21ca2b1ecf5dc2e0e29831c78fbf10b,ok
0x0b191839efb7564f2f6f5532edc51a26c31fb32e,2,0x034a3dfbcd213d41ab392a3eb011ba45a11e41f76d879cc48402708a9203ac3116,0x044a3dfbcd213d41ab392a3eb011ba45a11e41f76d879cc48402708a9203ac3116a0eb3c686acbd1665566405bcf5955eaaebd11653b7a8980d2ced43b42ca7bfb,0xedc9e1b8a0c38b804981f58db85a1e660ef5f5d1dba2dc5be553f2f38fe5982e,ok
0x8f7e9db0651a2b420f4bb2c61da0f0e2bfe91968,2,0x02e2c892e98aaaa4499bed1dfa2ed163380b88a7121ca9ce03cc0797b9b80e3908,0x04e2c892e98aaaa4499bed1dfa2ed163380b88a7121ca9ce03cc0797b9b80e3908349aa7b12f7997596a1a412725f1dd3ea54522f1424c2131de9b7010dd3b3fd8,0x259b6f49a77670f556168fae66c5a0567591421e07c29ebf1d09adef3d66e6b3,ok
0x6d460260525160c202e8749d3b2cea145fe29872,2,,,,never-sent
0x055900e01a4a4c54e4f47de60b03c44cf46ff15a,2,,,,never-sent
0xfde2cc484d80c2fd2249e94f73d9818cbf25ff7f,2,0x0324aa07015337dfd452c6dddefe6e71c2a1073a50efd66149e392d50379201c1b,0x0424aa07015337dfd452c6dddefe6e71c2a1073a50efd66149e392d50379201c1baa514a920ed56d12b641e3c7cdc402cf52694f68fa3056c8c33531981c504a57,0xfb73d6884ecf2f5b38ec7acfb106205d1e01c076d0dd5cd73197d9a0419b9097,ok
0x9b3c665a6412612d8f01a6853e3bcdbac32c8d8f,2,0x0347e02b841b860ec71bee14592ca427a07762bdab5cd1f6c72385770a25714e38,0x0447e02b841b860ec71bee14592ca427a07762bdab5cd1f6c72385770a25714e3856e1995c4352ef6c51823b10ade6ddaa081a97ed151c35b8793a2db01f5e0c4f,0xa256aeccee46ac660970b6147f2fb3c12dfb6c2f6d670f3a233582aa8e75dc36,ok
0xb6fdafa025036bf7f20c41632fdf2abe0a1ca1ff,2,0x0257226d5f3c63e56a28494efb39f4357c8919da11b9f668765ca3953ca3f7d011,0x0457226d5f3c63e56a28494efb39f4357c8919da11b9f668765ca3953ca3f7d0119efc11e8cedd21cd5d8c7e959b1a0175cb3e13ec98db314962ed4106b1e88908,0x1edd99003e5d0158a2f3e115f939b8d2b60f98dba56309daf92c52e5739ab127,ok
0xb19312600ef0da229c248135479c203aaf3b8903,2,0x03a2e52d7705ecf852723fd1dad58a428a4ebc2f78c0908e2effbf730ee9923926,0x04a2e52d7705ecf852723fd1dad58a428a4ebc2f78c0908e2effbf730ee9923926bc684621867c453c1c0b18dcfdb0dde63af01508b8602871df16421a46bc240d,0xf8d36037436ff7bc26c56c5121bb337ef77a978c5742d61a3699a3781553dbfd,ok
0x2932ebacb93c9652dd3159ae82f7f20287eca53a,2,0x0336701ce85a3f26fc10eb20b718d411559b0337291b10eefb6c62fc2a17e18777,0x0436701ce85a3f26fc10eb20b718d411559b0337291b10eefb6c62fc2a17e18777e20336119b494008f37ef4baf9853edf0a0e2e5a898b464d451776662c8e7b6d,0xa51ebc1d65a0ac1bdb21cf0700b9f7c32927c91cd442033582bb8b0021473797,ok
0xb85492afc686d5ca405e3cd4f50b05d358c75ede,2,0x03e7bda039b6d48f8e51dbb0d9f3a948a95058fbb1061088d7ad453fd426de0f0d,0x04e7bda039b6d48f8e51dbb0d9f3a948a95058fbb1061088d7ad453fd426de0f0d5118f21e1e730ec22c855642a86646420ac39d0cd791f07e10f13bca7d64cddf,0x7213bbfb47c7ed98c869206bdedb91a3db7350631dc1a0540fc1d899fb9c8fac,ok
0x7f61a7a7c39173225b3649ff47eb9cc695181c97,2,0x03131aa025def54db5a216886845393857de34aab5d4b9e4775081a06950bd5460,0x04131aa025def54db5a216886845393857de34aab5d4b9e4775081a06950bd5460adf9facd76647bdca3c4b738b1c8c6bc81253a65ad59b32528834a042980d2b1,0x7c39db471c0b3f7308c1ea3fd8f8a071f5603f7fd03b3de13988a001a76cdb21,ok
0xdd80258c124602b6df3b015a6b089d39e7fc1732,2,0x024d5d9db48bb4ea8035c84836415784a9d96b4994d458b4e7d4d82ad465d98dbe,0x044d5d9db48bb4ea8035c84836415784a9d96b4994d458b4e7d4d82ad465d98dbedbd975cc19d29f42eee4b5bbfb5edf52cc728db8777eac0d81fa0333654a669c,0x535b3369e68bd17d471acc14cd86113ef74f5c47b0114cf1a381dce85e17afa5,ok
0x7d3646b0452fed41db0759ef6e55c0686e022695,2,0x037796cd56131d2b10ded44a03d4f84599d65c7c80a75cd69daa77a814b2ac6934,0x047796cd56131d2b10ded44a03d4f84599d65c7c80a75cd69daa77a814b2ac6934357c321452fd2d74361337eeb6368d15dcdc132b1442f14942984502b4ed5ef1,0x9f1dfe9103132e431cfaf140c6a5b9eb1d5b718a5aba04dbf5bf3b5d18f07b07,ok
0x5bc9ed9b7fdded1e47ef654bbedd4f691764f8a4,2,0x03861ee682eac0024e81969102bae17d800544048a7b37af7876314384643c9230,0x04861ee682eac0024e81969102bae17d800544048a7b37af7876314384643c9230888efea3ef049d8b3bf8327579fb2d64534d0612e7325df96e46eba0f8e1dc8b,0x041fd6ca4fa035cd4c20351b77bc94e5f73db65a2941f09aaa82767ffda9668c,ok
0x5769a66da150220869c4952e26af4190d61ba81d,2,0x03cf323840e2e945e13847255a7e90b3785368f3d1c9162aba18737217f8497d60,0x04cf323840e2e945e13847255a7e90b3785368f3d1c9162aba18737217f8497d60276feb6bf3022f246b5eb456b411e2261c9620e30c7f969ec968305e7d560f85,0xe56d0b93c859af2a1bc5bc18386fd4ed38aaa2934d6abeebaf99f6f15af9e556,ok
0x2cd94900e14a8fb9297382bad49427cf3e26ff64,2,0x027c173bba000ebb914137c375022d8c141d4b27baf2055922dd972c841f16a9ca,0x047c173bba000ebb914137c375022d8c141d4b27baf2055922dd972c841f16a9ca463f8fab3984679c01d66b826a40f5f87826a9ce6db8e0f4f49d068f50f4c03a,0x83f7cc2d4750f49818cab3315c1f95d71ecd7c67a1e1f752542e96dbf8c80830,ok
0xe0e39313330c6df92419f90efa0b697a5967474b,2,0x033cb19ce7ace61b7b23ec0580f1905aeb35b28b2a71fec129fa4b68ab3271b15a,0x043cb19ce7ace61b7b23ec0580f1905aeb35b28b2a71fec129fa4b68ab3271b15abd530178e2df0264980ea5e100ff2ef7b3147034974b00086382f617de97e1c5,0xb089a37bd78c61159870e2f7b29225a87598ca5aba9652655dc21bb28ea58079,ok
0x2b5321c1afddfb6680aafff4df96a209e18dea1c,2,0x036869736f0eb11fa37ef5f21dbfe5153fee1746720a637ef3871afc2508bcb0dd,0x046869736f0eb11fa37ef5f21dbfe5153fee1746720a637ef3871afc2508bcb0dd0e46ab7facb83756495dfa51c3a34c26bd6f5cf1efff33cf91193b4ee90effdd,0xa5bb0b8998a012992b92d9a565070530d6f276deb2f36f8b9009b93ea78cb5fe,ok
0xfd69b559e75991c3162164bd411fd16d7593f53c,2,,,,never-sent
0x96466fdc4743261828b6b1a7ea6d38a0362151fd,2,0x03b4a763f3a1017b7f2c14435a792e1c7a6a603b9f8fb98bc54dfd4bd130fcc9ae,0x04b4a763f3a1017b7f2c14435a792e1c7a6a603b9f8fb98bc54dfd4bd130fcc9ae2626d691a7f952d62b4fa1aa73124dc7f40f8b7a64239a6a9c3d1d7dcda3fb9d,0x8a1503504a9e85fd056618b3e1d378677cc22ee6bc0fd0d0e7f574b309e0041e,ok
0xb7abc5f9ea275736e108dd2d5eda0b2ddcde8f3a,2,0x021c55237438421ca6541691c1836b8dde9c07951af5064e97aba2ae932ba446c9,0x041c55237438421ca6541691c1836b8dde9c07951af5064e97aba2ae932ba446c95e2211126258412ab1ef0c7d31f40a579703242b826de42dfcaded98525d16c0,0xf057cdef3f32a30e05b0e507c14cb89bf3e06dfaaed61b71ee332d887b7ef1c0,ok
0x4e8b694141d4df9bf69cb97788e21b6b3a58cec5,2,,,,contract
0x93ac73a00070482d1ef7d54586b40f71b015d47a,2,0x024d3ca49e815fda1caeb55c36316350056db93366d5aaba3156e76b4bfdb93b75,0x044d3ca49e815fda1caeb55c36316350056db93366d5aaba3156e76b4bfdb93b756f872e3f2e5f0c1d12f7074a4d7c1eb92a0494028bbf35c2a96281a1aa7cc54a,0x761a0183d8036f8ae4ddcd768d2b66e397b9646324d9e9b8d2ca62fb23b5ef6d,ok
0x670de759269cd3248e41ecb86e0609354912db31,2,0x021e1c554aff053e5d00a0bf58218a5997926164cb30f5520dc79b8c81a079b926,0x041e1c554aff053e5d00a0bf58218a5997926164cb30f5520dc79b8c81a079b9261ef1d3da055a9aa6549b5572ea77ee00001aff09277ea4c0abbb71764faf5dfc,0x981d4ea0bca96185d465cb002fb3e0ce487b51e5da87398062c24934f859c0e7,ok
0xc924a2afda9086767b9153a40d1b58a39d108df0,2,,,,contract
0xe2b4039fb115500f72d7a80c4812690f4b764cfc,2,0x028f2b16e53c55c0e302a95f2397035dcb38c886d849fcfc96bd240999e24a5e7b,0x048f2b16e53c55c0e302a95f2397035dcb38c886d849fcfc96bd240999e24a5e7b30620013aa38832d205288cd6e1dcfbb9dbc14289baebe52d0f5ff1821756c60,0x0e50ed3bbc2ac0d2eae885405fc70335254432337ed52eb17164ba7394aba03c,ok
0x8115b3ed6d7dff7387e42eafb61cb1cb104e6bfe,2,0x03b9a4ee142cea76e2a13119635dfbe79cb79418819b982f0c230880a00fe02c41,0x04b9a4ee142cea76e2a13119635dfbe79cb79418819b982f0c230880a00fe02c414f40e8e53f20bc05e248fc504e8be5ae0b2e784b0d358aa06f92a0249cf6f5ed,0xa0613dd99b3ab544fd8716512672583aea425b61abe5ccb34734c369caf9b8b1,ok
0x187a85b0c5b20358393a1be983bcebb440310fae,2,0x036f94b410740ad2322c9c888a8d4366db3e1ada2f28146e59b73f63f60785d771,0x046f94b410740ad2322c9c888a8d4366db3e1ada2f28146e59b73f63f60785d771417307d9f6c6c00d9ff5d1c6b8b9292d34f475bdf16397f4d00355395b068be7,0xb94e4cdc7e094b6cda4f3f2bea46d0667a0a0369a9aaa58c1aeff518988496ea,ok
0x4596d65c5a74491a26b80435d7c7907a553fa7dc,2,0x03e2991e5e3094c81ee387859fa35fa4327a750faf5708ba0dc09c6afad7d5c863,0x04e2991e5e3094c81ee387859fa35fa4327a750faf5708ba0dc09c6afad7d5c863e912e6343cbd56f25e425e070b0acc15c788c0f992ea0e59018e49bf1e77db21,0x697f4c68e10c41da45f88599e19b11bb2424904ae36365f7c2a3afcd977cffc7,ok
0xd556b09e21904b87602a81b7fa031708dd3da47d,2,0x026578a0c9508fec6312703567faac677f2086557e65df4d40f916e8d7066a5aa1,0x046578a0c9508fec6312703567faac677f2086557e65df4d40f916e8d7066a5aa1f42efca2deb321dbb9ae93c4444e08bddfcecfbfca3ee431e9ac7c951f578efc,0x93dee9195996896321e6977ccd74052312def39d4d906720d1bab029fb76d552,ok
0x5ed5b84d2cf60e1d2cc1342f870c6a84baa8496d,2,0x02065997557f1400289eae0746a3bf1488c1bdb3718910f9f5b1429712bd730d05,0x04065997557f1400289eae0746a3bf1488c1bdb3718910f9f5b1429712bd730d0595362cb9efae7f761a7e2a0b83853553dddec80411ec77d888b9d8345abaf1a2,0x051245e3d2c25d33d6b8dd75c11d3974af6bb59a82ac8f745f7f0434673135f1,ok
0x0800833a3706db6fbbd846d5d1b9370a79af8097,2,,,,contract
0xe48ca84a9b600347095dfbfb6b3c87d8a795ee5d,2,0x03130455cfb060156d4893b2c1f65a0fd02276d2c1f418f11a50055014d5c69a0a,0x04130455cfb060156d4893b2c1f65a0fd02276d2c1f418f11a50055014d5c69a0a770f9368dfce743e8f6ca3bdb4505524b436e12f794d2beeb2e8b0ac723f2a9d,0xc237fca0403972b4377920e71aff5f134cc65a44d16d4a283f02fa78205538df,ok
0x52ac4d33eb5d26bb408b72ee9cea702397415654,2,0x039cf59e20c6c700eef59dee31f44ee38d4634b9cf93e2c6546af397700c3f7a2b,0x049cf59e20c6c700eef59dee31f44ee38d4634b9cf93e2c6546af397700c3f7a2b27d7a015d1aed3b9bdeb1201d3ae62cb2cc13869c7587c67c34188ec88c5d499,0xfdf25151eaa3743b223ec58b967b35a1bca4ebdf666a2654a427eb00e27fac10,ok
0x702e0cd278ba7f102487957e29e4df06602f5293,2,0x03e6c943c344fce856964c026f20bb35e82fb716f033232d36d506133c3650906a,0x04e6c943c344fce856964c026f20bb35e82fb716f033232d36d506133c3650906ae9e25f11d1868e69b8fa129c8eeab3a8469a2ad2a1039d1ad8f999943d15939b,0xb5160c7f325bfe938ac5919d389ad46dc5ea8a997a7b10e5617ba641f3dbbda6,ok
0xc9673c6d77564655421a9b23a3fd2b9606bcec2b,2,,,,contract
0x7bb90bf7c932f6231164462f698e82efea3e23cc,2,0x02e25a35f84b17a5dc53e17f2324fb335464ca43789acfa11076bef1965ea2a64b,0x04e25a35f84b17a5dc53e17f2324fb335464ca43789acfa11076bef1965ea2a64bf360ed3532780acbce6901aa221633c3e5e070f59a2d2f93ec4c616fcfd90b18,0x94f857815c38ebae5b74eba6bfd1f4055b2ea6f53d594b227b9b9adc14dd1a72,ok
0x041f3cb395f52c172e622c2921fd365a18e8cc4a,2,0x02b39b3ecb9271762bde35acfed76640636e58089e05beff6776ff3b9f97196101,0x04b39b3ecb9271762bde35acfed76640636e58089e05beff6776ff3b9f97196101498eb80c4b76fa5d7339ba9313e6aa1b0314a0b1686561bdd20e7837ab23a482,0xcb6d876fac05a2ac21374b9686656d216cf83571cb8d8ba0dce1008d559b40a6,ok
0x01460ee4ed0dfba718b9ffebdad73eccc08de1ba,2,0x026378052a7a3c9e3ecbc2acb5c1bb5a304d03b971624df25f45533efc1f2c55bf,0x046378052a7a3c9e3ecbc2acb5c1bb5a304d03b971624df25f45533efc1f2c55bfe2aab778a73e4d9c4e0517af225c8851965eeb18b95aa8def3ea5115a28b3270,0xca81fd5ecd41a2977dba9d15e7c6889488eab3c88384329a21306fb4d2bcbb14,ok
0x1cb02a822348402e76f0a56d03f6f94af97afe0f,2,0x02239deac04ac650d7ef9319e09195e11987aa5292a9d2c2339e4a746ed1d604fd,0x04239deac04ac650d7ef9319e09195e11987aa5292a9d2c2339e4a746ed1d604fd74afcb334a864ff9ddb3d496a9c96d6b36f4d4dd1326f8d800a255f738f97bca,0x2156265a9da28136c2a43a86a04a14f44fdea3b6837bec9613c9c405edcafa12,ok
0x490f1051fcc73f8a5bb6573909e6d91a280826bd,2,0x031b6cccdbd040b5018e13e24f6ce8149e51848b2c3b06e34c6918941cba9e06b2,0x041b6cccdbd040b5018e13e24f6ce8149e51848b2c3b06e34c6918941cba9e06b201e11a72d040ee8fdb8d6f51fd43d2f9972606068187c8541fb07f9b12d8ca2d,0xcfc8c777c68b28c2d1c0973e378ac2fe2b53b722b12b7e805f4c421cf1a652bd,ok
0xefced6feeac7ef5cd6d2cb6d30f5d9a3abae0ce1,2,0x02ef09c31f6ae05729e25478e116c891374d29d2594f61faeefe1ce0b59af7b2d8,0x04ef09c31f6ae05729e25478e116c891374d29d2594f61faeefe1ce0b59af7b2d8b39f3d1965bb29cb2c14e6ecfcac62876aa3b1d297c84440eb011b39af785106,0xbae310ce89f7b6cab285e4151f7eac8832c4bc86a7b6c04b4fefcc25d560652f,ok
0x49cce73f3d67fbe96ef9e55fb2e596d60b11170d,2,0x021e58c951d51e049a4524f8b34779ef377d8e49c006ab2b691c4d28e2c43013c5,0x041e58c951d51e049a4524f8b34779ef377d8e49c006ab2b691c4d28e2c43013c5d3b3bcf4c958a66299b11887413202a23ca3bb509bf238d64278415912a9f9f0,0x8d55b84b062620c80499eb3fec5fce657e6451cc8b53a03b4be72ca04c90e6e7,ok
0xe9a3003c7ff9478e183348ff8298ba6c3b083a5e,2,0x02500f4b371cc3d35640dfa96fdb185f17e759c6b1d7e591f0707c84c09e00cca1,0x04500f4b371cc3d35640dfa96fdb185f17e759c6b1d7e591f0707c84c09e00cca1b4923394a2b44f225fa7a665543e8b0e81e1a3001f035b039197c0d5dff81a66,0x6164deaa2fc0fccffa373c939093d196f9b364bc96cde37cb5ca1a67decbdd03,ok
0x23077d494bf14beadb136b41a0b9a18c4603a873,2,0x0237f7d5a78d9fdd015c0eccdd9bd7620e8396ec802009d4f314f30a59889db3ad,0x0437f7d5a78d9fdd015c0eccdd9bd7620e8396ec802009d4f314f30a59889db3adb488712a116d2673f2598f0ce07f2bef0a156e388f8805281b41f7de81b686a2,0xda43d6f6fcf709e62af99f3940c627140a5cc4366ada39b1274a8f52df95b65a,ok
0x8d82abf7c00ffe643e18fceaa02aab930c528a03,2,0x038fdd85a5663a842ef255a1d02aa1286249dbb58966f851e137257946584b3c80,0x048fdd85a5663a842ef255a1d02aa1286249dbb58966f851e137257946584b3c807a5be1b97ad57299a89d2829d5ab071090cf65db23744262c4ea48b28d6592d7,0x3e569f065bc2bfa2e2127a9a02ec515e3f8d59636883d0a9356268d58668d6d8,ok
0x9aa68a8051e2dd9b887aa95509f8b1d7e4dd31dd,2,0x03a952baed7f89adc055485563d49e3a2648f511ef1599d905a0aadb07e32b530c,0x04a952baed7f89adc055485563d49e3a2648f511ef1599d905a0aadb07e32b530ccbadc1f5e12175e41ce63ef0a57fd716eaadf757a3f9c0392c63a63be87b5271,0x4103b94fb4ac28f34049f58843a24b710583f9d28f1d7a8a5f9810d2dc6a37a0,ok
0x165177423d4dacb3e766ad69bdd42dc1210099f0,2,0x0270a8bc3be0bfc794d324719b00243838c6090e8517a168b90dd48d830d730def,0x0470a8bc3be0bfc794d324719b00243838c6090e8517a168b90dd48d830d730def4303fda3c0d04522b3b40e82b338161c09c0263c7c4c8b6bb4477bcabca2a7e8,0x4a87a4330389f738112f4b732815d03f383d495d4c27b9e98e82810a6988138e,ok
0x572f6b9b7b6a57dcd8cd9348a6cbfcdd13483ce2,2,0x02a65836aa04610de4e7e4b23c88effd3066f17a7c31372af6f39a23026c533dd7,0x04a65836aa04610de4e7e4b23c88effd3066f17a7c31372af6f39a23026c533dd76ab169190c4aea581566cef9f14ef26b1a662cc8e6c740457ea8fc18b11c79f4,0x9b9b09a7ef80b6b1202966142750e0344f5db516d49b8ac6551916d4a5e5e97d,ok
0x4fbe2a73427a438ec33f6dedf9d36d00de861ae1,2,0x030fa41fd561102ce45bd75f6bff744fc1ee0b8da4d9cb083c4c7a26d39862f154,0x040fa41fd561102ce45bd75f6bff744fc1ee0b8da4d9cb083c4c7a26d39862f154283fcd79d690a6a5c405399a4f262e600a554908e968d0475dcd47bb9fcdd96f,0x493a045affc02caf9bcc4c3a634618e6d79c0a848e005ba0336396088ba64f3f,ok
0x403b549075c39f53550fc8d9e432c5d86c5faede,2,0x02a24a15d78952db9fa604deed457ad8e73c956800571d30a3bf4c046b409ba78f,0x04a24a15d78952db9fa604deed457ad8e73c956800571d30a3bf4c046b409ba78fc9c6e5515bc148c9a170ffefb644428008d01b9f7a267be38cc48a0cce429140,0xea7f111ee228d3e11d70e28fc643fddb582ae42390f8889c54b079b3ccdc1223,ok
0x81d05fc4adb83bdbd3682940a5de029c7d2fc07e,2,0x039e99bc8f9be74a1a2ca5d058042b25bbe2462e7b6d7fc0274b76bdca863f7136,0x049e99bc8f9be74a1a2ca5d058042b25bbe2462e7b6d7fc0274b76bdca863f7136c30c39b5150f18f6bab2c9490bf02db2404b8c487e54a3af4b627ec00eb78501,0x412c049f09a3ce233a9f0b66b3c98a1edce51b38916304d8a48b038bcc665dd8,ok
0x2d83032d83e52cd5c474a0bc980c2aa0b3f7edfe,2,0x03d8a879b3387cef159d22ddd7d4e31f937988694edc4ecf92ed376322383163d6,0x04d8a879b3387cef159d22ddd7d4e31f937988694edc4ecf92ed376322383163d6129c47b4e298de347fcc8667b06f3c88bbdd65968b0bf94dd8c0a2e31136dad9,0x4287ab5e926b63285d22e323d27d205cd2b2e1dd2f47acc8428b5f1f25d3cd2a,ok
0xb1c7dd33b653050c4548f41ae9f31e286e6f09e7,2,0x020f22c41807758aa99c1c1ccad3c6568df8c4e4fbe054f9b828cd5bdb7caeafa9,0x040f22c41807758aa99c1c1ccad3c6568df8c4e4fbe054f9b828cd5bdb7caeafa900e69065b6b597ff00ff64f53fc0fc6e71cc6e144182bb67a12ef077337d1c30,0x5254c017663429fb88bc755d37bae2bf937dbcc09d72070a70ae014ce2716426,ok
0x6483bd26c4b95c605807ef26647e3744f7632a75,2,0x028646c64f9801b2b46cbd7e4698f69011486f0ea28c2a72feb45a4bb0433de0cf,0x048646c64f9801b2b46cbd7e4698f69011486f0ea28c2a72feb45a4bb0433de0cf9a2ca1ffafc974fe9c76793c8c730d460c8758da78c5028e41e044f7328431aa,0x416c36e38fbb89bbd380675d55a336152006409ea8f4a527b2150d37da3b7fe8,ok
0x678976ac0f55422f08da94b38e04a2acd88d599d,2,0x037c8fe8f88df4a1d6e8ae90acb5cf334d356e8bf0362f9ac64b0f87ec148bc97e,0x047c8fe8f88df4a1d6e8ae90acb5cf334d356e8bf0362f9ac64b0f87ec148bc97ea9ec0c3a71bfff70910b019153f8f9c9302f5e78e54b6abea66b1ffba53d5961,0xfe936d2f6fcefe3a2bc1403a77470286716340a3d6d5ef24a3391bb1bacb5bb7,ok
0x38645f647cc41298c1ed35d8364021c4ab5490b4,2,,,,never-sent
0x8b6469fa869995a4dcf359549403714bab776b39,2,0x02494641bc5d709ca1051e2614a98d10511d40c58bd5fbca7736cbb01b8de779ae,0x04494641bc5d709ca1051e2614a98d10511d40c58bd5fbca7736cbb01b8de779ae98a948f84b3bf13c39cf5ff4123e23c22c09455021c0054ca325aeeb80917a90,0x3cd1134ecc915349a4492d55ac104dc85fbf53bc44e6adc2534bc7ed0898b10c,ok
0xf5c780b949c690c63b66484becde36b3dade67a2,2,0x030e4ceb8cff6fe4a4067b5fdbd7d6bc2c7777c2f061f74869aad35834121bd707,0x040e4ceb8cff6fe4a4067b5fdbd7d6bc2c7777c2f061f74869aad35834121bd707b085c7af52099520fae2440873d91f1bbd0de790a0fdad172515b575b038a22b,0x8d3ae686a8df25495023a9754afe010aebdddf10500b052f2b03c0f2fa10e915,ok
0xf8eb55b337879601e3947e62594595e0a9388b01,2,0x0308e4ae5929a56bfc6005df5771c28d4e3efffb50d7d01aba63ab4c9cd416a9cb,0x0408e4ae5929a56bfc6005df5771c28d4e3efffb50d7d01aba63ab4c9cd416a9cbe73540ad8b21364ada62482eafb4cc470b2b8ede3342e68b241a4db02b69ff25,0xdbf9bddfd52735e2fabb034e5d455ccb5fc3e8b4a4ceff6ebddd3f80d00afc04,ok
0x6a2e89e42a26dcbdaa4bb79031c42d00ab7340f6,2,0x02a7ad5d95d009fafcfa1e5e2a3310118c2b7abe1f2347aa61f73e97e7f67906b0,0x04a7ad5d95d009fafcfa1e5e2a3310118c2b7abe1f2347aa61f73e97e7f67906b0e213febe7010709309546bbf5e2ee5b424e07274f14483401a5296cf48f25a0e,0xf7de6283774482d34ba444dea53899c9f7b790dc4deadb757a9666db26d2b5b5,ok
0x000000000000000000000000000000000000dead,2,,,,never-sent
0x4790b883c6c70dcfe4f33f0e37b7047eabe36528,2,0x03999ddc5b279ddaaf248e9b9c0888df6e95f5bcf2acdefe5cb5b0da2b35fd421b,0x04999ddc5b279ddaaf248e9b9c0888df6e95f5bcf2acdefe5cb5b0da2b35fd421bd5c537bbf7f0efdd14db4213451037044d6ec84dd3d81a3941f1e0e3a7214739,0x7f5eeabe2118c0031e6078ca52bf83363d52f8ae4c8b96a0c5ab4aabc999df36,ok
0xb2b8177a0b4f6b9f7f0db9483223f8390051e269,2,0x02d14189b6af1e2b5f53565aa61b6bc539c69cd7073c10548f4ba327c8d4e5ba03,0x04d14189b6af1e2b5f53565aa61b6bc539c69cd7073c10548f4ba327c8d4e5ba03866357b5f2242298c8855e15959a74b8e5bdf664a0d3fabff12a10761deb629e,0x47493fc5b8a6e3c21a373862d91707c9c72b661f245fef243bd9c4f950d2aac1,ok
0xe0a92fb7f3383918b4fd1fcbdd8c49fa0ce2ebf7,2,0x0262a774d10e47fe43a63666fa41389426dc843506a57e732cde0e3cc68452301d,0x0462a774d10e47fe43a63666fa41389426dc843506a57e732cde0e3cc68452301d962cb6496174e7e4bd9e66962609e817c0f6878cbba194f9e6d9d31cf0df4ab2,0x3e5a86acd854c28a62846718ee23a31d12585f9de534bb993bd5b85d58c7aa4f,ok
0x60314c86b99a2a108e5097fc2688aa1e3c30be30,2,0x03c02fa38d3ca0b4a59122105e9fd0ce740baeb2b3ba1e1a4bbc26a51b7921fda5,0x04c02fa38d3ca0b4a59122105e9fd0ce740baeb2b3ba1e1a4bbc26a51b7921fda5b5267dba9f1ea6fa946c9e4998ebd695977d0954aa64a159eb3535663b20b749,0x608038e8efe534dafa95d99db4455adda6f1b7bd3c06ca820b80e210b019db32,ok
0x6a24cbbd0f078d9f86451729cab237a85eac6576,2,0x034efa2b67dd419bffbecc423572f98121484db56edb308d429f369276c0095911,0x044efa2b67dd419bffbecc423572f98121484db56edb308d429f369276c00959118c669cc4ec16d2bf8072512af61e67b692f6ce4afe11d05a90d3e2239b01a6f5,0xe96171e7414ae9ab6cd098fa22b5d3e0295b6bb286a9106c778a5984e06e167b,ok
0x65d3fa8594ce1447e7841581d5eef7ede85e6c20,2,0x0295d833785891d8eb9ead9a14967391038964a54b95f33a37193afaff25ccdbad,0x0495d833785891d8eb9ead9a14967391038964a54b95f33a37193afaff25ccdbadc3ea13b69d9588dcc0b31f9a75a660de4be5bc5dcee73802d2859555527261ac,0x0a8a0dad27cc4589f3b10685631b4b94929bebe013c70ad6988e599d8f552b3a,ok
0x92fb6b5bc7f49b02e1d44c78fc5e671893f0e531,2,0x03ee141f53e64ab74024764c4babcbeceff3fe86882a87156b4c58204af986e72e,0x04ee141f53e64ab74024764c4babcbeceff3fe86882a87156b4c58204af986e72e37526ad8379018817a06dfb9125f3a5e0d2a1fe7713f9d948eab64390dfbcbf3,0x273c17cd32eb786f78ad8c2c76f9c829c6de65dfe92b3e9b81aba08d828dd22b,ok
0x0d1f06c0751d7398070615ff5fdd9bb23baead79,2,0x03ca230ff1ac05ff6a027048a37d07a8839797df7a58d70893b7e8c835f1aa678c,0x04ca230ff1ac05ff6a027048a37d07a8839797df7a58d70893b7e8c835f1aa678c2fcb01917425f016bd99da5fcf6987849c6ffa69ec572517b184b17fad007f47,0xede826118023a0fa959c6ba36f57055f960caf999f5ae1bf418888057d803a08,ok
0x365d150a3f6f61399af018c1f19056dc1334dfd7,2,0x03cad479b785c253e6a5eb4fda327efd277657995ab8778ac0193800c88fdfc9eb,0x04cad479b785c253e6a5eb4fda327efd277657995ab8778ac0193800c88fdfc9eb06bc0bc6370711a58c316a2e5a6fc1b31ac0669ef09f95181a82c22beb1d2ee7,0xd1a0cf6d8e3b913711faacc4597b7773768a6c71eb5eb5f666ec9d92a372a9c1,ok
0xe4f14360e315025d686c1f9f0a8ba253b86b1e77,2,0x0227945415ea0e6d5d051c169e45fa96887357137e8bba8ef75667a130524b233a,0x0427945415ea0e6d5d051c169e45fa96887357137e8bba8ef75667a130524b233ac062f4efc6150b4fd104336c98131e8e1fd930c46a089751a0a1bf58da3674da,0x7c201b6aa60055d269fd05b755d45a08dcfed4aaad265ef179b937d857ba62ce,ok
0xbf6265a661a9024591227dd199fac4347107dd8b,2,0x03ac662c080d4d64c816de6ebca99d1f5d4df2e4b69b029c45c68abed7e3f6309e,0x04ac662c080d4d64c816de6ebca99d1f5d4df2e4b69b029c45c68abed7e3f6309efe3afef09263a20ca7836031f7166bfc74ce03aaec1129a11073eecc9ac9c283,0x7167e94ae5f568049239cab48cac874e9b2d212d038200c7e6055d5c7870b789,ok
0xdfa0a54fa7dc1e932b4128239f0eb9d358dc6f3e,2,0x03f596a946dba73d2f0edb8c3790c4f41fdbb00bf084a111cc59f8fa63a00f0d21,0x04f596a946dba73d2f0edb8c3790c4f41fdbb00bf084a111cc59f8fa63a00f0d2102174ecd0c985d9a220341a82c4573e00b710a38a4b21102dab737a0f354435f,0x954d0f4b3d82c12b5ea071fc434147204229830b8a293bc3e275a92cf2767929,ok
0x63257d012cef6ae8c1401b1a220942162efddc29,2,0x03678b4639c44dda45b9b663e3955b4e4d41f9e1b7d8c8f7b1306399faf26e1f29,0x04678b4639c44dda45b9b663e3955b4e4d41f9e1b7d8c8f7b1306399faf26e1f29794adf7c5f364042881630f38c2572d28911f7444121b80e24fdf61579abbf89,0x03dea0d45e58e04b8f69fc816ea3a0304be351d7c0c37e6b7a7beb81fe9c59ab,ok
0x1f6a278ba5a89cb9971cad50c2e5fabe8e7beddc,2,0x027f8d3c7e58c92bdbc5084d4a2fecb4e5aa90a351addbbc4fee205342ced2c964,0x047f8d3c7e58c92bdbc5084d4a2fecb4e5aa90a351addbbc4fee205342ced2c964ce83f93fa68f5cd1ea1edb106924f6d2b7f004a0f2a45f1dfc2939edae962e96,0xb9164c167846c994b70474033ff7571d610c802876cf4fdf545f8c30b409d89b,ok
0xd733a24bfbcfb4b27295bf71b9778e3dd7405d58,2,0x0337cd3ecca86f60d75e6007dea06b8dde83f60932785b6638143bce13ae7d225c,0x0437cd3ecca86f60d75e6007dea06b8dde83f60932785b6638143bce13ae7d225ce2c51160369e34b0fd6cd445a24d35914ad8487015beacc98f61b1eb5d0f1c31,0xdba1348e8edb3d8cef1e4ca4d5c9584ca36f615cd6e9d383a96318e89fc3aa8b,ok
0xf7435635534a937c5006234bab5f689072af8942,2,0x030ed1a6c2e7439414ec3c6f24bf8e6edf71864c0b19d3e4c923d42c33a3b944dd,0x040ed1a6c2e7439414ec3c6f24bf8e6edf71864c0b19d3e4c923d42c33a3b944dddac306d387966a5344eadb6ebb25dc305a02469374590bdde6e1b9d3c75af63b,0x76cb8ba3abca078949ecc6c3740e5d2f9d35a6b054cc0636f75ce00e9f81b276,ok
0x3be18768e86365760e7668d9f9691696fa8bd808,2,0x02ed6fe6303ba65c917740a12c43edfac356c9dd9af3e4ec930b413d3682838822,0x04ed6fe6303ba65c917740a12c43edfac356c9dd9af3e4ec930b413d36828388221c0290cd778d0ac328f03858757b0b676d5587bf7781f9123990e3f40c039934,0x31b4eae545d0aab12fa12abb6fad3f1790cb2c7c3672e751bbb3976b56d84b19,ok
0xe7c81b554f0dfd5596acc9052267930a3f533323,2,0x03026d6f2262867e03d7b20d503b382cc1ac18bf923b36d7b581a9a1f75a224d23,0x04026d6f2262867e03d7b20d503b382cc1ac18bf923b36d7b581a9a1f75a224d238c757357105ce09db6a1ddf128b917bbc8edf32e5f9f47af8496e675ac11831f,0x206e6e432dfb157c9bbf320c306a3dcca6a8554a4f145d7d133a5faa472ae2d9,ok
0xff30b32c7e7da16cc7cd100a54ecd77b103d1a1c,2,0x02cb600bea8d8d878dc619c461edade8f8c1085b943573773f2aa09a54359155cf,0x04cb600bea8d8d878dc619c461edade8f8c1085b943573773f2aa09a54359155cfc8252a667457ec007563f468d58ecc64a226e2553594020033bbbbff17416db6,0x1a7624a04657e340983066768bec1efa49897e096cf3266653462684c55d5520,ok
0x4235bf31d109eac8aa5c6083fd0b983f33c572cc,2,0x02acfde786d5f60d056fde721bac772c088dd8cee230c6d777d898c917e4ca5b9c,0x04acfde786d5f60d056fde721bac772c088dd8cee230c6d777d898c917e4ca5b9ca4824f258029f14a3a67c50661efdf8108cf968c053de77694fec56c339e1242,0x236508eef8f4d055a1cafaefb00f9b2980a13cdb5a689bec63f046f546dd4be3,ok
0xedadf50d4c5ed2a6d907e34b3cdbd3ed8ad04aa0,2,0x0325d79099410ab2d0b4b08bdeff06dad86e991ff0d2e2d3c1d064580758a61ddc,0x0425d79099410ab2d0b4b08bdeff06dad86e991ff0d2e2d3c1d064580758a61ddc0763c08ae743ee39757dfca3fb5f9921bf95ec1622559adb3ae15bde711bc0bf,0xa4dddbcb0f50bf0a724ad461f85748f4492e40304a1a19d8f18694f233b5d521,ok
0x88456d240854c64a09c8385726338c81a97e449c,2,0x038c6b9c840dc0ad0de12f9e9732ff3013dc4a733248d0277adce702b713639ded,0x048c6b9c840dc0ad0de12f9e9732ff3013dc4a733248d0277adce702b713639dedca9151f0734e2b54cbea3676dd948f6d3855a880e27c555cf0943e4d90f5e9d7,0x2f91fea6df04712f431ab9170112864b08caa252bfb71493112d01339dfd1523,ok
0x21e639f6f89fb6c3b7712a5e3d51c0fd875c9bff,2,0x02334e001ede28f4ac4b0b0c95ce55967867290582f06d1b9029c827eb9b51a071,0x04334e001ede28f4ac4b0b0c95ce55967867290582f06d1b9029c827eb9b51a0710b5d5c30ae0aaaf0ddc598c7c38a552c1738f310add800529c5f760ca12ab828,0xdcb0e631ef82f9998c21d05149ddbd3eb5e6173dcf9753a679a1b6c9b171401e,ok
0x56afe78be6285f8ceddc6456383e335c13e2ed3d,2,0x02a92026b2b1b2efae74793951abac84697ecbdbd5ef75c45154200d0574e2da0f,0x04a92026b2b1b2efae74793951abac84697ecbdbd5ef75c45154200d0574e2da0fbd0b5b66a9e3115e1b0ac55fab2204309ec16c96a2e43582ac8b34486601c41e,0xb19231698fcea6b80e827986bc886e8f6fd9ad4d011420a843a9aa7e28f9f03d,ok
0x968161d52e89c13ae4f66841f79b4eee49acb875,2,0x02dfb9add131f5e0fb62ef513b29ba8472f58915eea3c99d94b8f4f1da68daa3d8,0x04dfb9add131f5e0fb62ef513b29ba8472f58915eea3c99d94b8f4f1da68daa3d8b3429e6f386ebd0f5d83e9d82044a47dc0f049d45f8db83c4f293b6897116cb0,0x8d1d8339991bb1a2f17a73ef95d31149c3073657a5b8519dc78e862f701a6846,ok
0x980b32a10d21105a925dec09f42f92ddfe0fe6fa,2,,,,contract
0x36eaa355a5bedac4f45992312527d489a98d655f,2,0x0290e3f756a5075d8923164ec7ed0f18188ea831beea1a79a51dae19cf3fb808bc,0x0490e3f756a5075d8923164ec7ed0f18188ea831beea1a79a51dae19cf3fb808bc7da721a1cda67e241cc8093dfa43602f9d071d1214b69aa76b9031b00279b840,0x1a2f1280b36064757db63e5c27b7ac6e7c901460827c066989d01ff75f262a7c,ok
0x01b08e566bea3dedc35c4b143ca2070f7ca0a022,2,0x03fc0a01e237990ce48c027a30cc5e6b8c27023e03d64acb4c665f67c9cc582b6e,0x04fc0a01e237990ce48c027a30cc5e6b8c27023e03d64acb4c665f67c9cc582b6e116cc2dbfa44a98e2e6482db095d38434bbf8c92f11f4c12601db9200dd4c63d,0xade6124914ee309a89568e1c4ee643f88efb9314d29a773dfb15b388b140e49f,ok
0x7af07aeee9ffae5153486cbb09b40231bcef24b6,2,0x02ff35dc9c1277a97079866d736e0aec8802155ea502ce001d1388fc23aa33b6e1,0x04ff35dc9c1277a97079866d736e0aec8802155ea502ce001d1388fc23aa33b6e1d31605cde427d33157d3f640c0eac6307e43253b4664e36282bbd92d695a6612,0x95912f04c6fcbb9f5ceeb8e0313302996f594da475d9066ce4bc4b1aa4a7991c,ok
0xa76feaa88131e43f133c3a20d16dde7a8cec2017,2,0x02d99c33146d57198a22ec488ef21d884238c359f8abb476831e9f87a6569fb4a4,0x04d99c33146d57198a22ec488ef21d884238c359f8abb476831e9f87a6569fb4a4aa6605dfaf4bfcb7fb6e195341e8a779acc564422d64ecc09641b7218adeaf16,0xbd116e674f19cb251eabd3002be8ec92b34908f5aa617351e461de760ddfa03e,ok
0x5f0b6e6a39666bd284328b8306ed4c7792faf6c2,2,0x038e979c6a5593a8e28741505860112801a48667807e9b95f5d419262c2b285f80,0x048e979c6a5593a8e28741505860112801a48667807e9b95f5d419262c2b285f80f59f3d56a627fcea1dbfcb5f58c4701471ef6772d34f5fd9d778c634ca41ffdf,0x42c35b9c48f9c87a80522628be46841bc18652a84705eb3513482e8167a84f26,ok
0x8c187f4940c80483312b3b5dd28e5e6a5615b371,2,0x0258a7ae3a0c245112bb0390857a1035de91b2088060acc57acc35f2328b968805,0x0458a7ae3a0c245112bb0390857a1035de91b2088060acc57acc35f2328b96880545fa9fac36145212b68121668df0835cbe37644a7194dba1fa829562d2e710ea,0x3b33ae11f5c9ac6b37968136e0be1fb55f5d1cf3303f8c80f67cd2b89b058bab,ok
0xf4e0effcd07eb5a4ff9b748aa9ebe83af5e23491,2,0x038e9840a7794a918333b358a2a75cd59be45ffdef3d9d40566d0ac87da05b1f14,0x048e9840a7794a918333b358a2a75cd59be45ffdef3d9d40566d0ac87da05b1f1477dd2246de61e1a9be2b2f6cf834c7d145a79ec8451b6460c5b716109ba8a0a5,0x37502a35ef71db424f1f4b8ed6458fd664bef633dade5dae85dbb2eed13817b9,ok
0x62cd4ce9f14d9e162f8ab4814f48ba6d36743838,2,0x021123683713b8932216f25fe7381e9a21dc2551c2f04a8d6876286cca732d858c,0x041123683713b8932216f25fe7381e9a21dc2551c2f04a8d6876286cca732d858cdcfd5c3857e5d3ab68df2b86db01ad4e4620ea179f39661bb93d189b029a18fa,0x923c2eec9804f514f31f26e3f663cbfe29240d09e79c1ede92e91134f47fc8ab,ok
0x5468ac74d1498ad0661c49b42962161c90ea5cc8,2,,,,contract
0x8168f0eb0fa4a712fcaf05a11041a93b369d5404,2,0x031f37b97527ae92c349a845a08163ce1847c128cdecadd5117278f428a625e4fe,0x041f37b97527ae92c349a845a08163ce1847c128cdecadd5117278f428a625e4fea5f952a17edb66794762bb6d4a75891f4b2ceead89bd69016d22090751b62afb,0xb76a012d100295ff6f306af71393eaddaa126d21dd90b76584f98c608e2f2b37,ok
0x092619eb6a157c3eb9dee3589ca40f0f3b720b5f,2,0x0209ecf48ccececb5788e270781ba390ba2bc050f13d11afa02169cd0c8fd0149e,0x0409ecf48ccececb5788e270781ba390ba2bc050f13d11afa02169cd0c8fd0149ee21afb1339173c79d81bc658e4cf12d45647f89f4dd761c50a036e87186a505a,0xe3c19772be9c5e67479af94e9f37eab7f4d209df78c702afd7a4be3b78cdd6ee,ok
0xa74451cc860ea58471ee0c1ba3d34c46a4ae70ed,2,0x02863b0f5e7924f69e6e679a8d66f7604f5b00388d21266c5d62e79ae135659451,0x04863b0f5e7924f69e6e679a8d66f7604f5b00388d21266c5d62e79ae135659451ce89e3ebcddc83112235822d64f27756a5408e832ecd062f18a22e5b4d489652,0x225f201285b4de201c457538a9f41f10fe02273715028058ded9f2cf9c229fc0,ok
0x29af6ae34108eeab05979dbecbca5848f98c6b87,2,0x02e24152a3fabd7423b5f6ebc0ea0ed6f7794dd057e39924acc6d8378fcfd530aa,0x04e24152a3fabd7423b5f6ebc0ea0ed6f7794dd057e39924acc6d8378fcfd530aacf63b19dd138f9a47423baf0fb15da08620015de1f58563f34687353a2259706,0xe76959db95706546c11200ac47ece3d38b65ba8986abd098a8066190512b7fd1,ok
0x1f1b7781e28f601d37fb71a6c66fcaa608b2b690,2,0x034e4d5e51a090f45e3e23813e6ea86fcada21160c658aa8a53cacce5ba91f8312,0x044e4d5e51a090f45e3e23813e6ea86fcada21160c658aa8a53cacce5ba91f8312723dcd9ec5810bcacdfa40203b33de10f676de9dc49426d5624d844db9882423,0x0440f3ad338e1b30dc146d327f9d865a90a2d7f8d20a168bf475c854fc940030,ok
0x1f1ab87abb6b6a988b9d2836b7d2d09eee6a9b59,2,0x02e945bcab60660f650bc53c5e7da04d040a27e5a7c5609f1883b3231da2950727,0x04e945bcab60660f650bc53c5e7da04d040a27e5a7c5609f1883b3231da295072702bc4ba373e7012ef0f645ec5801c98d9646857481169d4f5f801ee9b297e64a,0x59ef6bc6c5c77ecb199d5b8fcf597f4c506870cd85a9838697b20699df7ad918,ok
0xf484a1cc00661439bab335ffed9ccb41ef7c91b9,2,,,,contract
0x807700dbb7fb7f21303e6fce37278b33b0dc819e,2,0x03e28b6f9e574d96df545fc1b878a9b7376af8385dd1914d1e58b4fc8eb4ae7f07,0x04e28b6f9e574d96df545fc1b878a9b7376af8385dd1914d1e58b4fc8eb4ae7f07b306b212ec5ad36a5f5415c38bf10646351b1646d78dd5eebb6eccf9f8cbc50d,0x24c3e48409154030571357854927aadd285d7406263a97241a2714c5a0fabed3,ok
0xd3488ab40590ca467cabcb2cb3f52c38324ccc71,2,0x03c8869a8ca15d76d39e363616c1b45fc06a9f75fd58db3ecea7e1a3b6e88bb1b1,0x04c8869a8ca15d76d39e363616c1b45fc06a9f75fd58db3ecea7e1a3b6e88bb1b1a794ac36a3d5fe60ffa07e05dc7073938e55c7914f4a507bfaa1964d6aaa0629,0x46ebcda84c1bdfc9c82f588a7e3f7244eddb9d44b9ef151fee6453f1366fb563,ok
0x6e37d79b4744dd82261cfb7b4ccf77fe513be06f,2,0x026b02f68e2ff49411f72461ddf7bf1bf682847758ead3a6ff0b291df6e61eba01,0x046b02f68e2ff49411f72461ddf7bf1bf682847758ead3a6ff0b291df6e61eba0127a17ab711d741c86f8678d2e12de94faf291f3aec505a6d211785bc2c10ed1e,0xe9d192d7812ad8eecfd78e434b18225ed9574d9430a361d0277ac9a7440a4e35,ok
0x192abd15c36e7e962efab5f977a9b6474beb3b13,2,0x020be2c23bdbc346f5cbb2001b43db503af54fd88db982b002eb9e5212af7b3b34,0x040be2c23bdbc346f5cbb2001b43db503af54fd88db982b002eb9e5212af7b3b349fc42c0aa48e6d602eda6706d3b2b60aa5e3220e0f1611493cbd0e745ddaa3d0,0x99c0b78855052de0ea2697a7a823aa34ceaf80eb2bb3064b89978b0de0327e6b,ok
0xce61ca41e238e0aa4c88d3c385dee9a91c8e83d5,2,0x02d5197ca1d8faf9909e96f41eb33d1c39a2bc58c46a38287fc7b7ad4f26a55aac,0x04d5197ca1d8faf9909e96f41eb33d1c39a2bc58c46a38287fc7b7ad4f26a55aac10efb4ac2023ff6f3248c004931a90ca03209b49ddb2e50cba13df66c05d44c8,0xb00ca71577778b9541dec467e12c46014861f7ab9fbf40ce482b6eebcd2b35ee,ok
0x504afe625af615c16c379399da7a4e5fcb8ac3c9,2,0x033ebd115b6a8a8c66ce023b0359e4d5d8135d2e4091cb951a0341943fbf469707,0x043ebd115b6a8a8c66ce023b0359e4d5d8135d2e4091cb951a0341943fbf469707fae7e6152b886543c41fdaf75ad8f74529664c431b1689a20d694a519a11ff3b,0x70f40ec0fc8f08d56c2304e30cbb31d1689324c1d99feabe420c40f7943a608b,ok
0x9a077cab24caecb3ef49021d651a42aa05a3fc9a,2,0x03a4a017e14805e5da743a0bdca7416ae2c4173b19385032ade1903e5078a5e542,0x04a4a017e14805e5da743a0bdca7416ae2c4173b19385032ade1903e5078a5e542b535dede8f062b92459809db72e4343e025e0f694ff29fc8d7a98d179f74a537,0xfa29494278af24fbdbbea69d3b0fe9defe466e9b202d501396fa52c396b2bc4b,ok
0xc4297ac545f35ecd17fd889906ca55e725615be6,2,0x032d19a43140afd69bf64fe9539a7deafcf296d110b5eb9f8593c034b9da5514a3,0x042d19a43140afd69bf64fe9539a7deafcf296d110b5eb9f8593c034b9da5514a3b67ab8cf82a659e096a5ef695bf968575c6a5423a25dd386fae6fbdfa000f395,0x35967b33b8d66928a7d30856b47f6167306283219ad25f2742b71bbcd0e8f7b0,ok
0xfede755339b2febecfc12cfde76694a6ee4fe393,2,0x029d864c3ee59ed2d2fe1b3ccbd8e161b0a4d5031d1a6353eadd6cb5d377b3e656,0x049d864c3ee59ed2d2fe1b3ccbd8e161b0a4d5031d1a6353eadd6cb5d377b3e6565a1ebef6a8c04f2e130dda9c4c55263c3b2ff1df659254a5bbe58b4322cf8e2a,0x9eb4f2d204bd45e87bb6bbf0c1ef12fc7c7235f02bfc19b8c502dc59481129bb,ok
0xd41308f50858da2b7cc641e493fbddf34775393a,2,0x033ed689f5399752d434b8740e59f1e1b9fc9baff81b8e94914de7ab5cce2df693,0x043ed689f5399752d434b8740e59f1e1b9fc9baff81b8e94914de7ab5cce2df6935606bd6bcdaa8d987fd2dc3de479244b0f41c965484221d88db8805687d3ea83,0x8802310143be728ff2da502d94c5a9721672f7ab0c0b8e7405462244cede1b97,ok
0x6a194bb43b14a753554721d69300be7e5f8cf7e2,2,0x03936def0f229e14cfb65e0950a8e7af92f07b92ca624c8ad59ccc374fe84106f1,0x04936def0f229e14cfb65e0950a8e7af92f07b92ca624c8ad59ccc374fe84106f12cad0a52838fbc05081ccd95289017fe11648e70bf696e14767705756027e7c1,0x4b0825d968de59fefd9c18a93b47ada5de6a71804f287ca49a8474a9d728dad2,ok
0xe64d555d4ad41ec1902464f695a17a6182f77b85,2,0x02a459ba69eba75a95efe62d20a0414f70d60af0fa66c6b7eb7b5364fd618d431f,0x04a459ba69eba75a95efe62d20a0414f70d60af0fa66c6b7eb7b5364fd618d431f2a3ffef6a8b1d05ad2afa122d2915670b5f19265962475f63b6e8fcc5302c99e,0xbe49ecde23c8ad6e536643b25d4cb5d56548060b2f81dce256f41306a01f29ce,ok
0xf9264560d84e392fe4092588df4dc389235d4027,2,0x02a5742b8e9f0c30ad71636cee16019c5f8b56fc8c6198b64a9730c7f761b3ea11,0x04a5742b8e9f0c30ad71636cee16019c5f8b56fc8c6198b64a9730c7f761b3ea11415c637752d8713912c7bd1776f0f2e072fb1c01f2e4adcf43753845041b37ce,0x860cdffeda2cf7afa257d6d174b0ca0d3d6442e8d156f1a4016df247223890c0,ok
0xbc1fdbefb068a1b0a05a9afbb549446e45088b48,2,0x035024c1f08955ed582f854310fb0b892d7ccb259fe77fd846cce6ccc7d74f966e,0x045024c1f08955ed582f854310fb0b892d7ccb259fe77fd846cce6ccc7d74f966ecba74b7f2b0fe5c5bddbd2656bbba99b6df93e087d984e297f14636c7b124c5b,0x8c26ce59010e571f641d3ca7108c7edb5169cfdcfbad890ee5b631a46023a240,ok
0x688ee24c8986e5437d1a141e43dc22026bfeb120,2,0x0318965d70ea9fd4ca3ad866dcec7f9055800dc3b830aa8d2404fd786edd420e46,0x0418965d70ea9fd4ca3ad866dcec7f9055800dc3b830aa8d2404fd786edd420e461b255adbf0247efba73dccbcdc729ab977939849072e3188ac6f47e3b542e6d7,0xadefd4589131495a4806d00e5028853ae647b3b94411078100c6cc29c203734d,ok
0xb2b7fc772e12c0a0f22afb2993428445a0ec1f38,2,0x0378ce52f28a9e1b33b959d3e13460a46d061d5657dc37340b64ee7ea8c8633560,0x0478ce52f28a9e1b33b959d3e13460a46d061d5657dc37340b64ee7ea8c8633560fc35bb45c67182ee8d26812d5ecf8a290b163a40f407299b65438c205c2205e5,0x993118497019d825f3ad22e30f21e1b057da001b89fcc3b0426b380bd2b57b62,ok
0xd7694264c87b864d32b2f4bd14f07b5cdd60a100,2,0x0362798a3e86ffa625d194a337c2c91ceaabbcf6a914c881d969d9f1db89251f57,0x0462798a3e86ffa625d194a337c2c91ceaabbcf6a914c881d969d9f1db89251f575ec58d2506d386e4be001f8c4c65e9aba6c291cb0ef617587fe3085795f0988d,0x9b2eec60e9632cb3a510579c8d24111b3781fdf271147eda084dc0fcdf6689bf,ok
0xe307023e73fb181a795457865f90c04cc4b3fc1c,2,,,,never-sent
0x0e1b005d9d0037e18b95ef6b1ca46ddfd46a2185,2,0x03cfd4e8167067d8713b1ca683a9d65d0bf87046079eee3c872da4d20a7f45eaae,0x04cfd4e8167067d8713b1ca683a9d65d0bf87046079eee3c872da4d20a7f45eaaea4fc1162dbde5a9bc7a1d690dba7d2576304b96d977a8934e7d758d30526d6af,0x455cdb7dd64aaf8db66d5fe8acc8857fcd6f35adb589022da940050815428feb,ok
0xea8e50d517c6a4b7d1c1c68bfe6f7d241a8cd12f,2,,,,contract
0x7cf38fbf82a37daf74e03d5de2b74ed0d9715360,2,0x0315cbf203ae2c6b7e7c837e1adb7471dd5f4ed2e001f9af0a37792276c69efa76,0x0415cbf203ae2c6b7e7c837e1adb7471dd5f4ed2e001f9af0a37792276c69efa76000394aa3335b249bb0c577f986dda243129de421e243e74ffb58faad858d6f3,0x46398ab461582187b420c4af130ae850282837d109320891a8e35bd6bec7224e,ok
0xcb0857f3852f140f1f3434efa81cda45bbbe0cda,2,0x032cdce26700eaf2d98fd7c1c82b32a293c37f179294db11357e7931ca6021fdf6,0x042cdce26700eaf2d98fd7c1c82b32a293c37f179294db11357e7931ca6021fdf60781e14e71f65e6a167e565e526812b5d7fcc791d3b0ef479cc0595e1cd7c073,0xae281cf119d9e43c2892ba29ae352b160812129bfe2a6dfb18f974cdb97d2d22,ok
0x759ddfd5b8b8a36459cb650312cb3073ad9a698b,2,0x02b46283f81f85500626ffa46d8d78f9e63da35833fd03e3645470438c37d26faf,0x04b46283f81f85500626ffa46d8d78f9e63da35833fd03e3645470438c37d26faffbe3fa30f9c701ae6f66d543de778fabd6ebd4388a9e0952e48fd10d4eb1691a,0x20d8efe8b6171f76dca1965fbd0372e5d86699e319f4c48ef55b486f9f6cc5b1,ok
0x972588106474dac0ae166a5ce335d6c8d1145766,2,0x02d4a0679ab222533fcb8c0c2173d527cd31ab75e6af67f214c01a6842d97bce5d,0x04d4a0679ab222533fcb8c0c2173d527cd31ab75e6af67f214c01a6842d97bce5d2ba4237e33832b4c43859d8030bf473610f8c72d3371030593128d6de3d8c5be,0x9bbb19b414f613aef8a1bc34d4b5e6919d7a7f9ccb985ba0d3a6bbe702b70539,ok
0xcba3d9d6df166f2c2d5b010c60081bd81109efd6,2,0x02a959ae0b1f90ac171ba33f1ea7f8c35b3560512e7aea5116ad16f878f2010af1,0x04a959ae0b1f90ac171ba33f1ea7f8c35b3560512e7aea5116ad16f878f2010af1c5786daf7278b6ecd0fc647a0c412e7395034dfdb6702896218346d6b3344a10,0x3507a42570c18265fee61a41984716ab7bd1438d5f00839c16705ff36a75b087,ok
0x043dddf120bece91d99e77ab25061d76887bd51b,2,0x02c4d8bc244770e598e7848f961141cc9a137c76350f0641d475fb7ce6c758e3ff,0x04c4d8bc244770e598e7848f961141cc9a137c76350f0641d475fb7ce6c758e3ffef7ea6643f69ab66ccd68f72013ed58aecea067913114c39682457bcd1990f22,0x5cbefd7b216dd90c7d321558c72bcb6e25aec09c1bd5472f92d2ff79bcb15f60,ok
0xf6e28c7097ef34fdd1104f222ed2212288fe96d2,2,,,,contract
0x36c5df65216a1505727614d170f0196cfea0423b,1,0x026bdefdce4a632645222f02719a354ea5e72d1f2a3ab11a80c4a416ec6c40934d,0x046bdefdce4a632645222f02719a354ea5e72d1f2a3ab11a80c4a416ec6c40934df8d8fe4f21ce9585e6a9b50607c506c820dfde9102f440115cef63310600e1be,0x1f7a5a2928abee120174f20251c9785e36bee721512323e95c655a004b8ede00,ok
0xeb043b221b7c0ec3e0ded225870f8876ff85998a,1,0x03c0df451799be5a24ba4612139fc59c300982e664e51098ddc17be8108b99caec,0x04c0df451799be5a24ba4612139fc59c300982e664e51098ddc17be8108b99caec8da8a2037dba18873594ef6b22a6972caf04f67ef91fdc5d28ec86c8981c111b,0x4abaf0830141885976a45111fb19cd88fe2cf571399f309f1f3915dabfcca8c2,ok
0xc949706b79fb8d1c2373aa311a626246f6039cf5,1,0x03d82479fae85abf18e711cc42f70f6579d2eb47b97c0cb6af3f1ba73c8e45356d,0x04d82479fae85abf18e711cc42f70f6579d2eb47b97c0cb6af3f1ba73c8e45356d2f03767321b08dc4732251ccb274b4b5b08886d3cb9d362f0747faa13af6bd6d,0x3257d6a8872bc6ee84e24d980470f867b39ecc0a7283ad80d65e1f2b46674805,ok
0x9a7369e023592b904c2c0debb2c914019d34893a,1,,,,contract
0x557d3a70cd03185a470ee5f3ad9bcc6812322833,1,0x0284e0cbf82f568bc6d5252e9ea02163a966e9346ee2dd900706cd4abd78df7d19,0x0484e0cbf82f568bc6d5252e9ea02163a966e9346ee2dd900706cd4abd78df7d19ca951a3937d18389972963e32f7e995f777053b39f8c83a93fe3628fddffa6d4,0x8ea4e77f1ba4f12eaec2faabe6c72deb0635439000b20cb0b2fa5dfc7890d4dd,ok
0x5c387f99fa1484a7461c99c5406c5c5c1e3de2d3,1,0x02520f4984fec8e0bd215a7f5717dcad944f3272ba7fc9c971ac56360642b570f5,0x04520f4984fec8e0bd215a7f5717dcad944f3272ba7fc9c971ac56360642b570f545ca52be7ca47778f8710c74887965944218199b3e1058c0fcfad6a12f88a642,0xd9a0c0b1e06e1ca5a56e66ee96c649c79e1a3e66d86790eee1efdbdfed1dde2f,ok
0x021d5abea6efbcd5dba2c8ae9237471448ea0856,1,0x03444b6e7f8942082b0b30c007aeec3fd8547f55fd6dd5258a3babacf0ab01d6ee,0x04444b6e7f8942082b0b30c007aeec3fd8547f55fd6dd5258a3babacf0ab01d6ee815593599be890295442aa6546acf7a5ecb3b8fa7144f041959c278273051075,0xa56a7335d29fc79c85e28f8dab73f5a51cb740735f59a77c58b7b0bd37adf752,ok
0xcf41ae8d9338b4f3a1db439925ad50aff078ba18,1,0x032806c4ccb02a608e70f11fccc2f4007647b6ca843044cdf6fb5ae9bbbe4cc020,0x042806c4ccb02a608e70f11fccc2f4007647b6ca843044cdf6fb5ae9bbbe4cc020b7889caa4e150610b75e9561aeade5e2d41b3911e60faa01330cf25e1d78667b,0x6b6632eb357103a973ddb2aad326def0a20c7589694b49c6608f80a1ad66eea0,ok
0x25d0c6d2ec0ac0ade28a5e457e33ef82ea6b635a,1,0x0375e99772a583bc0efae94fbc5b078e66bf85a3073b306f2b6829db41d9648d4a,0x0475e99772a583bc0efae94fbc5b078e66bf85a3073b306f2b6829db41d9648d4ad2fa38331a7e23fc15b098fbcfb1ec9b4480695db401b83bd2ac78521fe80a2d,0xb8dee6d00a37a53300c79adc395a3fdc5a60a38cb599f63378c365555084155f,ok
0x5c2260103ba960d23603a7b824c80a24eae159b9,1,,,,contract
0x38ffc1ba00005ba6d5294a364fb583df16d09f9b,1,,,,contract
0x344af4bd6b6ff552c14a6ffeaab4e7817f2e7706,1,0x03c46b301014314e52608d93d80f8bd1817efe19ed126bcc8fb22853540e62f098,0x04c46b301014314e52608d93d80f8bd1817efe19ed126bcc8fb22853540e62f09840958a2f48899e5952e8bd3429f6d2bf6273d83cd8206442ebd4b7addd836505,0x8149c7d2befb566bbb21d35d7601862851c37642f43cff789ab8591ba32ceb8c,ok
0x4c9bcb7f4370625a88160f1c1f8b10945e3d8320,1,0x03a3c66320f6b63c06afc5fe09a71098f554129c5c709d667c13a931360c110c46,0x04a3c66320f6b63c06afc5fe09a71098f554129c5c709d667c13a931360c110c469d22ee702868eb681787fc208a5ccba2819ab3a5055af516ca5a91a7677ff685,0x40a00bcdfb70592786de8f390aa48202d887a2e9f84afee00dd89b109cfc9b67,ok
0xbb70832c5a9b5a6d7159933b120cfd36d7e353e9,1,0x03f2f4796466e9ca235404aa310db628d314385d1bedc86a5730f17d70a2dbf67a,0x04f2f4796466e9ca235404aa310db628d314385d1bedc86a5730f17d70a2dbf67a332900b48a5f25b523313638dacdc8c9b5e17fc01084acb1f9fb24f87acade4f,0x42f8231461624696765bc1c51f3580e2f157d253e2e9755e2531832a27d0409a,ok
0x7384a8ea13b4a262aafa5f3311a95ca9152c5d54,1,0x036b3ef4a2496ab93723c9361e3bfcb8f5126d17799e5f63f8c332f7c7a080a87d,0x046b3ef4a2496ab93723c9361e3bfcb8f5126d17799e5f63f8c332f7c7a080a87d23c0c65f55f8eb23ae16bf133cff2d11c6d92d0bd336354395fbf059de8392ab,0xd693d920730069a394bf0eefba9684fa6289bcb108789888e0658c9c43c09dc0,ok
0x8441bcc2c583e26fa72949bc81af987443bacea8,1,0x02a3e8d6516c1529303994333d3cdd30630edb7a71e8e05790de0c5323acbd011b,0x04a3e8d6516c1529303994333d3cdd30630edb7a71e8e05790de0c5323acbd011bad3c7c0670b11c6c186e162d5de803baf14f966409cd1de4107a6176255b7bde,0x49a0ac73007c65f127301d42691c7cb0fe918a114894807f6c8406143a70d079,ok
0x9ce225896c24d6609009d66f0c58098132bb6451,1,0x02b5b995381d5b5726c0974639b9cb79136494eef7a015bed5c28e321e77cd851c,0x04b5b995381d5b5726c0974639b9cb79136494eef7a015bed5c28e321e77cd851c376d51ce8fcc64a256a887ba0aeba9f37c0b57d997ac6d75b382f179d3019d30,0xb7760d625fabc29fcad8777f5e604cde6c21bd9c05c0ed50cd17662ea7a15a44,ok
0xab73a2a1af37ac57e69acd17ae96c3b93b3e1955,1,0x02ff4333441b36b0415187d16a43c31846137cd5ee2d804461ed98662f278bec21,0x04ff4333441b36b0415187d16a43c31846137cd5ee2d804461ed98662f278bec216c82c430f8574de7b56e69435625eb1bfaa619ece4a3e2152ca2d595b1d46668,0x5fdc14bd6d9a2fdcf6e7529dc62589457758f251082969961b85c323ce7c60ea,ok
0x93a08c51f124acca06295ca8f0b3435b071bfca0,1,0x0289aab577d590c1a13d548f6b157ec1ebdc2154929a6e7210b8019257a9bd486d,0x0489aab577d590c1a13d548f6b157ec1ebdc2154929a6e7210b8019257a9bd486d14c83cc93c4db75bf4575a077893e82dd5f9ea985bc49edc4622edef7c67b878,0xaefafe144a3c4ffd749098318a3cdd8b415fe499c625f6a87e1b4302dd70aa27,ok
0xa4cb91d2dfbb048ece6086118aef916c557ea945,1,0x021132273e24836f27a21c137db767ede6005e01aecb12e98405adad16d8779fa5,0x041132273e24836f27a21c137db767ede6005e01aecb12e98405adad16d8779fa563f2b828a8a4e6829cae3eaea38096a09aea3d62767af70edfd2c3ee8abee00a,0x7a496ee7bdd1de6c02b8acfc03c2dbf1cfb4031a43d5b6651ab849e271ea56e1,ok
0x46a3ed2754b161f536543cf8bb75d65ecc6a7855,1,0x024bdea98dda8bc3469d03256c46ef5806fec6e778db6d7f3d611a941adfd63841,0x044bdea98dda8bc3469d03256c46ef5806fec6e778db6d7f3d611a941adfd63841dfe2b3a63f8f9964ece9e62a7264536492fd7afabcfdc02a85ba8366128c4e96,0xc0fcbe6aa72214d4a18e521e67041bb158d92e49bb4623bd225a76674614ffb5,ok
0xb86978b9331111f8cf05820c22ce12ecf254ca99,1,0x02fb7635e4f135fec2c38ef941ac73eed9b0a95bf7fdd0148c6e4fd8c577d44fc8,0x04fb7635e4f135fec2c38ef941ac73eed9b0a95bf7fdd0148c6e4fd8c577d44fc833d0bc9160e8f340b61ec33967c5149fe7c59d47832bf3bf678530a60f4109d6,0x8446139767565b648555b3c2a67efef1bda0b2635cffa5395e15326dc7bdb3b9,ok
0x30a6baef3a954a64002de6f0e52563f7a5bce6b2,1,,,,contract
0xa4167334cc2c1de15b8c3445b9e6b93e15b24580,1,0x02b8d00934084363b59cb726fea406e7442225ce929b73a072021627269b36c5fc,0x04b8d00934084363b59cb726fea406e7442225ce929b73a072021627269b36c5fcbb013a13111e0b288c28bef895eb2cb7656c5f3b7fc853b5566e319f4a682078,0x1ab945296f70b73bcbb115f2dbd6a27534e46a7afea4b195d50be753ed86fa63,ok
0xc54d7c49b001edbcb2d9bd2d391cf155e0d64acd,1,0x02e2ab7179f6858c03b8fd37179a7ff5a416bbb8025bc2785d91629366570aa296,0x04e2ab7179f6858c03b8fd37179a7ff5a416bbb8025bc2785d91629366570aa296bae298c03dde2d63872578089b4c7dbd6d9788dc23a8342b834d971358ddae5c,0x63f8b6edb71d5c6f3e077a5a1d07df17a45b84673d6cc7cfba422bca764aa9c6,ok
0xe5dba0161bca375d08d3469c762a0f1e88dfb1fe,1,0x025620be50d26715158fdc8ef29a56bc53c05ce84ab8c1d0ad9df8e1778bb8d6b1,0x045620be50d26715158fdc8ef29a56bc53c05ce84ab8c1d0ad9df8e1778bb8d6b1c61ac72d72c3569ef4fbdb56af7d6f482d0a2d367a6ebbac8bfcfda916540198,0x943849b03d5e82fc6fc3229dfe18098522b3d6f08d41a611de1346a9408fc816,ok
0x35fa62ebf43b8d0e9210d3c45254a6dd27f1020d,1,0x02f5e0444113024fa894b50827d0095e11d82c4799fb7d9542b4aa0c869dd65ad9,0x04f5e0444113024fa894b50827d0095e11d82c4799fb7d9542b4aa0c869dd65ad96d1d76c6d0acf07cfabc94fb0e1f4e2e8e4185fc7b73d22e59ba7a681cf7f000,0xe09599fb6955bb035dcd12e09107e64347f540682dc04d73747aaa629d369ab7,ok
0xf3e343d0c4626df5468d954ecd2396952839aa52,1,0x0275fba56d08e35639dd1d30cb4f65993aec15d7701f8cccdfdb71de4b6da860fe,0x0475fba56d08e35639dd1d30cb4f65993aec15d7701f8cccdfdb71de4b6da860fea93a2c2a97f8925305391161f58aaf94b6de2c47feedd746464bc79bbf7a4188,0x8de8513e8b141d83c43b61a4255bec37785ef60a0099c86909c7e756c66fb747,ok
0x5065889545bcc165e08def4c1daed2fe2e2b7f8c,1,0x028c879b5cebca0257983b71aefef46758c5db596ee610bafd10af6ea350a40823,0x048c879b5cebca0257983b71aefef46758c5db596ee610bafd10af6ea350a40823e7ce556931f6a110e48c781d0e0b747bceeb4399a1a946e182a37a525901636a,0xbff4115f00a42c59aafbf0a5e6417bd542a4b99090d30683fa163a0bce7f4f4b,ok
0xc9c5912479830978197f25423530789c16ba9c46,1,0x02cf76d68a70e5ba792e8c9dcfc66234f770bdd3d549de51d5719ae3aa95fd718f,0x04cf76d68a70e5ba792e8c9dcfc66234f770bdd3d549de51d5719ae3aa95fd718f298d7083238b7957821442bb1703327329513d45fbb3a2f4b9df2c4f29f5125a,0x2c6ea05d805e66c7b30e2a224ae2df9d01e2db32bb20120d59b1466f57ab9c5d,ok
0x5c517656114e21596c373c38b782229b10cdb00b,1,0x02dea2a3f5a6cee091ecc1ea2e5cf614c612201f1b08d21ce36f652f0c077def03,0x04dea2a3f5a6cee091ecc1ea2e5cf614c612201f1b08d21ce36f652f0c077def035077aeef3e03c315e84c5aae62c4c9241eecde7671569126e35d0d152d8dcdde,0xaa1e91067b55c199de6e2b5fdc74db83e051b19fb1fc3d3ab9edd8e20123c4dd,ok
0x45a2dea7bd36923ad93b7612534aad1323801669,1,,,,contract
0xdd02b34eb4e35c420d0cd88a82b19b3dca9ad403,1,0x02efe68e2eb26efb1a009a81ea02a57b8de72528aa3d18320d9bc1ff515b4690e3,0x04efe68e2eb26efb1a009a81ea02a57b8de72528aa3d18320d9bc1ff515b4690e31ba301e13b30f51a3fe596b448dac593e4ee07417c503afac2f7509a2ebed4c2,0xc01008db6021d5fbaf2ea280a100644e6c2e5702eee42c75d847860c1f9f79eb,ok
0xc5a6d07b0d46c8f8749331a49a885c1bdd10da89,1,0x03a6b5b952beb2fa94af216d32ea5b9ae4751f069753312dd5ee579c4fab92c0e7,0x04a6b5b952beb2fa94af216d32ea5b9ae4751f069753312dd5ee579c4fab92c0e7491e8e99f7367f8724011f46c3794c8d935f8236255fc2b113d532200770f967,0xb61719fcdb902c2f1db79b2b0e267b198710f541b62237af8a4f476c4a80d5ae,ok
0xafbc00aafe5e769ce4f5dea455f4de56d8ee44b6,1,0x03a52a70554cc62d4bbe154a635879eb925c492a79478c0b055576d0ac5c268fc1,0x04a52a70554cc62d4bbe154a635879eb925c492a79478c0b055576d0ac5c268fc1a01f2d7bb95d5f3e47bf0279c3f782102eb90b5bb0a9a4c007f7adc7c72159c5,0xb744fef7271e5146537f7e7017e0e45dbeef2b7e471a5ddf9af11fdd49bc3677,ok
0x43aa6649e13aae805c67dd857128160cb17d1a38,1,0x03e9afa0fa5804a77d82f5d05c909023c718776dd7577d5975653c28d0dde31a58,0x04e9afa0fa5804a77d82f5d05c909023c718776dd7577d5975653c28d0dde31a589cf00287f2cf60f605f3c223f8cbfd8c75dc287348be7b17a03d3680469f4d49,0x015eea81990c7872fddb76d3d48d1d984c73c3a93fd59540378446379b74a7cd,ok
0xde26ecf4bd74bb7ca4c9c08c30fd8638b369e579,1,0x03d1d8d7956898c768cd2126d97184cab3a67eae6041960993dbfeaa36776930f7,0x04d1d8d7956898c768cd2126d97184cab3a67eae6041960993dbfeaa36776930f748c08257f9287255345fe7ae9d6e13e2c0b261df7405c9a1b66405bb3188a6f7,0xde4c6d9d9d0df9bf69e44489da73f93980a0f6b9bf7eaeddae2e8e023ed9bb22,ok
0x60d46afb3c9a9cda3c1f4080071f7e4eef5d9980,1,0x0304fc59b4fec45bea9850c71b3c29417bebe482d5c60c7af54ad6da6ddf98b1eb,0x0404fc59b4fec45bea9850c71b3c29417bebe482d5c60c7af54ad6da6ddf98b1ebd1243eb37fb44f09a7e41c11c9c162124521c93f28919570a7df1c85ee187035,0xaceadc82f5d7d373dce72dfafde3305509314ba9933e3f22a50d0f27713048be,ok
0xf89d75c09c9e133c2e4f3cd213a117080a6e358f,1,0x0392bfee38a8b323c9a0ff533cd8fa218588299d80390c3688aa31486277c96fbb,0x0492bfee38a8b323c9a0ff533cd8fa218588299d80390c3688aa31486277c96fbb0d403280474c21477cae0ba6e58a7b3adbb0d0bc7ec3d68944eaeaf7c718df87,0xa8b42a4379a117cc1ac361df5f2b4dab95ecb8e1d72f86ab05a90c7d56c0eeff,ok
0x32633fab9bf68ff4275200656ac9e842ad5dfc74,1,0x033a44bc2ac5a85dcf94709de0ecef2c5278d304582daa39fb1274a6da7f0f68a5,0x043a44bc2ac5a85dcf94709de0ecef2c5278d304582daa39fb1274a6da7f0f68a57d1fd75b6d5c6782add439833f04c79a1d6e0cedef4e418f3eb6bd324265d235,0xd39964a86ffeafbe84677368cbc6d4d8e38048431dae3e33321dee8d683b5535,ok
0x6112d4bbcf41888143ed2c6bb4f1d260439e4c83,1,,,,contract
0x8756c9096ab111bf78e9a15d60ba688727949860,1,0x024ab58ffe684682910d0f758ccf5eeb20b54eee453460cbe98f44b59fd0f5c4fc,0x044ab58ffe684682910d0f758ccf5eeb20b54eee453460cbe98f44b59fd0f5c4fc201b762de3739d0908ef2822612bfc92afd7c5cdaf782fee39063bc972e1d0ac,0x349d83b6c008f5e634260b208d3a405ec27394fd470d9c6e7882d88a32d87239,ok
0x47f4a740428e6c09f40531a79ce7fc5aa70f8298,1,0x037a14d7adc47701e76f935a581f3bd88b74c8b494d8693f611760b53ca881834a,0x047a14d7adc47701e76f935a581f3bd88b74c8b494d8693f611760b53ca881834adfaa2e76003d8b40869722756d9c4572674e5b3df1a708c1248314eea5518d29,0xccea4d5c8e0d967f3992f1f8098ea63a52b7aeddec6a54538e942607f1cfbfa3,ok
0x93cfb5df0dfdbe707542f0d0631be97db671359b,1,0x026d5bf7a00283d4e4a711a1c736c2bf14baddd4cff048f932dd5a77e22161a597,0x046d5bf7a00283d4e4a711a1c736c2bf14baddd4cff048f932dd5a77e22161a597a2930bb107a168222af2bfd89af894daa0a64ba85a5a5ecdb191cd746dcb22d8,0xed6da69eac05bfec834b6a98cd711ab9b55fdea3fe3c430212525704d30d2079,ok
0x1c700a6dc7485772ebd6736fad1c87ca71044750,1,0x02fe6a33d1c606a557059163132f5f3d3ab9d08493efc7a6456fff4a9e99c49327,0x04fe6a33d1c606a557059163132f5f3d3ab9d08493efc7a6456fff4a9e99c493278ba8e85b2c736482e39a7dace516f0b2387d064a7d00e568174df43c813fae6e,0x204473ef5a5c6e4b0422d8e274333b1dd624dcf8235581cfd7446f974df931a3,ok
0xb3cdff372b115588aa1d0a9420f59277f0f57be6,1,0x02ea146de76c6f23b75d1e7b21f8cee894cf24026db6eef8c065cd37fba41774d0,0x04ea146de76c6f23b75d1e7b21f8cee894cf24026db6eef8c065cd37fba41774d0fad41a8d9956dfb670049ee142c4e915e64515d43c7ceeaff58a008a2e1dbece,0xe59ef5c0738d4af33ea5743234b23350fb9f5bddde584b4d5776faf7cf45282d,ok
0x9a3cce0e9e97341d9652602b0e6b9f500fc182e3,1,0x03e3b0bffb2ec412bcbe61afbfcd6faa93a31b15d86dbb3a3ce4b3df04da0ec692,0x04e3b0bffb2ec412bcbe61afbfcd6faa93a31b15d86dbb3a3ce4b3df04da0ec692f99824e7aaa66b8e4b039e179398c62531b6f0800b6b381664f9a6b0dd9edbc5,0x0786f0da142e4c6b6b61e987c18efe9b800be325e6f943b38f006db62d507c09,ok
0xed95ccd9b115e8875d3d58fda0a04ba9c9aaf95f,1,0x034a519f08e57a3993baf9d82cb436f05b7cbab46527dbc9909136f8f630b920ca,0x044a519f08e57a3993baf9d82cb436f05b7cbab46527dbc9909136f8f630b920ca56bed813f6339a18493ef41cdf7f513fbe26933a7cdd37358dfb3b0b97ddda3f,0xf06f313cc3ca1f17ef046a0087ea332c2cbcc8a7999f01f67c1e78360fd38b3f,ok
0xd304bbb4cd821fa445f645a350df8fcd7f51d070,1,0x0335c779d67f29d9a565187c642b5f8d5a3c4f8ea950ba72e84f56c2e81265891d,0x0435c779d67f29d9a565187c642b5f8d5a3c4f8ea950ba72e84f56c2e81265891d8afbb757b5340cf6764996a907308a12f1188730097a5b5ad36a4a13ff372f41,0x14abc237a2f1e41cb2750d64a2966c76cfb28ab4e8fa54a2cb455b05f5d45fb5,ok
0x5b640e6a55c8a715b5c60d8c7a11e4e07c3f7b91,1,0x0330c2bd0ecd7239bf108d4030181a6d53c4709dc79c5f65adcb5daab6feca771d,0x0430c2bd0ecd7239bf108d4030181a6d53c4709dc79c5f65adcb5daab6feca771d296613b60da7713d1ebe124a0190a366fd8ddd51c9015f6c88fe0b333ea9d265,0xec6cc32cea4182f559789e2e5240003036c2a6fa3d677cb9812d9403a2134930,ok
0xd19fb7d15af984bd622416c9c5ab4f0c5ff5a67d,1,0x033edb96b4eed4eac74b850af3edc9d99e46ff4b53616de14feb697f110139df93,0x043edb96b4eed4eac74b850af3edc9d99e46ff4b53616de14feb697f110139df93cbbed7f9d66482d3f9c6df47ffd784b123591cb5058938aea61c5665b921157d,0xa84e9f54ad9ad5cce7bb3512c4f91d248bcb66d71b50e9e37a86ad51128c2dfc,ok
0xba475a4cc27ddf9835f4482d26ab3cb35e723ca7,1,0x0386f46578bc573650f32fdf44bbfbc220ac6dd43b3de82bf838d943d358869953,0x0486f46578bc573650f32fdf44bbfbc220ac6dd43b3de82bf838d943d3588699531f6f08f422b8a1f8bc1499e8c29c48dfca8e591440d73820adbfeaedec61b383,0x7abc9f844f0e605b1b53d1ef8692aefa540f8db4ef6fa5abcd6966d48cea3d6c,ok
0xdea4d89a6681d753f6c8cdcdec87cb5e245bb44a,1,,,,contract
0x1bfa121320063141d949c6135d6de0d7fb80b367,1,0x02a5266017efc8eb2dc210a5e9af9edf10828e29632c3bd6ba4a491f4a517eab98,0x04a5266017efc8eb2dc210a5e9af9edf10828e29632c3bd6ba4a491f4a517eab98b668bd2415acdd420240ec6f5a3640fb74c56a865fcde1d85863f92394f9cd68,0x48caa01e9c4841b41c38e7ec859814a2907dcff776858fd0554ecfc9e080f52f,ok
0x19bb8dc361c33de97faea342300d43c337f201b9,1,0x0201e8f84bd0aced473f09b604068bc5890541ec324034ae7de1de22d008a7246f,0x0401e8f84bd0aced473f09b604068bc5890541ec324034ae7de1de22d008a7246f4dafc0051ec3faa0b740505a1deed5196d80ba18bc25d63a4eeae610fc17918e,0x2b231102758f37049ee1a8792fdfeba7a324fe4599356f38d6b70de1bff91c0d,ok
0x2d6fa756d3137d1a897ca433205054d624e66e66,1,0x039612175548487986ee487f1b593da4c20df704eb26cd20d21dec6f51e7bba80f,0x049612175548487986ee487f1b593da4c20df704eb26cd20d21dec6f51e7bba80fffcbe48995d7d336e7d76cec793458298d193993e2a14815bef2664cef6ca8a7,0x03cd6e76349b4ceac1a64106e2d9659b6c0e9c9972b5011316d53a2cee691b9b,ok
0x7c3c36c496a173e933709c7d882cd1e84b7baaf0,1,,,,contract
0x7a4e87371aecaf7f4fe1a72f5bff9be571108f56,1,0x027cbe5bf217db3711d63f8b9668b66af401bc35b9e265af46c24b7046e5f4d3a8,0x047cbe5bf217db3711d63f8b9668b66af401bc35b9e265af46c24b7046e5f4d3a89b8e4d6540143c68d29b8c8061c813ca253e642671dd9a5af502bfe942696f1a,0x816c9d344e235e4c778bd207aee64fc294008b3b343df1d39ee683dcc86e9442,ok
0xfb3f0f4c23a5bc2d237eac3c0d1442f750b0696d,1,0x02f5182763b0999052a828e1d89ba5b16f341d7580105cc860b5423cd8f2ee305d,0x04f5182763b0999052a828e1d89ba5b16f341d7580105cc860b5423cd8f2ee305d2477ab79481b74eab769594e2281e04235b5becd3da02580be619e43bacc2928,0xc812928a5d5e642c911cb14179e4ed3b5dce7e12bffb88a2deae3664a6e60bd0,ok
0x3093b63df5a242c99b3f27bddbc768874758690f,1,0x023a76044b6f735107e7dafdd76f634f4a438b6e3a0e54ccdfae28daf9260c468a,0x043a76044b6f735107e7dafdd76f634f4a438b6e3a0e54ccdfae28daf9260c468aee6078fe32326051fbb0b48b2a0c7f5de8ddd8612e1045b6c2a0b83ac1edfade,0xa8c27d74e8f96195a565cff9b72b5f86269ef609204af19431270628fc6d7da5,ok
0xcb795b6ba83bf84d91829afa588e2a30c0b3bad2,1,0x02cd97e2751be11b3929460f2865f3680afc02a4d180339d8d50ab93fe80f86b28,0x04cd97e2751be11b3929460f2865f3680afc02a4d180339d8d50ab93fe80f86b280228fb9974f9905c498449c0438fc043c35aab6ad348266ecdfdd759a1ad9b82,0x1895fcbdf412d6a432552149afac33211b548e517ce4bb3d6a934ce63c29d1c9,ok
0x93a2dc323d68d70a45095807384ef812ac77fc24,1,0x032fdbd00630672f8d6286901445bf57869965ca112c82677c40f3a054f6aa994e,0x042fdbd00630672f8d6286901445bf57869965ca112c82677c40f3a054f6aa994e8bdc2affd6abe2ad1e0c6d020e6e1cd666d3ce7a300d4d88aae6cb77513681d7,0x9be8cb5d806c251f1e87f0144a71eb7b11fbdd8a332b012e84bc7735d0b15818,ok
0x0356e97b39e5166ee35c4af8d71ec4464d587740,1,0x0322c9a3cc08316d7dfa25d25316b9c1b7c31254086472b681c4cb68ff730bd5b5,0x0422c9a3cc08316d7dfa25d25316b9c1b7c31254086472b681c4cb68ff730bd5b587c7664694c9f3347b60540591784f4730cf2ad5bb72ccf7e075197d5fdb4dc7,0x20d507943569ca30b519b3261c43bde6d7d6925fd9a28bdc46e6d713b3bf8c73,ok
0x88409f30e23663d34dd2f72ba2f9b4acee6132c0,1,0x037b603916d2fee5e3c6178eb83ca40deae2b5bc33d97cf78179cb71f9b58d108d,0x047b603916d2fee5e3c6178eb83ca40deae2b5bc33d97cf78179cb71f9b58d108da005d183e96540e15742a79a680c7a00267b774642f5025bb244402287eae7c5,0x2b66082e9439717f98f722f4f0c8b31ab1bda5414bad1c871632911f1d4eced7,ok
0xba61ee972daa24084fd1f627186023ba8460b629,1,0x025dfc56075e4b06a52afc2f25b6046f8e25e33e66c74066fd9107c76b94ef4bea,0x045dfc56075e4b06a52afc2f25b6046f8e25e33e66c74066fd9107c76b94ef4bea1008336a799e5ce14974f5d707cd8c1133d11d503e22a4d83f297863dec66c80,0x98b9c0d3b1a7b72651f95a549830e9235fef044bb714c9296a93052c2c59f416,ok
0xc2235ebdee4781bc001f8a099e22e60a25643599,1,0x03838c67f8ec5d088b042c0d20649205ef45206e58acc1a45b7e6ecf1d9da4ba0c,0x04838c67f8ec5d088b042c0d20649205ef45206e58acc1a45b7e6ecf1d9da4ba0c4f87c44722bf25f008accfe54d893fedfb2550f0f3dd0afe875b3742b91f0c1d,0xf3ce41e549f5f505289f5af14c9ac2141bee72eedaa0b140fd3c4dcdae0181de,ok
0x264c8a445ded7177d3bbe622bd907fb41d753d3b,1,0x037efbdc02419a35e645056f20bc0a0595e1692c9d74a1bf815c3f890e1b8a96ff,0x047efbdc02419a35e645056f20bc0a0595e1692c9d74a1bf815c3f890e1b8a96ff87e808bb5689ddd0edf4f8b215331fcbfc906554c239ead531cd19c9733d5363,0x39ac24f23cfca931b4272f5ac80f3f5cb070af68a6660495ae9209a383632a2e,ok
0x8586f84717710939158c22fb23a73a2d24ca4627,1,0x025814954e0d54309737e39ada3405f73265c63dfb2d5aafc30dd341930f72b96a,0x045814954e0d54309737e39ada3405f73265c63dfb2d5aafc30dd341930f72b96a4cc525a30d0fd082132cbe6541e499cdc2ab37c095647f0ca83154bd7594838e,0x71150fc6fc31ff8fafe31b212b34eb11ad98ba24fc20ab2c25e24956abe3f9f3,ok
0xcb117a6c52f2830dfa9f4c7103e9ad09bb880cd4,1,0x035b7ddea7b490af0282dc4f0525d673a2c8f695484b3d8106d7247b287654addc,0x045b7ddea7b490af0282dc4f0525d673a2c8f695484b3d8106d7247b287654addc2c26d07661475c89d7b19d62c7b6b9ea616bd0a1a30f0a4db66ca5658e18b419,0x744bb7e78279c69b09fce28f139d203a27108d8427569bf9cae92ab1f713c9c5,ok
0x9d37f7c423b5b358416e75611cfeb80b38571e4c,1,0x0251ab3e524f904538dfc915f594ddd702556b15ff395b4ef6b7b20a093c5dc30e,0x0451ab3e524f904538dfc915f594ddd702556b15ff395b4ef6b7b20a093c5dc30e056934ec228cc25c7c612484c5419638c0e626514cfa334c5237bcf63e0a03fe,0xbc4d807aaf3d80aa6873587c68e9cb08317fd1abfc1ab343dfa0b15f6a8ce862,ok
0xa3b487f720db057b1baae880b5f01ca642860c95,1,0x038fbc9165b4da1aa837b7f6afdac091bd8385415baa86d671f01253a2da077763,0x048fbc9165b4da1aa837b7f6afdac091bd8385415baa86d671f01253a2da07776364a71495746c078af77afbf9d2507878ae2a0222fce6c51e3e0ba38b0dae2847,0x9ce726e9f022433b0c0115c8322b080986da298b87bffd1536eeaf511cdeeabd,ok
0x4a7d3acad9f7117442dbeb58104969c284cda7cc,1,0x03246f08e9bba41eb73dd7fd985e9377db68a22f3b9c4cce9f082b8db4b167b5c6,0x04246f08e9bba41eb73dd7fd985e9377db68a22f3b9c4cce9f082b8db4b167b5c67835ce1b1a895dcdad91fd74d3ccdac86abba2bfee0eb1e7c51c0f0d301c746b,0x99eb640e562d32ba461dfa9b9a245c98e9f4007df02f4864e4af55b0767d9e85,ok
0x94bcdf2208d7a58ea32738c9f4f647fbddc4a300,1,0x023b5bd7a6809c5ef1cf8ff3bf0125901f543510ff5f340fee1cbe649da7c571e6,0x043b5bd7a6809c5ef1cf8ff3bf0125901f543510ff5f340fee1cbe649da7c571e6efdec2b4ff878cb8db1f3beb2c5baf57c06396db065cc8ad21ef6d1bcf09308c,0xfeb7cfe327d95b01b22ba3cb544d8eb029ed2fae737dccb3fb7cd1637efd93bd,ok
0x251f525bfea18a7ebbaf8140dc5893a2035394af,1,0x027acc2eb1fd033915bbffcb352f2dcd5ef29da33703c70d7fb58a1d994f6335f4,0x047acc2eb1fd033915bbffcb352f2dcd5ef29da33703c70d7fb58a1d994f6335f47520ed71296cd99e56f032154d263c556a2108badf9d0c13bcc889f8a15ce286,0xdb99c92eb7d943ed1b6066af68e47a4bf2c654093df307c88575ff8426b4fe77,ok
0x9ed7ad99aedcc0d89600d0b9dad50ad055f30a73,1,0x035e9c7c805e7d83c5e04b1c54b08da5fec39ceead5180d247dcb9674d5be966c2,0x045e9c7c805e7d83c5e04b1c54b08da5fec39ceead5180d247dcb9674d5be966c23fc5fc6069a19b59d4761871c02d8149c338c2063c4dd797a83bb0d97c364219,0xf1678864424a7718b40840f3aa68ed0a0bd9bb27f15fbf87d252bc0387b19c61,ok
0xf89e4fb7c052ec1e01bac3a465ee58380ee972b4,1,0x027b0747ceadda8974fb7366f76d07ce3182f7799db2fb95086f3f5f6042a6d0ee,0x047b0747ceadda8974fb7366f76d07ce3182f7799db2fb95086f3f5f6042a6d0eeaf46dfed2126bf7b645724eb96959e51ad29dcd6db0f63ae6d07de5771785c8e,0xa0036742a927446ac9e5c7befac6dd1234951ee0f5553145c6bda5f3c728fd94,ok
0xb72452395f9c5886ca9c24d57b0568d195107707,1,0x02842d076e4e41a9dfeaccddd51cd01012905bfa82bb391c07ef9db44f14a4dc7e,0x04842d076e4e41a9dfeaccddd51cd01012905bfa82bb391c07ef9db44f14a4dc7e646963a7142eb58cc9004e38c0b54552adf4aa5f74f6f718ab31fc9327c57a1e,0x53eba525a979d21e8289878df633b1f679c303dd4555bfdcf9cd4d4076e19a5d,ok
0x9be06783d8df6f483071805311e3dd55032eb88e,1,,,,contract
0xf9916fbaffac686dc0512d61129f0b0d5f0d9704,1,0x03322badd613f8fb9c670618b4f402b5a15a14550df712fcfe30c922706e3675cb,0x04322badd613f8fb9c670618b4f402b5a15a14550df712fcfe30c922706e3675cb1568711660bd6b9ce2f19a35d970d74f1b890708c6f743de91fac04f2c58bdf3,0xc017fb9732a2f2292fb7bf3b332f6508c24152b8ad62d337c223fe29af13c74c,ok
0x70527e62904ae9c03b22be8689c7dc74364ff4f8,1,,,,contract
0x9d7fe13325f68179e9f770e705bc5a23f3b8a9e6,1,,,,contract
0x4246689a46a9d008ed4af8d7caf1e9dc5a66ccb9,1,0x0378a80a80390fa496e1f7af3e66984c9b3cd9fb93104b8d72eed3313c08bdd0e4,0x0478a80a80390fa496e1f7af3e66984c9b3cd9fb93104b8d72eed3313c08bdd0e4ce55e3a1c0a79892b140d75bd182cf350ef640ec0a75e15ec68a59c9b6991f05,0xcf2eaf304baf4433a17323fff7d4520d3267dff5f501ceb2c38f593b2c703cfe,ok
0x40d3ce9fbce19c0b34afb05c52d256582f2ff8ed,1,0x03a95da613eb0d52c7942cb915c8880fa6bd5c48c0f498598883d55846e496a01b,0x04a95da613eb0d52c7942cb915c8880fa6bd5c48c0f498598883d55846e496a01bc504b7a1c095cd6a57c3321f8182675d1c6881db44653d5438d71d6efdee9b83,0x4f8fae9317541878611d686552841f4ed52732bc6cdd1ea542f2b245e4ebbfba,ok
0x206ad35d0d8498b170d89c5419034c767bc098bb,1,0x02798ec6a24766b2414bea57b308886f9f539aafdf37eb5818b85bd9a6d3f89fae,0x04798ec6a24766b2414bea57b308886f9f539aafdf37eb5818b85bd9a6d3f89fae7e1b6770496fb6f911ad2f81d953632440db2e4e1f341a51f4a8ebd4f6956c12,0xd1b893ac6fbec181010b560c71f41a6ff5a132f1012ea00d50e1cdcd2c43141f,ok
0xc1aa83241114305f548ffcd558c4f7af7f15761e,1,0x031ab6a7d1e31dfa6fdd623a4abbd833f6f253e53ac55a8422c918f6bccd8c3613,0x041ab6a7d1e31dfa6fdd623a4abbd833f6f253e53ac55a8422c918f6bccd8c3613f9b807e55b5d16e7eafc8ac8265bd3077ed4938b963d0fb6923f226373923e13,0xa19ba665ab1c52c0296917576a7410b8dc4c92aad50ad12b94967b5dd598e928,ok
0x91c826b067d3dde3d230984adcd553eb6833bd3e,1,0x0367ca4a17e382fd1d8f7478062cdf24820321707a5521fbcdf724aa05adec6bab,0x0467ca4a17e382fd1d8f7478062cdf24820321707a5521fbcdf724aa05adec6bab19531ebeb57556e078aea183e51f7a74bdf5fdd1cc12338908d982b21610c097,0x5a6cf3c7cf82f7872cd5ff30fe62836262cafd01026517a5ebde9c9408b0e20f,ok
0xafa9057dea4ab5e3e01f5526c6684a0ba409e818,1,,,,contract
0x72384427bec135aedfbd7088d622a6b3c98ba057,1,0x03d2c90c10f27a616332c8b2a9484e5b4f734613e62ad44c71b53617db4dec1330,0x04d2c90c10f27a616332c8b2a9484e5b4f734613e62ad44c71b53617db4dec133068a0307f97f9257a55404dc152d6929f1b6273009180200b6be5b086b6727899,0x75b232811f5d337d7301581ddbdf846e38e968e612e5242167811c12664e34dc,ok
0x749de39c297821f01f595fcefbe1f8946f5a07b6,1,,,,contract
0x0cfc73e156c268ea0d7e84ec31e8d3987538962e,1,0x0234b68043fa832cc4fa8e62c4638d37b2613fe8727616423737b79fff155b1c53,0x0434b68043fa832cc4fa8e62c4638d37b2613fe8727616423737b79fff155b1c53b636ab944f256e7302c3aab139b4ca71a88ec2d3ae7d28e9e3160270f3429ca4,0xae8048d0d680aca7c05f0984a70752bce373833de80fbe82157ee9ed764decba,ok
0x027c8c91f66b6128574df4534b2767f1da1b0da7,1,0x03f34ff5af0e7651fd66020304cd8f7ecf52c0aeb017fcb4f544407541db4ba49f,0x04f34ff5af0e7651fd66020304cd8f7ecf52c0aeb017fcb4f544407541db4ba49fb9f770126ee728ceec1b2327eb900a3ec4d4af73ce7ed0cd5fb9f8b0f0d0e8dd,0xa78c1f9f8b42e0a177964bd9a77b0eb8140e62dc73f9d641fbc7d2cbae868427,ok
0x74e254f0ea90e8caa5da6f62ee29b9f71eea8ee5,1,0x02311f1e93ec4a6e25811fdafdf5b1fb89b5aeda05d617bd0d1edf662958830cc2,0x04311f1e93ec4a6e25811fdafdf5b1fb89b5aeda05d617bd0d1edf662958830cc2005baacfc64ce76fbeb04fc9b5e92e83ec0d0d8306be36e8cf37aaf2941b7464,0x8c129646cf804c2b0b5328ba8201ba8564caae1fa89610bb6be30cf82c239e4c,ok
0x90ec73f9f1a4021055b0e7bde3568701bb3dc632,1,0x034ee601f17eed0658e06407c0881fee21cca2fe6484560b3fa7a9f7e91f450ef5,0x044ee601f17eed0658e06407c0881fee21cca2fe6484560b3fa7a9f7e91f450ef51347119001ff735dc258b029a40c90094781ceec6f8f36327b889d4d77442503,0x54579699145d56a998f1740bb126c41d566f6c08062a44211619b842f2ad8aa1,ok
0x7228e6d23c23dd695b2bc9f29ba84ce80fb1ac44,1,0x02c9c5e81d8e6e6c96f0dd2c5a7b3d290587ddc4b6ed2a77147e404817bdcde3ee,0x04c9c5e81d8e6e6c96f0dd2c5a7b3d290587ddc4b6ed2a77147e404817bdcde3eef8f61a5746a32d7e3c72b71811cccb4928c4fe4ec23f411d1c7ec7f7b08da610,0x88de7389f4d88380d17102e3fb379a6e2989fe37ff3a2bf9f5d056c71d57af70,ok
0x9b9e55ed3e9a4d396ed8b3b7af229056b4bfc610,1,0x03aa13e0b33fcc593717b4f74b1ce487c71de2df8ed3ec57ce0eaf663d2a4944e3,0x04aa13e0b33fcc593717b4f74b1ce487c71de2df8ed3ec57ce0eaf663d2a4944e35b4048c80825dccbd2b9ea1b20d7c38bfe4e1764469539d2aaa9b1f8ea9f064b,0x65f56a356f5483278c0da8683f3229eb33ed83fcfa28badde5fefd0a4be8df14,ok
0x230db2a7e3696945895163b3ba2c0b4641bcb0a7,1,0x039b4a912458271e8577359b0707989dd0ec4a9ae05a0972e81be25482c30647b5,0x049b4a912458271e8577359b0707989dd0ec4a9ae05a0972e81be25482c30647b5a9ee7569dc196d90ae09272572649910740bbe359daad5a3d8d26385db5d1665,0xaa2761f6dd7ef86b9a1fafe7ae9409d0579af7a834e08737cc02b65cd095a701,ok
0x74383330df0694f238c61eae12a7099d77eee2b4,1,0x02dbb8aa8d09307d76c12e72a1b6b353c7bc35bed61da9f546b6f6e40aac56b387,0x04dbb8aa8d09307d76c12e72a1b6b353c7bc35bed61da9f546b6f6e40aac56b387cfe96b3d1be2367267360915efa63813558e62248e1ca0584e8f1e444144191a,0x0eeeac295d1ac3e55e2bb55209a4ac6d59bc597a13170de1b0ccf6a7320ae380,ok
0x942c55eb6973112d8000a7724deaa9225947e012,1,0x02d83f9358df2bbc97417358dff5fe4252536719c79fa58c86d2d9e48db0b9a639,0x04d83f9358df2bbc97417358dff5fe4252536719c79fa58c86d2d9e48db0b9a639d7001f14697e5089cae0199c633463acdea22158324a9fbafca8c0f029ca6128,0x67a563708353688e61180497060c90da14c5541a96e82291f95d51ef7b2475f2,ok
0x0cbd966ae393c2566bcfc4b2d252dd3368e60ad2,1,0x02d8a96747db2a158204374ad88acc9b76e6959750c3a7c19c1d95bc78deae25d6,0x04d8a96747db2a158204374ad88acc9b76e6959750c3a7c19c1d95bc78deae25d6f8f2b73d3c90810df2512a1710c1ca90e89a3ff81110bd7bdcebd05635b2f8f2,0xd96643d9e7ad4dc4271ea0c03db523607ece65dbbf7c115e07bb7f54758fce65,ok
0x24cbeaca01b32ebdad024af1f9809b3d17585970,1,0x03bde61135b22e7961702a6e46caa6f57ce23a15c95bec88f646aea2735c0a9163,0x04bde61135b22e7961702a6e46caa6f57ce23a15c95bec88f646aea2735c0a91637858b74e19bee630ced028ef26c7758adff4351900304e600e53fdfeaf426011,0x2246070027cea608a6fe561c581e9b509c3b13354e04dd7a580218fb2dc3c106,ok
0x4e850e17f749b5844ad0e9e3d89d01ef48ebeccf,1,0x03e27034aed067ad0a3b511c8eebc6e2b1e97af85283e509db4fcdc7d507e8688f,0x04e27034aed067ad0a3b511c8eebc6e2b1e97af85283e509db4fcdc7d507e8688fe6b289b0a9adb867272b3f2c2207022861a082be1fb96eeae525338aaab38d55,0xde7f37c2f3167c59a10223fe311de10775041902d9331653bbf47dbb1b784732,ok
0xb73fdfac139f518e5220c3cd48c70d17b90ea895,1,0x02b0fcf07564e36df7b05ebbcee5608c253dd3699467d9edceba237dd5017154bf,0x04b0fcf07564e36df7b05ebbcee5608c253dd3699467d9edceba237dd5017154bf15335900c4015319c137a82da241ba58d77a894abe9625f7ec3b53ad409fee0e,0xdc20166ca5822c3dd10d5a7200fc2fe8b14d5887541ca401819d7179d9f26103,ok
0x6722b4956f3a64f46ff48cfe4d572b9118ef65ca,1,0x0238ff2cef155eda42eb7375e5323a5e05eb77dc5b35c42bec2d5426e55df15459,0x0438ff2cef155eda42eb7375e5323a5e05eb77dc5b35c42bec2d5426e55df154599c6904ce741c00f17fd7b9a4c5c728898e2c08a274657ada4f04dfea9e2f00ea,0x892fd14ed980cf30eda588889edd8d3815c8fd897a06895c0683b51d64d13c70,ok
0x3b107e15c005aad54db64be8dd89679fa9444a17,1,0x0394156cb30e6b359e952dc2184f43ac2c9151e94cee027b957e3e50386b00f227,0x0494156cb30e6b359e952dc2184f43ac2c9151e94cee027b957e3e50386b00f227e28cf521d9f6bf1f397c7c58a73295ef4ae62703b60dc5c18f4b9294d66e3321,0xd26e1ddd9f78e1220ddff5972681e62e4fc8934d49e5ad95c4027d3b1958c7f4,ok
0x8bc6ac8d1d8008d0963b6a690a3baa4a28418ada,1,0x03fc0cf7982e4f5b9326d53096d1d9f4235ce7400af7e79f0a9293ae01164f9249,0x04fc0cf7982e4f5b9326d53096d1d9f4235ce7400af7e79f0a9293ae01164f9249ca0b163caae348c36f5025f04a1e6b3dd25084fc563347dba53d021590db7849,0xbfa172a8178ba9edef1b0d5dc86cef7df375c30a57244d846bce0e50aea66988,ok
0x021fdded7ad6902627b57e76c90511fd70b36f29,1,,,,contract
0x96a2176d190cbe82f89e043753144dc2d4fad6fb,1,0x02e2bdefa266e654887fef0dcefe8760a402e4e8f992ea9099b04df29b9339e42b,0x04e2bdefa266e654887fef0dcefe8760a402e4e8f992ea9099b04df29b9339e42b00ec3a9c47b2dab332d13151881ab8830f5fdda28130d4c135be2108b1b5b3a4,0xa7399f8bdb643834c05ad401349ff859e9a303db5b908270fba71a7d7892cb89,ok
0x66cfbe60e97189ffbddbab420a4fb6bbc217eb50,1,0x03965f8ea763ac4968113c86f5472303e756c09fc9a9c7acfb3f89df143093d1d2,0x04965f8ea763ac4968113c86f5472303e756c09fc9a9c7acfb3f89df143093d1d23c5cda8db7c4c2e7f5523044c083b01b019c3fbe1dbdf3322b699447a957e527,0x317c87442f52d9fb6e4236ff9784d792bb2e6bcdb617d05f5144a1cacfbd5cd0,ok
0xde56495105a7bf5d0700c2b525578a3b3e259e30,1,0x0214c05c12607faad826466d71e3d5140c624f18322b07137f982d997126621a09,0x0414c05c12607faad826466d71e3d5140c624f18322b07137f982d997126621a097c412241a77af291668eb0922a9bed4c699ded577c757e81f95b088759eddfc4,0x31840c5c0b98e6d3d250859d0aeefd4839132236aa6be471b6e0239faf228736,ok
0xdbac0268e8c2d269dbec91c068f50168077433fa,1,0x036360fb61b686887227ec27ade12fa855b9827d67cee1fefc2e448563b6e4d233,0x046360fb61b686887227ec27ade12fa855b9827d67cee1fefc2e448563b6e4d2337b0de71e635ca6f1a12968e683dd2f56b2b09971e1df7d5fdf049fb0aa5a4775,0x516966c9cc7eb8b5bad1ddabe25ff5a30cd716d4f80d94b4827dfe6bed3f9515,ok
0x0d59f1da6dba10b581649295c385f69a2604a765,1,0x032aedb0798cea0fef7f33d00751266bf5dc02306365e55e4d83603187703b823f,0x042aedb0798cea0fef7f33d00751266bf5dc02306365e55e4d83603187703b823ff0232af11a9a3581c513505281836d498d04ca1407609817943f76bc5b1f8c79,0x66a06a04f7947c41dc46fbeeebcf6ec6d886894fbf8a90339b639fcab276a260,ok
0xfbccbdf92f1033d260ea8b9e74f44cf04ae233f4,1,0x036f887e091569f52091ad2bb6f89c282a91415adfcccdf4ad5d0001fd21059660,0x046f887e091569f52091ad2bb6f89c282a91415adfcccdf4ad5d0001fd210596604b45ec19fd51be31de304f82dd28831529e81eb7e04c453424bff9158c3829b7,0x906a98209bfa3a33f37775259537dc8175ba3db4d0b2f63ac99384415787c272,ok
0xdca477380d7c900e837893e005095cc4ae4b8109,1,0x036b25074cca6f97a3dfffb3dfc73a5d3a61e2e576effe2512b3893355d65c72b1,0x046b25074cca6f97a3dfffb3dfc73a5d3a61e2e576effe2512b3893355d65c72b1e86440a2fcef731dd03df29b1993fce89edf059fb45fcb88713168fd68fe3c4b,0xc71ad325efc9e33927682270816d43758d8f51930d2af6cf94a142cbc37e4821,ok
0x0f0633aacb5a7aefeb25a3845454f2a4477a9523,1,0x020891ec52e189ba67a2a3bdbcb034710c329773a7394b12272a94909b3df1d420,0x040891ec52e189ba67a2a3bdbcb034710c329773a7394b12272a94909b3df1d420354c03318a2304cacb16b3851abbe258e61b9204774606cb4bdbe7932cc8ac42,0x35ad921a983f0e6142a974fb34a95ddf662ea76bdd450697044414316c1a10d6,ok
0x80ef0ff15e0e7c7f616a4e1149550d20c6b46a53,1,0x02f7e41b42e6904b0fa4014d14f22025cc7addec48c95e437cf043b0d9da29ab96,0x04f7e41b42e6904b0fa4014d14f22025cc7addec48c95e437cf043b0d9da29ab96884e13a64a5b350518d9337afc3bd32dfe429878226c18beaed84e3c7dfce77a,0xef69ec8b751f7d99dae9950350a9b1c39df846faa19c486fbbe067bb3e7912a9,ok
0x8e3f0128d75727b2aae308ac75f10baea95b491e,1,0x03c0072c8b6d07869f4e9c77488190910775e1deab13f023eed9db8635131ce60f,0x04c0072c8b6d07869f4e9c77488190910775e1deab13f023eed9db8635131ce60f828b2502a9fc80b3b015c858ef3c4f69ced01f8a7389cfede5315678398c60c1,0xb5037b33934a406dea8ca3de2345d8012016461647a26446cec47b2eb0e81169,ok
0xeb8a861a8799371d250dd40be825389274ac4291,1,0x0356873c48020e2abb838249d507a56ee3426f318f26132bc6e201edf214f5a6ae,0x0456873c48020e2abb838249d507a56ee3426f318f26132bc6e201edf214f5a6ae0a66cbf568f2c4ef55ec7777a1e53bb32560d79e20e9f5a5f7c826d24a28f8a9,0xde0aeae36a1eb86649080512b739d5d022afa5477b3250c2fbab6cf0003d0657,ok
0x44988ca4b23c250b3ad422e4444c865197e502e9,1,0x024b451296aae4688be2362498faaef2cabe8e45e8f2cd625fd84f0e2a684b2698,0x044b451296aae4688be2362498faaef2cabe8e45e8f2cd625fd84f0e2a684b26989a2cc265630c988f544723ff33fecbf585333ed4cf4c81bd3e13dea5151257b6,0xd6ccab7d2cb91e22da427c35f9e43bbc8dc711203a99c932c87e3246cd4758c0,ok
0xc6e1f86608f1b68a38a4e2db3797ad0b9aad6102,1,0x0271d1ea786b6aff302249816bbbe40c3315926b18cff1fb5b5b1f60e7d8bbd19c,0x0471d1ea786b6aff302249816bbbe40c3315926b18cff1fb5b5b1f60e7d8bbd19c82f89b7cad6694b0c74a1dd52f42a83510b64bccdd4f3e6731219726f04ff0c6,0x75d9d139b8dd431498256b82a8a9a25b3836cf29d0370364144e52f9425dd122,ok
0x87bdaa27d48c2e774510964cd3d32c90cd5c32cd,1,0x036459ed41a6c5502fa7c88d2109295113d943ebdd0b50b988beb6e872fab2627c,0x046459ed41a6c5502fa7c88d2109295113d943ebdd0b50b988beb6e872fab2627cc34c0f126c090478f65b6560fc2c31ebde5456799c454bb3f58e508af34a5dd5,0x29ce00c330e04f4ae7b6c2abfac12b17417f1d189626b537ec000545c3beaa97,ok
0xf4a9dce0c30d78fc4dae0dfc250a8ff34ee64444,1,0x02931c3af36abdfc1a89d41ceddc7ff7836fc08c0f157044c803e45537ba741113,0x04931c3af36abdfc1a89d41ceddc7ff7836fc08c0f157044c803e45537ba74111313755de68f66075f6559de628f9c8d16583749c15a7c317057ba8e897469752c,0x529f9122ad1f018ee622944a8645fcd116404b94c7ec556c5cddfbb9f34bca87,ok
0x96778c775e189f11a49c62b9520b334d09f283f5,1,0x021f1d599d5ecd7a90fadb21c396b931b74411a92ff9d0c82ae3913574639919b9,0x041f1d599d5ecd7a90fadb21c396b931b74411a92ff9d0c82ae3913574639919b9bbd0e3a0ab3ce9dc2e2eb0b929df86da91c295412f36e2f015346508844833da,0x79edcc6ef6362c345bc4bb0095e3f035a35bacb3ab8ba978f089b65c076f5c2c,ok
0x5d3427e0225ded08f361583a9a04bcde925099cd,1,0x021424d951dd66f811fd5eb445039d989ad6bc78edac095e00cef438323ff26f64,0x041424d951dd66f811fd5eb445039d989ad6bc78edac095e00cef438323ff26f64e792f9ad86f484c17a82e9644bfc0746ad2b6748b423d21601dca54330527ebe,0xc29ac7578d826af608eab3998de135b408b8d6d7b2dfdfd45fdb6ae78021b49a,ok
0x79d01ca904b5c7137c606d348ffe53e5a948fe12,1,0x0231b060cc998248188cd607d2ae92ed2e096ca58dd5e16a8155ae3b63cff5be10,0x0431b060cc998248188cd607d2ae92ed2e096ca58dd5e16a8155ae3b63cff5be1088e9bf9052b2515269d4c08467f92c71d886d8b72c0826c93ba4391edbc9547c,0x2bcc0ce5d3b4e6085d1a3906d93a7b23764376db160a9b3ea12743a66b464824,ok
0x86828e0a9e9efd6effdf23c8d510d12f891552e9,1,0x030161970036e601a9730d387677415331379a5fd22ec3798f51b9afabea48e9ae,0x040161970036e601a9730d387677415331379a5fd22ec3798f51b9afabea48e9aebba332af6643c917ab22c16d8f62fe72786797f0a2e504d28d8e4e00a62d76d9,0x988bf2a22cc7c75cbe4bb4f0161a72dbe625243098e16d5ca6e34f34d521cdef,ok
0xe9d498434b722855f14388fb2d734c4bbefaaae1,1,0x03585ad580cd8c7c310bc947b4d1e83f4c79ba664dcaa5705c422f738eb9e2058e,0x04585ad580cd8c7c310bc947b4d1e83f4c79ba664dcaa5705c422f738eb9e2058e232fbcd88100dc508d9f20e19171ea9d76e6694879c97449e60e94a8bc9a146f,0x80ee40546defb3d0c36375e21e584228e00590124478648d7965782c912fbd78,ok
0x258f99a5f5e270ac439b62a806d3ad131f04dc14,1,0x0246dd2d657b0cf33830108195d624855ed577240ef8ba4c457c57971c688e3c8a,0x0446dd2d657b0cf33830108195d624855ed577240ef8ba4c457c57971c688e3c8a2120489e3700cbaff2401818d353fa7781bed8987267b49f2277bfe960a80a5e,0x5a80b5e6ae6f69a25259ae1918bc3e1f092f22e9b1f18bc1a78a0eefcb62200e,ok
0x5af138efc8ae6bf1779688e0aa09d1fa8bab6feb,1,0x0363097b234dc86dd2745fe478fe77e9cb981c7eeb4d80ec5973b6f4b9303287b5,0x0463097b234dc86dd2745fe478fe77e9cb981c7eeb4d80ec5973b6f4b9303287b5d5f4b5aa19fd5a0a74a15c004ecf28d4703109cf21dd902048cc28d587cf8f23,0x8c6f16513e825e270897f4551d51b413d02527dd71760e6bdbe2cd4f85870a34,ok
0x8d83c9d09b2650fe96982d51e65f7ac724145e61,1,0x0270e957c0a4cb916e925da3603615f9b9b294131cf4892c0d08e4e823aee6e647,0x0470e957c0a4cb916e925da3603615f9b9b294131cf4892c0d08e4e823aee6e64753960302d6bf03dd40085f78225c2ac3ce5f321fe7192f58556b68c751728e54,0x2978bca5ab5ee7408436ac2d38f21ba3dfe08d2e9edb023fccff616d12d974c8,ok
0x81f0401aabe958b62a46cd84fee445a90f1c58b2,1,0x030fd26ad2dc7ff48e98b7d6713198438b6790e941353b04e4959ffd35a6ce9838,0x040fd26ad2dc7ff48e98b7d6713198438b6790e941353b04e4959ffd35a6ce9838f78f1c3a88f483523e45f06ac988014e01b32e45f3ece49623d5712b74330315,0xd2ef32de87c32d8a97fd2809ec3d741ae62da3049f10585939363e49b4f53ad4,ok
0x4da1de0ecb3215a6714e697682847decaec44b14,1,0x037e3cd3aebe29fcbf975bb220321b1b9fac14d4c62c20caa942f86646a89d8be1,0x047e3cd3aebe29fcbf975bb220321b1b9fac14d4c62c20caa942f86646a89d8be1be3db34a07a7c9c9ddb6747d4ef872a83e6f46f620cb5228d646f899c929fec7,0x3ca2c8ad5f915cdde285854e6efea64b3d0b27d8b0b4468888c6601bc5240442,ok
0x2b317728bb4256a924d4f056e336c4fa6ebceaa8,1,0x037a51da6955a9752b2fecdfe18bccd923a3e165b71cc06e76d308b8537d4436e4,0x047a51da6955a9752b2fecdfe18bccd923a3e165b71cc06e76d308b8537d4436e481ad4ee1d271eb5870e701a5a718b1533b48a1a86a9f3d3223d58b33e378599d,0x68d89dec680f238d098881c3cc199c8fd43bd4eb5a1a02fd1078f9b7b091a444,ok
0x3f7b37e709614129cae1cb379c0be52bb96ee290,1,0x038d4ec2cb84b3c4971706c8d683d04d3075cbe119d4f55de94e2aed32688e8f9a,0x048d4ec2cb84b3c4971706c8d683d04d3075cbe119d4f55de94e2aed32688e8f9ac9f1a83113f84ad7ded145f7c58dece75c7d792fb7c8941e932ffe0ceae311df,0x0f44c012c553e63aa967fdcb0cf7aa062433634cd1b7e5318db2ed7ddf37bf12,ok
0xfe5fac743c69967f7d0b734bc5e54cecc2aa5d19,1,0x02f537f7819bbb888c875df6bbec94f7e84c9f668bc5af0b10991ac84ecb2dc5e2,0x04f537f7819bbb888c875df6bbec94f7e84c9f668bc5af0b10991ac84ecb2dc5e257c38cc61806a3cc1565035a0d729ba3ff79c8cdcd302ee25dfdad7537897c48,0x10dac77200ff1db00b84ca6dab0ccebe56e7fc4d4f0adb33c98f101ea9eff401,ok
0x089001a2f1b48e884fd2a58cfd2f1964ea14754d,1,0x035ab5c56ea91ebf9c6912ab6fa53b28e514c79d7bf7e7b5ad60df0928ae601ce1,0x045ab5c56ea91ebf9c6912ab6fa53b28e514c79d7bf7e7b5ad60df0928ae601ce150d8558af6f3b84b4811758fcc3e2a91c9f657f634a7e4a24f73d1cae50f1d61,0xcab30574ee9e7bd6a22d120a518e87820ccb8520bffde04a50d8c7ef18d2c59f,ok
0x5f50d8050b20eea77fb37d06f8c176ae475925f3,1,0x03b1904fde3c0ccb2d8626ef19a0537c8b0b63c3d6a2ffd002cf2fc71e03008aff,0x04b1904fde3c0ccb2d8626ef19a0537c8b0b63c3d6a2ffd002cf2fc71e03008aff44278295237ab7e5f21249625b5299590b21884f9f6b1af6de4b2ed76d44f975,0xf1d10f2f0eda3f803b3ee8882214f1fade14cc2d292948e62bc186d8b72eb37f,ok
0xa8d1a480c6bdf5a92d10050102c340bb72f76d57,1,0x032dc7332c589dcb67aac9c4fa647770582379eb7285347c9b2c060db07bb91eec,0x042dc7332c589dcb67aac9c4fa647770582379eb7285347c9b2c060db07bb91eec785430d11bb21fcc80091ed1b570dd84686805c09b25b3f93de57d0d3186fe23,0xa42ca81735e97a4c8c0c37b8efa5222b5c2322951a374711a0b032cba3da7ac6,ok
0x6bbc8556d0865869ac2c13d974fa015e53a42229,1,0x0268d4c4a0c1ae20e8f2b00e63de1de689bd28937594b79ed7b276dc9cd9af23fc,0x0468d4c4a0c1ae20e8f2b00e63de1de689bd28937594b79ed7b276dc9cd9af23fcc7c0dce0e56535d10fe7277aa99c76706f516a13921a4541902ca21ad08edadc,0x7481d77ad018be7c1cba0cf9a1c4357395a94dd3aa6b2ec4ddf0b04c832f5f81,ok
0x6a0987c516ecf41abf0aeb3ac257c13990d67837,1,0x03426217c7055685efcf95115ffdedb257bc83dc089deb8367a00419e1bed6c847,0x04426217c7055685efcf95115ffdedb257bc83dc089deb8367a00419e1bed6c847bd06b3de1e4154590e91f4b6b300b44be708eb5c28e0e6290fba9d87e9bf78dd,0xfadfabe144a9fdf151fb3beb0ee5a6c2d4be280bc4b90676414ca014bd481b6b,ok
0xe15f6f1e4cc7299be2ec786817dc700d602c7ec7,1,0x0274eb9fb71732e3b994bee7738b034e23a1087edc3fb580de3381c66fd13d391f,0x0474eb9fb71732e3b994bee7738b034e23a1087edc3fb580de3381c66fd13d391f3f0a1b9f224949ff77d2dd2936bb44b2b96bf753ae3b6612ed5bd24db578b954,0xd425afaf22ae088b8d55397a08413e9c608597fc221200e6cbde4c15a2bacc06,ok
0x0cdfc74d67e69b4d15f38273e0786fb8b629bab5,1,0x02148d75af275d7dbfcaf2a21ba2dcad077f191b8993bc2c400f3812e461328072,0x04148d75af275d7dbfcaf2a21ba2dcad077f191b8993bc2c400f3812e4613280724a99fd9d96751cd030d16718de3e086c60113d27b3147bcb8fa9e1e5a8c827f4,0x3e995b192a29d4983d28eccfae20af1a65946d137d546d55474d1587f052c513,ok
0xe2022d412e863c454f483853b3fc698dbda5c7cd,1,0x037e4885029d5fdf5486f0534623a0318270b4d90587314d8852d35f76ed0e4a98,0x047e4885029d5fdf5486f0534623a0318270b4d90587314d8852d35f76ed0e4a985f9a7446ab4a5eb668b474b3dbb4a66350ec8c69b04cef65d0e4fe1fbf671643,0xd24155c8e857c0a38d3635a68dde251fc4e459172ad69d77e52720c306b9da62,ok
0x04591b9f5b0a3cc8ef6da7852dd9ae2ed3e80e1d,1,0x02efe581f7a9c989e5c04dac4dc009b736772b7ced087c6c1c5ba6d788f6e56489,0x04efe581f7a9c989e5c04dac4dc009b736772b7ced087c6c1c5ba6d788f6e5648944f2b8901336ffb859034146a736b9607e7dbc6586ffbb9d8bfed6e24478f914,0xf3ac232c277dee7ee3d35d16b43f39260658d6d7d2fe8ae804388e8661a75558,ok
0xd65a09670ae3ebf98bd5b75a1f6533065f12fb5c,1,0x0307c9c7544e5a4412be3f4c7f737bfbda2f06c915799ab06da3a9e0ddbe9d1042,0x0407c9c7544e5a4412be3f4c7f737bfbda2f06c915799ab06da3a9e0ddbe9d104220c1b01607205bc4db7af56dea4ae670af1aea37bb7d65fef3e54eab71c16c9d,0x5f98280e22d5ec75a7b422e19c05d04c536ff4203019cee24f97740c741a21ee,ok
0x1476a095181fc0034e1de6bbc53cf8fa2d9a9c8e,1,0x031693996e94c3baf6b343937fde692df193cea6193af02d7a267069cea88a034c,0x041693996e94c3baf6b343937fde692df193cea6193af02d7a267069cea88a034cfd0390406022eac230b97c6f21f8967d92fdbb9ea49af3d5786d1be7ba9f9b25,0xad5d42c5b846a46cbb6bc7737d504c606ad4595882b1df5a1d208b959ae23aa9,ok
0x26ed177f6b68f1cf0f125c102d74a3e0e4cb7f86,1,0x039d4152d754e3d9ee2b25a73ffed1203b0a0134570ea994ded7292c9b5f0197fd,0x049d4152d754e3d9ee2b25a73ffed1203b0a0134570ea994ded7292c9b5f0197fd4c8ed531373355c501c25dfd8b049f1e671d12dcca855c13dba719e20a28dd89,0x9330c399d8f53f9ada1df7372b4798b3e15455ae75ebce063fd01947d42aa0e8,ok
0xbbf5ec7f1040b2d23b058d61a9a6d6d328511a2a,1,0x0328ed1d6d466078317840fe1e4e7e6a85569dc036c58a1a6eb13913ddae1d3cbf,0x0428ed1d6d466078317840fe1e4e7e6a85569dc036c58a1a6eb13913ddae1d3cbf203fedb25451f8f76e2fc173c03f52f61b2d7eb6ec589d593d9fe5bd8ba38b05,0x5259344795ed3013d45e4db73e92a85ec636598bdbf6be1ac7b8f4e1ac04c49c,ok
0x28efd153182c0fb4f8809aac9fd42db286e81bb0,1,0x03020a679f70d7c377cd04d5a944f00257e9f7454d8bd5d81c3bda99d468e34747,0x04020a679f70d7c377cd04d5a944f00257e9f7454d8bd5d81c3bda99d468e34747eb0d264a871156bca69e631602749a03c3384ee5ab72dd629b506c29d0ac9305,0xc7261bfd2c307ac0ddecc360ce4730e9e5b9fc722538e134bbabd2bcb73b039b,ok
0xe51ce5a64fe1548c5f8fc8166cede559c67f29f2,1,0x0317ab05a30f3afefbb77189a2e6c1190e8f40433b06b1b49cb1e4733f344e9d49,0x0417ab05a30f3afefbb77189a2e6c1190e8f40433b06b1b49cb1e4733f344e9d490146715d8b3f59bea60082a32499a0318e4a1c1c06e44e3e655308c98053eb39,0x6a2a6ef8b46c5a542d01816ca58e036b669b1f88b7a1c575d86fb53b6b1ce81c,ok
0x7a755c96cd09d4882d11099e0279ee7bc4183a60,1,0x03576532a8fcdb17134ea26fee6f3706a7e5a5bf911a9ad17314032633c4b4ea6b,0x04576532a8fcdb17134ea26fee6f3706a7e5a5bf911a9ad17314032633c4b4ea6b62084e9e7ada39933f42c358e7944478c0f5496e7cff1df9d34d998ffb169057,0x0262f867ce02744fdff14e6e253aeb5aec88f2226bc1aacaadca025a18bb5bfb,ok
0x4b28b3367eaabe1aeedae62ccbe13689b2eb8f8c,1,0x03ff99660b1b0c01782716dcdd88c262f278595adc01dbd9a11a55b3b27262870a,0x04ff99660b1b0c01782716dcdd88c262f278595adc01dbd9a11a55b3b27262870a32c8f9e8f5264de43b8a8bdac7ad8bd86e61b7316ced43cb7d345e4a12fe9123,0x62e6dce6bc92ebebf99347b8c1c246d5e8a6a007fe12221ae6b1d244f79f6ad2,ok
0x801f615f63e712036f206c789f02580abe4f8993,1,0x0279ca8ecfeb375a9042891c230df3324222c73fe301a6038428bf5002d14bf543,0x0479ca8ecfeb375a9042891c230df3324222c73fe301a6038428bf5002d14bf5437aff94c47dbf1bab3dda673133974469346e18b05cf5ae50f72b617454852f96,0xb94b7a53554fd84e67ee250d44eacdd665df21f0ed34e172541e2a836d06985b,ok
0xbc2ea065fa1978989ae9187caf8da88fd32aa6a9,1,0x02bf2b572d21dabdcc58980e51eebe508a6e605391cca75277f37a6a75ff49a006,0x04bf2b572d21dabdcc58980e51eebe508a6e605391cca75277f37a6a75ff49a006c7edbdf78cd2062277c3aed383eab6f8dded2bf0a8f9e7fef1822b6b00a4caa0,0x42558934e01bdec00ee08db772ef67e4c69bbaf7b8cc17a43d1d476fd32c27fa,ok
0x470e3c8eb305c021b8b7e5c873a01528ec93f2b4,1,0x02824957f19ee7dbf78ea39103272b5132aa500ae06cb88ae679ea9daa048828ae,0x04824957f19ee7dbf78ea39103272b5132aa500ae06cb88ae679ea9daa048828ae9734341b34846dc8e0b2fd816e116dce4fb5d0e5cfe40ffac5be9cccdd4a43a0,0x0d7751c57ac8350f2d8da465e2ea56bf3355c2e68a637543fec505c601f28b0f,ok
0x4c47b0d65e56cbf97d88b778b7618967211e3b1c,1,0x037232e37e410807e2a3209a56b94803d8b1ef1615d1193d5bffafa27f3fb40f30,0x047232e37e410807e2a3209a56b94803d8b1ef1615d1193d5bffafa27f3fb40f3024f95eda77e74fcb1a018b3a138aae7cfbf867eefb1a09e20c873bd7f7672f31,0x94c87f7642fc3941724f8cd23b1706ea80a1edbd0b1b2f5aa049c5c9358f525d,ok
0x9e17c1cb2a090fe611f49c80e48ff0cb74ab891f,1,0x03b124b973dde1f4bdc6cd55efe74ba4a0d0b014cb4286c126ff4c363e8c034450,0x04b124b973dde1f4bdc6cd55efe74ba4a0d0b014cb4286c126ff4c363e8c03445043f0e4c6941d84a17152523739b7fbd7871db75d1a86a7cf1921ba3578db358b,0xe2359f9942144aad6ba5d487ddb6977eec29a3b4ab29786fb89872b6eb93ebfb,ok
0x41956a33cd29996368f49329399a6dbdb07abca3,1,0x0292da08abf2dd4672688a4d44eab3b507bf564121163f98c2fc56be3f6e3436f5,0x0492da08abf2dd4672688a4d44eab3b507bf564121163f98c2fc56be3f6e3436f5c536c208a9cbcba49a34dd64ba71ddc6841180f74919169940c090ae65cf7358,0xe27d95c88e653fd78e5205f8666ff3be13db9aee37d6c0dc4e0cd856f70e5cb4,ok
0x3fb60d19791516a5f724adad25aac72516619b2d,1,0x02c72e22003b54b282f11b5b191838b46e264ba8665e9ad2ceb5d29b75cd05105d,0x04c72e22003b54b282f11b5b191838b46e264ba8665e9ad2ceb5d29b75cd05105d1eb924697068d41b4fcfe7f26581e1e5027a9b8d5c71c6990fee52088a0ff2e6,0x483b8cb0f291ccd3eb9cbd82c59182ad35ee69a9405abe92d77e012154c94c05,ok
0x6916d06f5de30cd77fdb9ce6971a5a784586e386,1,0x039f83200f786ed8fbe0e38f5e3a96e7a7255ecdfaf40bd1537fd3182341b519cf,0x049f83200f786ed8fbe0e38f5e3a96e7a7255ecdfaf40bd1537fd3182341b519cf2c603af29116e597313a1cc154428960a24d94f3022d9ae4e69b85c1506b4ef7,0xe5c3a3931742ca75f4bb8363e8a363d7ecf04ca421aa214d1b381aceb8c6726c,ok
0xa498f2e092974ab7ace23367d638496e129b5e2c,1,0x032b9f62d9ac4cea048aa04e77b4945cdd00411d53a35647811ca96c2e0e929aad,0x042b9f62d9ac4cea048aa04e77b4945cdd00411d53a35647811ca96c2e0e929aad899eac3332614173415930cac2a9073d2097ba5348b108cc78264c9a3d7d04e3,0xb5538191119a267467db609d222b7bb868a84a0ed53b58a4ad3a3e056113e152,ok
0xce2f922a0632d9a2f553278cb959626250ef1c66,1,0x02a427bb4578efaf1d8ef33a8672b8ef78de92a5149a4ec0899df7e497f4eec420,0x04a427bb4578efaf1d8ef33a8672b8ef78de92a5149a4ec0899df7e497f4eec4202330c4622a8c1ab2cbef0246a76e790a3912c7164b5c0aadea25893813912722,0x1ab011b92db62a5c2dbb7a76d430b47c73bea475af747e001e0d5c61a95d63c1,ok
0x73d28b8da7bca081a7d2a54bd871a33ef607e4bc,1,0x037573663943d01b24dbe2f844652402ce36f602ae522c1a58f2e21fe6302e6325,0x047573663943d01b24dbe2f844652402ce36f602ae522c1a58f2e21fe6302e6325d9e663760cf8f2be029305e5ad221aef1805aac37bee3e80335e0ff0669b35bb,0xe6c6cf4ffe19570fab619e7f740431ac5176a3c972f971e02b1edd25a3164a45,ok
0x356a8786d9cc744957c3fa9a844b3af9c3ddf96d,1,0x03fcb3e65448be2320eec29a291d7c08e9a227018d0ad795c1b8962ee0007ddea7,0x04fcb3e65448be2320eec29a291d7c08e9a227018d0ad795c1b8962ee0007ddea7d68e71a68df0c1f44d3369d0f8c72218e999974bb14b016b0778665ee93a7e55,0x209bfb910848a5f43dd0780ce5bada9bbde515b9e49c7ed62c98eed3f4b3b686,ok
0x5d35a87a9fb051bb6f864d73c9afad818e3db8ee,1,0x03257c9b17c292be2683d223d4252275e4df23f2ceccbff4799090911bf016b7e2,0x04257c9b17c292be2683d223d4252275e4df23f2ceccbff4799090911bf016b7e299773e85af3790f1f8b2620dd8aebf3e6de4be689cd3ed944870bd44295ae3f7,0x9b7dc890a2be2fe38e01c7892400767f718d20c1b67182b76d6c61260f36d79b,ok
0xc46dd747da2db5106c957d189e8e64391fe15645,1,0x03a51b21d59fe0ee9ecfa5bc0a3a060042c642568b49cecbb53e2ac8de1737f419,0x04a51b21d59fe0ee9ecfa5bc0a3a060042c642568b49cecbb53e2ac8de1737f4195091df4028a76cba6cd02ebf6683d8d268539a9fedb28db34fa2f8763bdd59e3,0x615c3d2721b5f82fef244eb230a7f49238ab9240bf305b0ecab78f488b1e9925,ok
0x7a785a2bb327a78e294583ffec3729901864cbec,1,0x03571931b320bc71d1dce78e0971eb18568acaf81258322adccb5863c50fa8125c,0x04571931b320bc71d1dce78e0971eb18568acaf81258322adccb5863c50fa8125c4a06acce95caaa195fce0e9b38a47de4067d2d3f8a633e19227b5ae436707cc5,0x322090b1acc9596fa4ca681f09e84467c4224156611d9407997e5ea1d18f2d99,ok
0x41796be6fc882a4da5bba9ce17089a1ad1267e18,1,,,,contract
0x762a91ab7615e306547e2dd1385693dacb0809f5,1,0x0257f5474d351bde847a81e847474645adc2b62cd8648856c61c3b828e2f02d83b,0x0457f5474d351bde847a81e847474645adc2b62cd8648856c61c3b828e2f02d83b6970795bb32b1505a8aa40bda4827d5527e37633dd251337ca189afe48616632,0x575d38e98be2b2ce8ae5d336cae2918229bd284f998fadecbec3646b49a3d34f,ok
0x07c916840f101fae98e637a54141f0512b85a86b,1,0x027532c37d305d397842aa6279eaed25b2fe35c021edeb4a3c9462e110d9ed4764,0x047532c37d305d397842aa6279eaed25b2fe35c021edeb4a3c9462e110d9ed47649fe8779cae036e744f27640f284c09869fc75727279f4da10ab3449989ce68a2,0x26623e9a24e1795d870fa8742cd4c347e2b691011d4b7b53f747f9733d33f80b,ok
0xc0c13a7878bf205f23fc8410f17ac714edbd46c4,1,0x02c69aa2a9424a97cb4ea7c945d591635e6b4d7c23769ab7f0bb2ab4d2a148d5f1,0x04c69aa2a9424a97cb4ea7c945d591635e6b4d7c23769ab7f0bb2ab4d2a148d5f110b6c6d47c5825a0c57f9fcd3fe3e9eed5ea03bff27f86abff319496dd900740,0x5bc4ac2f0478209e93bfa3ee2c04aec3d4d2e31709b5febde6880b61a2b75b39,ok
0x150a525c2e00d2da49249c759ce2c1abeadc59f2,1,0x02b7fce3ca43e6db8c481cf9bf188f4963afe789807948652ba470082ac764ea31,0x04b7fce3ca43e6db8c481cf9bf188f4963afe789807948652ba470082ac764ea31310ac7fe30614db983379123ebb5f7fc2e8f817dbd876fc24c2bb70072179e56,0x4ffa5fe04a152402635e28955815371824915b4aaee231a628c9766df236bc7b,ok
0x386cd6660f8a2fdf9246de10279f16c9cf64167e,1,0x0223a873b506eca93dd4a01ed96624c8af19708bfbf00d2a54887e984933f39d78,0x0423a873b506eca93dd4a01ed96624c8af19708bfbf00d2a54887e984933f39d78536df8565b83c49d95aa6f07873652fa9b01af201ac7c3089ce2508d7b84fe6e,0xa9b6d3d28a92d3d9da47ffd760b2620977367a30b02a378a61399f09d4f29840,ok
0xa42705f5f3a42c111dbc439973e5a132e986a78f,1,0x03a5e781994c98d86145bb0034a7ac7e859fdc09dfd0f8807dd7988ff5220649a2,0x04a5e781994c98d86145bb0034a7ac7e859fdc09dfd0f8807dd7988ff5220649a258d035bbc5d65835ca22270409eda0267706a2755604b241edbed5908453d6fd,0x910b88d4e297d2e19e069de16a1c2f7286db68b58f7a588d1d1e9b49ce18bb72,ok
0xe97b5678d00cccab3a3d74b6277bb6dfee781316,1,0x020a00dd2e12d62f7fb7ea0a30b101c0a6b5d61b214b4bfb686ee83fa23a547f88,0x040a00dd2e12d62f7fb7ea0a30b101c0a6b5d61b214b4bfb686ee83fa23a547f88593f7ca479121796d80c653eae1ef3b206ade32c2d166003d0817440b0e2957a,0x4acd85a682169d73a5e1c4485b85cd44584d1ddebf5434b6346cca507e92875d,ok
0xcd6c27b8b5b468fe2f630a9e923f90b2068e0219,1,,,,contract
0x4eed6d90a3362a8f5ee89178f5ec505e89ea2361,1,0x03771c89d20878e681d3db6c21618e1b3fccf718c92ca2df9648143102d1e8fee0,0x04771c89d20878e681d3db6c21618e1b3fccf718c92ca2df9648143102d1e8fee0bc1c1bdcfd04ac17037c5358c25a2e3763a5e3965751093f96f35d9b14214f49,0x8394f01678cc7b4129b904958ca2a56a04020e595177e83308071e0f4d731e08,ok
0x79a65cdcd87306cf0b3a15578b13e80d5ac2c9df,1,0x025fa068ea830077592f0cef73b6bc1065c2b466a7e1237b6b7edf33db472c615d,0x045fa068ea830077592f0cef73b6bc1065c2b466a7e1237b6b7edf33db472c615deaf7540a3e73f8a98240edea7f886c8d81e954a0150a2b6341ce4cdd87f4e28e,0xd0893e61b36c8de0e7adbd63350eab2a23d22ffb182b84202bc4a689fc6541d7,ok
0x4efc3e26b9cc714e220864859fd7566e457cdc82,1,0x0277eea96059322409ea59af224f31e65f0508dd2d5a97a4a5b081be6c9aed47de,0x0477eea96059322409ea59af224f31e65f0508dd2d5a97a4a5b081be6c9aed47de85d9797440332f242e0ff043025332bd789125bc10a7a7aa8980dd7cdbf07e1e,0x596e2d1791320f2f7e368cca3f2b02820e0c4cc1602bf9cd83af788291093b2a,ok
0x1c6b1e494afc183c106795fd9542ff7e66f12935,1,0x0280b262b57550fb1f83730470aeab7bc5fb8ef645c342e312307aa9bdb5b02b09,0x0480b262b57550fb1f83730470aeab7bc5fb8ef645c342e312307aa9bdb5b02b09a5a5e9441ddb860911ad2e04567adb2feecb338819c69cddea3d3f45766cad26,0xfbc7cb496a36beb62584ec784b918347e747f556bb3b741781e0baef4ea8532b,ok
0xe24f4947128382e2df8d69e135129de0956babf9,1,0x0390b5131d6e360e188b8eae6cece6432025497e545f97cac089065cb30037e446,0x0490b5131d6e360e188b8eae6cece6432025497e545f97cac089065cb30037e446ef977b5a468a2d55586322e4c2dab28c4061598bd8460562ad83d9d2ca80a96f,0x9225fe62158f50497c48cdc5f3b5bbc9303233f6d478a4b29491acf971876bc5,ok
0xb78dbb2cfe92251a4bf29dcd391a2ca8cc8c4310,1,0x02a238ebb363f2d86ed3cad1ddef72fff6cd4bbff28c476c57267b083c7026deaa,0x04a238ebb363f2d86ed3cad1ddef72fff6cd4bbff28c476c57267b083c7026deaa558224c00da4ef0a83b3c060def12f5da7e1a3c57121804cc9f81da9f298b538,0x5c66959dc51919e304c0dbf7722aea069524149b3fbac71f15b8bd81cc399e6e,ok
0x90a1b6586001b534c9031281b119b279dd447e4b,1,0x03f6f517352710097ae5559fbef152ddb598108d84759b577b799b56acb6ca1c56,0x04f6f517352710097ae5559fbef152ddb598108d84759b577b799b56acb6ca1c565a93828308bcc32834436ca71d72f8fd69146c365ef42f910194b78f1384117d,0xcc853102df59f2d84f07f63d55b8a436b98754353b14cf7c05a76de05430325f,ok
0x316458ee95075377b1a8d5f30dc4f6259c39d06d,1,0x03a13ea5a01bcdaceba2f3b55d77a1f91cc6d297e5ca54f9009f1d9352312aa929,0x04a13ea5a01bcdaceba2f3b55d77a1f91cc6d297e5ca54f9009f1d9352312aa929a0363bd5839f3e5d477219bc2c5372f3e3bb293e25e585cefba162b7771feac7,0x52bcf9164279258c6dcc829d977074553588991605c854b9dc6c60f84b3c7fc8,ok
0x50e2f0fa4aed76c07856a91f36bb33b3af35f023,1,0x0342018c03c9678b2f0e65f7fad49e2026b1e8b8f6e18d20821fa8dc969e5685bd,0x0442018c03c9678b2f0e65f7fad49e2026b1e8b8f6e18d20821fa8dc969e5685bdb3307d68edc0d587ef172c9f89265a510c435d3a18d800ec6b1b68c9462ff53b,0x7f664b5fc492bfa9fa312f47a7b8db174a6df2443a9088055f3a9e42ffac8ca3,ok
0xc34831aca2a54bf6a37a263e87bf71809efbadb7,1,0x02a7da6f3c0d9d5a250af6766795f0db8f72558a47d9fecce241c6a1184e33649c,0x04a7da6f3c0d9d5a250af6766795f0db8f72558a47d9fecce241c6a1184e33649cce9b2f343bc029dcfe9ecab0b7ef7121d0434677233de86cc2deded3b8645976,0x7e1c7538579a1164ef9008493bbe4cd181f02d6846660ee5eb837d81b095b22c,ok
0xfc8ee4adef798e2d0e7e6af61b5f16a59c664e65,1,0x03eaa3a2df4e74f1dba22f30a1a356b407287d8267db26536f8652a9ab8f8acb47,0x04eaa3a2df4e74f1dba22f30a1a356b407287d8267db26536f8652a9ab8f8acb4798f0fafd71c6c4545242d1c987708a4595c58ed8fd49f2eaebd9f17354e3048f,0x5cdb6380c0903112691649a9d341a9c93c697e4c13f17051f112da53026bad42,ok
0xc89b9060c83e5ef3ba5c5b3141b899fc849293ed,1,0x0390d95a930da6b5992c93e7b3306b547fbbf53af0cf0c27833dc598b1c2d1e4a7,0x0490d95a930da6b5992c93e7b3306b547fbbf53af0cf0c27833dc598b1c2d1e4a70a03cfc824e6144114a2c92392d327b201c5f532d8530c8bf7e15aec6a3074c3,0x9ba95e336625719d5f4af174434ed65bdc7a5326383b3deb57f03507ee3fecf2,ok
0xde985ff7aaebe4459bdd39c0017b78f467a73878,1,0x023832bf5a9b39f2b799d0e9ae60b5d37a7ff84e224a3e76578f45615fc14b32bc,0x043832bf5a9b39f2b799d0e9ae60b5d37a7ff84e224a3e76578f45615fc14b32bcdf419b1233f1274c20389c1a5c90b662f0f55ecfd86644fe8451e9a4df86edb4,0x1008f4b03422965fea26214de873b1b397b057c44753d7011c2ab22575ba46b8,ok
0x31f887b9f7ca39d0cd5df20abc78ccb69f068521,1,0x02ecbc2ef3042115fa38a939ae49d67b4d591feecbe0748778d472b73a202b28c7,0x04ecbc2ef3042115fa38a939ae49d67b4d591feecbe0748778d472b73a202b28c77ce30352ce2a22ad8df50fd674cb656d80c262d01d7da3df395ed869645dbeba,0x99743183a1b7345a097344c608a677c376420a73d445a4bfd074c5492bc381d3,ok
0xdcea70ec357358cd3196a0e32fe5f031b67c6791,1,0x02b6adeb2fd4ec1602dc6b68acea059493ff96a41582408854dc026c40976c48a3,0x04b6adeb2fd4ec1602dc6b68acea059493ff96a41582408854dc026c40976c48a33fdb0869c4aa736f46e645907a6774c3db3041fb1ad0c6cdc39fec8f16d77270,0x119bc310a7c51dd4fda26239efd1b89a6dfe29fe599e22bc0427d4378d3feda3,ok
0xeb5e86448ddfcd5184237743a19fa8bcbbd31858,1,0x0218162b59de3a912b2136fb43076a0e40beb269d82b9ce399a50fda729686a044,0x0418162b59de3a912b2136fb43076a0e40beb269d82b9ce399a50fda729686a044cd48c01290b783c1cdb78b080f46ba8829befa7ab51223b503142cb650a18d7e,0xd342b9738e6381b1f1126c6239fb4a56d3ffbc6f00c048ec69912712de8afcfe,ok
0xc21679a325fd78f4cb37db165b2d63470d40758a,1,0x03c5f77ccb095aafa33f459fa9c57d8f347a8651710281292b851543ef9211199e,0x04c5f77ccb095aafa33f459fa9c57d8f347a8651710281292b851543ef9211199eea6aa2ca677149b2eae2febf36d302a2e76b97fdd8d655a6cb590df68a117dcb,0x82136a1c5392280041043cdc9b7c552dfe4ab534a0e6bdea3de69a658edb4222,ok
0x338bda03387427ecf20f35462f7ae299b4faf826,1,0x022a4bfaf6ffb076965b81ce6b689f32be48f25f184b4e182bc0c8dfdd573955ed,0x042a4bfaf6ffb076965b81ce6b689f32be48f25f184b4e182bc0c8dfdd573955ed6f4b2a972eba441c03fbb24b2abf276fe134a6345fb6a6a6aa1f079386c7b7b2,0x0489501ad270d553056f13668e6db442cdb6792bd1f71a6e31b110eae21213c2,ok
0xf1479ff6351f2e03b66e33b8d4b4f0f09725ee76,1,0x0392261301f1826b451c545726370167773df2a8be1f04c5b9dbb9d3848efbb662,0x0492261301f1826b451c545726370167773df2a8be1f04c5b9dbb9d3848efbb662a9c73da3a708ba5ca16c4f5403da4e3025113b8d2e9f0c8a58b9230f3d07c863,0x55c962148abebec0b408839cf096219db62b09cdb24a4ba95ebae845afa2f64f,ok
0x53f1b3d8990472d1adcd7b76348e5508db17cea0,1,,,,contract
0x9835289fbec392e696878869bdf60a691f680e08,1,,,,contract
0x71d56ecf11c561617efbd1151d7aa272aece3f97,1,0x02fa00dbffd6bd47a6ae0da212a2ae218bd30f56e1e53af4b0d012a9d87e2bc3d3,0x04fa00dbffd6bd47a6ae0da212a2ae218bd30f56e1e53af4b0d012a9d87e2bc3d3cab93aaf58469060d885245501d1bf07d4afb1cd3bd6984c6d5ddba1300036ec,0xbdca12d0b79b169026fb4a39c8cdd8dd14dd1ec5753d4dde9beaedf9697cd299,ok
0x4b39eaf26ee54a089c668435e92e183b2621c4d3,1,0x02bdaccfdad82020abdc1d82ca53d0e70178b6c1f84aa92fa22a1d3d2268aaecf0,0x04bdaccfdad82020abdc1d82ca53d0e70178b6c1f84aa92fa22a1d3d2268aaecf04309fbe140d2a7c780ae1bbfd00dec24937d52b3f6d8768ceb4c60a5b9aafdfc,0x4a1ec71c9e34e9a83d01104f065ab91c27335fdf2498bfa30d3870ec6e583961,ok
0xa4c3ef51a075dcf457870299b84d8bed1c6ba31f,1,0x02db9a5d765440b5731c005b328e64e97def1cabadc4f1d2c6dfa7ef5a2a2d7292,0x04db9a5d765440b5731c005b328e64e97def1cabadc4f1d2c6dfa7ef5a2a2d72927d318c8a593df21cbd11cfa9d41be2168edab70ca71408d76a2baf0583f0c2a2,0x071bde7f713fd94722960c2d009a190eda38d1baa15d449b845c8f175846aa51,ok
0xdf311354441a1acde10e9f12b30ff9dc0fc38113,1,0x02ad614f8759c5e5e3eb4b3e0ea4a04c2f467a863999846eedbd1f8fad6da2030e,0x04ad614f8759c5e5e3eb4b3e0ea4a04c2f467a863999846eedbd1f8fad6da2030e1a10438b8d03e0ee00ede133625ae890a2afe0d55dc519d551a313866dedee9a,0xa3a0e2067c5485812705d5300da2e91498099ff61dfce24592d5837be3a374fa,ok
0xa60820a5002fba2170c5e2d04a43e948ef00d487,1,0x03e8dc77d06bb365d8d3351327dd8e221e63816b802a05254541a922a1d87aed2f,0x04e8dc77d06bb365d8d3351327dd8e221e63816b802a05254541a922a1d87aed2f1f196e0264c27b4074226ae19a609c045b0fb94b3a9bd6342c1241a79d6f87e7,0xa1b75e98e58d7e97765379fbb2a0f03e9a2bd677a026f51e7a10ada779943b08,ok
0x0939e020f2c8b4af720f31a34e9880e3b809fecb,1,0x038ce53ddb6bef1ebf023680bfd56e9bb900ba63453de2fe77669fad233c67a369,0x048ce53ddb6bef1ebf023680bfd56e9bb900ba63453de2fe77669fad233c67a369972bd1905a0c7276b74a7456a8fdb13a362e938bec94792958af8e4e17a88d95,0xc6a0542be0d83de598f6245c57ecbe612f574bddf34a41a4216930a4d0a52a66,ok
0x9f81ec39791d2cd62fa00517018c553ad0b816ce,1,0x036e2c6eb95f810ebf9ae21eebfe58a619f7febfb5a7451a502cf309fbd1f641de,0x046e2c6eb95f810ebf9ae21eebfe58a619f7febfb5a7451a502cf309fbd1f641de3b1082951d0eca22d697f7313bd594970d64ffc79b15727892f8f92ae7c98cad,0x64d053fce3c86773cd2f4e3ce183b1bb094b244aa22c6a467e9f070f90763be7,ok
0xe266279f2ef5a4ad6d411212b377d39d01ad7563,1,0x023f8452d8d45d7d640cbe20b96c966efc4c0bf2e64506fb2217b4cd68144544ce,0x043f8452d8d45d7d640cbe20b96c966efc4c0bf2e64506fb2217b4cd68144544cee218e5681195cefb41764e2a236a19b88b90d903ed0827a1ed4231095ed92102,0x777e1ee666fede97665c1f36e68b8d2951e635bb7df1d86b7fa261cf65b7e701,ok
0x895b4a829d373414162472838f33097bf0de6d44,1,0x036fd4977ac80b260a8f0bad18100a4975996866fd3308e31495c791264a909335,0x046fd4977ac80b260a8f0bad18100a4975996866fd3308e31495c791264a9093356d55cced488284a85a1c4c66122950b75467c7f5218045241b2c7942fa07ef7b,0x8a100575ceda042060278e2dddb16faae622e7b5378eb84dc443dda90fbeb19b,ok
0xd65f43a77e59a95101835d07b32868995ec378c9,1,0x039db301f4735adba37771d1fd6957b9d63f2117c2f5948de026d373134bf8fc48,0x049db301f4735adba37771d1fd6957b9d63f2117c2f5948de026d373134bf8fc48caeb1a9c9c87c186ae4f02a64f08b04d588225cbcd1851dc622c4910de8007a7,0xb5940f03e3b7645b0c7447a1da79f2cc3ca147a7e2e999bece45f0c31acb3130,ok
0x9e54852e223c9b62c214c78703885ff90f409056,1,0x02c4bb2f5212184a9200ffe3a1b5019d6dc4febdb9404d50af53e1e2b67cb85af1,0x04c4bb2f5212184a9200ffe3a1b5019d6dc4febdb9404d50af53e1e2b67cb85af1e377e07e4ff47700d8bccb85eaa9a503ce65e9302f13de82985e126f6f2f0726,0x508ae163c20bbbc3b5fd52997d91627ec2a780399c046ae7920b123abc788866,ok
0x2ba13318b6a03d627559172c85d816e07d1a91bd,1,0x02261f615facbd8a9fb3b7bd705aa2698ea94e39e913156c2017a83ca5a0fac9a3,0x04261f615facbd8a9fb3b7bd705aa2698ea94e39e913156c2017a83ca5a0fac9a3ea38cb46717b5cc3e26368189cc0fe59f165607c28d08d430ea29dcbdebde36e,0x56eb660d36393377751a9e277ff33735e18274a3a7ab2fc0e966b5792366a9ec,ok
0x3b28b53206c6898d43e18c368b7105f36ace85fe,1,0x0382b56ddcbd27d479a161a6be07e6cf929a376c5b6a3fd84ed401477937205581,0x0482b56ddcbd27d479a161a6be07e6cf929a376c5b6a3fd84ed401477937205581b1684566c4098f4214b97456f5d296c64d9804548e38e1bb25d31d0908bc2eef,0x7aef45cd97a5bf6a0ffd56543925ca16d6365d68fbce2b1dca1895f44e3aa7fb,ok
0x6a7181e6b24260fac8d1dd33f8153092201c78a5,1,0x031cd3c4bc80c2cf4bfc02ef6ac8a6c01137c49ac294347ca717c5ed1f89964083,0x041cd3c4bc80c2cf4bfc02ef6ac8a6c01137c49ac294347ca717c5ed1f89964083a61b23414b45874c48c0520cfcf52e77d4dcd95becff4fd3f4b9b7fb0aa7a381,0xb597a4a6297e50c1da851eab1ba886571475bd87fe1901a0d13658ee0655574f,ok
0x84252cc58727101456680e6ca9b29e3324f9c24d,1,0x03f90e39720741307697ee21a1dc6d2b9c26ca722d00e41eb73bf389f82f392298,0x04f90e39720741307697ee21a1dc6d2b9c26ca722d00e41eb73bf389f82f3922983c9bfaa872d4134ee1860953974ecc5fa2565ffd70b918ec861482ac087aad13,0xc0081638be53c733f9dede817d28d54bef287f7d7c6f9f635c4661694eb13589,ok
0xde1428e626cd7f88aaa664892e27c3236aa523bd,1,0x02097f08c831308dfeaf20e6ac96a763690e4bf80a40a9baad46b5228a07123d25,0x04097f08c831308dfeaf20e6ac96a763690e4bf80a40a9baad46b5228a07123d2537ba2c7b66d29227fadb002dd9c17db2f67c97ce41b17ef960888c510efaea5e,0x9b365a274a638a4009ab8489eb2d961747dfc30ea07a4fd2aac9279d89b8b38f,ok
0x6f16c57eddbf05760f1927cbb1854f17ddfda940,1,0x02828344c15c61ac5a1576587af705c9390576097c88871e8b36e2d184a0d28e38,0x04828344c15c61ac5a1576587af705c9390576097c88871e8b36e2d184a0d28e38578591746d5768b9c39294a56b96c5fdbb92a0452f295c5a237fadd7a6ba1b82,0x0694cc437a9a233eeea385f843adfc794b12c0d57b7f58fdef32ebf1c2f2d257,ok
0x401906cbfb0db46545c49986145eb5373763ec77,1,0x028aba0247b40865222e02feff3ee60024d0c747ad2556e2fead7829412ed20a14,0x048aba0247b40865222e02feff3ee60024d0c747ad2556e2fead7829412ed20a14da0472a8ea9944322bed17400a61f293fa39a7e8b3025ee6970e3d4d1c8d9a42,0x171d94df9406df60853b375ec401cb30205cc3f3339b6b440d0b3dd94c218370,ok
0x744bdf0df4bc5df1817ee1084908e96ee515b1b7,1,0x02dc1a0b11c0a4ecfbda05a28c0b22f926c103c6287b8e4050e023072633e48ac8,0x04dc1a0b11c0a4ecfbda05a28c0b22f926c103c6287b8e4050e023072633e48ac86c5f6dd3486ab0a64e455a39e36a28346ab3b8cc6844b62d623658e8ec345512,0xccff415881ed00edcbae4eaa092e8a3c0cb4c790c4c016f065453cffad82129d,ok
0x30d73e0b653029b957cd466295d480ed8d7c1ed1,1,0x0335b6a71bddf964bae2b6c6f7dcf1c52aa2aa8d0593c6f873244aaa1e98bd103b,0x0435b6a71bddf964bae2b6c6f7dcf1c52aa2aa8d0593c6f873244aaa1e98bd103b4d4beeda2d473853936acc82c41baf5df1a5720f94a9a002a0d43e378a7b3f73,0xdddc0f15986c90a0b6b6632ee7eafc4e512faeb12ba1a49f802faf46e47628f3,ok
0x60d9662fe7e79d17131ecc0cc7e195406397199c,1,0x03c541aee7327413043f07225ef4235c1f09fd3dd001f4c7c8fe842cb88b962b23,0x04c541aee7327413043f07225ef4235c1f09fd3dd001f4c7c8fe842cb88b962b23778742fd28bf3fc3a76407880a21abbdf80e22f4ad470e068cac6c941d3cdcd7,0xfd94900e62d302ed3906c129529faa23f72785e5d6b37c1dad80907201dfcc26,ok
0xcfcfb7e44cc29370885ac06c9aecd321eb6fd808,1,0x0247aca0e59b0ba73e703fde778831ddb26a558e847beee3a434ff614c583892d6,0x0447aca0e59b0ba73e703fde778831ddb26a558e847beee3a434ff614c583892d68d008c22e44d65eacd71fab7147065afd2b2256265c5c29f281b17e5aa789ebe,0xe6df09967277dd2e69ef824813a1c8d097608e850f1b8cc54f16fb0286d207e0,ok
0x20024ff5a4cbb04fe4cbb6e83ee1ba2cf6f4b65f,1,0x02c1a0e1a6d2928e37b89894f8d9500d28e68afa9b1b605fc97a1f66855323d6b1,0x04c1a0e1a6d2928e37b89894f8d9500d28e68afa9b1b605fc97a1f66855323d6b196969f857a16c4ecd65bfd58bd02ca7ad74b609e197a4e955ae22c75b2733e24,0x9af77012c8bf5a86ae660fe93530ca8e1b798bf66df9fa102565c0be0b018b31,ok
0x599709cc36c2b40bc66e26b3374b7e6e9198de40,1,0x02a533745ccd6d32e3c8adddc2cc457fc09008cf850399bb5acf83bb826572bf7c,0x04a533745ccd6d32e3c8adddc2cc457fc09008cf850399bb5acf83bb826572bf7c36c8cf4a2bba7252a03148212fac8f1c9a0ea3e25336b706e76cb66c0ce16544,0xc98c83188c10c15bfb2844dda6caea06dfdf786eaeefb8f21dc667d76e75b9d0,ok
0x7715bb929e84727cd736be06c8819fcb718311d9,1,0x02ff7e0e91b4406b61003d0af23abfbe207963530d1e8c4247a5e927ca589b8451,0x04ff7e0e91b4406b61003d0af23abfbe207963530d1e8c4247a5e927ca589b84519c8d40f39d3ec0fa0c80f7ebc13b89ecd9ad77746f1c8882740fe223e7256d48,0x3f8179558e8a219c9e7a189513c9041c3f9edec0a50d4f7f53d07ceb72236b13,ok
0x26fcad70837dd72d8ae53eb0d40b629f19ea24e9,1,0x03d12370517c991c09feb82346a394807142775c96ffb27b4b292314a2bb17efcc,0x04d12370517c991c09feb82346a394807142775c96ffb27b4b292314a2bb17efcc4fc7d0856bc283e4a227fc852746cc5cab08717dd64143e91351d4b4dbfddd75,0x411e8e80b7db668c32a862b14177f802359533189eda39c42706e2489c8e0f92,ok
0x66d741a591f106ca0728bc73b11237a4abe92f77,1,0x0220099d6d79ed79d4881259fb00e65ee6396d8656dab929fed58a36276cc85da9,0x0420099d6d79ed79d4881259fb00e65ee6396d8656dab929fed58a36276cc85da93ec7d9a1daea597997aa7ba3e201885167b036409b4eb52ea7309ade3fc11052,0x36b9971d1636e1ceeb32ddcfadbf5cbb4624ef63470deee98d4463d20c3cfbd2,ok
0xe00a7681162705d7894bfa6910d3c0895fa47678,1,0x0224892e614d187c1defb3c5f99a18c153942131a7d407f02c78bd5a5b537b6e19,0x0424892e614d187c1defb3c5f99a18c153942131a7d407f02c78bd5a5b537b6e191eb20e87ba934f04de0a084a3b054002738f2169c63a3d31957825ff0c798e52,0x2a06a6590da3c37a48d36b5f464f00abe0d241b3c625b08023837d75cbaf9f59,ok
0xdc1730684a99a4718a53dc19c2f36c9ab84bddae,1,0x03effeaca8d0bd925ba03ca47ac4b9051c959751b5dff33d12711225d90276a484,0x04effeaca8d0bd925ba03ca47ac4b9051c959751b5dff33d12711225d90276a484f36a24c237e979fabee1da7b6e5c1a8bff5d45085d82781e2fd17142084e6c39,0x061779b9536d74c252a7a64ddf781566006f73adf56cf72c5603c3a05801e442,ok
0x75bbbbb26879525119245da088d14f7916b3073d,1,0x03a7331930ce4b1bc20f8a62075174b37233a5c1095156544200f3e4383b3e4024,0x04a7331930ce4b1bc20f8a62075174b37233a5c1095156544200f3e4383b3e40249839d48a517380a8d1a66d6355f1385a433951a81e0b5ac7a682e95d02da606d,0xcdef457e9bad1d1e44ec372873c774abdae60eaa1d4a1e0958eac19ad4002c2d,ok
0x1e1b5a3faa11750f3cc9a35589e6d46cf0d858fb,1,0x03b4a43e6fe7a7860904f5a0d567187cb0e8ef10c5f2c4b9145c97a9658b3dfff5,0x04b4a43e6fe7a7860904f5a0d567187cb0e8ef10c5f2c4b9145c97a9658b3dfff54749fe39b20913bd2c399138e057344f1c5f5f38c10e817499beea9647a4d827,0xc3c1ae37772ae75c6d6761628776b6b87647771de08b130521fb4000ff1ec774,ok
0xdd6ca076e38463d0d1b7359be79c79369957d4ec,1,0x03d51bd46db65845eb87b23030db73fba1b264d10027d29bcfa4cdcc700f29c191,0x04d51bd46db65845eb87b23030db73fba1b264d10027d29bcfa4cdcc700f29c191c212741f0e6f338e493d6a318ed532b0f3a9303abc4d7a4ac261da1dd0e38613,0x84b5172cbf3b09de3e6fdf508597763a5c79fb78613a0d603c8009732a81d297,ok
0x4bd5b19b81f44d7ba4a070b62146ef6905bd161b,1,0x0349fdf6e5b364fc485956454abe1e6814cb749fe55ce95d05be3730b04897871d,0x0449fdf6e5b364fc485956454abe1e6814cb749fe55ce95d05be3730b04897871dd1aa24561c062507a86a166a3b7e5855fa1a18a6228fad894e031b7fde956b2f,0xc593f3deb7d8a281e4897d7f12bb0c42dc3de6c49de8602940cebe26e1d5ac1c,ok
0xb20ee0625b497ed8415a23562c2dd0f1fd084b40,1,0x030060b0ae0c21ace5ea73359a13fb0f974ca413dc814f179d68ecb18d889e8f4d,0x040060b0ae0c21ace5ea73359a13fb0f974ca413dc814f179d68ecb18d889e8f4d5bd5adfc04c6d8d90c812e5dc6ee8360b7fb02915e600354fa8d14be35f58a1f,0x988fe57479993de4afd613230d6214796557273cf717a801f66845405b5f8ebc,ok
0xbf02dd463d8fa0752cd39f0a98ad438b9b339fea,1,0x03bdf594913b73f64d074c76e446e18b6de62815101a1e45e2cc0557865c041c2d,0x04bdf594913b73f64d074c76e446e18b6de62815101a1e45e2cc0557865c041c2d4e2d15275cabcf43de29e82abf098793e5b34fdac4ace47d91ab2464206d57f1,0x909739416370ed279178b89a91be786e2ee52416ccd0a9bce4c1fb9b976e5acb,ok
0x856f0ca734993e272c98dc9c81d873b1e5d1c07a,1,0x02f2a4e4b04290180cf9b2129a39183f6512d7a8cd6ab53a0070fd92de2288b646,0x04f2a4e4b04290180cf9b2129a39183f6512d7a8cd6ab53a0070fd92de2288b646a77156e1be82f5a09f449c07a8ea4767eab8538fe845901e8b1c5e7714e1bc36,0xa66cb4c22f4cd7bfc3cf7e5dad16b381d39c08891387d9734144a20e3159962e,ok
0xa73f2964aa8029a56077ababa388b42700d73157,1,0x024d4f533d3b5d8aa084748649ace0a02192e8c6ddeead058a164891100b7ddfa0,0x044d4f533d3b5d8aa084748649ace0a02192e8c6ddeead058a164891100b7ddfa02432dee6480c8021ec94eb6ddbe79f41a3ea8a609a7756054b1c52a6765b1da8,0xc1db54501d505fe3370885b65324e407297c8e44be08d9d18a896384e26dc3a2,ok
0x4765f6ee063e1c59f00bc9895586be3f8ed54014,1,0x02f5a787447a32f1b883cb8b29036a39b8f8f91dedb226ff8282484ecf6fa773bd,0x04f5a787447a32f1b883cb8b29036a39b8f8f91dedb226ff8282484ecf6fa773bdea465352e94952e7d330a5c986591bc5a41e3a4dc2b9df04cde3e9d5f97dfc32,0xdc2a910791033b20f354d3390813c8e3ab4bf8fd376e8e25de6ac614f822eee3,ok
0x08dd0fafd135996cd1328fc77e3cb2edd8460798,1,0x02ed17a24730f2af37240af157c9541f886c55af2c7351fdaccce26b9a9d4b0316,0x04ed17a24730f2af37240af157c9541f886c55af2c7351fdaccce26b9a9d4b03160ee67cee357bf5104f89a783ad23968c26bded2232d3fc1db3a6feae2e197934,0xf4768d0d7c4f52c7d58dffc82dd1cb97aedc86b1cfab8057acd9b92be2495453,ok
0xc369a1285dcf351f846ff3cc23de72b7d94549a0,1,0x02599a567765203ffa75fcb2dbb992eb0d46f43bc8ba6fac6465089a5eac34e831,0x04599a567765203ffa75fcb2dbb992eb0d46f43bc8ba6fac6465089a5eac34e83195724380320c1836901d72eea2b92403db3a620dc90dec4a52c88b2be068c2f2,0x51702b38f55a9a4a8261556b3682c5d678cf956704f7cee19f434a51f6c9e597,ok
0xc2489b146fc7df679c53e429a2d9eeb91f8ef9ed,1,0x0285ce8655c5cd3b81db72cde98f664fa751d3a46e1f15648b87aa42e2d1d60274,0x0485ce8655c5cd3b81db72cde98f664fa751d3a46e1f15648b87aa42e2d1d602741bf4e5c55bd409fe3c692219ba90fc19c4783eca14d76597fe482699fbc4879c,0x9d96ceb8a0c12d0b462dc4942b5916bd8afaa2e8787dc9e99bb3952ed006b2dd,ok
0xaabc9da9d5fa99d6ea0069b826fa283a863e10cf,1,0x03503edd7577e5ba7d17449655d9bcea63db63bdd76992d8eba7f0379a719ea07e,0x04503edd7577e5ba7d17449655d9bcea63db63bdd76992d8eba7f0379a719ea07ec4e6697c046362b9987d2409bdef9d9f01f3dc5f3ae1698ba39f1ea8b1ff837f,0x33b81b0ac39b877703043ac4eab61531dd6e675e895491012f6182e51a6f5503,ok
0x2f1b4890ff13bddafb96dcd83eaf7ca0fe0f8754,1,0x023336c292f96a3498f0443bbe96018bfb27db1f84466a99983d6f325857e68af5,0x043336c292f96a3498f0443bbe96018bfb27db1f84466a99983d6f325857e68af5a7df78e08035bd0a18126595d0b571695bc240a408c538d0835027127a9c0718,0xc31f7d0709730d2bbfd83edc994439a6aeae18a8b007e75e09ace2dbe1c946bd,ok
0x774ce3d524d40ed46da92d4fea178821ec474862,1,0x02b7f674267e4e73c34ac330dbcceeb4faee5ef75751cc0a5fc4cf8ce3d69df23b,0x04b7f674267e4e73c34ac330dbcceeb4faee5ef75751cc0a5fc4cf8ce3d69df23b509d992c400a60c78179e3688c6d4a244e6c7c862057be7297a31f0b037cc46a,0xd93f8ac90ebd76d9a66a2272cf5e2e2db6ad541f9403c2d22712bdb799d1f077,ok
0x961d12c4c8af611bc0ca5804b2d261155b385aa5,1,0x025d8c6f89b8ca6f3a9c5cd8ad0fd85e6b6dc051301d4ff33cbe96689d9d1405e5,0x045d8c6f89b8ca6f3a9c5cd8ad0fd85e6b6dc051301d4ff33cbe96689d9d1405e573ee481cb8f570dc570f957c02afa84b19d78ad9619d12ed0a35efb67222aae6,0xea4401cfc750aa1c230744b9d73e1f905d8b4d4fecf1bb214c87d13649418f26,ok
0xc9b5d655588f98a71c1676dbcb53b8d54de4eb6f,1,0x02e0835eff3e89f92ab6813880a9ae1b0a634ef46b9a530609a5c48a8cce27ef1a,0x04e0835eff3e89f92ab6813880a9ae1b0a634ef46b9a530609a5c48a8cce27ef1a0331be018a1aaff6f29b3698d06f8bdb8e1fcdf8bc90f9e122545909aab699a4,0x439cf8715461f9c280caffeeabec6d44da169d1da72146b9a78c8daba5476b34,ok
0xb94498ce5afeb70e7fb330621b69b1e9aac2c211,1,0x021eeb6afa99d161c74b1967e6237ab4e8cb81a0044eb333fd976b112b8448f976,0x041eeb6afa99d161c74b1967e6237ab4e8cb81a0044eb333fd976b112b8448f976a35af9cc9707a287b95d1cd3eb436f08183b86d7657ef9b6aaa1cb45b98001c6,0x8e69d67e0b772e5b699415882c0c109ca16c25d4b2069e7ff67c2d998efd0e00,ok
0xe4938fed7c904e2cc8cfaf88cb2e6439a76e6d8b,1,0x035c7527e5b687069ec2c59332099a6986c8521a733b7e9aaa60b4d97d9258aa30,0x045c7527e5b687069ec2c59332099a6986c8521a733b7e9aaa60b4d97d9258aa30ae5d68ee07d3a35307d7e16aa7c2808e17a85f47ba81fea05a7a06ee5d24bac5,0x2678af8da4f91de3b17d2f7d51e66fc6a581580d5c11b00d5ba503917956b208,ok
0x54d3ad1f57d37bf383566784601f4e1c151bf8cc,1,0x02ce65887d971a24f026e3b6a36a1cdeb253d0da8845c52bb2ffe0974fb6b93f8d,0x04ce65887d971a24f026e3b6a36a1cdeb253d0da8845c52bb2ffe0974fb6b93f8de14abf485ec1c5afa785c01895eaef2570e7a56dc696306a7c149e2fc95f877c,0x8774b54b9b4d83b00681600f0faf9f5ef768584728242260e6c6f2a3f240f521,ok
0x4ca7d53c87ca3464619fc5afcac0daa86a2334f7,1,0x02bce258f861de91c511551173dc4a136533f5333534f11a0c5042da0fedef090b,0x04bce258f861de91c511551173dc4a136533f5333534f11a0c5042da0fedef090bbf697373ac82f1898d44b09421372d31189cf005c8946d6cfcce9ba54bf1be30,0xae7205bb7b8e3f7a04c26ca74da3cb0e109617d12276ba83c589c66f82e03a66,ok
0xe699d4b8ca8e4a903dfa10b3a12ca4bba0bbd30b,1,0x0331d44d345b9bf3c96530ee06948f7d3120eee6dc7ccfaf0af52fb7d01296b5ff,0x0431d44d345b9bf3c96530ee06948f7d3120eee6dc7ccfaf0af52fb7d01296b5fff9b5d81a6fee0a80bfffc0903436c688501636b8f087e97484633f2f655116e7,0x31d6b2d42bf988b41f47b3c848d96b0aa0075893a86e5e6d52aca7bbc0660335,ok
0x99577b1bdfecea6a4e5c9b3667a78dff059100d5,1,0x032f641ed3008e9e6d1a0acda16323319d1dd0030e2437f970385d45904a9e76f9,0x042f641ed3008e9e6d1a0acda16323319d1dd0030e2437f970385d45904a9e76f97231a4d7f0c229180a37058f46fdd4388bedf75beb86b0ac8e0ff7094b83e26f,0x14202541ccf32d682a4d67106390c79c006d836e9c4a2772a3ffc7b9ff2ed9f5,ok
0xd44fb1b14f98d29d50316703227e937fb58e792d,1,0x03450b8e49afd21f6124bedb6b33752823fa31c7df1693bca8124437e03814aa18,0x04450b8e49afd21f6124bedb6b33752823fa31c7df1693bca8124437e03814aa18e2815d537925cf0bd7e766ade038639a0315f0818512f2b9e39874ea0ad05585,0xfbf384026145c98dbfc1392c8a4ae842c2e12c15fc1b9cb86230c8a69965f97f,ok
0x12682f8662c03d739c1ff2c9074c58d80d5bc84e,1,0x02cfd3c31e935e0bf97425e0103b29efc2a21cd3988c828535130919dd36ed3223,0x04cfd3c31e935e0bf97425e0103b29efc2a21cd3988c828535130919dd36ed3223e1aca75bdae649e562fdefc608e6ea2668270893a98269e786c60080c582af30,0x9b5dc4a65c11ad2c2149bac39744c857413ea5cb63e3cab2883c0899d14ce90a,ok
0xbf36de73cea432eed58bbf3d45c6c56f621c04c8,1,0x023619c301ac17dd9f6e5588cac4c1653c27d0e1c98dc05ce3eeeb36fb871bbd19,0x043619c301ac17dd9f6e5588cac4c1653c27d0e1c98dc05ce3eeeb36fb871bbd19de5c0060e31428c8dfe6eb363be6bedf251714b338344a9f319353addb0b74a8,0x4c8ac835b240e89ecee38a300db55b0827ad8c4622d063376589ec8992fc40de,ok
0xa5d08e45e86af456f453d80000fa13607da04dc5,1,0x0270867ef984df185b7c18eacb8ff68f2d8c40638636f7aa2a4d4dca13326882f6,0x0470867ef984df185b7c18eacb8ff68f2d8c40638636f7aa2a4d4dca13326882f62e0e2f96d76633b7a99cda30af0de9061dd291f97729735babdeae96de82bf70,0xef17bf48fc256a3a5c1f8bfcaaab73ab83ea570d9a96a3c9476a1799433bf2cf,ok
0xc58a3c014291ab367280b3a493a0c2d18b05dc6e,1,0x02cd933756fe49406a0442c3b962736bbee1354bc7524dd1032f8cd1f47cf5a21b,0x04cd933756fe49406a0442c3b962736bbee1354bc7524dd1032f8cd1f47cf5a21b1e190aa81e5065d3c950ee5163d929f2262678cd328bf612b15d87712f3c0f8c,0x9820905f7c77b293b808972cbc025c0c6e726b5524a6da288fe8f16b8ed91af8,ok
0xd9075275fece55259ad068894bc93bb29dd4f333,1,0x02516dceebb7ce53328f90025920b9ead497ec618adc213d668a71091db7f7166d,0x04516dceebb7ce53328f90025920b9ead497ec618adc213d668a71091db7f7166da2769f713d011dbf8a74f1891ffe4a99130850fbd728625421d8a7bab24522ea,0xc01aeeb5a779f8746221804317f212c5f92917c7dcd51fde7d6e5d94a56f9c70,ok
0x52cb67290ad299c19868ecdccd1523f432380e0c,1,,,,contract
0x46dffa7f39e0e0687f5ad7075724992b4db52fc7,1,0x031fb84e33c09517394e05540e408c920de373683488d0a3b9244c62ff0f52dd96,0x041fb84e33c09517394e05540e408c920de373683488d0a3b9244c62ff0f52dd96150b215cd147ac0cb0ff5591703b296767e30ad92f9fbda91344c44fcc86a159,0x50752f06a1dfbb5533a1a0c5816eac70ea88f5a46734f32414ec3b9b2bc6f6bd,ok
0x7fa5e9213fabb0d9f3e6e3e4dd41800fd54a10b1,1,0x031e12febbb6ec0f73ba37ed12169419967bdd42f14a8aaab0d2e07c66ab7d14b4,0x041e12febbb6ec0f73ba37ed12169419967bdd42f14a8aaab0d2e07c66ab7d14b445a388df102a4b6411dc5730ac074cbaafb9b0f703e73e780ce8e1863258656d,0x0c2bd47659e03be59fb29362e66ea5c65c6ba77d3ba4f6bf876a42cdd4818730,ok
0xa7b35b0e9f61edb0e2e4c9d8060224074b9feb26,1,0x03abc5c167ca57a86f5d6c2b27783dabc13fec7263edcac6682f42316fef897623,0x04abc5c167ca57a86f5d6c2b27783dabc13fec7263edcac6682f42316fef89762392ad6e352b2f4c051bb8dd8ca53d486cf1729dc53f015bca48da2b5a2b49e5eb,0x6295106598fcba8e44fe1d4a70f11804665d7b91185fd787b444c30c61fb640c,ok
0xb7ae606ef38ec9510c43f0b28cfbfc729f5746f1,1,0x032d7a31800d1f659e6235df3d0914379b0ba07dc4cdffd2d8814b13bbdf70294a,0x042d7a31800d1f659e6235df3d0914379b0ba07dc4cdffd2d8814b13bbdf70294ad139bb1f36e172d40a3529edb63860c3c1d370a629f198473409d087321eb843,0x3abd61ee79dbd4079ee228e7d4d5af52655789379b71eeb6f87e850e41087580,ok
0x812d699e4f1658b07dfe5e1b34b7f3cce713850c,1,0x0353b216d03e76795d4dcc4dc4b9ab611cc49c975a23fb455d9d5bf62871dd6563,0x0453b216d03e76795d4dcc4dc4b9ab611cc49c975a23fb455d9d5bf62871dd65639e6d2bc1171791852d6b895e497c8fb84f1116a0aad4b2488140db968b4d7bf5,0x33bbadcbb4409864bf6d0eea984bd6d634fea433736795127852d26c32a68892,ok
0x63c2cd10fa37f9850cb8f7e5443a4652dd357bc2,1,0x0282bcbe4c38b431893b94d862c990bb94ce996f7be675aa131858fac272990282,0x0482bcbe4c38b431893b94d862c990bb94ce996f7be675aa131858fac272990282d24e6174fdb3bb39a5367e83fbf3af9e2c8f06ba2dc1da6a8144dd42515e82cc,0xc5067f433db6a810c05dfed0823800365010db7612ae467d0c9e5b87fdff96ca,ok
0x4bb07548037bf67467d50147c610f188e009a4a0,1,0x0335be9c06601b262fbd9a1dfe885d0a97ff9132fac6f97582074f783fd0b0840f,0x0435be9c06601b262fbd9a1dfe885d0a97ff9132fac6f97582074f783fd0b0840f75b66a94938036dca6716bfbaa6bc084f5b8de6e7bc09d3b7084755ed386c4a5,0x22502ddf34b590ace21b7ab1645aaa106c3f11d09b13e883c46422dda20b80e4,ok
0xb9125f9a79b5ee5858f0615a9a22b6d31f6140aa,1,0x020c6fe74f8fd623c270c73e6865e19b148557a7d87d60f8861c71fa9b8fe419ea,0x040c6fe74f8fd623c270c73e6865e19b148557a7d87d60f8861c71fa9b8fe419ea03d3aff291ebe89a06d6da3a66e17141cd681fb6ee6d3b0e75973ef0a4315fa2,0x23a4646876d297fe7f8ce3521ff9266994b111b724a4e16aab3c499565b75631,ok
0x2488463e4c0269db94328f825f5e138d87f41d95,1,0x0353c1dfce9d19fbc3073424ae63ba97f62e56f5278a25e43747eb1bfbe40c70ba,0x0453c1dfce9d19fbc3073424ae63ba97f62e56f5278a25e43747eb1bfbe40c70ba484db8d2a441f8320bf130d894b13b926dfdaea196180a0be654dcf55ce8225d,0x0dd42d46dd1d8bb18ea25b043eeed9d70447cf2126074d4c3375c09951a6a53e,ok
0x3555d52485e0093af17b96e2ff92042fe30cb0e7,1,0x028e9e5af087af37aa2b8b6bf49334b998bfd826495e5d81810ad3434f4f2352cf,0x048e9e5af087af37aa2b8b6bf49334b998bfd826495e5d81810ad3434f4f2352cf192c2136c8b7c045aeb93d74e12dad78d1f89e6243e295b93f24f6d4968b430e,0xabefe44e83459ed952c59ba620bab25e0b98e929cf46fda5a5c35037281b143b,ok
0x47c5ea81b83f9af31dfb2e934e10959c99641fc8,1,0x02cd109369d7db7cca015f20e79e907a6ed989b891c605a185e41658a219bac0f2,0x04cd109369d7db7cca015f20e79e907a6ed989b891c605a185e41658a219bac0f2273d607e776ca90b99b561462105400cc0baeed11883f0f5e75364a8da08fca8,0x48f8ee9374f1c61910a72a8afb5ce2c1b15a9faeeab14efa8ff264eb77de92cc,ok
0xc5e5cb0820c634753a8a7b006c34dd0ebd4ec1ea,1,0x023600c654f94bd37ed299cacdc48e328d24b07648951b9c918d069ea664ae11fd,0x043600c654f94bd37ed299cacdc48e328d24b07648951b9c918d069ea664ae11fd100d8e0c8f9717e69408c6543b0f1ebd03699efb1c1a9c627126d1a5489f45d2,0x8319fb0e6f4d521dca21a52ee1b684caa6ddd0ca9e7fe414fa18c767dd8d7bf8,ok
0xb5c628a53b3bb0de8a3d17df93ae952358a1afcf,1,0x031d92d53d6a939a3b7539833bc4aad1b3722ac195d4ea1ab4e915f0f45364ac37,0x041d92d53d6a939a3b7539833bc4aad1b3722ac195d4ea1ab4e915f0f45364ac37f5263a14025deff2228a61fd0e7b8861385767f437da9721f81b3b11a1f9e937,0x653efd2c34619e4d8034b4aaf94ec8d38193e2461f5b55ee98c897ae83c9ebb6,ok
0x262810e05b00fe2c2915450bff69821ebbae6bdf,1,0x02f017ea5ce0448d5e66ae72b126a5dd46b3c6fbcb0c4ebf823817aacc38feeb34,0x04f017ea5ce0448d5e66ae72b126a5dd46b3c6fbcb0c4ebf823817aacc38feeb3468b98f546841269f4f48b14f36d29cbf22baebf6113f7a915390775d68967d88,0x8c8ef6aa2961b9af62ad853803e8be8f8427818b4b6bdbbdbed375140fdf3b3c,ok
0xfb26fa9f02b8eacdb963868fbaae16e8ebff079a,1,0x033e73023638986c4719084c3c21295f99cfcdcfd443f48deb5cf33a74e76ddf8a,0x043e73023638986c4719084c3c21295f99cfcdcfd443f48deb5cf33a74e76ddf8a87920fc1218df11bc9d1afd84ec687923b58d3db0eafe64fcfef6482b0213143,0x5d3371b284a2a9b14360007ebaa3194f26abdc9fe2fb4cb81f00c2808c55f19b,ok
0x37715feed81c76c889c15e4d474c4a4e5621f1e9,1,0x02839e1bdbdfe5939ceaa81b2e8fe6b3e5b2e6bb823facdb812d8db7e1d30acea8,0x04839e1bdbdfe5939ceaa81b2e8fe6b3e5b2e6bb823facdb812d8db7e1d30acea8e46bfa198ffd265fe8a7d572a5d1c45694c30039d492c0945db39038237462dc,0xf840dc977ac9c864fd8017f3657cc8e9f3f8a17b01b543f3458582637ce066eb,ok
0xd38f2c88164d3f2c79bdc045507a74862f9d076e,1,0x03e0fade2d1fe61a4a317252f507f3faa070d03a5e3d6d479a0c83ca54bb88a83b,0x04e0fade2d1fe61a4a317252f507f3faa070d03a5e3d6d479a0c83ca54bb88a83b542e3b10074cc621a33f37636a6cea926ce7fac79ed7310e5480e5fa37e847f1,0x19177c7196e31169d99ede3c77087f4248fd49336a2d0eb0d31b659c072fef77,ok
0x53da3df491c3f648b74c8dc459e8fb9cf0841efe,1,,,,contract
0xec74b3cdc78e6638c5260422abe1da68f6a86892,1,0x02de0c4d97c6e821058f08c97c4f430b2cee5e9e86a43de82c1c0a0f1fbb360e4f,0x04de0c4d97c6e821058f08c97c4f430b2cee5e9e86a43de82c1c0a0f1fbb360e4fea35c9b69ea255b11390d3e353164a9e8c3213478d963d16134990c011d90b68,0x93cd07e87d402f30523c25d9522720a856a7136af99e8c8a41be33c9430b45a8,ok
0x22036f2f2debd7e3d981d5f7aa6b6d1552358151,1,0x02fc0e30ff1f3ed6a722350f989e5041a00ec32bfbc076e84c99c1be1ecccf9e19,0x04fc0e30ff1f3ed6a722350f989e5041a00ec32bfbc076e84c99c1be1ecccf9e19379c397785bb6d64beb34cd8d480984eb809c4af8bdb408381485fa681352796,0xa03f4f1d92705044595b98c5cd376d2331871983ca6b77dccb24e910950b40f4,ok
0x298e1e1d71c6a63e60da8074fbdccd6bdcfadb49,1,0x0382447eab6edf7081120e0babcaf42254b0ca26b85d1dcfbbba495f195186602a,0x0482447eab6edf7081120e0babcaf42254b0ca26b85d1dcfbbba495f195186602a176ef08b851091d8bf4f5d8fa5fa49487f7be6c546b7e705fceafc4d6da6eaf9,0xa9726a67ba9e1bb073e121cb7e386d98e6fb9daba331df119a9f4bbf03087d02,ok
0x584456aab0110a0f1b177d8a1cde7aff6d09a292,1,0x03eafa7fd15295969e1fc31abd878f1ba6ea1e0880bc38d05936456c76f109e4dd,0x04eafa7fd15295969e1fc31abd878f1ba6ea1e0880bc38d05936456c76f109e4dd8b56d3f540a48c13273454f10068e3d61b8d3e86d741b65795bbe5f04489aa77,0x567f239f785053e79ba1e598de24bc70343e8aca513dfdbb93515c22009adabb,ok
0xdbb49c04f61e8e4ef5479b51cf14a931169b431f,1,0x021a2967866f101b328f3bf26f58e7c9d84c53374356c21cabc25fcf051d3a4a53,0x041a2967866f101b328f3bf26f58e7c9d84c53374356c21cabc25fcf051d3a4a5360124d10575accebab54e70f19449efbbe225b89b9103c8d2c2b11df504543de,0x2aa9d4dd1051b4ec0f0fec9f13ec7867476ca03998f257a1edd830d3063f7409,ok
0xd52a71194297cce8f9e6d116ee731966f0c6a978,1,0x03ffe2b8f2a68dc27a1117b9220f622006042fa5d029ad37d03ff39239fba4ce2c,0x04ffe2b8f2a68dc27a1117b9220f622006042fa5d029ad37d03ff39239fba4ce2cdb87351af7ab16b050ab999e6a892acf5d12930d70445ba7ade098e52bea9b83,0xe44c05197afbc74a72a8557d8d28b94dcea865c338b74535e9aa0750ba4af92e,ok
0x73d093487a923d78bce6f11e54c9794dd8bafa26,1,0x039248a0452ca567700a112c40577c569c4b4f717abb95f9aec3edb1d18cb0b2bd,0x049248a0452ca567700a112c40577c569c4b4f717abb95f9aec3edb1d18cb0b2bd86ea62b292eff6d3ccb2bb46e06295429a7488343c2590263b31876ffabc29f7,0x167a3201cf42706e5b30df042e104539369541f188ca728004c6e7fdc55de5eb,ok
0x0f11558983d299f5576bf3f7865d39aac6c0452f,1,0x032cd9fff22d1aa39cb1bb2dfc2d9dc0c49f75f5ec649d5f67bab57afeb78b4965,0x042cd9fff22d1aa39cb1bb2dfc2d9dc0c49f75f5ec649d5f67bab57afeb78b4965a36d855898582a5afcad9bae49ec78267307dfe874801ac3a31288c8a4f31ec3,0x2d21297da41f34d24ae3044e48ee7f2b59a003de17eb5a53e798ef6bd62bf28d,ok
0xfb3f81c7f3d71db358d0eab4308683a8bb32e0ce,1,0x024a6574ef94e85b4138569c4f14a5e12ef2a2d900bcd1633afaf4488f168b281c,0x044a6574ef94e85b4138569c4f14a5e12ef2a2d900bcd1633afaf4488f168b281cb5d9055f27774cfce12a202ede77a9af292309eef37813a8879005b7f40f546a,0x23c1dd2dbc3b9e3a38b63aed435d7eb71f980ab79a35f48c55334517c209586d,ok
0xfaf966c2ab386a58d605870826855e9d1fc01095,1,,,,contract
0x0dbf654269c0340dec4d14f042675967886404c8,1,0x03ca9ff19cfad42aa44e5a5415dc119ab5601167ac3eab7840d302e5a5f6e8653e,0x04ca9ff19cfad42aa44e5a5415dc119ab5601167ac3eab7840d302e5a5f6e8653e8ac73aacd69fa8a00a89c014bce10a783ad2c7cebab061c7defdf9182b292b41,0x0267db5d5ec0ac002fa65600038b7a34155d2b9e2e1916f1c197b07f4af53260,ok
0x62c7fff230fdd9be3f2360aecfbe53ea26745802,1,0x02951ebdf850a4411ae7aa943d61847b342e0c11c38ff64b01103f1a01aa691ca0,0x04951ebdf850a4411ae7aa943d61847b342e0c11c38ff64b01103f1a01aa691ca0cd53ea54a1fa4d7ebdeca438a6056b026d20302b8fcf879099745c8b29bc69f0,0xa9bdf88e41f31c870fd0ad8167d2d04d0266107157ed1c9f53d4dc987e66b335,ok
0xd327d6a95774335adb7115dad4184bbbaaa0d652,1,0x02c6808e0315d631d3a4ea09632ad1efc261eb9c6317b27ba0a2008cc44f340c09,0x04c6808e0315d631d3a4ea09632ad1efc261eb9c6317b27ba0a2008cc44f340c09416b6b711f9379988d28681db6e94f1210f5b51821f6400cd54378213b1faa9e,0xaa592e45462a5de871745be0b690d48ee340c3331ea08a6837bb74bac2365fb6,ok
0xc723024d32873330b497667266413931f827dec3,1,0x02c984af4ecefb50762afbc2b5b7eb6b12adc5ffdc94630b6ab6a4ca8f748c93dc,0x04c984af4ecefb50762afbc2b5b7eb6b12adc5ffdc94630b6ab6a4ca8f748c93dc8cf0b7f985b9dc28a13890c5429dc65981049936ba32c9beabd570947365e534,0x80a37ad83d1eb694d735f2b946c6c5fbe05c148010d0c3d1eab531a23b134dbc,ok
0x4614a6cf30039003398d8c6cc63b41d217c07b58,1,0x02e55488384cd2069c23337a9f0dcb4769141c817826ce9e44e9eebde6a0521541,0x04e55488384cd2069c23337a9f0dcb4769141c817826ce9e44e9eebde6a0521541720ba3de1e59caad61a30e068034560c7cf7a890a2a4b3a370ef0cdad46a3d22,0xd7a085440ba8024233e6f5b32a1bc2800f1167cd3f733fb545bc656d4a3363bc,ok
0x1cec61d008753c817459cd62d406070aa2b449be,1,,,,contract
0x53b3d4a113b7f1dd4d8fad3203c40f3f2a24609f,1,0x025bfd628917100718c94582156af7dda9e38b070671d92bec31a88d8ed60afb77,0x045bfd628917100718c94582156af7dda9e38b070671d92bec31a88d8ed60afb774e26f33cd2fc9d539a0dde952a5356c0e60c63fd106f165d27f020825754e3ec,0xadf581a10afb336ce705ca9c64ebab7d3b8f3a80f675d937650592cdca9e416d,ok
0xf2c2ff4e3632a8d280a73305cdf4d7aac5d24b2e,1,0x025828854f1651107e80d792a9d181354409e02fd09412c68813b1f6b2203d82e6,0x045828854f1651107e80d792a9d181354409e02fd09412c68813b1f6b2203d82e65870adc15d1dce250e39cefb8a27e47a79dd8577ffa4b87772e28be15af31f2e,0xcb3bcc53bd5218358bd7270563ce0e8b45c08eaf99fc43a16dd5ba32b516c7d4,ok
0x6a24d8039cf588491fbc55711ee4d870a3a899b2,1,0x03e0a4a1643149dbc635d8045e2a169e246ec73af1b3af8376a584f12c73b9d41c,0x04e0a4a1643149dbc635d8045e2a169e246ec73af1b3af8376a584f12c73b9d41ced032dc4cf5ecce74e7c3deb480eb1604a152eff042462f1fb4b0ddd2d34f1c7,0xbfbf9fc529990f3f06ca22ebabbfe517cc6a9f5962e78d21f7b654965237ff87,ok
0x504406b35f15465fc4989b17a5b186e08d306e2c,1,0x034da3ef6417fe4a377f1d7c885f6808894773a9fac6455f927e5962c579e13e7e,0x044da3ef6417fe4a377f1d7c885f6808894773a9fac6455f927e5962c579e13e7e1ecb455a51d78c71c75f748102c8cc225b446409b486b6b64622dcba0a7161cd,0x18d4e5b87c085ffd355b702deafaa36b8a774862f9663a3be1da8fcaa03ca8b8,ok
0x3b40f15dd30c345cd33065540e57dc322aaaf370,1,0x024497faa2834834832acaf9872ec21369e911cc07369bfedd89fc6526657c2f04,0x044497faa2834834832acaf9872ec21369e911cc07369bfedd89fc6526657c2f04eb4aefbbff59c38b9102bec41750ebd4869c52236cc3d59f601cbe5215ad001e,0x201b453dbd67c9e82a61be023c5c233e36d519df68f74c851fad7536df8b66c5,ok
0x34df9388a5b8094c0e24587f8fb5062b4067cf99,1,0x02061c2091fb56b8fbed8294b5d7dc464bcca44429905d387fdb11c3a326317696,0x04061c2091fb56b8fbed8294b5d7dc464bcca44429905d387fdb11c3a326317696406267f8a6ffc498efccfe5496e571d8c2101a1e1ff804bf3143335881448918,0x8d89cb43bf0aa8019d80edf5715851f1313d704348a4a5a0b52ee2e3a58bdb24,ok
0x2aa8b5dd9005e92415d7ca8bca575eda6243a371,1,0x02113cef498d3f283a64ca704669a368c0db35ef913922586e958141c6f430c546,0x04113cef498d3f283a64ca704669a368c0db35ef913922586e958141c6f430c546195e844777a36ae605b39d718846fabe1c578dc0dda15ee5db82f5155d1743d4,0x0fe8e3917d79dbacc4010c5f1fccd087e930dbac2679fce592496634e1abbc84,ok
0x7c2f1761decb55da0b0c5d2b83cad6018c53786f,1,0x02840b01d412bd576b17ed988c3017c4f05bae1498636e83e4a9036960821a3f1d,0x04840b01d412bd576b17ed988c3017c4f05bae1498636e83e4a9036960821a3f1dd51c37dbd37a7e83310f02e4f0105540a010b01519182dbe0f9cb9e79dd35864,0x657faa61f8d7aebfc6dc921da8b75f76aacb695adb5285128badc9dc22eb0183,ok
0xdd2de1da47cf47449903f7e6b65d659cb1b8270a,1,0x03afb75e26b7ec4e469cdac75745110c98cc940cca2e5a25a373d817b34df3147a,0x04afb75e26b7ec4e469cdac75745110c98cc940cca2e5a25a373d817b34df3147afd3d25373203ade1fada59d81daa3909d3e7fc28471c59df34bb69ad35407be5,0x4ff587d0dc981f211faea622cf93479822f1111b79edc7f254601aee7e13a94e,ok
0x8bfff78edbfa534fe52dd87d945dac9a671957ae,1,,,,contract
0x3e1c1e1b43ad4bda5667b6e3b36a2b5ceaed7203,1,0x02d38a932a92d9863e3819b056a08698ed75b44826e19cddc2e39907bf2deedf4e,0x04d38a932a92d9863e3819b056a08698ed75b44826e19cddc2e39907bf2deedf4e1d8854ff36511b869985d626cfd43250cebf0929a1d1f7b8aeb01a867e0899f0,0x0fc5d90be9c1eb4c7d88191560cc789ce3667da51a1abc382961389adffb0cff,ok
0xb2f14c22e140a2c8014e13e6a527403136231b56,1,0x022e8563a23deb480f0d9b33f2e320bedb1d93bc74deb472bb9c2e56078c7e22b4,0x042e8563a23deb480f0d9b33f2e320bedb1d93bc74deb472bb9c2e56078c7e22b44f24f691e7a56f13b39e326ab1aa01ed2235c07bef2aedbddcfebcb65eec9598,0x93395ac8854f2aeaa8d2f1d4e18b9896a893e7dca298524a2838da1292c49ddf,ok
0xf68033aa99ab3053ab6219cf759f794bfd42a150,1,0x02b777ba957af537459fa154045ec9571b92305511adc5ebf0f5d4027e115e26e2,0x04b777ba957af537459fa154045ec9571b92305511adc5ebf0f5d4027e115e26e2f2eba033537f53c1a2ab478d2bc9d63f832c56555c763bb94b2bf00d7ce72b08,0x09e97d86a2d031a88bab8de9c00f94e4b30842641894777c8a893fbaec0273cd,ok
0xc406350e0287c59e798339fffea4fb665f1612fd,1,0x02b577f7a398e7824650929e51106fb384d42c35900a8ebbbd5d0f6ea3d7e90ac1,0x04b577f7a398e7824650929e51106fb384d42c35900a8ebbbd5d0f6ea3d7e90ac1208e9bdc61b814c676dc4e28cd6db0e8f774d0a021245f39fab42159e246248e,0x98aedaba0483c3e6fbc7f050ef1fc177ea92c8d9a874651d23bf9f3ee7aeeb65,ok
0xaf8d76bc8f7293e579f319e4d4fd751ce324a6a9,1,,,,contract
0x54e6963b667de27545a0b9691cf582031d2995b0,1,0x024f924de422ef84258f7fae81a531fa1b76c2fe983ca3e7cc4411ca1a9e3c80bf,0x044f924de422ef84258f7fae81a531fa1b76c2fe983ca3e7cc4411ca1a9e3c80bf7fe8063f33d99a2a7d1cd289d83e7a9033f7232b1bebfae6c5467f4390e2c0ee,0xccd4f3dd7f7d4b288fd762d49d61302f257dda3428dfbfc25e10127fac9ab505,ok
0xe0d69f89b115c5c416589cb992a21968389a0d76,1,0x03f9caac7a6ec37d5209b7ff1ffbbe5217586db5355123b81a3e1e9181da65bb17,0x04f9caac7a6ec37d5209b7ff1ffbbe5217586db5355123b81a3e1e9181da65bb1709f1d76f3e35ac7ea50b55becf89a09890e1037dc47068049dcce812e6474315,0xed9b3381007343eb07b8b7cf648e5f9942a78564fffc4fcf73a6014efd7a65e4,ok
0xb0db5ad13caf30649b74188290be2b3ffa6e75c4,1,0x03fbd18827ffb36c0b9f9b38ff6c24370c1dfa4bae7f00714fa06782b1497c31b6,0x04fbd18827ffb36c0b9f9b38ff6c24370c1dfa4bae7f00714fa06782b1497c31b643db6b6c7563566b265150526121f221b038e0e731c58653e5099a7b87419877,0x3bd2a8548479030e01df4de0b0bdd52f79f59699178a43a52162d48fa029125a,ok
0x2bc43ad22622744d7acb8a7182a6b5871f065553,1,0x020c25ad21c059dc948b352b0cc2b1b8c476beafcf76621793e873651758ccd656,0x040c25ad21c059dc948b352b0cc2b1b8c476beafcf76621793e873651758ccd6565ff83cd04444bb81fa35b32cbae4e6e57a37d083ee6ef9566c61efb97632278e,0x4ca22af536b0a32081909a3a1a26cee45646f87ef04210c5dbd0eef43275fd2d,ok
0xb801f6791abd3207b5e93f563a428dae58c90291,1,0x03f6c5ac4ee065fc99cd14ff9d171f81cb068c5f6639127453d201d13c34ce9c05,0x04f6c5ac4ee065fc99cd14ff9d171f81cb068c5f6639127453d201d13c34ce9c05d0976fa63cd563238a512eafa0166b18ad7577a48e3d5c97ab52e441705f7987,0x5a4166eddac38aa9dc629b4807321afd3dd2d9e60c6353821ce3d6feb48df969,ok
0xe98ad4df80b4dfd75281d5a305f900d7be5ac713,1,0x022c9ccab8faa0e0064f3874c457542178c62df887446552ff11ff0a1c37f88a4d,0x042c9ccab8faa0e0064f3874c457542178c62df887446552ff11ff0a1c37f88a4d8abf100aaea4118ad5a2690b67bc590acccdb66505809d992a9c50f0a67579a4,0x567e39e5d096ab132ef8e5b2b945e5ac69a6a6e89a882ddeee62a995f16c314c,ok
0x44b7d855d1d1431f74c4a0bed1123ea95b929140,1,0x03a9c9c14e23c1fd0dbe3d15051b80dfc9f0b176ceb4e633c9aa2a0e5ecb4e127e,0x04a9c9c14e23c1fd0dbe3d15051b80dfc9f0b176ceb4e633c9aa2a0e5ecb4e127e362c2d9a84d384dd1535a63a268d64aad3d1ca1c57a4ccf2707fa868ff3527b1,0x891b93306623e5cb4f3c58946beee28283bc136402bdbcf1e107461fef0fbe35,ok
0x77dbfbb271a15e376ee14344fd148f3ba9315b31,1,0x03bd5fb5fe716032e5aa0e23e8d69f315c36485b57c45ab303ca01300f842a2b10,0x04bd5fb5fe716032e5aa0e23e8d69f315c36485b57c45ab303ca01300f842a2b10eb7fe22107b89ff024333f8d1185167e476128b787869c6ab88a4d1dd6ffcfff,0xc0610b2641b37b7ff9d8299ba05c4e044bdf8cc9934f7f52a086c0add3b82e11,ok
0x2eb8aa11450e331ed1603097c1bee5c97dbed92f,1,0x02021150bb5065f485c667c578e0e1f9cebd3fde7e4eb47dccdd129102fbbcce8e,0x04021150bb5065f485c667c578e0e1f9cebd3fde7e4eb47dccdd129102fbbcce8e79d2b3d6f904619da63400805ca055f7ff3cf87d9e30758dd809654857ac11fa,0x0ae9824c2fcfb0d1e00837e21097b5287e0de4928203fe04d55784a165678b11,ok
0x5c4a0837bdd2c5fb9ac11f389c6cc157e9ef53c2,1,0x027c990fb794f5f64f47bd4bc464ca9793d078298fb10fc55f7cbc031028479b9a,0x047c990fb794f5f64f47bd4bc464ca9793d078298fb10fc55f7cbc031028479b9aca13fd3bced2b272c31da83f0fcfd1274859b74dfb6c36442968ea467a898990,0xe169be515196d7652d612f2ca6ac318c2a874d9aec6313352807d979835b1800,ok
0x43d14ef413eaf8671f175e58f78c4077d16c7873,1,0x02ef749c17da0fc60ced979432f835c8fad27b5a51bcefa39e5cac690ca0bfa4ac,0x04ef749c17da0fc60ced979432f835c8fad27b5a51bcefa39e5cac690ca0bfa4ac7c03c3aaa53723c881a59ac15fd1d6ad5f146c61229793de646a5bec2543ad9a,0x0c52ab968cc6ef7a683af9178df9dfa8d7fb3e6e73c534ac6bf5de2a0f8a5670,ok
0xfe6fe10e34ad536a0c7119ed16a64cf39c3dc67e,1,0x03653e9731a87fea1c030066b8e442829446ef1c37008225cab4cd937941bac0f7,0x04653e9731a87fea1c030066b8e442829446ef1c37008225cab4cd937941bac0f799cf032f90fdbd58168d6c4fb520379bd552354993b8ee427691f36a7343e1a7,0xa1390e455d08da5f4f14ea2529b9837f896bb0448fa9583977a4fd7dc60af572,ok
0xf863517bc7fd199394736b9aecbba5a3fc5f3705,1,0x036a72cf94b678db6aea367b0b8e369b81789a36b176a9e7ca6942398a056a325b,0x046a72cf94b678db6aea367b0b8e369b81789a36b176a9e7ca6942398a056a325b29fed83648ed89bd0a7d032bda57629e75078dbe5a9e603eff7f8fe2a4297ae3,0xe62f92a6316cb2a0db884a82a1402cf7580a2941a18a4c5a45174461be644d23,ok
0x06a10a2f5c767039025998b63c325a106075e43f,1,0x0207f9e98e08370b925a34f7d7863ed5e606df12ed759d1c44b5ca37de78c64dcd,0x0407f9e98e08370b925a34f7d7863ed5e606df12ed759d1c44b5ca37de78c64dcd95ffdb7c80f679dd3af9eb0275b7b5b6096b2674563453fa2dea194a10e08ab4,0xbbd12faa0ea5938d2ed2fa23118e57bf891b766d5f8a368c5f08f2b2606da305,ok
0x996fef87a19401e7f434a6172155118e41229467,1,0x02c72ce7e960dafefb9b763fea8408b6969a38516f8beee64ad3360c2d88c9de71,0x04c72ce7e960dafefb9b763fea8408b6969a38516f8beee64ad3360c2d88c9de71cbe759e689b02aaef1206bf5af877c07bb6d0516fcb4ae4ae22909a026a396d8,0x0e8e78692d1f1248b2257e15be68ebc5d2935b675444cd26deb88ef073b04519,ok
0x3ca76f8156f7d09f2da91739c71c1735ae762770,1,,,,contract
0x3b273eea2d043a76e2e77e9ced867d39d94720de,1,0x03cedccf76368230154b4246e54d3c69f756f6e0b3a4f8022a3b11eb3315508c77,0x04cedccf76368230154b4246e54d3c69f756f6e0b3a4f8022a3b11eb3315508c77f4fd0eef1637372d3ba4f168942e314e2b6b4c5d1d1f13937e32dbe15a2d2e9f,0x602b21136661b0edbd773594dcf14f59440a7dbc3c6124e5876c2eff4cc89741,ok
0x7944de2b4913470558fc2bff7303321ebecb9af2,1,0x031f5ce2f2e71c7d714ba6c35e54379b0bf5ac2fa1ca89e1fed1d11cf7142da8f3,0x041f5ce2f2e71c7d714ba6c35e54379b0bf5ac2fa1ca89e1fed1d11cf7142da8f333201c0164703e7a0f5fff66a0b2d19a5f7ad231dff840ee379a0ef591730ecf,0x4060fb27ffec774258eb1a7b51b33c3eb0d30b21e875876afc59ae1bf4a79404,ok
0x15e5297f5c77753bade219848ccbedf0f7b69060,1,,,,contract
0x1065da3ad607982960f380e508ec180b0a8af481,1,0x020f23d6af0a999160a6483d3048e3a2a4919faa0d532ad9875f40bf6d75b518ff,0x040f23d6af0a999160a6483d3048e3a2a4919faa0d532ad9875f40bf6d75b518ff800a52778a5519ebc98481cc358b842ad7eb55d484d2e58671bfcab96ea328c8,0xd786eaf2ee34506719485f6cf40f09570fb73950ffb6827761f6beac9f6bcb28,ok
0x1af331dc34dd7c5c62af28b5685328318b61888a,1,0x02ce44114a6b1ee1d400e22c6a88563a12f574516ed72d0571a1447b978795a612,0x04ce44114a6b1ee1d400e22c6a88563a12f574516ed72d0571a1447b978795a612a2d3dfd1249c14be400fc3bc2d2cca854738b5eec4244d5cc21cdef598f17100,0x7869166bd3ab7fe40faf5f16baa9407763aeeee1c0b060a61c4914739dd38577,ok
0x7ef2215fb78480d391c23324f5bfca71ca85c6ad,1,0x02016d3a569a4660653154a9e7dd73562440cc8da662ed30acbb6ebe18eddf74d0,0x04016d3a569a4660653154a9e7dd73562440cc8da662ed30acbb6ebe18eddf74d0c70dbec7200a93c6ac9de9e23ba3e8c1ac738336e0e54e5be1a11b0574b2ab32,0x5e9f93ce54ce01f59e9d5c1439897f8adb443be7884d700b8cba7c155dab55be,ok
0xfa06499a9fb4847b3e1de890f626c5d58f4f1312,1,0x02247e95a53346e865ae104c2fe9c2898734a4c18be0e8e7c96831786fbff55a2b,0x04247e95a53346e865ae104c2fe9c2898734a4c18be0e8e7c96831786fbff55a2b2e38c6e65911e6d8e0bdef8097127fd945758d60c5ddeee47669cd6e2ba62de0,0xc9b1258dab7f405b36e105e65325c43036c585b4b9e74ce9c4664c5a94b62d1d,ok
0x5685a0d411e88fdf99702189506540807c0fd4f0,1,0x027c4a183252283fa71a452d80cbb7d6eca5d8da8572811b5475b3e0bfd9fd7d4b,0x047c4a183252283fa71a452d80cbb7d6eca5d8da8572811b5475b3e0bfd9fd7d4bee3b6c9a6c5de7d92dcc80ac66c2c9c38574987c094a2b31674dba7f6def068e,0xc2e77a3cef064938c3bb8eb3597a72b17a97076ebee10b557db32219cdd5e72e,ok
0x08669300fa09a75d8b17034a01ec9209cdfdee3e,1,0x0303e3200f265f509c99a3e4b04e0e69b0ef39c287975aaf1cc3e1fa4458c3e8c6,0x0403e3200f265f509c99a3e4b04e0e69b0ef39c287975aaf1cc3e1fa4458c3e8c6451e8d1fd7f846ae70bc6c2d8ea8640e71fdebca48bf3cd1b29824d147638d8d,0xf7716008637239a8a2fda02a869dfe64a021eafcb083b945000bf4b07ee6deb3,ok
0x1fef60da8aafd554ddbf04539d31813799fbd1e7,1,0x030dd0176fde65d1817e03420338496ea78fdbb40b6180a308c0cdc3cf5b6a2bd7,0x040dd0176fde65d1817e03420338496ea78fdbb40b6180a308c0cdc3cf5b6a2bd7b9a47209c17e69ef2942e46f593ba6575c9a705b70d84db51bb93e905984182b,0xc4570edc67e31628f04af8869d21aa5fa8f5deb933c82a7f006f9bb4766f42bd,ok
0x3a9239bd1788bfc76f0927abc5c6478d169660e0,1,0x02a721e94f187e7d9db827a716dcf07bd981aa3194924dddd2d82cc797516dcf0f,0x04a721e94f187e7d9db827a716dcf07bd981aa3194924dddd2d82cc797516dcf0ffb23601f788b676bdeb68abddd99a5ce9b1bf83a8e2be328c52e998f2d78a628,0xd76f524969b19b767186d99b0a53bdbd46983ffb948e6f456d9985bfab20f41a,ok
0x0c6f6e5e6bcd5799f432045294eb2c1da8225ddd,1,0x03e7f144a62ff1d099ca2c2822c072d114ee2b614e3b8165eb289c506425e682ab,0x04e7f144a62ff1d099ca2c2822c072d114ee2b614e3b8165eb289c506425e682abaa42b354eb131916d32512c68a0df7ce1f7a274096a2549eab294d73897a55f3,0x05947e0c8bee62655f938b5682969ef658e0695d09866c9e5733d9fdf5964907,ok
0x55cb99106adb9e0e69a1877200caba13223eb96b,1,0x02e1f6284abc5709bfd085a37ac795c05dbaa2ecedac10b7bfac8feed0709f9ff3,0x04e1f6284abc5709bfd085a37ac795c05dbaa2ecedac10b7bfac8feed0709f9ff3289a83a36ce97281e2c226e8fee428a6f874dcf904cb93d569667373da9b2930,0x46df140b66cdbf5268f0d638a8be8e0a03df3ebc42bdbba5b9b9ac92e1b37d81,ok
0x49ecaa6d98efb48a2fefc3c9a1194e5e602bef2f,1,0x027d3437b227227f67322a02fc576ee0ddea3de5e4c06d1533eba8ccfd29a6d03c,0x047d3437b227227f67322a02fc576ee0ddea3de5e4c06d1533eba8ccfd29a6d03c9ff7d539ddf739cd004bbc3f1f7172f6e766a263411e42ab0eed1e5a117bdd96,0xb29fbb6a28df56989bd51c3bf428eeb51bcd6926e8a309d9db9cd54377bd1c92,ok
0x7ba2b9614a6970372001c44225fb4f06bb32241d,1,0x02cc45666e004413c5a7e26178fa35f8370dee2738051c082f5a44191a35fe3f1d,0x04cc45666e004413c5a7e26178fa35f8370dee2738051c082f5a44191a35fe3f1d934ed17ae2e09648dab30941811c56f400f0c2b800491bd9ca1b7e2b061e30b0,0x95b2f081f4a28db2caccef8901defaf3dcd748b4a95773d1b744e3b0d159c0e9,ok
0x987a55e2fa8cae74ac03fa957e5a09bd6d7a2b5c,1,,,,contract
0xceaebfc210931872822f0379c0ffacdf28e79e02,1,0x038e3bd8172137337e2a3add53624b301945218275d6d58e8856c4b7d7129eaf30,0x048e3bd8172137337e2a3add53624b301945218275d6d58e8856c4b7d7129eaf304cd5e339a329390bf97eae4226f32f8205d9cd97a255b2204d960398897b2795,0xdf5ff2a9c4b539f63021ec657561f4fe12abbac28bae3f6644a939e10df1c5f6,ok
0x33bc11594bb1c95c3805048605707267355eee96,1,0x03325e2be1a6ffa5a8ff69e1521f686a1228c5962908371a39fe30bad5906bf16a,0x04325e2be1a6ffa5a8ff69e1521f686a1228c5962908371a39fe30bad5906bf16a4ae9bbcb89a2941cee83311d5b048d9987a777c661f4b77f1046eed4738da2d7,0x0540e889732d229fd0c99875b170ea82d8a281aef8b3e61ca82146cfc3e16856,ok
0x5c8777c6591a54850655d8005d2e3437905323bf,1,0x03a7b1f06dca58194f3a9e05de8c793232f795d53eb425f1ad89d4af2e87b23b7e,0x04a7b1f06dca58194f3a9e05de8c793232f795d53eb425f1ad89d4af2e87b23b7e71986fba8f39b6a1a649542a0fc50b3db9e3c9290272341d5301f2226ebe60ab,0xa4140aafe8d4c82e415b762fb60e540268cff9d751a9c51bd0a59efb732af72b,ok
0xcd6bd0a7db72b5d01897ec8e2af2fd5a1d3bcb00,1,0x02447a4ec902a7b01c5763bf55eb1835eacf044e10db615fdfe20cfab1f3e3f518,0x04447a4ec902a7b01c5763bf55eb1835eacf044e10db615fdfe20cfab1f3e3f518ee928aa0859998b7794a34370b43b8dd9f183c61aaa9af51894d7ac631658658,0x7667a916f45dd648ba11920f158ae0d90674b9245fb7d4a40f4d6bc4f36fb86a,ok
0x8d25c6e84c9031351344bef80ce1c4f9bd789ebe,1,0x035b8da5de4ed6bfdd7576b53b2b7c7251cdcb685c1586d0613e15109158043aba,0x045b8da5de4ed6bfdd7576b53b2b7c7251cdcb685c1586d0613e15109158043aba436cc1950b44e45ee40a953823c9f03cbb57e86ab9aefc1e19e9fe888269f297,0x555cf55e656bd38d5798d1bad4a7864d0312f09435c3f952e140ae0b3def8b55,ok
0xd61b090d2f3445d97558a57588258163eb4ea3d0,1,0x029c4d4a1623d51f2d44e7360d791787e2b5625e99638a4347c3e6dbd05a79d0ce,0x049c4d4a1623d51f2d44e7360d791787e2b5625e99638a4347c3e6dbd05a79d0ce49ebdb009d2eb4272732c00774b1733f5a042012793feb09b7485f2f470e60c2,0x19f816969ceac769e5899621312dcb8fcbac68c5a751e184ff843bfa7bd3cefd,ok
0x42bc42766e797183e12112c835779a289cd1a1fd,1,0x02f6dc5b0c25e99f36d2063e50bb562c22a8d2321c88599b96f14b53902473eb00,0x04f6dc5b0c25e99f36d2063e50bb562c22a8d2321c88599b96f14b53902473eb0001f62bbde0feb5d51433e4a56e5c016f4e48c1a53a537cd78014e0ab32a3f47a,0x4c7ce5744874823fe381e96bdceae6108cae51204c5f1d8528d98f6180d7fccf,ok
0x5c24e2d1d8a65bbce1cce1b6fc7d9e429a6dc895,1,0x021884b3ad86a82b38f6805ebe7ec41da5e86318f402ae596a2645925d091efae0,0x041884b3ad86a82b38f6805ebe7ec41da5e86318f402ae596a2645925d091efae00ac10f2cc52938f5ae06c20d0ab2ac1158a1763da7834c7f3835f38e6b743f82,0x8f678cf172dbc71ffc1a479b0118dc8f87ed64182540262a5afb28fad63d8757,ok
0x91d75598b1319a6c899815872819879a57c97494,1,0x03dad4f55dee6f8e1169da2f44b54babdbca3af18275d4824556b962648a69abd9,0x04dad4f55dee6f8e1169da2f44b54babdbca3af18275d4824556b962648a69abd9e17391be5a5ff2b07e40a6263ab79bf368d8265115ef9e39aa206a1d726fdcdb,0xfd917df5e236283da7ca6875059e7821ee82126e50f3174ce6259c2ae7f8ebad,ok
0x27109bf5f542f32346b4bdc0ac3989f8397f3de3,1,0x024b493e6a73eb1e3eb9018259c5ca06ed5339244225eefb8da946a0f7a5df58aa,0x044b493e6a73eb1e3eb9018259c5ca06ed5339244225eefb8da946a0f7a5df58aa762c64154213c5b2baa93026a2b4be301c02563172496ecafa41ba1c7ffc6f8a,0x550f26273fed4d012843e78fe64cfba583484db75284eb7bc0ccd8ee7592c43d,ok
0x245754a1545ed3d0ef1808068c748d1a5c43d7a0,1,0x0289609d2acf1f1372ad09d0bcc359cc99bea4290ab3634b34f0366c41d3cf7f9d,0x0489609d2acf1f1372ad09d0bcc359cc99bea4290ab3634b34f0366c41d3cf7f9d628e593eb425f425160c50d755187bc58c02b971d64cdc710a4b26cbcd4d981c,0x699ba46d82ceacbdb070b63f60124c148c92104a68de04b377fdf1c4221d233a,ok
0x1dc7c95a310fdf37dd361ce8b5f01119ada884d3,1,0x039ce98af6d34e52454732ec215e5b15a44262d19d702de5b7c57eb411ce8a6803,0x049ce98af6d34e52454732ec215e5b15a44262d19d702de5b7c57eb411ce8a68030c44617c4744b7c8767c1603c2c7b4435d7737fbb4eac13cee19b768003dec9b,0xd6beca1a3a341f59d0bb8f73417a986a1c9057692fdb1e3dcdc089c6e795d8a2,ok
0xfeedcf67b52d9995fbca20a1cd04bd5fc730f177,1,0x0219356142faae9e288f99a10229195f2397e96466fd150cb0b24aa7c688209d53,0x0419356142faae9e288f99a10229195f2397e96466fd150cb0b24aa7c688209d539a462377a1ffcdd3938cd47172f3833ab573f5ed22f11aa6a5fdb7011cee8fe2,0x9009e6214b7f2b4c7cfaef9888c312933d40db8162b0ebc5d0a305910bde7cec,ok
0xc9e1399e2a355fc8f44a2d1ba4348c52973b2f05,1,0x029549ee83dffbef97610f1f3c92fee38e709ffe19f0b3f83f5d5bba75b1ba8814,0x049549ee83dffbef97610f1f3c92fee38e709ffe19f0b3f83f5d5bba75b1ba8814b2c1e37af0e11c5c38db751b999a53d8fefce80aeed6f38ffdb63194a1418790,0x8824ac56a42ee6606361202173fb41870c804a83ef2fbba843fb3fcd33aade04,ok
0x63b3effbd7428eb00d9e1e4089122b3fe450fe8e,1,0x02122a4e243fbc835196e8fa8aa0098394b157ed0b87f86c1887717350cfce8f82,0x04122a4e243fbc835196e8fa8aa0098394b157ed0b87f86c1887717350cfce8f82a7ea9a7a503fbe2183c2f4bbd940237f8f94ef2d706472a45271ca14a65d5a64,0xfda5cbda2a465cc1f5bb234b38568e350e724c00e4a057094b3cac9401f13534,ok
0x0120dc502d08b19d37a24c9869ef55e23efa1ae4,1,0x03eda5f842eb2ab415c1c68b470a8140a5ef251d6d82e434374964f124856e3a86,0x04eda5f842eb2ab415c1c68b470a8140a5ef251d6d82e434374964f124856e3a8622d5d0f0ac72747b3739181c635773cf9799763bed543e6d85a3d033fe11e629,0x10f25becb1bce99366b0322d8b4eb34ca63c887d3030f440d156af4f3749c09d,ok
0x48e9b6d8cbafafcd38b56cc26ae4f796d29ab525,1,0x0394b5965dfd298271116dd4825f4d3eb43c4de521416dad486d069900b5873aaf,0x0494b5965dfd298271116dd4825f4d3eb43c4de521416dad486d069900b5873aaf88dc2cac3f6baa7dd36336aa446c652bf7de1527acf8dd09c544d9302946a5a5,0x20751e81e13bd5676d6c6712314d5c68360189729de6a314e4057ae0e094b6f7,ok
0x00e86f354495c3522af5b26e25575d1046cd792d,1,0x02c29343d8303ac8fde253d891ba0cb99f107c22654f87d52340f94777b964d220,0x04c29343d8303ac8fde253d891ba0cb99f107c22654f87d52340f94777b964d220db9b5f236a376a2251ea757248f5e1cf4bbd5f3676fe25605c8cce58106c00f2,0xe2765a8f5e6baacc56b532ab6be74307f3339e4e41cf24462bb79606ecdf0f17,ok
0x5b9266a69fd952e3dcf9eb89b55ae3ae08ebb55a,1,0x023bef287835e5abb33d907ff0689c0e803e923deb8bd4934f15d6c8158d964ef6,0x043bef287835e5abb33d907ff0689c0e803e923deb8bd4934f15d6c8158d964ef6886cd573269c0c192ba0eff9b274644576da5af7d2ea28f1b61fbd8c61f60392,0xc35b731cebbecfb6d307b4a2fc5c95a7d73e4c01cb46f6036c52c253a496ba4a,ok
0x48d212c40ea14c37aa225826071427b9d59c8394,1,0x02ce5158b06315913e94e707cb71ef2ed1a2f4e2ce6549f5c91f8d9ef915e1aff9,0x04ce5158b06315913e94e707cb71ef2ed1a2f4e2ce6549f5c91f8d9ef915e1aff91dd8997c5f79b9308ad8a8414cff5f0f48c1fbb299064deb34cd4e7331c0a658,0x0a2d20cee5d7a977f66c136fd81cf37cb64148988743737f06d5b227282538ae,ok
0x93085af7a963e43c6b56c6ac2dc71cfe1bd1923d,1,0x03f3609d956de3eba2c683e5c1bed4ee4178a286f3e1e61653ee54cf8afeb497af,0x04f3609d956de3eba2c683e5c1bed4ee4178a286f3e1e61653ee54cf8afeb497af6c72d2c78581806a8767bd9a65770f8f89ec51ac2b6feadf97aea629069eaa8b,0xb2e0cb148408694cd24ba17443aa64b5e8823f9d0cfc8a80046e28fa1dca4332,ok
0x9e1fe176a17e854eaf6f0a3d43f02b35e8031dda,1,0x02bcd65eea33df6b09c8239d79385dd4def73c74c07e969223c9ae43b7b0eee292,0x04bcd65eea33df6b09c8239d79385dd4def73c74c07e969223c9ae43b7b0eee292597e89b9ce8d95ea5aa757581eb60850e0e4a94774495ec8205455a9e7d78628,0xc89a5911c13ddc074683f6878dde842980a410bf209886b3bad9b29d0efd5e62,ok
0x5e72e61c4bfecff0bef961c840b1eff3801b66d1,1,0x03e05b27def7f0d0d8e2cfe7dac3faebcfb091c5747539f388495bf787445a5c85,0x04e05b27def7f0d0d8e2cfe7dac3faebcfb091c5747539f388495bf787445a5c85ac6bc0fe9b86ecb39f3d81be2c9d6241477a8ae2533ef4e8ca14a0e0fe2254a1,0xa73cace125a5885723c8ba2938a2982e88e99d91128204e7ab3ed52e0b6437e6,ok
0x538726f0b81aa35b3392f3bfa73646da4dd741cd,1,0x0363a6dedb3c9f22a9a575a6322d49cf2c9c61f0841439cf55c86ea69afcb4863d,0x0463a6dedb3c9f22a9a575a6322d49cf2c9c61f0841439cf55c86ea69afcb4863d93a8b20d663c75c3df27ffda718564ab1d923854ad07601d4aa9f9b495804967,0x5e5b7beef7afa429759bc4072795edf41552f9ca8133b4cc49ab5a017230ec90,ok
0xcc0960243d099bcae96c0d1aeacdda01434d2ebc,1,0x03e3ecd83d3b57fea5375b3e255eb0c2a18108f326ea495c6c480a3d9716301c96,0x04e3ecd83d3b57fea5375b3e255eb0c2a18108f326ea495c6c480a3d9716301c967bc97f02ea0adb8a1f90d2f38a42bdd22a253133d1b22b9f794c842d547142b5,0x88c75615fa42ade0026bf0bdb91291f011568ed8445fd1936a7af3d3418e7a0a,ok
0x703b15deb7001ed9f6f401dd58fa301fce511190,1,0x03ceae42ee18a1f3a09e44df13f17cf57233012f0b9c008af1128a2da268bc8385,0x04ceae42ee18a1f3a09e44df13f17cf57233012f0b9c008af1128a2da268bc8385e0547eb72d1d428d668b6bdd58cc60eb94f8fa16e76ad44fb874e06d4ce492c5,0x83c349fab0e47cd3b93162293373442dd4e16eb434d0612bd01e3c12f9c8aeec,ok
0x6d48a950ded675037f5b9fe9ce16a55b86531601,1,0x0297fa77ad4e5bd62925373de21b0e227ad2512722c58ca79a021677cfa1f6c4a6,0x0497fa77ad4e5bd62925373de21b0e227ad2512722c58ca79a021677cfa1f6c4a623e63e8295629f56d6bebb26c5fb6d23ecc5734681a7e40bbf1803a7d195aac8,0x615bd492928fe82e802f42ee93996b504671237cb54d1fe9cec002175e5a5f5a,ok
0xff46a24a1e6811a26e44486f4e5035e2d8959a42,1,0x03de3e27dac5e46590e27e3a701e874d44f498b932358ac4a6d0312b1cba58e69b,0x04de3e27dac5e46590e27e3a701e874d44f498b932358ac4a6d0312b1cba58e69bcfe8521a03e07fffd3a03a4cccd6028d7e700503436874e023b43bf864bd6e57,0x06dc4acdbc755fce3b3603c1976f3a797a06ceb8a6469b24ef7430b2c00626c7,ok
0x3ee525d2d3ba64e26c328c36065127a780ed5725,1,0x03b4103618a9719fa7c245d9cb421e6a10a485a00633715ba67b25def34341a6ad,0x04b4103618a9719fa7c245d9cb421e6a10a485a00633715ba67b25def34341a6ad545936c3a041bcf4762b3cbe47afea2e2a1bfaff0ab75cb701c3bfdb3f737343,0x980abf8a087f5121832719fecf7033f88e31cf07c9fbd17d339a26291ddcb616,ok
0x529f74169061282154523d8981b0034d1a68f10d,1,0x02f305934aef2dbbd5541e45a8bdeb0cd6bf41550000087f9c408bdb7a7f717115,0x04f305934aef2dbbd5541e45a8bdeb0cd6bf41550000087f9c408bdb7a7f7171158d26dae653e085d9e649724caef5fa58b99dfd43295311dd6d943fc953f6237a,0x4cc48f85f622bea796b9af1837d4f617465c5392925a5107f0fe88e304005392,ok
0x2321574d3310d6b8bc3fee20dbf3602f3e851617,1,0x0211f0e0005cb93070ea704cd06f412dcec89b370aa232d690e759cea67a96042c,0x0411f0e0005cb93070ea704cd06f412dcec89b370aa232d690e759cea67a96042c067fdbf2c1cf5c8b4d6353a4acf69662c609e3a329a448b72ce237dbdb913058,0xb46175ea0a2a22d6e1b11f4908d0345bbd520ce6bbabdf810f8bf70b468f0940,ok
0x09cb8cc7eacde3c019305e2f8c002e554a49ea56,1,0x0302c64a36e17dcda27d05d24eb5eacf7a96db337564f8658b9328e652cfa54418,0x0402c64a36e17dcda27d05d24eb5eacf7a96db337564f8658b9328e652cfa54418581e8fcd59fadeb74a9352008e9426869dbb9474934e047b273f354af4b22ca7,0x7b0850f8a5e1cd142beec1c8701ae274398214039fb259b2b8cde7be24dd27a3,ok
0x74b30624e7ff905816773c807cbcee95c6059504,1,0x031665948235d10312cfaa50e7379ed5c02fa57fd0a3e0fd0a03e36b17d6cb5da0,0x041665948235d10312cfaa50e7379ed5c02fa57fd0a3e0fd0a03e36b17d6cb5da0c107eb3c05ebd6a4c0e59399cb56fc29f167e1f61126cce082321630c7c33b33,0xdeb6c3d233bb83f70d75a9a77883a129a804a377174ade6eed89114ca71c9c5c,ok
0x3c112b9dde0e594182c10250b8a2b72dc66c0bf3,1,0x03966eea342ff56041a00c5ee88db0579500f3716c7a7148d59502df750e733af6,0x04966eea342ff56041a00c5ee88db0579500f3716c7a7148d59502df750e733af6aaf95d5815c024c1ee6603e117081c4b0fd6074bf02b009c354b92acc0ffa9ab,0x315e5186ddf4985165b90f36ad5cab44642a9212a42e0f93e2cadaff6504fe40,ok
0xeef58bc9a927698005517a6f1404345332634a6c,1,0x02b2d47999a85de8446c6d4a3fb03f53613dd41824681a0c522bbe8e4f5df32bbb,0x04b2d47999a85de8446c6d4a3fb03f53613dd41824681a0c522bbe8e4f5df32bbb7ebc11fb4228e97becf570a8f79fd576071ace3b58d752e3d1178350e2d2bcbc,0x0f2efe8c7d686f187592dcdb1feb4cea1def80a843bfea0b53c5eaf8f0246e0c,ok
0xf282745df2a1797e61d2232e45d9068d91f8b9a9,1,0x0256dd727ee4128d1eadec2f65b3415b8f74299eba86de60efaf927f445a3dae94,0x0456dd727ee4128d1eadec2f65b3415b8f74299eba86de60efaf927f445a3dae9431643e7052a4b485a617cae11eb9953f0c7a4123737cffb4e06f52cafb67c2aa,0x861bb1015a8c8db3123548b6780644c426f40a7f64ac4c684526ba26ae8e6443,ok
0x2d0bf022e326eecaf231eead1a360f6472b715d6,1,0x03f14235eae9fb5f05b8b2a3ca315be535a8e51d685d87ae81b60b7820cf451179,0x04f14235eae9fb5f05b8b2a3ca315be535a8e51d685d87ae81b60b7820cf451179bce0a4200618861b32afe2ec2814bddf78ab8d9c5780e9455fe9b74b457cda5d,0xd0e6337f848891aa090f181f05993ffbbdf63ef43128b44f05874316fe80a51e,ok
0xdbda169835bd47e8100d264d43830300a1609171,1,0x030694c07994167e78612204ce2bc1daad92821ebff9faf8b5ad3e7f37e8f9cf57,0x040694c07994167e78612204ce2bc1daad92821ebff9faf8b5ad3e7f37e8f9cf579b55af1cf75e3e855610c14f4caf6164a0160004d69ab50636b760522569f91f,0xa845f66ccb157df994337c3b9cc0f2bef4cd400d8959efd2d932bb9671c65845,ok
0xc4753e46667c993a5e144e1cbc950dfd7cedbee6,1,0x028b6616c79b885a952738d760d5a90d0b9c89979ef4ae11eb62ff9c19045b847e,0x048b6616c79b885a952738d760d5a90d0b9c89979ef4ae11eb62ff9c19045b847ec531ee7b53c890f6598ee5d605e29b7b1259c8c78dbad63ba0d1852a7eebd09c,0x875310da6b9c450a5d1dfd2adf1ca421095c581f38b7087c120e49ddfe90e11a,ok
0x235be7e75e80af8d78d0936e564c8036795434b2,1,0x02d8ec80ae3c57c38f70940d136e29793d48026665b5c411fbb883731c04cf4622,0x04d8ec80ae3c57c38f70940d136e29793d48026665b5c411fbb883731c04cf462284e426790166e088956d831bdb45c9ed0c1d201dfe1cb264579b8506f5f95c74,0x7e91c7d409f652fe7ccdc756438110b81157ef62fe3168f18053778de33bf06d,ok
0x6dc84097f2ca2fea32fdda70225b57157f8f0006,1,0x03a58910faf4fb8a0bb543375078a18e6b2581945fde88c3cbfd9fd5258cf50039,0x04a58910faf4fb8a0bb543375078a18e6b2581945fde88c3cbfd9fd5258cf50039e805e5a2ac78f9e78b0db872ffed696dbe4c2b6672d79d36f270de3cf02fff21,0xd28214e9e223365a8fe7b0e84b3bde5eda7ee1e5a41beb61170a2432ba558124,ok
0x021f8f2eb5aae87c32e610c61bf47b907efdbcb9,1,0x02dfa5cc8978180d33c44def5a709ff4ec7daebd51bda5d36c9f9643e6238a3490,0x04dfa5cc8978180d33c44def5a709ff4ec7daebd51bda5d36c9f9643e6238a3490fc6b392c24c00bdf876a63f36b8e4c7dd1524096126477d24bbcee8762b6fef0,0x0e6a6d28ddbdb408bd3b318b4da99e5d4dbe81974100db1116623468ae75e952,ok
0x7d170adb4a15bd960e684f97a8d6bdac3ec32645,1,0x02fa37fb40d127c45a93dd713f181b489fdf566cea55a7ea08f74ddf79a1240484,0x04fa37fb40d127c45a93dd713f181b489fdf566cea55a7ea08f74ddf79a1240484ee3ef2ef364e9cce8474df5a34c047d8dee6f45709de67122dfe4af7c5f1ce20,0x238601f9e6f592c85330e1eb54d8ecb21bf6f019c2c4b7809b7c0e4a3c3ebf4e,ok
0x1f087563efdcd101b61de9afd00d3e9e2e9af411,1,0x0324fa5a49db41572984348420f3e07d18cf169d8c6d7de6cf20d3de9edd3676f7,0x0424fa5a49db41572984348420f3e07d18cf169d8c6d7de6cf20d3de9edd3676f766d082ccec1415a35db58905a7e125ba607861a6e1f1a9902d9eb2a4190eb1f7,0xf55133a9b1f6a8f9f98209ef6c7e773938dcf0abb34433819bfcc63b71aab442,ok
0x02b9497b41cf4dfeeb1cf114fae4fe01b7207848,1,0x03c6a0a47a771b4332fdb50c11695b9c3a2513776e9d76ac12d297637dae6c34f0,0x04c6a0a47a771b4332fdb50c11695b9c3a2513776e9d76ac12d297637dae6c34f0e9d8514c500d9cae78589e3d9e9e1788283cdce503f1ecf411b36b5e74f0a621,0x90de0fa22b1686864bd14e38eb4a9bedeb819ed4ce27961e0b329417fb343726,ok
0x77f6a2313fbfcdf13c5b3f94a16829c53b08023a,1,0x02d68509591e67af3a376053b553533d487c9c6104490fa68e285e2537ad774477,0x04d68509591e67af3a376053b553533d487c9c6104490fa68e285e2537ad774477dbaa05af2fdbf207ff547a6be36d8a35ee7b345aa31b3dad14b6936596407a24,0xd3ef4e05e80b74fa971c02c1b52aeb194162e015d35ca119160da25c54811a0a,ok
0x7d3d0141d9d62fccfad2aec3827599668d9b66d8,1,0x02a0448430f51bc7ed0bb7538ec386fd6156268c92b37ab127543d5b78f367f808,0x04a0448430f51bc7ed0bb7538ec386fd6156268c92b37ab127543d5b78f367f808d03c8d4ef6996e93fd036e08c6b7ac9ece61862aad0f4f4e92cf9ba18e95f7d2,0x9de1f1f3168e73d3f0c6d6df95ebd60131bec81d187a16aab46af8e036dc99ee,ok
0x9ea833c16fe3014dd6e1925256c1dc0010cef5cf,1,0x03390590e9e6c3d66332c9cff06d2ee0b221872f0f89880f33e8650a3b4e5401bf,0x04390590e9e6c3d66332c9cff06d2ee0b221872f0f89880f33e8650a3b4e5401bf126fe2169d7f8b5036c3b5d7e43b7b7dc2bda17a74aa4788dd23233fb034064d,0xf2bde24b5e345b79d8b535a68ab76a7b84ada1e7ce00d61401c30a6ee1feabee,ok
0xc82d6813f67603dcdd57bdae45a694e0ebe890fa,1,,,,contract
0x366f0fff191823db1dc7bd1926dec3202bfaa7c7,1,0x027fbcacdfead4dfcc47be2dab3adfa4dc4997659c4c0070181bd3d1473ecbcb59,0x047fbcacdfead4dfcc47be2dab3adfa4dc4997659c4c0070181bd3d1473ecbcb59e8c41f997ff44dbe8e162a03d643a783af912a87c17af4fe0d59ae7a25594d32,0x985fdfdcacd7f7eb230a6d2b9d3e1e8c1c9ca0dc18371976e678e1273f801a77,ok
0x828c741b422b6dd6952f938758e7de31f504c82d,1,0x02c1693704bde492461cb8d7e3bc2b09f17c90eb21594fa3dcab256cd7b2d731a2,0x04c1693704bde492461cb8d7e3bc2b09f17c90eb21594fa3dcab256cd7b2d731a2c2319e2f282f49d82dd36ff8fe90da715915bdd881975cdc24cfd481fb7c4ebc,0x65cbbe91cdb419dd0464b280c060ac5060e8aedb304f85bb966aeeb4689aabfe,ok
0x8187516ccd85cb86f437f6d150e2b9f6cbea8f07,1,0x0336376fb637dc7ba5489ef2c193d1da7ed1070518d1e072a4e7d3cc623f169e88,0x0436376fb637dc7ba5489ef2c193d1da7ed1070518d1e072a4e7d3cc623f169e8899b64723320edf9972c8bf9d621b5192b2006fc9c32054372e523f5e5cf7ce7f,0xd5f6b455de8db9f43fbb71257c6c7dae67875e922778b4e63002aad9d954b361,ok
0x40f465f1ba4c2aba91c0c896cb92bbe4c7e545df,1,,,,contract
0xa1e316f75ae5bb090b284cab77839ac9b935a0d9,1,0x03fda739cde67693f0b3c62641a5d032fd8fee7753bfac79158f37a26df5a70830,0x04fda739cde67693f0b3c62641a5d032fd8fee7753bfac79158f37a26df5a7083053ff009928a11ef8d4d26ef56ac192c42588e509eed9af6ddb78eac79db4f591,0xa06fe015052c846546508bf21feea8015b0e23f578629a65869f312fc7d397bd,ok
0x77ec00f1d17be7bd5f4165b7fca1f895418c9907,1,0x02255270036266dd63f8969cae04f938c11a57cafbae06034bcc64f9304558e1bf,0x04255270036266dd63f8969cae04f938c11a57cafbae06034bcc64f9304558e1bf475fcaf3ee42bf59667ccaf26022d1e5370c8af5e99b8756baa4ea50f6c90512,0x0e03773c91cdd0b4f6dfd0a174127a85d68ab1e1e704c39177059c02dac8a2a9,ok
0x8dc44ec285114429a7e65eb2e3fdbde945351d5f,1,0x03610609a793e342a89f79eeb396778e8f856430704168d97cf1e45f37dff800ce,0x04610609a793e342a89f79eeb396778e8f856430704168d97cf1e45f37dff800ce4415756eb98a09194c8a1a1abf0968f5564b94567514294c4e4a61fa49898cc3,0xe2a8b018a2b6f07d04bf2084b25bd6fef43bf8101ab45f856fa38b397a9ac9a9,ok
0xf42e268a79dcfd119690f1817516e441c453ff27,1,0x020b81bfd54747ea5bfd490f2c9265257cb797bbfe59cb40c62c41e00516f39b97,0x040b81bfd54747ea5bfd490f2c9265257cb797bbfe59cb40c62c41e00516f39b9702214256b2ad4e9786f3e006c2f8476002f828409e64114c2e0629a4e982eb9a,0x98bb002877cb40dd96a0e8866ee614b48c4b90d8b92b83d4fbb6a7d19d7cb9b3,ok
0x880b1b40f54358525702e50f625cb1167a38e26c,1,0x0243442b5b66bd8b1e3dbee6d11042bb545bf70b3e01ccd1169f21a2b3f33f7a9c,0x0443442b5b66bd8b1e3dbee6d11042bb545bf70b3e01ccd1169f21a2b3f33f7a9cfde113a5d1d37097f562ad84aac2d75f1fade817978b2a592fa2f4a45daf9ea2,0x51493a731d959b718a15736362495ca770cbce5dd110dca00a9a2d7f31f08aa1,ok
0x5ff903581cc74bff86c842d0ab5f3e4b16a1ee47,1,0x02d0226ba351f61b32015f013e7d5924a8a1422a591e3253656b4815ba725cf95b,0x04d0226ba351f61b32015f013e7d5924a8a1422a591e3253656b4815ba725cf95b15ff5b9d704cf3c70f19e5b7cb7fd4713ed88aee6f6fcdf15f88c66924f6f0f8,0x33f6f4138b113d2915a9744baad4596c9c5f8dd91f56ea55e650519f3e02e925,ok
0x372be8f6d445fe9f8e03fd989766132d3c0138e9,1,0x03dc4197b65bc8a077c8f11c4f6c806ac65416226fb5fb04242c67571912ecc7ef,0x04dc4197b65bc8a077c8f11c4f6c806ac65416226fb5fb04242c67571912ecc7ef3bfb7688094c28b93e3f6c3a57e36af0f4b724beef1c907d766c6121d3bf9d51,0x64a7db1844dba64db91012b56a8914b7c49800364b5c5d884b1fd3c3cbfbcb31,ok
0xf4d79ab1e199c1e99bf8368391847665a65e36b6,1,0x03fcb38a392b7f9f14be3725d67999367ebadb02a10c22a31eed166b09161a640e,0x04fcb38a392b7f9f14be3725d67999367ebadb02a10c22a31eed166b09161a640e72fc02222a4f1e99c68ea8398a8900a5de6564fdc256b77dc35ee2fdbf8e6ffb,0x1bafad81c3ae174703b62aedb9fbca1ab174806763d740ca56715ab759146969,ok
0xd8b4da514093be18ebf033626aaef89d5f0fe896,1,0x0335680587d39da37db441d14e4c36a52733bf84351962f371bc1d60d24d6e313d,0x0435680587d39da37db441d14e4c36a52733bf84351962f371bc1d60d24d6e313dc5b0ec907fa2d064fe902d81a7649d66d1c36a451c2d440c0cfa389f507562c5,0xec2e62af73932421cc91f727175dd688f5f9d490ec5aa5ab9840944133b22721,ok
0x46e06bfa5bd23e1cf53b5a472f6653894cf7b59d,1,,,,contract
0xa90755a90aacb0177a5f2aafd3699893623701a0,1,0x02d553cfa79e36b736efb7d9a08343bf5f0adcc5de236499ecacf722982d251eff,0x04d553cfa79e36b736efb7d9a08343bf5f0adcc5de236499ecacf722982d251eff9ea215185d9ffa672e0cf9590662c0cd6f0a60cb1f457a17cd346aa7a9cf399a,0x690079eb56f811333f26097c7c7ccb4b021e4982c712295ee038dbea621e2263,ok
0x3e8b72628d5b64a6312474c65ee6a82f0dd0af96,1,0x029e1ec370210f845d6259a434b77a5fc146e6c704a465ff16195109f3505e9051,0x049e1ec370210f845d6259a434b77a5fc146e6c704a465ff16195109f3505e90514e3e779faf339028502053848f7576fb0af2067d3b3e8375ffcc7ae39f9201e8,0x76119b13073ed457eed31077a5ca0b860eae88c46d622f4859ad5a4d9c2b5430,ok
0x3bf0c52e32e2be93309ca6a8baa9384005e55f2e,1,0x027dd9e7373d2ab1c58b0e7320659f79554a9d0c41f1516dea9053f39f035210cd,0x047dd9e7373d2ab1c58b0e7320659f79554a9d0c41f1516dea9053f39f035210cd86384d3ec7c9367ae74cc2fd200e9cb467bbe11bc26af89bb3624833fb8c2f3e,0x32a94891ba7271d81839792c92df87e3ae574d407d03005c6b8b3eb7549105ed,ok
0xfd8feae9aab7821f819b8247d447ce3ab360785b,1,0x02c6257d4e637a62d30c7e9f2861f321f6e6c737698bd18546bbc9fb9c4c13b204,0x04c6257d4e637a62d30c7e9f2861f321f6e6c737698bd18546bbc9fb9c4c13b204a49a7e80415d64dc0e32a20ef2aa8364a363141aef39b72fc76961ea187758ca,0xfe3c7e103011460299e39e08cb50a42ba5c12f604d371c7a8b86f7764c46125c,ok
0x55f5094c7e1874e91da3a6ef1dd91755b910c083,1,0x0355eedbb10097f030816632a31edda3528df2225e7538c1f14ea1191b7db46aaf,0x0455eedbb10097f030816632a31edda3528df2225e7538c1f14ea1191b7db46aaff6abe8feb533da527f35fd4c8af9b9e6cafa5865682e6ebc5c2cafd08fe44711,0xf9b1077907842ef08d2b55189b4528a535c6022fb67e7dd0de880efc5906bcfd,ok
0x49bb524505cd4767a257116734cf1dc20698805f,1,0x0326bf7652f0055d3982e8ef5cf61c1df6ced7d9ab572bac27648438b94c299d40,0x0426bf7652f0055d3982e8ef5cf61c1df6ced7d9ab572bac27648438b94c299d4087aaac1d9ea2b278fc41329124deae77ef74671f30312f28c3d061acb4264829,0xa26cf86e4c78ad77b6a300209329493deddb4260786336af25ba7de6e513b5cd,ok
0xd5b57165ddfc815ed27ed51280e15f02ec1ab5a7,1,0x0358ebd68e72f39d9e5a65afc8faf866831d009b8527a486ae63fbf7ba7fb2fac9,0x0458ebd68e72f39d9e5a65afc8faf866831d009b8527a486ae63fbf7ba7fb2fac9b865e9f0ecbc8fca695981cefd595ef9b5e6ad28e116f9508211ad751cda1d85,0x263074a1924c4ef0968147da511014605aa0475f210002bdf2e1693c5f55657e,ok
0xa339884138ad60e2502acf4ed92f4ebf246329ab,1,0x037df5b61da9b0b8e3e36547023d14d7738a51b31dca549406b683fe08e083939d,0x047df5b61da9b0b8e3e36547023d14d7738a51b31dca549406b683fe08e083939d27807b6be38276b41eab9c0437509043f24fa1d74b5a22b493ead601efd547b7,0x342c2e38c9c84531bad5de9283f43c5de08dfeb258f6df3aec7122b95ba9a16c,ok
0x7ac395413c04304d87c9c0f0f72c5fffc94d654b,1,0x0334c178b5e765ab0162d62b45c529f8c04b260ae22835019ca2c3ffce1d768565,0x0434c178b5e765ab0162d62b45c529f8c04b260ae22835019ca2c3ffce1d7685652a20f2581483be11c5b238173d04a6e14077635def6a312aab6beaa13e39ed8b,0x8002e4138800a6852e1a5c0ca374bf04a73960fff0dbbc4e051c0b4a52ff118f,ok
0xc9eedfd5909c7f62d662f1bab84899abe3905a12,1,0x0337422e494116757968784112fe42a99106fd01b55c763eda6c1d79c736dc51e8,0x0437422e494116757968784112fe42a99106fd01b55c763eda6c1d79c736dc51e898ac2d968f1c1074d95516b948ecd65d1003bdd40459e593fd6165c31bd37e7b,0xbf16938daeccc917353b227eee0dc5de0ca8ecd58124ce3fee89de0e8aa066ec,ok
0xe7a93c8bbd86a3b21ed11302e0bb10d937ea7bce,1,0x03e5581968b40a87dd2c5a10ee9c344a3fb57022ba4d1fd2c7543076b7e04b06a9,0x04e5581968b40a87dd2c5a10ee9c344a3fb57022ba4d1fd2c7543076b7e04b06a93c687a951c04e8d0e54a9030d254af02e2244a93730119bb37699d4570675ead,0x538b53d84728e48e48c549e9ec66e515e222d6f6f6b186f5c0db0f3ebdfec486,ok
0xf4ab9292d4804aac07760555e77a0ed6726d3a64,1,0x0380de1f0264fd8158fc84aec83891a55de118350eaf35ce5bd4bb7d86842fefb9,0x0480de1f0264fd8158fc84aec83891a55de118350eaf35ce5bd4bb7d86842fefb9bf8577d0b3ed8f263e102453bc00fdd0a3622372a3eeabef7635352b8fcdba6f,0xf2d5b26f8d671973e115ff8b70e580dfd9c0f07fd904ef048a5a8dfafd845749,ok
0xddd1bb0cc75b8009cd0277acd816baa6adec82c8,1,0x03273dc33c272d8224bbcd862bccc3d91548a030fc1d446ebc399bda6466835e70,0x04273dc33c272d8224bbcd862bccc3d91548a030fc1d446ebc399bda6466835e70fb28c78d7698ad5e1b9e16f8bc889379b6e9cdc4427d28a76a60bc8e3f87f301,0x82472f676d987b7ab51ad296b98de7fea9330441d6a3d5c090d039c23ad64a6b,ok
0xad067ec13c170788fb27942d3ecdfce9b1bd57fd,1,0x0300e0244f941607d58cc60a6607f7f70a95c61b1b46c096ac6217d87e4c010e84,0x0400e0244f941607d58cc60a6607f7f70a95c61b1b46c096ac6217d87e4c010e8442232e04ca9d584387760a10acd8ba6a885763c5a47699ce4af7350e798e6a9f,0x9b98da0b9ba2528a3698d2c23ade5680b0ad4183591227b73b91e739440904c1,ok
0x118ce3a66373b94423472d96cc4573c228fbd900,1,0x025dd37b6adff6655979cc28fc96189abb317f505f0d1924f58190e9a7c9ff7cea,0x045dd37b6adff6655979cc28fc96189abb317f505f0d1924f58190e9a7c9ff7ceab0ece84a893910a2db1b2072a9af0e73402e1daa21cdb4d1fb068d2b45e8327a,0x656a1686cd032f6432ed3c96cb0e4ad113ace592d07f80d919c40875c4a4b553,ok
0xd369f0ab5eb1fc2d0182d7390c8d74bb32ccdd3e,1,0x0327c92b3750822874bf303f6fd782f851f1a97ba0b413c6d87f36d16e93e82168,0x0427c92b3750822874bf303f6fd782f851f1a97ba0b413c6d87f36d16e93e82168ec0fd3941d22a686c608e4a12fae66da16ee158722c3fdef86416b2f34a554ff,0xbc1211ad03c8b657bdd36a3e3cc0962ca45951d8f09960800c5ebe5275b17425,ok
0xdfe7bbfa9b2d5f716818fee91bcfd2a7c93e36e3,1,0x03bdfbc396b1a930e3e61e8c9d51e6f401fd506ac885904d1f7a6879ce6bd2d524,0x04bdfbc396b1a930e3e61e8c9d51e6f401fd506ac885904d1f7a6879ce6bd2d524a2b8ba9ff6db1f60e09bf242dacc494958a0e446d218151e23a8ff15b29d87f7,0x5f35aca4de9b403b04a9d42381b445f4b752b81d5b40255a1f27c85e7e9c0997,ok
0x3aced25c4336729db43992a7cd23d4baea39eabb,1,0x02b32d71e3d5c84382fd8416d7e88cd89eeae1b8ef2e217628f6d590fd4ecb3cf0,0x04b32d71e3d5c84382fd8416d7e88cd89eeae1b8ef2e217628f6d590fd4ecb3cf0bd26695846d6094eb275f8a743bfb9e2354286b79e58a65d902e78fd8f657ede,0x41cbe0165c2241f43db78fa25fc6a6f76796bfae893e95249caf815153b15681,ok
0x3741e55d3fb23ad743bada8a2154fdf5b1d1cfdd,1,0x03dd0862356dedc29be4a3ce28c446657d17e48b74b9e2362af11aef209f256c64,0x04dd0862356dedc29be4a3ce28c446657d17e48b74b9e2362af11aef209f256c64a289f5f424a3a2d8a8427480e34a610752fb549227740a854e1086d196ebe96f,0xbff8b14af706564a11e93036cbaad8478c8622212e44f673da54ff2a69f7c59e,ok
0x1bc675efe808e58dccc582954aea1a9a929f8cd4,1,0x024403f2f51d408a3d4e61d755dcfb7a7381244991cce2977bf9d7c5d78f9c1254,0x044403f2f51d408a3d4e61d755dcfb7a7381244991cce2977bf9d7c5d78f9c1254d09a57b1539c69d98e6332dd0fc9f74f548b86382cab52fd4b76a9400d5ec96c,0xebdf7dd393f9732321c035f8ca3bef707f6f229f1800538df355b06999f55073,ok
0x6a5529d7bd136a934c3a5d8ec06d92bd46db5603,1,0x0290a43402b457b103e4123c39aa9fc583d58cb463c5afb4254ad254fd23482a3e,0x0490a43402b457b103e4123c39aa9fc583d58cb463c5afb4254ad254fd23482a3ea14c51141cd30cd0d93c8d3eec373f60e35050a1ce5940a2e9e52daf6801f6dc,0x97d0387278b9b05649a5ea59e6a52ae52f732c1095c916b5a9f1a0462279103a,ok
0x406745a132abf525a97376a272b853450691f47e,1,0x0245997c7794acb2d89221337ef1fce5b2bfc9d953457e7a990226798ba0120542,0x0445997c7794acb2d89221337ef1fce5b2bfc9d953457e7a990226798ba012054288cee968e08922cd1bf1292d4a4bc1d52335ca69f1ef6e861fb991d01e47e0b8,0xb389b8a0ed86adb6f3ceacf3c415c0a4f16dc55a5b1743e69ae2dfc5f3fd4585,ok
0xeb795ecaf9a178b9c21d7d11355ac37eb0b7fc6c,1,0x02c063cf37b2ad2b5b1dc12ba23bd50dee690ce8ccf7720fa2952831287a6ae7fe,0x04c063cf37b2ad2b5b1dc12ba23bd50dee690ce8ccf7720fa2952831287a6ae7feff71f605e361e5a21c08559d60e43752f4094c15f1aadd69a83b03b4765b134a,0x3e93cfcba6771aa1915b15cbe1f720ccb7319b5c7ca464d7f913ebbc052f767f,ok
0x1c0cd24e0b5c970f3ed68fd042033dd8a0ff614d,1,0x0203caab6c17356e804de737e045b17050078ec65e1c3c38dabf00dc59723aef0e,0x0403caab6c17356e804de737e045b17050078ec65e1c3c38dabf00dc59723aef0e963f167a8bae4978888160bfde4e509bfc2c80f710ea62ffe4ab887e8c382bb8,0xf0713e9dd4d98445023e8cab7a7bc98d896e5feb729d5743c0de6a06b2510813,ok
0xf49a647198377199e506277dde406ccd7141083b,1,0x0211bcf7ad0c3515ed2fe45242b758ffe36958f794dbc15b63ecf7dee54ad38650,0x0411bcf7ad0c3515ed2fe45242b758ffe36958f794dbc15b63ecf7dee54ad386506cd70092dc9407827f869c2c543b581af31eb7ac34a1af4146907705bc8d8e48,0xc68641bbc71b8314fd0a2bb9f66a3ec1fe264f462c4d4e3b01e54964cb52e47b,ok
0x4034bed2f138de45261a9cbe3469d2b7014abacf,1,0x02277d8127b65fc584d7c00482277edc175bab564587f3d7c7f48e24b940eef6a3,0x04277d8127b65fc584d7c00482277edc175bab564587f3d7c7f48e24b940eef6a3bdf7010d740e4d531a0ed5cb4d868b6e1103a456d8ee18986096c340fc3d8da8,0xd5d9e5df28c489c70b614ce65bd480f6e84f3a19b915ac575d88fc8af021662c,ok
0xc2f8937304677581984da18b4493451c46f1e67d,1,0x0243573d7371c5632e88ed0c058d665915d159d96fd94826e11d9d32bc07ebca5c,0x0443573d7371c5632e88ed0c058d665915d159d96fd94826e11d9d32bc07ebca5c26bbc9adafbf23b0f8d312718066c64b5c69cc977175af582c3f295c65ccf9a4,0xbb60c9ab2124f078c6a9d5a97574aca707c8fe417fdf5317f6c1b9e3dd48a67b,ok
0x07947872c43eb06bc584b1d7feab87ffe63b4ed8,1,0x02195883b72ca78086d61a6b5f0acc63a0db1f9a1476d96d378c64586256e30e8d,0x04195883b72ca78086d61a6b5f0acc63a0db1f9a1476d96d378c64586256e30e8d4f1ac5af02b2b87239bd5adac672823949df8c2ac319464521b45f44305be346,0x39cfc08717d2e2048ebce6a6835511c074a3a07d4b03aa55d5c509b19d45f0a9,ok
0x68f0faa81837d10aaf23974fa0ceb40220717f4e,1,,,,contract
0x0d5956ba4b11200e394f2db20db8442bbeea5a0d,1,0x0339efcbe1f712f692c36929c698fe0feb99f3025b5c9ffe8cfdf6f9ecce0b962d,0x0439efcbe1f712f692c36929c698fe0feb99f3025b5c9ffe8cfdf6f9ecce0b962d8b7185d0f53c42d3d188ad7acee1ff3ce7108e6b6065ca48be664d781c45ba7b,0xdacc95579df3734f483a088ba0f386d0b4420cd1e6a4c193995fc1bca5f5334a,ok
0x42036ca6c7ea308e78b017cf764b9c84a1c10bf7,1,0x02b4997f0ddd6f2509bb6ee94fdaa0c747df2055aa96bbd384ccd0541ebe2cd5fe,0x04b4997f0ddd6f2509bb6ee94fdaa0c747df2055aa96bbd384ccd0541ebe2cd5fe1051aa52d0fe624e6ffcd274cf2280ca1358e2ae17b13b922cb9830a2b46d33e,0x3b7f033e289b7662ffbfffe3aa696eb1506edaf42f76faf75736fa8696e393ee,ok
0xd34681412871c7823a165e9d4330d4ad46a906ed,1,0x021f218d54cf3b7286bc048529da5d03dae9361f8b059d3259771babf9051dae1e,0x041f218d54cf3b7286bc048529da5d03dae9361f8b059d3259771babf9051dae1ef5154319b3e38307ba242ca5b79a10e45eeab3cb2560263c069e83bb65e3e2e6,0x01e058ea746fba99e7e7cfb8390da10b34065ae93adbd1381b61685c0d0ace6c,ok
0x0281d158c51b1c47720e4a7d3bce38568a56c8ec,1,0x024b3119c839c20414941e2a25bd04c95a1c26f36f284e23a1136ebf4bcb149a2d,0x044b3119c839c20414941e2a25bd04c95a1c26f36f284e23a1136ebf4bcb149a2d381a81342221a067f276a4f4637df1e3ab75b1b5edc650fff526a7510bbc65e8,0x23d36db9c364be90932cc4d77e32f02d1b21282f1d7d82ba09f7d255d5d39165,ok
0x67e9a68880f6f81e0b52945932bd6fbe7b1c5d1a,1,0x02a3c5a7da02a1d957e27076a379156339d07afab4d30faf1d7806cdc9b3460fef,0x04a3c5a7da02a1d957e27076a379156339d07afab4d30faf1d7806cdc9b3460feffc25763c0a8fac53c2affb364caa6d6abe35d5b44fe54738e8a0a3b673c9781a,0xfb5437d37dd02a8c68cef92ca05bd174aed690fb979977e405bb6d05de56ed5c,ok
0x85bc082324687196313e97679378e8a9db18f544,1,,,,contract
0x6a329129bcd470330fdd9ca812405995275557ef,1,0x0370a8f871f13557b464759f4f18ebed1771cfca1c79e26c56a80ac791b722640f,0x0470a8f871f13557b464759f4f18ebed1771cfca1c79e26c56a80ac791b722640ff5281c28e248e047470925d2ff35ad97b4883fbb3de061b1100414992504732d,0x082ead4f91b9b80d51d8d2715a028ced0f585744b69bf5e4aa9e11fead39688e,ok
0xa21e054e5d87cb33d50025dd7ad39f2ec046169e,1,0x03ab4990df24e096f01bc904da5b75ca156a1b99d8b28c3bbf674e37d0b2070819,0x04ab4990df24e096f01bc904da5b75ca156a1b99d8b28c3bbf674e37d0b20708192df2190b3101b80a5e4d2bba1430712870cc2f7f94e0ba97cd27371dc37bf429,0xcc1afd22b3717391b121f525b2857447d2b8d83bb7f220cd2f822cfa336749a3,ok
0x4f7d469a5237bd5feae5a3d852eea4b65e06aad1,1,,,,contract
0x5026642b1784de26c8e1cda525d18cf2c91bbd93,1,0x0229a90a5585e2c74f2ba74c68e083aaa679d2aa046ab5b2973707e0121d5794a6,0x0429a90a5585e2c74f2ba74c68e083aaa679d2aa046ab5b2973707e0121d5794a60f9c0ca6fecb7f7f6071e122eff62081de7c5758d8d8336e011536dc1eeaa2fa,0x91eadc1c98d6110fdc7f55b1e51ba5f80b9e32b24120a65fdc4a301dc9b54ab8,ok
0x4a31e7a4359074f0876bdce26a47502a8655a16d,1,0x0341ee0771c65359a1b8c82c8cf5d6fc955554ace8540c6d54682ae2099baaf315,0x0441ee0771c65359a1b8c82c8cf5d6fc955554ace8540c6d54682ae2099baaf315a6c5b1941a5202466dce2f998cc5720f15ae510f006ab8facab98c1dabfcce23,0x4c51f691f1407c12ea90e4ab41d0963c67bed98f24535d4670f29a7fe6ef3a6b,ok
0x078ae648b232a3e3306b7e5ff7fba2563c8376f6,1,0x03a7e6d6d0d217b1b405bd8f0e4a612bb0220fb43d320c0dc7ae13504387174a9c,0x04a7e6d6d0d217b1b405bd8f0e4a612bb0220fb43d320c0dc7ae13504387174a9ced13ee2aa6c4645c419660f09b46a595f0d5a73b2ddb21188dfade23adbb39f1,0xeec25addcc22d7c306e92dfbd69afad647bbb1f3821c8913396e810fdb00f95b,ok
0x4b9684be3d7fed4fe7f80eb2a1bb0f48cebed37f,1,0x03d858a9f0b8ba30b31b6d896af0b64a45374d8a2f288089dbdade63754d8e4de2,0x04d858a9f0b8ba30b31b6d896af0b64a45374d8a2f288089dbdade63754d8e4de26a924601db067e3cfcfc337851a360b357f4f6438178a3c6e626e1a7e7d929c9,0x5e02d2aafa3d397ee633c0a123d04c58a17fffa08d9d858f09c152158a35759c,ok
0xf71a2a5e9a6c850084169efb768b52937c0defea,1,0x02fbcfb2f22b83c0595cfa8ec46d5f5f7345a8a15f8834b64bd5822a4d057d5ff0,0x04fbcfb2f22b83c0595cfa8ec46d5f5f7345a8a15f8834b64bd5822a4d057d5ff08bc35a866b6b23b5a8859cd8376e387ffa15c2e0614a41e76b192bfd27b44a3c,0x000c61e09a3fa256b3c99f4c3c7a1d0a72cd9c848cc4ba9459310dda668bed5a,ok
0xc10c1929888e3e45620d33c2075f83934656630a,1,0x03e1125d4d87d3af8f78bdfc579a5c76471040e5c1df7bee08cb1c9555c7096039,0x04e1125d4d87d3af8f78bdfc579a5c76471040e5c1df7bee08cb1c9555c7096039c645b6fbe577200c9255da9aa2ce1f1d89ad2fa297cd44786d7213b20080b4bb,0x1b0c5eb584f49958656580178ac9d97b4b1dff6143c96e358ab82d07acca2ff0,ok
0xdc15ef43c7c9e25700ac5b74de35ce279eb91fc8,1,0x03ff0673c8692478ca97c3780489a4a2637f41665ed52a851a7cc41a672e17b8d0,0x04ff0673c8692478ca97c3780489a4a2637f41665ed52a851a7cc41a672e17b8d042e45d882c76dd5778f16d019eef1193188b3255a15ca107ecb8cd6b750bcef3,0x7e7f346c635428a999f5926b4ea3f1ee9765948afb1cc84df68cf10fbbe61ad7,ok
0x2ea892903007db172ee1d6770eab1adfa7b145d7,1,,,,contract
0x7e75853840fbe668e85dd684e7973563b91953f3,1,0x0217b78b597c506355dffea23cd2b91e304703b93be126042be4b3abd108b24e19,0x0417b78b597c506355dffea23cd2b91e304703b93be126042be4b3abd108b24e1972da0528a43dab58983211333841dfd52ed2036b5732310ecc86da7ff454418e,0xdb2b39bf4a87eba3c9e456e11664a273e838af449c60013d0d3f8bb022677a83,ok
0xda66d5a991d0cb7660bad5c95cd7ee347272abab,1,0x039cbc7ddf0525ddb7773583f6afdc894e23f1b961eb0ecfe0ed08e2b721a2badc,0x049cbc7ddf0525ddb7773583f6afdc894e23f1b961eb0ecfe0ed08e2b721a2badcf995d6450bf6931ed76e830fc869f0096fd2671d676ac69d4676a83e03991fef,0xefbcdcdf89bf7d8f5bcce2ceb923d3babc7a17c0917b611326a2346f17874a47,ok
0x86f13ebeb51384526afc7ce46ebe3f1834130676,1,0x02cb11f6c82773b5fd172bc7ec209f03be61bc8987b71abefb2cb4fe80049e16e1,0x04cb11f6c82773b5fd172bc7ec209f03be61bc8987b71abefb2cb4fe80049e16e16929eddf03fa506d521d909028c5b2eeb5b955ab5c5c7b55644ba9a6b21b6e5e,0x9ec1d6ed5e0f30617fe72a76eeea05ac6c8ec7eb37f51212d9fcadf3b5521938,ok
0x0de5b8c04fc219e8c28e0decd569444aa6a163d0,1,0x02b84d179210f7670d08e9543f8f8b079ae5f8939f51f3ca43adbcb194d6839de6,0x04b84d179210f7670d08e9543f8f8b079ae5f8939f51f3ca43adbcb194d6839de652b54fd328f64d28881c89ad259efa0c3533f52d43ef4f20f26a7e2496d59164,0x6bd0a78cbbde08d51c5a681a13afa4a34436fda7cb63fda2e97c8cb06f152e6f,ok
0xfc9c8eebab32c1357f63e4fefc4e6e8503c33e3d,1,0x020155f34afc40d8cc3c54c2f1c275d171d8c9bc346089510e39a915f926d0e857,0x040155f34afc40d8cc3c54c2f1c275d171d8c9bc346089510e39a915f926d0e857029966eebc67b8bde0baf5015d5dc624e5326110d09ae6531c784263effd7e72,0x9b98f54dda3f5cc3f67bace29f3aadb8f784cf2991a5e1c309b50108998a8e25,ok
0xbf3e52f7c6649aad43fb79be57e8f8cf2be96cd1,1,0x027a927a34f6f1988fd07f80026f8c75ac902b81d0bb72deccb80c299d180057a2,0x047a927a34f6f1988fd07f80026f8c75ac902b81d0bb72deccb80c299d180057a2300fbaa5195da31a7a162f7ba136c14c06ae9a6343c03271443e03d4ca9f27a2,0x0f0c4ee12f32215577dc9aef2d7b35328d7a937d18dd45f31ceee90913b693bf,ok
0x46ddbc30eba19d767868696e88637e93799a7421,1,,,,contract
0x9bb4fed31ce1368dfc0d3a42017e05673562e0c4,1,0x02b2a6a9af3d48b33de06b5d4dac84265ec726b5d0f30afd8ada0296fc305e2f11,0x04b2a6a9af3d48b33de06b5d4dac84265ec726b5d0f30afd8ada0296fc305e2f110d30782d66c884478b0341b9da14192fafe26e0a8b79169ce960cde3aa86e20e,0xec4497c68c8c1fc5ec9bfd1c6bf9075433fe804e4184f3614a78087c1efdb5fa,ok
0xe12d52275eb64ff18680aa2b081fef8b736cd66d,1,0x03f5c366715080b6b7ce48aefd5c9288cee429bb033f7f6bfc398fddf6ca932304,0x04f5c366715080b6b7ce48aefd5c9288cee429bb033f7f6bfc398fddf6ca93230491d690800133d4b64b195ea3c059d39270e6290f2f98c1ee4ddccafb40721291,0x589168632b0e9421e384ab1b620698994a52ff5423c6ef06465af3730f4f9471,ok
0x8ed037f74dc55cabfe439d633b23be7ec93e0e23,1,,,,contract
0xa021da3af846eadf9539bba8d0d5ac59c87b3ed7,1,0x035d854796379d62fc27e470c8eb973173568c214591702bbb68f8c08728de854c,0x045d854796379d62fc27e470c8eb973173568c214591702bbb68f8c08728de854c22f41d57b0add1490f95b0ea0f63eedf3028cb8c206ee55ca61de94c99875fc5,0xef52182d50765d7e61cdc5285734410ded6e36c83183ee7fff2e90b52d794c45,ok
0x6092b3ac8142f49dc2cf1de491f6be034f0c6b8f,1,0x03c0fde01daa5d5421e90fa24348a715bfeb2dd4eeb5700358d9ebca8b1b6d0163,0x04c0fde01daa5d5421e90fa24348a715bfeb2dd4eeb5700358d9ebca8b1b6d016361ee401ec66e141360309c1b728ec0336f7a90f51fcf0ea40b3a420cd5d5261b,0xac947617a739b59136e661d69a201cf3684abd01938a8342da34d3426978b028,ok
0x0a74c75768dc8474a116072d27df89a0dff48ee2,1,0x03863054e4de0bb901ece36bf71523678265449047c12b4f0bf2c5450f517aa6c4,0x04863054e4de0bb901ece36bf71523678265449047c12b4f0bf2c5450f517aa6c46aba448e3ab9743a4c43605140023bc0e5ec650247a5622179ddecdbfc78024b,0xc03daade7bfcf121f317a1423a4e62a8f64af62d9a8e1350402cc0422ec61b92,ok
0xa45fc9c051738f135541f97faae2631cc6167c7c,1,0x02a09c26c933accb6305761d52e870869514114ca52c7944741810cf28cb2947c3,0x04a09c26c933accb6305761d52e870869514114ca52c7944741810cf28cb2947c35d57f270d23e38e26b2026d2c9267b9a1d77d6978c8789d0a80e5d868b28e5b2,0xd46e127e2aa203743055c0c222e9cc9175ac5ac84144b8c1fda70a77c982d258,ok
0x240a829b963d1e84982a17f2ff7bfc9def8e61d3,1,0x03438337e51fa735a9f8b4c1dd6872963f658551232fa69ff05ad32375e6dd56f7,0x04438337e51fa735a9f8b4c1dd6872963f658551232fa69ff05ad32375e6dd56f74ed93f91c21b5f9dcae4a8b6b0758d46dd8589b99c7e9a3bb0f14deaa174c325,0x5bf5c50230560da8deb6626bbb59acfa759315c19ec1b6caf868636398f9004a,ok
0x8728779ce29628dce3ea5d45647d9358bac0762f,1,0x02cdfe4eb17f17c8cabea96152e8f734ab8a18480f8d81709b4bd5c0df1dd3b6cd,0x04cdfe4eb17f17c8cabea96152e8f734ab8a18480f8d81709b4bd5c0df1dd3b6cdded0e656d665477effc91561ebd695ae33ac8851d8cd8e4920b4716d9ded3d3c,0x70f543e12b91603c36f19452df066ad006b3caed09d6e1403470b9a102d0200d,ok
0x54680970e765dc8910ca8f0459d06771e3a664d7,1,0x023f2f934f21dc8830a43bb9306d249d6f05722f730f6809b96e3f78f32b0e1936,0x043f2f934f21dc8830a43bb9306d249d6f05722f730f6809b96e3f78f32b0e19362d143d46f6947ef23c6d323cd52d5ceca54ccda3695f37e022b5b3809f65342c,0xa19679d6c07f772c26a9c813080e782876df0fca394ff4ab2c60daf60bf5d817,ok
0x5c16a1799791acb83919e578707bf736bdfafefc,1,0x0359b996b0cca45704cb23a430cf034697aed07505e8980c5ac681f890ef0d82ad,0x0459b996b0cca45704cb23a430cf034697aed07505e8980c5ac681f890ef0d82add1f2a24685af6275c507b2ff7db49dac03f19db844fc8c08701f166f346d88d1,0xa82fcf6a03ddab476db22c9b84f01d07577b78544be76060043ce3a2c312a42a,ok
0x4e1a3895bd8cace0764c161f3b11feaf58ac4f00,1,0x033f6881b6f3c395a52dc3553444895c9f005c1c141f8f65a26cc7d27e3349890e,0x043f6881b6f3c395a52dc3553444895c9f005c1c141f8f65a26cc7d27e3349890ef417291ff4ae33eded90bb2a851883ad196ff6533cabec96dc33ab9dc305c571,0x7d944849184fc4f6e8dc5bcbc1e29db32c05beed8ed100ae1959d9824bb70eba,ok
0x5be2539baa7622865fdc401ba26adb636d78f5bf,1,0x037a1e8479e070b40f2fc39e3f1a2847636a94016b334f8d4e767754e788248c3b,0x047a1e8479e070b40f2fc39e3f1a2847636a94016b334f8d4e767754e788248c3bff7f220a65183afed82c5eef3e7d4d7874b8762b482691bbc271bb9131b07e7f,0xf3d547761bbb29b949a904d676a5f29c115fed55cf0b4270f210e94c3a660f28,ok
0xd4933fa142d5841c717e19faa546e284595d63b7,1,0x028962aef7aba030f7bbbdc6da1bde769c962e9f33c0999aa4c9c81732db8dc0c2,0x048962aef7aba030f7bbbdc6da1bde769c962e9f33c0999aa4c9c81732db8dc0c2d79abd87913585d559c2059ad6e38bd8b0c960372e9a85e17bff3bfcd5fe5d38,0x3f1f7a11a4c2578fed8414c28cb7435d8bb5efc447f3bb65ae0d6e3f4c8fe994,ok
0xea948ab3af22f2c26866cebf323e17c90be37032,1,0x02cb7bdc24ab61e039b4b9d525657423e3904f3799c30a41ad2d109a5061d3a911,0x04cb7bdc24ab61e039b4b9d525657423e3904f3799c30a41ad2d109a5061d3a911bec10ed1e3f6cd6512149d200f267dc5c507f0e89dd8c7e06f475e834cd9fa40,0x2cc9f268bc61e1bb1a0affa26f4ea063eb81443b83cdf76151fdb088faf3bdaf,ok
0xba76dc094214c6033f5aeb315be432d4830bf2e4,1,0x03785209be5bf3c6d6ce844fa43535f5cbd033c2d6174775081644e60f4c31895b,0x04785209be5bf3c6d6ce844fa43535f5cbd033c2d6174775081644e60f4c31895b77e385f1e1394c652c8285efe48716d0b125ddc66906d50f482bacc5eaf897af,0x742cefd70756312839331b85ae79087a1736d9ca892045f735d4fb802c57d85a,ok
0x546b56e436e5d8fa430c30e326577982767602d6,1,0x0282f0306bd1061e66857d75299522c1a652dd5a41d47cb912c6bcc76f8a9e9b8e,0x0482f0306bd1061e66857d75299522c1a652dd5a41d47cb912c6bcc76f8a9e9b8e898de98feb127e01c86bfeaa6eca11604a930ebcf2b42cf42e4c50e0c28f9db8,0x20be4e1ebd54c50b64bbe77b2daf1745ec6c108b3c9ed21a9b2b9be8ce1566ef,ok
0x30fc7d6e6ab62e1f7f6150a7b365cd7b260e0101,1,0x02326e26afee07a7827ec2071b16c5dfb381e44a6f4ae523500a52bbb27197ab75,0x04326e26afee07a7827ec2071b16c5dfb381e44a6f4ae523500a52bbb27197ab75fe1bdeaa3bbbcaaffbe6f6194e1cd8c7dc836e17ae15a3fdc645bffc47e04824,0x970c14bdfab5106086b39995fb923515c31f4009855cba285b1c6eefcaf16950,ok
0x3d0696f8cb210e3eb8a9c7bd7edeccf4679f07bd,1,0x0314ca58a72057abbbad4a1b25a65a3fa9a561583bdb7b51d0e286d68a400cff2e,0x0414ca58a72057abbbad4a1b25a65a3fa9a561583bdb7b51d0e286d68a400cff2e9009b573c0a826f699f39878488d67c6dcc02e7e3e6f80b8ed5ba17c4804d633,0x1ca62b44d2f469fad8134174abff2691250d455c65e1479b7bf22f852c22a896,ok
0xba626af7e10fc31e50d8a8075e1a7497acb5c5c5,1,0x021aa261a43618f9a1fd2afa2d5cd7448f95e515b2d03c2aec13756d06dd100b57,0x041aa261a43618f9a1fd2afa2d5cd7448f95e515b2d03c2aec13756d06dd100b57dbafad55f920f4a410573a6b24a051ef8e1d557efb0320d2ff6e9b979d1316c0,0x1eebd8dbf4c55508df88ba6ec781c6a938b8e467f82a10d427c1ebf31638009c,ok
0x11c51cd0d4f45942889fabd8fcd9a7d0d49597f4,1,0x03d3cf46cc7bfc0e9e7a343b8fbd1801420b26809cca29ca796b72178dcf9a7559,0x04d3cf46cc7bfc0e9e7a343b8fbd1801420b26809cca29ca796b72178dcf9a7559acf232b5c907a186ce0149bbca9d6a469f331765c057beb79c29bf6ea4ab109d,0xcb6f170088b1f8614864cad209fbdca1dadc912fd8c5d7bed068248dc266eb7d,ok
0x6d0a03490ef9e70d689a4b8c2cb0025d7fb7be7a,1,0x02fef5a68e9a785532509442f842dded031316e046ccdac0b69fb2470a2cf965e2,0x04fef5a68e9a785532509442f842dded031316e046ccdac0b69fb2470a2cf965e2dda09c167fe2158bb572ab9f59183fe4cfbc2718326ae4d8c6e7efee4500c28c,0x1672a6ce2f7093828be0aad315409a9fcc36680fca55ab2df0b7472b0d8dd661,ok
0x97d6fa1b23a571a9b6e8747c95a2fe0c9275ae8e,1,0x02e0618d9ab6b12c505360b96438aebfcf799b79fdf6025780521fedcfc2c7a0fc,0x04e0618d9ab6b12c505360b96438aebfcf799b79fdf6025780521fedcfc2c7a0fc2a8916253391925f6d0549ca0d0c06e59ffb5e3b57510c791f6176a121872d20,0x3b3dd690e2797ac5ac0818f39891ac5f60a5cf5802510e2b53e8ceaa23855438,ok
0xeb64ce0b902687cdc26c5f804fad3f010f0bbd9b,1,0x03e8dba075da7cdedd07fdcb0e41c7b73e9482e403e68181e0b07a0eb13452980c,0x04e8dba075da7cdedd07fdcb0e41c7b73e9482e403e68181e0b07a0eb13452980c16fe7b2fd787f712cca89272f5d1bc85d5bfd12f7b4011939b55306bd0ac5c07,0x5c3af5b8c55e3e85db2c613246e63381c3cd91bfdb022ffcad1d4262a2464f37,ok
0xb282eb2b6165345682393570de188c6e8ecb1092,1,0x03fee42f25ea4b5bd74a3dce4b528904cab9a7ce65b0a3494e8ad1b016fdda13b5,0x04fee42f25ea4b5bd74a3dce4b528904cab9a7ce65b0a3494e8ad1b016fdda13b5b304b5e121fee13b4c68c2ab59518e283539c4ee2099d1c23d9c04ea46a3293f,0x5a1cdb01bda8755f02c448f54b266b236b0b9ea9f2e8627cbab369a896924d31,ok
0x1763b7d88f7195e739062c8e589368071edffe47,1,0x0262d4c9ac308e204480e38367f3a13e13f75bbb8757d21b341a33b33016af463b,0x0462d4c9ac308e204480e38367f3a13e13f75bbb8757d21b341a33b33016af463b440ebad2e4ea6811da2ca29b522a76096f904ea5c20672d1cf020d688022ec22,0x65f2461e428cbdb2e8ebb96b61ca84fd49d39fdfb9bfa4bc7230e6b944858798,ok
0xf479d9444a7c7729ebab03cf7b5010a0013d226f,1,0x0333c5c4d8b2c4fe191e99fdee972cf132e87e26790bcf7ce4ce117c0723ddab02,0x0433c5c4d8b2c4fe191e99fdee972cf132e87e26790bcf7ce4ce117c0723ddab025afcb07d509c438c63124e158403fb13072b86dfa32f5a1c9295447a4113fd6b,0xacae4cfc78f2991731bee76d55c4ad69e50c236212a23435abe72c5a55e18e82,ok
0x0cc43800e139e26ebc9df327ce12f14fef964c0f,1,0x030c4500a2455c4dce1c2bcc77d8ed53a91701fdc8d6115a180835b8f4fd8f3f9f,0x040c4500a2455c4dce1c2bcc77d8ed53a91701fdc8d6115a180835b8f4fd8f3f9f9c1833d4a2e99a58bc3fd306f9e296850d03de91de1e7546c8e019fd9674668d,0x522d088b7d461dd1e2673ff800ec06f22af3aa1eb5c0fa820476c9bfd349b0e7,ok
0xc3e7e094db2b098b017ef961bb4bcc073f2e51a9,1,0x036bb56bc23444c0f4b0728eaf88924e5b683591e3f8fb369b5a66fb201d98575d,0x046bb56bc23444c0f4b0728eaf88924e5b683591e3f8fb369b5a66fb201d98575d46480df91d6d6ea2356093266bc2ddeac939e76a7c8aaf64b8791e25f3694b6d,0x67d27f087deb65ed941f7bff899387024af65d84f30e092efce6d0d8edb9b104,ok
0xc4595261a283164b6af3c476be9981d409fc0eef,1,0x038b61bb1639e8dad15a5006d1890ce3fad414fcab7ffdc950bdc888cab62819a5,0x048b61bb1639e8dad15a5006d1890ce3fad414fcab7ffdc950bdc888cab62819a5c8741417510404ba3df524adb215c46cd61b8eff506ccfb30a58c41e5eb500a7,0xc7bc922b7140035c7d0611635391f4b7fe7f9609eb0e02513b5c5a329f14e02e,ok
0xf9bbefb2c7348c2c62f7e3f4c3df99ebcfbe4f33,1,0x0371c53c27101f01f990f0d3d8310681a8d49473924820369cc9d81c11f7fb6ee0,0x0471c53c27101f01f990f0d3d8310681a8d49473924820369cc9d81c11f7fb6ee037cf7d74f2a32dce4726bff38531ce24e3dcca12cc38d06c2da171301abcbd9d,0x3b4e6eecc1d52761d1c1117a923f4dc006a59f11cae77617173db6f0a2d90479,ok
0xbe516bb15af85e95c17c71f1f91449eb288c93e0,1,0x02cf726ffb934c2e21a24f7c544b2fa6a1fef29f1b7f2526128ee23a36da346422,0x04cf726ffb934c2e21a24f7c544b2fa6a1fef29f1b7f2526128ee23a36da34642215bfcf19de475e0138bbaa91537b0477028261e95ecf914b367ec2ca399de736,0x795d02db53f71c557ee17b0f1bdd358d4ad4193659fd28d77cba41c7d830457d,ok
0xc0ee7f2b55582bd4d57159cd8246886e4f2e4717,1,0x02432700ade5fa351bcd72bad48f55f74fe6a7e163ebe43272837f432de7fd76f4,0x04432700ade5fa351bcd72bad48f55f74fe6a7e163ebe43272837f432de7fd76f4c05d359b44f3e85b1df9400f6173cf4bf8131245fc628fc4768204e481fba346,0xa7b2ecf5f4eae243184399b4a5283206a5d157754fde09802eec16d4f4cfa84c,ok
0xe81f1bab9dcc8e44a0c397ff22783ce265deb092,1,0x022dcb096a6351e70b2a7be9ab10b343a2a46c443d43a3a61725684d368b2f7d12,0x042dcb096a6351e70b2a7be9ab10b343a2a46c443d43a3a61725684d368b2f7d127c8c145f6077888f59a09ef56889846470a383791bbd61ce5d30b540e2b2b5f8,0xc4cb32d515bb91bb38d62687af47564bfd260786a92c74ca060da7cc68d2f03f,ok
0x0cb5c6ccfd70d445e3971429b8be1f0170199044,1,0x03269c2e9edb929a8cf1d3a5c1d151b2d11550b658a6f46a5fcff08f6f5e618b4e,0x04269c2e9edb929a8cf1d3a5c1d151b2d11550b658a6f46a5fcff08f6f5e618b4ed96324e8d12b8224d73d71c3d06c2c40eee8db02eeb9c0372b849fe4ad11ff05,0x3b56e17c1b697e8c2d54430cc1c89a729d20f20d0ffc0cfb6e859fa54161df7b,ok
0x293fe5522d74377dd9afcafdcee674385d8c14df,1,0x0249e97bc3a7b99a32980c82b4c63c91c9fdb9625e6b3f0c08ff0e211a0972d775,0x0449e97bc3a7b99a32980c82b4c63c91c9fdb9625e6b3f0c08ff0e211a0972d775a5395750cb2a4f3230a1fb62575cade4e57fb1622bf47acb649121bdc41abd76,0xa9e2cba7635eba18496dd5402a18948be28c157acbddb9a03ed0d3c195c89067,ok
0x973559ebc384ea700734b12570aafee7b60449dc,1,0x026d3635120c2919d6261dfa9cd95e52e89bd6fa326f7674d9844af3f5bca152ff,0x046d3635120c2919d6261dfa9cd95e52e89bd6fa326f7674d9844af3f5bca152ff945cb34d94afaa9c0b1d2cf8703c97e2cc33c02e4c3f94cb4f70dca1032c6630,0xc9984d8f8ffd518d6cb8686dd9466bfd3fc90027ad48752dfc584b3188c5884a,ok
0x267aeaa0121d368ce3801ab5829ca353e0a564a6,1,0x03e724b3d7a1b837efbf9eb098085aa2385be14ab0ed91e65f50fbc18b50ecd55e,0x04e724b3d7a1b837efbf9eb098085aa2385be14ab0ed91e65f50fbc18b50ecd55edd1401582c0e168cae4f96a5fa3caadf1bf335d652925a8e770e026640b2ad4f,0x62dfe69eb5adc9be9999470d78a0fbb59d386e26af7751fcd72c98fa141461bc,ok
0x0158ca4088809592d8c403d306d5318b6babdc2f,1,0x0375d922f563c67b60a71f181db4f8c9f5ec35309989f4494eefab22df7af61d2c,0x0475d922f563c67b60a71f181db4f8c9f5ec35309989f4494eefab22df7af61d2c6e3cc93a9e023531fba2a8869b746e9912521991c7589711fa2c0293a0655235,0xe319b6755cae86b15ca488963c16fe7d179d544abc9bccf1f3c23f3d3937eca5,ok
0x065feea2f6e1f069847749c89d4e558f9861acfb,1,0x029e60fb65f812184a50a11c747f42be14df30d32404f595324c2bfe90b8a6e956,0x049e60fb65f812184a50a11c747f42be14df30d32404f595324c2bfe90b8a6e9563ec4ef23b50742f9324332e3a6de0dbb0ebf9d36e9912e5dc8035a1f92ec76c4,0x995dea9f9c4d9c34b6cc7701037404c709a400751b30ef71062a8f65bf4cfa53,ok
0x015d617be38f4d9189f983d5c2bb0bfc4e0ca0d9,1,0x03f9ec8cc2a78500d3cb67ec134a11dc51af01dc09597555624f63323bc0826ef0,0x04f9ec8cc2a78500d3cb67ec134a11dc51af01dc09597555624f63323bc0826ef0a0ab77c06f3506a2366cae311654bbe275d0e66ec109363292c739eef6f963e1,0x0fffe929482455f8bdedf32f1e4b92adb773e6a6ef283dbbc2a36f4f800dba02,ok
0x5c9d6b8a808aa0178ed7ad02ebf725e29ecab44c,1,0x02487c8d709f0dc1519b43407b686ffea9081598ef2dcbba63dbaf1b1ea4f5785b,0x04487c8d709f0dc1519b43407b686ffea9081598ef2dcbba63dbaf1b1ea4f5785b3977bc9330b6ed304bf8b709d24fce68433468cafb2a22bf91b0ced4b1038bfe,0xdf62831324e366c8811f87b338a9457889cd2f87120b045ff7f2b40773197b52,ok
0x0fc24125024048bb79dc33c263664d32cecdb977,1,0x027bb4bf494d523cfcc4aef3c4104cbbac7aea421ba5a784364398b8818f2c3082,0x047bb4bf494d523cfcc4aef3c4104cbbac7aea421ba5a784364398b8818f2c30822bac1269906862e8e387c5c88ee13362f13c6100907aaaba59e04d48dc6c1bf2,0x6cb4a3ad3f3cee8bc51828042d54a72c6c30eabcd28cbef2465af71549356770,ok
0x213623c08c32e17967c5eac0e329c814bad45809,1,0x03dd349eaaf90fadf8414517e6113939c9cf41b85af99174462c6167c0e99e5ecd,0x04dd349eaaf90fadf8414517e6113939c9cf41b85af99174462c6167c0e99e5ecd788f074ef183602de2612b36dcfda0bd2413799fec206755a562e2dd437c3941,0x63b179e3742bf4280bafe99bc6dfd652be4cd1ed3cf6755450145ffb8e704895,ok
0x6a02543372b06b3dfb25d121b1df66b52ec7b371,1,0x03620677d68b34e7a514438e2aca8e72835b60ed4357bdc787b9f5246f256bdfdf,0x04620677d68b34e7a514438e2aca8e72835b60ed4357bdc787b9f5246f256bdfdf3c61a889f2b7fb704461e40805cee2f85fbfbf3fe03edc11cb5fe3d8a5626329,0xead55895de928c78d7db5dd5c64fa9e0f4fdeb8045131b8c817f2e4a40fe5cfa,ok
0x30e16c2b63ffa058661517594b6e15594bbfd818,1,0x0294f42e9d545a27197ff07ca317e0fe4e5bb63770a85dc5deceff2a7d07ef0911,0x0494f42e9d545a27197ff07ca317e0fe4e5bb63770a85dc5deceff2a7d07ef09119e4b37afb3dccd1bd886b2ce2f5ef4276fbdd55a62c0c9e825037cc641999a92,0xea8e880c326e5b8cfa02a4f2f711574c20a21aeb3bbaf3e7852861d5c6758ead,ok
0xe4d5ea400cde81d5765c4eb837b483df0fa2e49b,1,0x02d8cfe500b90dbba6d9c9cd839b6cf27b213d23e6138ea3f2d3cf7a80364b45c4,0x04d8cfe500b90dbba6d9c9cd839b6cf27b213d23e6138ea3f2d3cf7a80364b45c4f841ab8a3cc4b25b6c626e90d978fbbbfe097eebc12a979da995b8697e6f2b08,0x9cef1878f174ce9003e94dc8379376943134cd4ba566e95475f744be7eb7a039,ok
0xf4aa50d82cd109916771c87fdf28eca09157916d,1,0x02d8612a81398a1a3e472fa18a5a44ec135a477170d2304f07d624535865df0d1e,0x04d8612a81398a1a3e472fa18a5a44ec135a477170d2304f07d624535865df0d1e98b31e6579a56a6e95b7cd1357bedd86f5c17cf8a4c10b63494ed48959492258,0xca4579c6099aa2905c19b0a417b640dbaa5e5303c8c81400cbce2af6c8fce4bc,ok
0xac570932623c78a42f1cd2e9882b569f8c7c9f31,1,0x02f5566204c9dd9423241fe7a897d18f93705b67a19deb982e968581059a4ffab3,0x04f5566204c9dd9423241fe7a897d18f93705b67a19deb982e968581059a4ffab38930fa69982bcd9f30f6f9141a6cd4b9855961d18400726bae36416d56c6f2e4,0x73ef7ce88c148c08559406473c3d2e6f3b62edd98649d072e238202b61004bbe,ok
0x39d382ffe6d455791e809a291ae1d02d1476cd42,1,0x03e8ed8adec927542f19940d792cab870d4929791fa6515d931c67971f91b46e5b,0x04e8ed8adec927542f19940d792cab870d4929791fa6515d931c67971f91b46e5b3dcad3218146e9074a9ae58c1a150438a19b6b29b0513b6ef14923c754e13489,0x9d020065d2b58d7426291f5d94bc7ff91bb62395d0f41f1c56d763a6d00b7110,ok
0x268f3c757af138ca555919f83d28dad1d65a8803,1,0x03f7ea97a1f545a0c36e3d9d7fcfdcad08bd8d7c83897390949a3313666a228c96,0x04f7ea97a1f545a0c36e3d9d7fcfdcad08bd8d7c83897390949a3313666a228c960a37ca9e512d5a221bce72d82bf9327beb9b55b5852f503c4af638d0e7ac5c5d,0x23d77dfc96611c56e641c64082030c073b00f582e52132c053a7bfe292ab857e,ok
0xdccbe6af636c019026b14a340ab2e60136999f59,1,0x0354d6ff4a49db669340b6dbcbc5b45e1cca7b39d04c924a61b68ac66abf11b16e,0x0454d6ff4a49db669340b6dbcbc5b45e1cca7b39d04c924a61b68ac66abf11b16ec59d745dc609ee087151932f61fe3af6f3323205e0052491ae3029bb40293d83,0x7ccc60e5dbce588f72354493d1713fc803f39c7fa78738ad871e9b495ad8c50d,ok
0x34da3ac06f77050ef1d9dbc0214edbc1697286e2,1,0x029b7d413957057392f480cd20d582c9e85dd3c6a080a08abee0d8b32f5cc33989,0x049b7d413957057392f480cd20d582c9e85dd3c6a080a08abee0d8b32f5cc339894e03419305f8107e11d07dfa8e17dea977bfe08dcab9beea2c24ec0230e54d74,0xb0851be7af4183be70d96a92cd6f9cc2f779f8f4c81a1e53338aac5923386b50,ok
0x83d838620d51de03a6fed35089f5e3ac2ab6b070,1,0x02310fa8cf267bd27ab26661a618407e343db4ac1abc14b284bea6346601ddaa31,0x04310fa8cf267bd27ab26661a618407e343db4ac1abc14b284bea6346601ddaa31bdbb91287d2526860afe0ef7c2331dced6ed891c5ff506b0894cbb3f34b6aaba,0xcf17cc509bf22f3e314b5fab2a84855517e31fd94aa0c3d8a4e625f83eca8047,ok
0xca1823e46aff7224dbc63a1a8f0f495d47933b2e,1,0x0370593388eb2f8ecadef1ddde1199a2f02ceb7292f5a47ce8c6abfa1bda6354f0,0x0470593388eb2f8ecadef1ddde1199a2f02ceb7292f5a47ce8c6abfa1bda6354f07c4bd7705ea223e737d8163dd91a580d4770226f799fffef36f3f6d3e4449d7d,0x802821fe137f0eeedd5e88d29bb2ce4c01bce4cab299e8cd2765b9a6357f263e,ok
0x4f0e0f152c9841fc963212945bb05a22acc2d212,1,0x0330b83a67f581b968ad00fe5bca85a67493f117bf06c31ddcafee0dd21bf3c278,0x0430b83a67f581b968ad00fe5bca85a67493f117bf06c31ddcafee0dd21bf3c278415c56a089d17bdcd9533b0a88115df47891fd57e542537f0581ac45412dfe83,0xa019a8be0e984395f43e5aa20697537b473871ae45c53a38614cc04876d378d1,ok
0xe3cfb408fc705d161814e056500595dc1f1945b1,1,0x033ea5ab62c98aee639dc746d8430431ab4d956c226f5bd3a1f20c4fc6438b729d,0x043ea5ab62c98aee639dc746d8430431ab4d956c226f5bd3a1f20c4fc6438b729d428df3eec0664369061d66d6f6cd4ed047c39091a270fd6278d530142497dfef,0x8a57e5230204fb919b14848cc9c26783cc4413a19b6b475bb8b88842bdf3f311,ok
0xd00918ae130c9ded6bc29525a2fc91dbd2899862,1,0x027713fd0cb4638fb0b583fd4a8657e9296d17964f48eafc074340f4c7b1f1aa02,0x047713fd0cb4638fb0b583fd4a8657e9296d17964f48eafc074340f4c7b1f1aa022a2c36c0f78f31a0f18a1c86a7fb56d1cc71bda8d9779a33fc75079ec08fc750,0xc8902a12cacb4e842c0a391fa700f1b98525dc47b9e271c529a7b3f085649155,ok
0xd5be1ceec6f06bdedc3a284bba177fb9f16e7dc2,1,0x0323fd9d3c6c7457b5e34a95bee018ccb11595cd569f3c1ac385c2fd09b1731fc5,0x0423fd9d3c6c7457b5e34a95bee018ccb11595cd569f3c1ac385c2fd09b1731fc534c7d6d8f2699ce619ebce1725f84a07338c5dcd88b6587fef06e90eed680f15,0xdf4971e9ed405507b2b82c0fd45ab891ce2d7b8bc0bd242858da7e84302d5ed1,ok
0xd182a940509f70980167a93d62fa3572a27401fc,1,0x02a6f8d69976a002a8bc9fad4454d9d1b19b64008ae5e74a605caaab0fc837304d,0x04a6f8d69976a002a8bc9fad4454d9d1b19b64008ae5e74a605caaab0fc837304d31001ec674fa50d4d5ac44365d5ffe68e8f9cdc078369d0832f653f6bd13ae3c,0x01a476657e426bc894cb067ba0e916d1137d5dd96b7a7edb72b766d6d5348690,ok
0xa9b12c44473b52c8aaa6ca5e34ef357c8e2388da,1,0x02bc5634c8f309c1430ec9ed870155dac6734ec316c16b2c5485b2c828e5e8b2b1,0x04bc5634c8f309c1430ec9ed870155dac6734ec316c16b2c5485b2c828e5e8b2b13d50439e2f547cc7aba85da295c7781011f00f0b94f6b84e8a3a8ec4d3dbb998,0x84db8316681d4f3e760fb88c2a86c4af09a7edba67be0703cf84fbc705e1f2c7,ok
0x4d1ab646ef0f6aa73dfe7a18e567fee9c87b385b,1,0x02c18cb10b5d79426784c8e64990a4d41042e43344279049543d4b646074b1392d,0x04c18cb10b5d79426784c8e64990a4d41042e43344279049543d4b646074b1392de837ca9dbb6507a09f6b176b050d052b6b3fa77f6b067b11ee98fc84172df828,0x2d93abd2477b0e4db5e4d72f0b742a5fba93202f38eed3869bce996bcbf899e9,ok
0xeb07603a3e0bdef6e861a2cb9270923dac9ed865,1,0x02c8a93aa9a263986c1b501078c051f5e21fdf798f9ff71795000eebd2b834685a,0x04c8a93aa9a263986c1b501078c051f5e21fdf798f9ff71795000eebd2b834685af62a28c0242116a53f0f57b8c83a1af4f2b088c950969460371cfeabf75c9dcc,0xf3e2239fc7fd4de9d0d043080cdc6470ad23937428627a4b7d712393333b7a96,ok
0xe830d5e4d996d2413935a2d38a0b2dc037713a1c,1,0x0367428d47977691b8b8f243d4f41fd523a67531a01a88629fe8528d9348a2f857,0x0467428d47977691b8b8f243d4f41fd523a67531a01a88629fe8528d9348a2f857845d623bae372b70d654286a84ee8774c57c27515fc1289247724a8ca77423b7,0xc2edb387185619b0783cb3a5f72f46ddbacff6f97729daea0eb4abdad6500061,ok
0xb14cadc63b4e5440db48325e48d5d29bf685bf88,1,0x034be8c1467df53712fd03d9dbb95acd7337491474aa1776a49b3f95ae45356e48,0x044be8c1467df53712fd03d9dbb95acd7337491474aa1776a49b3f95ae45356e48d9835c284671292f52c00e3e3bbeef08f41220484b24c9752c9ac64e644ed563,0x1e257f46530d747e3cbfbbcd1437812a9742b09a23b27cff7e255d65c70fad69,ok
0xac170559586e2e1f6ac1227945ee7daf86b854c0,1,0x0356ce442462cdc5df93f0cf44a210144c9e23534f9637059748f87ef9b11e4956,0x0456ce442462cdc5df93f0cf44a210144c9e23534f9637059748f87ef9b11e49564365f05d8f27c3df5cbc52484389116e4a4914c0c0f0251bf8790f1540b2b0c7,0xd88725929fea9dc1f9f65916323759c44c7a0427fa822d3a4b6d441a7fb06b62,ok
0x1d3567f40152ec85ff73048ae58357c9cddc224a,1,0x03f7b003907f306cd655ee05c4954d187ac2e48d58f5cdd941ba3b209264db5af1,0x04f7b003907f306cd655ee05c4954d187ac2e48d58f5cdd941ba3b209264db5af17144fc4bf3c7d72b173ccb7c5289655d41b972ac0de8ae4d455046eb7679cfe5,0x390401e8e77261df29e860deb7e6eb1a32a3f7cec83cdac9f2a8be9f33f1b53b,ok
0xc02f23e585e8fd7e3daaa2094cb05507979979f7,1,0x02ef5b269f87e943c4605d88e91401865bb2b37c91388f4166b4a98412dcbbe6c7,0x04ef5b269f87e943c4605d88e91401865bb2b37c91388f4166b4a98412dcbbe6c7500c25e956085a2551f940cb7e0b43d694a6b3d7ae1c628cdd7974916c98dbe2,0xa57b4414ab67f087648cc107deded6bcce22cbdf7e0edc33ce51a59f7e4879a6,ok
0xdeb3503e7fb88c4e7677213fedc901a7da1474c6,1,0x033c5d43447d916f51fca343063647215315c4ba704744e5738a21520521567bc6,0x043c5d43447d916f51fca343063647215315c4ba704744e5738a21520521567bc6873e62c5d499f3ef16b38e57657ce61610a17e637cd3b3a982a4310bdabeef4f,0xdf568375460fc7b8c68c3678ee50b255de09d9b7a7d1bfcd95142a0663bbdd39,ok
0x4c3393cfa1b6391795c095390c9aa604060697e1,1,0x02e24a63247a4a5250f15c21e482b6e0dcc355d6a7a8ecfea716b73f96b5033cfe,0x04e24a63247a4a5250f15c21e482b6e0dcc355d6a7a8ecfea716b73f96b5033cfe7946fd7b474df84a14488e9bfefae112ed885401e8622e100057aceea48a6c7c,0x16e1bc66c4bee6750ebb8c05b94bee145bc1aa16b0652f469355135b5c8d7207,ok
0xcf95edc8704c4c9084e1d1f22d80d01c217c9ef0,1,0x0264aca790c0a3a0515dba50704485d390b412438d545fa7d86c377355431c5283,0x0464aca790c0a3a0515dba50704485d390b412438d545fa7d86c377355431c52837290590fb62a4f8999b423200a7a542f64f4418ecc6aac4a3c2cf53ca0f0df76,0xd83b02a0ac01ab33f0e2377ea40d891b2d5a19e64196bee7025305d160f994f9,ok
0x3a5514ef1a397c3695c6f48e12b1c8ae80786a81,1,0x02a4ff573823b9fe902b75a339f39b2d29394a3375af89edc39ef1a3a170cd79a2,0x04a4ff573823b9fe902b75a339f39b2d29394a3375af89edc39ef1a3a170cd79a24eba89728e0d4c0ecaad58cdfc37f5fcba4d8f905b8decf0f121a71852ce6300,0x92a7c7c0adb6f0f7dbd910f4283c3ba67b7cc01939bd2c680ef44fb445e03a25,ok
0xd1a073dabfee1f0633f51be37f0e3d2f4f8b03ae,1,0x021b726b2567e9e62983d7bfc1ef6a2685e03eb4c27a3fc00dab55ba529085329c,0x041b726b2567e9e62983d7bfc1ef6a2685e03eb4c27a3fc00dab55ba529085329c4d0f09edf560542979bcd5e5eba8efb5f4006360f13a8fd935471fe964b4192e,0xa21272417fce9abd1efe7a3f8b1e54d861d7a70f1ceb9502b4ef92e5a67f547e,ok
0x058b35759389c59e98a8ae82072b7a2b627c9dc1,1,0x0206452993c71f5b2bf22b7cc2a4b57daeb48e8c99fde4b898f1050a5b2fef4644,0x0406452993c71f5b2bf22b7cc2a4b57daeb48e8c99fde4b898f1050a5b2fef4644bd1743317f0ede4cdc39452a516f97a8955cb4e3d4d9637e36013604d52ffee0,0x58874c3cb11fc470799c718879b8004e97d42120843df2b452da7019981fba50,ok
0xf75a2ce04c5dacce40a16fdcfa73270c3c8b5ef5,1,0x024111d4dae211d8afcc149261aea915b77799ea8dfbc16ad995b649529e87ad42,0x044111d4dae211d8afcc149261aea915b77799ea8dfbc16ad995b649529e87ad4200a1f6e385e90a781c699d6149ba59f1d25e00963c01df156d52220bb9caa0da,0x4979c114c2c396492b55af98d72dfd8b21c19a95cf170784aead5cf1dd27626f,ok
0xf51202772feee974fe4a185a713c47cf98dd3acd,1,0x022b4af3b757388a95cfc4306c1979031f7fbbe4f3e27a4efe8034b3691abcbd34,0x042b4af3b757388a95cfc4306c1979031f7fbbe4f3e27a4efe8034b3691abcbd344c91951fcd002597f6ead1c4f9a2a655eeaaa08d82a191497a2e376867145216,0xd6af9036a1738ef06dbcdb29913b493f17d192815be07eed4f79cf71432a1bbb,ok
0x30c54512b629a315f905e3805a804a438f5267f7,1,0x027e32079dfe38e50a81afa8782e218519e8fb757826dac92ddb155c9bb496b34e,0x047e32079dfe38e50a81afa8782e218519e8fb757826dac92ddb155c9bb496b34e55da4faf699996a7c677fcb5ec4c6f735f19d673ecd2071e12c328f919008a0e,0x5ab6aac4a0eccaf2707a79729ccb9366f0749ef260f3bf04c83c8d30dda4ecb1,ok
0xe4a8a670e9a343c513068c0962c2951551cd209b,1,0x0369828006bc43f32247d5e5282d300e43ceb8ab8bde566a877e35c1c60b5d0334,0x0469828006bc43f32247d5e5282d300e43ceb8ab8bde566a877e35c1c60b5d0334579a208b893c6f53142d51b07133da711306d176125bf734d81ee6db204ae0c7,0x92e0d9c049cbc3a9d872f3ca888ff52d7ea8e96cebc8249ab581a76f70b480eb,ok
0x929f9538f60c569358e4ec7cd62376b39d1c6379,1,0x0200368618a1ecea5f340d04ec55010314808d4951b3d4ad3c3a21a9d921060697,0x0400368618a1ecea5f340d04ec55010314808d4951b3d4ad3c3a21a9d921060697c0df1558dd50c3a735da673ef2069f39d7ba41a0bbda992235dfb97cc79bc862,0xd5bcb529574fd7aa1b7adaad76fd7523444c662bdaf21d7504773fffcffc6403,ok
0xf9c5586d34e60c273531957c7ec41c764c9bd0a6,1,0x024a6292c191256d7524eb8572c369a1fd740293090dac1547f0935652e44cd275,0x044a6292c191256d7524eb8572c369a1fd740293090dac1547f0935652e44cd27588fe1eabce655cd011c590ad714d17237402881455f0bb20f3e225ffd7c0b534,0xbecd6d07197a66f930a3af8a393f40d494a16436aed1911383550feaad611ad4,ok
0xbb905efe44c7e22b12de44f46db730f860065c46,1,0x0343652a5efa693bd37e39d97113510d22237a78d587c657d6b547718eb023b31f,0x0443652a5efa693bd37e39d97113510d22237a78d587c657d6b547718eb023b31fa543a97e5f87067215127b86aa59beaae2527ea0442a43aa5e1c35f4ff258231,0x2ba328ec0c67ac4fe9610e62da648375eceed0586059f47f36f38b9a351a77f3,ok
0x57abc91bd4e17ff4dc14843ec00628a8a4e8ee75,1,0x02edcc0cdc89a4c26e4de03e5000c1cccf42860affab0698d74cb68f1f45628899,0x04edcc0cdc89a4c26e4de03e5000c1cccf42860affab0698d74cb68f1f456288999830e55a0ca3ee333b14309d2e0300e827b9019aacb292a9633c48937c051524,0x632f794b68cd975b0d5d5fd69e398822f9b2740dad3e315672f5e1e2e9e5bbe7,ok
0x20b172d8ea4fc0539c9e83d6c5c1f86ef5a75e48,1,0x030b28ba4fbb1ac4cbc2de0504ba00726299caeb75eb513b179a152175b9ad0936,0x040b28ba4fbb1ac4cbc2de0504ba00726299caeb75eb513b179a152175b9ad0936a5f6aa4f9e3097ddd74f97431ee01ab284274214924bb1ac1218c438219a332d,0x8728fdc4bf7dd3fb42cd6ef0363c0ee835741792400c631b0b98c88ee0948a51,ok
0x81e39bea99ebb331f0ecac3f251ab2fd7dabab51,1,0x02a0dd74e46b34c5664079aaf29d675f09eb455049d0d00782242601307121b89b,0x04a0dd74e46b34c5664079aaf29d675f09eb455049d0d00782242601307121b89b3a3f7d647162384013897fc724442db6f90b56766e7136aaa5ca3359fe33b4e2,0x67fb6965b6cce19c892007ea840fa840726f1b53d3c8dfb01e83cf9ea5c455e3,ok
0xd017ef9ddfc8301d0284de4466753c265dab88d0,1,0x023e3fbe79ed3515c28dd611dc332f3091e80cf20311736567c5480d09e7677085,0x043e3fbe79ed3515c28dd611dc332f3091e80cf20311736567c5480d09e7677085a34f8a85a6fe351daa749a16ca18cdb530851866be07b130661b02a6577b9b5c,0x6716220465320ed9487e606c59c67d4441eab754e1ce2f5b2eab888c44e146c3,ok
0x89aca7f353d06b3ae1e14b3ffb8c8288252ce1b7,1,0x028a684945283c3cfeb817301fa37750f651f9919985b542e77a3c83e9e18a6e93,0x048a684945283c3cfeb817301fa37750f651f9919985b542e77a3c83e9e18a6e93a89009e2c7310e237c2528b1f060e2e45942746f9bbe80c7e35637b4d178a1b2,0x7aef017255c4b91ec614b8adf71fcdb1ab72093654acc0b824d6e9eb06d08380,ok
0x7627205a05ff90aaa4ba8555c5ca4bedf0634557,1,0x02a1b55e79ab5eea9b4c965985dfcae05429ceccb74f41a79050c9a7ca440188b4,0x04a1b55e79ab5eea9b4c965985dfcae05429ceccb74f41a79050c9a7ca440188b4b26c3d09fe5568e892c1fb7cf141ef689e7430915eb61bf8cac95c4b5a62208c,0x6c22f45286d6c81b486421288392a3827858718ae624fef22e356a142976c9b4,ok
0x85404c9b70b5de96f837b1c41a9c24919863485d,1,0x030646d8d10eeaedbe48325123dde1d49aa9faa6deeaf6a7d829a216ccdf3a8c2a,0x040646d8d10eeaedbe48325123dde1d49aa9faa6deeaf6a7d829a216ccdf3a8c2a6ad377217724a30c90fb319e8939b356ad17635278029a01fbe51b027b8eecd1,0x455eb4833ece3875d891791e207b6f183ba15b0bf55a209fdad8bb2c423fecd6,ok
0x120480c502956d7e86ea80c51f0edb8bb3aed0e9,1,0x02c05b99b2395d5ae62c2120d049991047ba4781e1dad2d88e0ae633bdbef14b9b,0x04c05b99b2395d5ae62c2120d049991047ba4781e1dad2d88e0ae633bdbef14b9be191fee16498009ec6cb2daa60adaff2302b05ea854d736ed117b101ed97414e,0x85c3b785b8f80493c8956113f6f6b0721de68d5a8647050fff00c43adcf97146,ok
0x9162ca38db37a2393170d48dda40db52201c3ef6,1,0x032959b0b7f66ba8e060b1d721c439f1c56c1e12aac7903ce8337f2613dad62030,0x042959b0b7f66ba8e060b1d721c439f1c56c1e12aac7903ce8337f2613dad62030eaad64549555565fea9c90db9b4927995be03ccd06eafaab1f785919cfaed8df,0x33f8db532effdb13ed71e7908dc4268efeda15b56d25748c1a92e468131c8858,ok
0xca0ae2d0107db27a7346e6df8cd24cf2377e2c9d,1,0x0248c3bf6b14a68526c6a5b2c904fd435c5496dcee1da79f7d1810410afeafaff1,0x0448c3bf6b14a68526c6a5b2c904fd435c5496dcee1da79f7d1810410afeafaff157679a5624cb48c70eccb717504de5cf2429c06d97b279efe063a741366b1f34,0x6fa5819701617637b703eaa1e0328eb9e93800a8a4d55d0282b27d7263e59732,ok
0x259295d1cd0f81929d9438a8c8c5da7f4b12dd45,1,0x0214a202d34857c2297393ef7dcde90d97541927ea01b5d07006f6a9fc2bec5c71,0x0414a202d34857c2297393ef7dcde90d97541927ea01b5d07006f6a9fc2bec5c7137987e81ff6833c2db81a3c816a33b24b6706a8a3335636afa6c55735992c6d8,0xb215a60330458cc88d848e6018e0f96d5dfe8a2754cdf5ee007d61b211f71ebc,ok
0x532298527612c1583109f2301fe78e622b208d8f,1,0x0367547ab4a90000c9ce1b27004e51af06a1b69ae67109b6b7c5620b53e135077b,0x0467547ab4a90000c9ce1b27004e51af06a1b69ae67109b6b7c5620b53e135077b5ecf59730161305a193eada26a18a747d29e903203d6923b847eb4296a66289f,0x067198e01f6813b48c54ad82d7d62314d7dd9885c41770e053e974019c1fc3e7,ok
0x757e0dc3c84f77a2fe9c1ce1ad2e8749ed23bde7,1,0x0264b8a4ad6a6a58d5ad5c9154915fe0746037529b39a4b3b54979f10cdd46e3c2,0x0464b8a4ad6a6a58d5ad5c9154915fe0746037529b39a4b3b54979f10cdd46e3c2b12eb2632e858989fafa910c15c029fbb950686aeb69f53186e6fed00338445a,0x57277570e77da89ce0da99a6282f12c5906783cae9f3a45268f4d6a11812ff33,ok
0x2b5f2acf5af3c45bef22d86684692d37c59d4465,1,0x02386cd927211a456bbc230e333e6c786fcf518efbeafc7017af7322a75919b6d5,0x04386cd927211a456bbc230e333e6c786fcf518efbeafc7017af7322a75919b6d5ac257ca93482b6c3db238a42bcf96bf0d7617b10345836a6d2477ade4c43dad2,0x72fcd9d7afebe2d43de1f3ecc02f144e1e57efbf9e51674030d4add3c53fa031,ok
0x33b68f86e7df3c65548f84ccf52e21d3476cc2a4,1,0x0397ad896c52221fb549cab99ba9bf4a303583a942b757504705bd9e4718cf60d4,0x0497ad896c52221fb549cab99ba9bf4a303583a942b757504705bd9e4718cf60d44f81f344b29dd238ff099f77128c62e4269db033147d6f380ee1fe96ab803109,0x61c2326e187deaf0f3331c760df639cfb2dc2ecae4f27cf7fca44a130ab339a6,ok
0x84049be97991c9831f8d660228789c37ae2429a9,1,0x02b13fd88fcf4056f46402b460257d97710f88d1e3426136f00184f1f611fce65f,0x04b13fd88fcf4056f46402b460257d97710f88d1e3426136f00184f1f611fce65f02abebe5dd55405dc0799a73b6b6656f7c221a573760db80316a6159ba7c3fa2,0x559c60b0b99df85e19ae7541b67c3dc98cdc94be417846a0af319a5e26468423,ok
0xe68b3c1e30261a49a006b14f09f9f7045c742e5c,1,0x034c842b693713b924cbf01bada9884401a45a685b94c80edef7ae2c403a548a77,0x044c842b693713b924cbf01bada9884401a45a685b94c80edef7ae2c403a548a77f36142ceaee75068f63196f4060059d67cdf85460fbb558c7c83b2eb7612bee3,0xfb00c9bd81f27c0945cf175972218a6c7b7716c0980f13ccca939ce60e76007a,ok
0xc66323306ac0c9508de022c0872f42c758b9aeec,1,0x03f5502936c7e2783cc305cca228db318acfb55664eba745ff21974a0e41374569,0x04f5502936c7e2783cc305cca228db318acfb55664eba745ff21974a0e41374569019f1b5550b92f2e72bf8fb61d2c239fb651f0747678150304e3e12f547a8de7,0x607c88bfdbd3ed6ea9daae79d93bd9d2153c4d3632b290c6d733b0bb36b8b5d5,ok
0x0d83ea4be31f28901faec28ea78f72e31a0a88be,1,0x02ba9dfe9c76b4705cd7b4ff49a688972b6bb7ef309283ab3bf7825f69b2ec9785,0x04ba9dfe9c76b4705cd7b4ff49a688972b6bb7ef309283ab3bf7825f69b2ec97850f1d2652e83b95bea985f0ce1e013ebac5c9f077fc10d88b3c314b4c789cdc00,0x866c91c5c471e804e87c126dcf67ce921a528e055fb3fc6283d211cc8914925f,ok
0x9dace31f168472407e00e72a6f3788d7072fbe38,1,0x02c75f4bab6ab531143550da72f781575246a50b056f5d4364c5130965ae260a5e,0x04c75f4bab6ab531143550da72f781575246a50b056f5d4364c5130965ae260a5e25597dc1fc5b4b4cd169635ee2baa09e78f3e1c82e7a20ad80799b4dce170140,0x616ef161b41bd2385ef3ac79c810bfbe487dd566cf6f188e0947275afe5f03a0,ok
0x7b2eba21c6dadfdfdbcc8627751fd7f28c36f9f3,1,0x038bf9f7814f016bd820b3247000352d0a139940d4af577268ce08c5ecc52cf657,0x048bf9f7814f016bd820b3247000352d0a139940d4af577268ce08c5ecc52cf6578ab25d77e7c1fd6eeb623d4209ada0162605fdf45b3820e597d7bf3e33be8365,0xbe70ae77eaff6bde922480ae70293757dbd0b861623bc39d9c6a641c7e139413,ok
0x951ac4c940d6f4fef86e3b31641d17568154afc8,1,0x022398ca4c38276169c2e96c0cd08be5b284c3775aff005ed98b968420f998b612,0x042398ca4c38276169c2e96c0cd08be5b284c3775aff005ed98b968420f998b6122dad81e30e2fa706cda5d6041e4f2f9cfb48755bdc223d23d75513443f824488,0xff9617591aef1483a9fa845dc70f29f6332a1ebce94438a3938ac41f0d0c2e2b,ok
0x99ea9dfbc3b8699af5f079cb00b40b429b0fb754,1,0x02368990da89b15b86a73245a0f9995be850649f90fd0bda36443a30b8ebda1509,0x04368990da89b15b86a73245a0f9995be850649f90fd0bda36443a30b8ebda1509ca8668f77423be5bca8cf495e238200c5546c9343642ee756732a02d9dfc48fa,0x561bb1cfe91626c76aa82d8b2a670ea3b000d4c1582f815fe171b611c427855f,ok
0xaff8eb495dd4838bf6160c023ceb88eb58d9eaa2,1,0x02cc57ba67b4605fc38172123fbbb733fcbf7ad8ea1a3752d2c2cbf055a25d1c45,0x04cc57ba67b4605fc38172123fbbb733fcbf7ad8ea1a3752d2c2cbf055a25d1c45297ed198e0454bdc829fee0d943c13c11f2b1f3859673bcec608e9fd7cd35826,0xf03fd1387a5a0e4a7d78e5e40c84d2b55296a85e1c9448d0698da13762979462,ok
0x06d6d3a58c96846f1cb3edba7f99f75078018d8e,1,0x03910f06f167b49eec71745e88742d7cdbafe7ac0eecbf6bae188ce7b91abb09e3,0x04910f06f167b49eec71745e88742d7cdbafe7ac0eecbf6bae188ce7b91abb09e3e4a11cd0555e36072f6ceb313cc00316e8fbfeee9327d6d00349f798f63cd28d,0xe408ab1283012dee4fe4a274e8e24cbaf875a0a968d29a0dc865c2ab815c7844,ok
0xab26ffad7a2a1c02024ccafeeda8d90e70be408a,1,0x036a72c6a03bafc78b9d871978377f5a1da832eb40a839cc8c796410e57487b2ee,0x046a72c6a03bafc78b9d871978377f5a1da832eb40a839cc8c796410e57487b2eea80517acc41460b5b0a023b0bdc378ce655832aedf9576bf05d341f9687ff611,0x9decdd035f5d35a8c824f1bfb9ba6acabafe60c747c80dd366cc027d92f61681,ok
0xdeee6badc21d2bc16dbfdd1046a668db50d6155f,1,0x028ffa2a50991ac5c3925f6afe1452b747692cb1596de8614bfe6f6e1f67e0a41d,0x048ffa2a50991ac5c3925f6afe1452b747692cb1596de8614bfe6f6e1f67e0a41d9838bd5b0892dc776f879cf12e5b4b0f5f112a1ad046b8d8d1323a743f413226,0x4fb05c9e5eb87015f70e88aeca796ce29b02b5502c9dd6ac8f83bc502047f0d4,ok
0x01fae13c51e07a261ea2fa6e25b7f11b31683e5f,1,0x02c2aa693c04f87d914b476f6acd4de645d0e0f384c3ea8d537cf5f74c103b9c63,0x04c2aa693c04f87d914b476f6acd4de645d0e0f384c3ea8d537cf5f74c103b9c63bba2f3fb6dae57a6fdedcfb4bbea5bf128b95b91ac8dd15ca62e42cc3eb9deb2,0x039021ba353a4f07cfc78950ece45df8d17aced7a0e4df3f746a572329304f92,ok
0x27a1b4cc8d6789e3b050a4ecdde5f8e177df6b92,1,0x027b2c928eff2ff39c28ec9c903abff850cf25d039d0ef76d1137f25951b7dbd1b,0x047b2c928eff2ff39c28ec9c903abff850cf25d039d0ef76d1137f25951b7dbd1bc994b94304e11e246d141ee505767c725f32238c027702cf93fad92316100190,0x2458925016530c2d101b832a47788392e1da1ee4e348d4e05ff8170ea3b3c263,ok
0xa4cb0004505da88694dba76548e7056df7551a46,1,0x0373657587c510e12550a7e481c0b140bae2ecd81f5ad965b55ea7d87ae3908eab,0x0473657587c510e12550a7e481c0b140bae2ecd81f5ad965b55ea7d87ae3908eab4ac68bd2a0e74696b759d570fd6855f71856d140cf2bce972d8380fc3c86867d,0x9ed501df9f2e91f14ab15b5658ec73e125d867a042c7de831f275eb0f84c1479,ok
0xd40dcd2defe44071d6c0c92ef5f6cd359dc7a997,1,0x0384568efbedf0402896bce2ce19d60c172ba8d31a8255c9eae649c6a80ce3bcf4,0x0484568efbedf0402896bce2ce19d60c172ba8d31a8255c9eae649c6a80ce3bcf47315984aa9b4f3d2f2fdb540319a7d6361044230e2702e1cf3dae574dcdcdd6f,0x5a27ec51ece27eba6d70d30293ed2bd0c2bda8fc66482da4a72fe31f671e153d,ok
0x0feb5d890027b62450d23efe1093534c409c753d,1,0x02688c6c580bfb95448a603c744ba7a5a1e00c9ceea6844b293fdfff32809f0590,0x04688c6c580bfb95448a603c744ba7a5a1e00c9ceea6844b293fdfff32809f05904f798681937f4f2b01baacf8f6a41a07321bd38cdecff64799e3282fe9c54358,0x9d5471e80c69ae87c7caad791c49fd0fc2562b08c6ff4b694d9fb08117d4de1b,ok
0x58329583dcd1503342b10e4cc7bedbe94f104826,1,0x02ca61f758b72177458441ce2ff082243bbf7d0a19d2b859859df67d43e16f6398,0x04ca61f758b72177458441ce2ff082243bbf7d0a19d2b859859df67d43e16f6398c6a221d6c76280e2ff4d966a8c8eaaf5fd61777e007ae7af6b37f350ec6102f4,0x18aeb082361891bb00873d4e2745c5c103fabd36e6dd681b1aeb9c28421c0410,ok
0xa43b797b2f43abc8c3dbcf2f6847f0bd774889ac,1,0x02dac68fda6467ee91048716edaa57b375382f3e71c37c709555b63c54a5dca331,0x04dac68fda6467ee91048716edaa57b375382f3e71c37c709555b63c54a5dca331ab48c6aad78d440b3e66e9a71f7f99e3d8067e60dca07310f6ffcc370ddac256,0x4b34785d15bbd9e1a36aa09b8323a65c25f065d29323926a98b82d5e69fe29b3,ok
0x22789584138c6d138eb1b69df5110f2003f2f0da,1,0x034c965da6b8b113a5925a43cf62a412a99f5fd320f9595d2139936412daa4d733,0x044c965da6b8b113a5925a43cf62a412a99f5fd320f9595d2139936412daa4d733c1142e8ea10afa66874641932fa00718ea22915de71ebff8cb365a25d0831fc9,0x942d8c7ecef8b84f89f3ac85d46cf821b798554caff2ef45ab4197b081f29a35,ok
0x7185ed8aa701d8cfe8822a889861a296bc6c581f,1,0x03c34423f3b148ba8c1a335ae46f04b3224b65181efc9a388907909cf52cd88de2,0x04c34423f3b148ba8c1a335ae46f04b3224b65181efc9a388907909cf52cd88de27c4239c9e30bcdf62d725114caccbde2a43e116841b54c2976681fab30ee215d,0xa4686e3c5c531f1e82729d4905268587aebbca9935daa70b0576596cfec24d3e,ok
0x35797355ad1e5bd9aaa96490ffbca2f716f85a53,1,0x0366d46c3c1868a4c8abf1833f2cf8a64121b2307e1b1e8ab4ac46ec1d74ec514a,0x0466d46c3c1868a4c8abf1833f2cf8a64121b2307e1b1e8ab4ac46ec1d74ec514ae8db55923d38fc3aa38e19d38dbe813dfb437789f93ac0e10bb96e38574bc111,0x5df867c1cc8098d796e719883c14e28a673243c2d1f0ac37150c014502c07ff6,ok
0x758f2722629914ad58545ddfa365e6b3fbb3cff1,1,0x025e7de092ac94aa876110e71833192973b09247511c764b9cfd3cc84e6c8ea7ef,0x045e7de092ac94aa876110e71833192973b09247511c764b9cfd3cc84e6c8ea7efdbe9e823e3ae5048ad9d58a70f9ad178bba118d46f800d2411bcc681aaf0de96,0xc1e4223fecd90a5be802bfe0a441874d7e4f515084dd77cbbaac1c0791646f57,ok
0x7c5da8766d02d2eb8aa9a649069486c2ca6d2556,1,0x03c78102ccc4eb74f56d6b6753972dedc1e7881ba761272f253e81ad82b0f29df1,0x04c78102ccc4eb74f56d6b6753972dedc1e7881ba761272f253e81ad82b0f29df13395434eb19d0ed1f76c742290e6562e54486b38e8643664c61aa8d06aba217f,0x0dfdad260f63858267f825e7f8c3ea60a2b2d2108c41edf1d65b41f0f0ef32b2,ok
0xa04b5cc5e8d219e1069d31c36f8ac22bdcdc39ba,1,0x03f0a3328ae0690d6f86a9a0d1d9909cccbfe8c0788fe8fdfcdc19784f0cadf50d,0x04f0a3328ae0690d6f86a9a0d1d9909cccbfe8c0788fe8fdfcdc19784f0cadf50dc677f641db3d7dd5ee43fbf8af1eed96d12823653d3c4635f277a9dbddc1d529,0x7746a5b7d02fb9ff4374f0b12bfb5efda4506ee043f76bb34a793a831b9ca750,ok
0x3192f1364d1c55ab856bf1e80095fbe72f4cc87d,1,0x03952b2a266aecac346283e77afd200c0a51a4eb4872d1d8fb36ab278cdb4cab4c,0x04952b2a266aecac346283e77afd200c0a51a4eb4872d1d8fb36ab278cdb4cab4cc4867089dfc3f0fe6b5f74f523048eda813a740ff431d0eb3e0176025dccf331,0x14c4293eda43d0840ccf628f7303b040a202f47e66a76ea8b265f17b5d02d347,ok
0xba8dfae6fa21680088327899050cf71c8e92255f,1,0x0356234aa81eda70f669f968c6f679d71fee8aad737230e9b3181e4bde63287e98,0x0456234aa81eda70f669f968c6f679d71fee8aad737230e9b3181e4bde63287e985880f5c05645768e55169b04310b09058f582a23c40c6de34896043540d4a5fd,0x70fa485ff4b670219e3867dfd44511320cf3509f91899470bb1678de8acbbf55,ok
0x336cbdb9468968ddae6e4016f655fc794d560389,1,0x02a8b522eefac6507022cd79a912905b5c52fe57f67dcb6457bf740e41712bf6d0,0x04a8b522eefac6507022cd79a912905b5c52fe57f67dcb6457bf740e41712bf6d036ffc20218300032391190124d1f43a98b96c05cdd97a492008181e4fecd5b9a,0xfa9785d911c4779baffdd53b1ce0f616996d07e750065568512c07ace1731fad,ok
0x18f544610592f2523d6ba034a2737c2ae7cc0547,1,0x0390d9e3357ccc93b69333a370150fe1772044134661d0f0369e635956401bde03,0x0490d9e3357ccc93b69333a370150fe1772044134661d0f0369e635956401bde03b8aa1230710e3cbdd62827c04f005cf06edd71bd7f6438c5b312d161121e338d,0x87ab3726d935cb9f1333cc03e09999e8c4caeea467fae71d9c8b2a7be1ba1e32,ok
0xd923a62484d14e3334f14906b526eb5096979a4b,1,0x03e17c3c7d00ce92d172d7d7313742b7885e3fafdda06362593bf95a1ae61b7ca8,0x04e17c3c7d00ce92d172d7d7313742b7885e3fafdda06362593bf95a1ae61b7ca8d94e357003d20ac4f1c363fc3d781e327f6474625ea60b11a4b89122d4911171,0x5774b68d0d957976422d103eaea42307dcd30cb86e2f2022bf6fc191aaba473b,ok
0x76b97398f51461319d7d19bfc07205f2bb531845,1,0x02b4939b8106d0f30e83de5b8c93f6551ce120ec8d4f4f5cea81ff1c5d707e9d65,0x04b4939b8106d0f30e83de5b8c93f6551ce120ec8d4f4f5cea81ff1c5d707e9d65b656de7ed19abe44df33583363bf43437dbb6ce102653717211e6631742a5b16,0xbdbe6f27c46669adfd49f28312e266dc504c2617efff07522d6f20c7bb8a3c49,ok
0x9e818410232ee64fd28f5f8646e01cdf1030bed6,1,0x02e8dbd567cb90e3af05d04c9fe8ac2eee4064ee4abd91e99fa48cb8a1947937c8,0x04e8dbd567cb90e3af05d04c9fe8ac2eee4064ee4abd91e99fa48cb8a1947937c80ea1880f0dd178cf6fe4aeade8f57a36273ab0fdf436ca78d060d219dd036f54,0xe3b9b59075c7a6cf3128c589c4b105af7a1e40eba0ff4e18be2c25ac5a1feb66,ok
0x58e4ed8d213fed20f08bb13a625b1d9118f78be7,1,0x0231ad7f5f2b8e2c0b93777f968b42542e031cd614c41a116c57839ac56a6bfc68,0x0431ad7f5f2b8e2c0b93777f968b42542e031cd614c41a116c57839ac56a6bfc688998188b18d55f64a0ea34405e4174d36bc43241a8831eb8a0991ba6686c058c,0x6f15ff30f5f4bc1d473885550dda8d9b5e6b4d1f633a1d493e367df85a3c73b4,ok
0xefbe0eb212c90652c3d661a550b949a12f54bcf4,1,0x0317855b2dd2ee27abf2bf3a845051a4f35e6ae6e8dba382fa49c3756b9e127aac,0x0417855b2dd2ee27abf2bf3a845051a4f35e6ae6e8dba382fa49c3756b9e127aacff3e7c232a56e5d3b8106cf07f8dca5d21b5f66577bdf3dd05da6bd6d4e60057,0x5b80675e1ac6c9f9fb2efbf5a3198e43a0c452d5bf087af2f9d1da601b566bcf,ok
0x26e18cb300279527f2d7397cbb5053d6053a950b,1,0x034b284cd527d1f0ab02182da1816c1fe2aa230473d47e8f20f54e7b11ec1687a6,0x044b284cd527d1f0ab02182da1816c1fe2aa230473d47e8f20f54e7b11ec1687a6ab3d2103186671f30c4359a40b1b5c892cda229c1a28c56d634f55b3025f7ec3,0x4826b676030f96277db8ae66de6ecffb81c06122e904878cfabfcb16241aa1d3,ok
0xb6ce89188ff215947e8475058b39be21e83bab26,1,0x02e245192406481a630beddd044c1efe1bab62cc9366c315fb2d1436e368f23f88,0x04e245192406481a630beddd044c1efe1bab62cc9366c315fb2d1436e368f23f8869bc8d12a6e8aa4c8521ed7854dcd791dd947d749eb4c3e01bc914f556eeb984,0x5a1f3e995d6779a005b39e2147f798514805f3ee50c1e51a71f6240eb2bdd2d6,ok
0xb29b11222e700cd13bf5a546d1c61f37bc0a4d8f,1,,,,contract
0x74cdb07e3a172d1076d8c6e439a96642b48e2e35,1,0x03ee121b793ca1f35b073fdeb92e739424ced81df35ee56c1a9dc5e423aa4bb340,0x04ee121b793ca1f35b073fdeb92e739424ced81df35ee56c1a9dc5e423aa4bb3408ae9bdbb934ef386fab32c869de74fe55f2db0420b1468944c119be7216303ad,0x10281ab515946b092a76191c02afb12803cbb94baffc1384316e50cce153b4fb,ok
0x644a40cc841d64d13e2dab3b053fd83194f86e03,1,0x0364c8c4dde1f5e281b05908fe33e5bebb9e3b8ea4c5d43c159ba9d6bf17407524,0x0464c8c4dde1f5e281b05908fe33e5bebb9e3b8ea4c5d43c159ba9d6bf17407524d6372d0b8a812a158e34673d371957042762fdcf7ec857f81474b1209c34683d,0x67460eff91d47dca8c626b2cbd6b3cf6f4e9e3a5ea4e77893aaaf370e66279b9,ok
0xcb7fd2c2c866aead803459ed9a6a489ef2677a72,1,0x02d72242dbf804c2efff434cdf430314e0132f44eae2ab84e05735c2861f3c349b,0x04d72242dbf804c2efff434cdf430314e0132f44eae2ab84e05735c2861f3c349bbce33a41630cf07650d9cc83218417ae83f877f412d26c47eb4fb7f6131fb606,0xf9e7a1b3a31b31e8d416af0e8b8a7cfe6ff4f6420efb143fe47ab165d9437077,ok
0xf2c9db00079ee94328884441f30098c8b1d1408c,1,0x02d8dec8b47af4c3842f60cbca827b8d3d89f1c725adf22bc7b8c3405b040b137a,0x04d8dec8b47af4c3842f60cbca827b8d3d89f1c725adf22bc7b8c3405b040b137aa94b444cbed2aa7b4a6b708edb2d34b4e1ca3068a55997a4061eb4a18e1f95ee,0x77916a64d8ce8f92b7b414fb8f0365f18adbb2ce91ccde0f026a57438f5f945e,ok
0xc3461b1f5d8d83488c333b6254a97240489bcda3,1,,,,contract
0x1584283281ed603ee28b51485c1f356763d5e7a9,1,0x03c09a04708901171e0e866bec0cb28666f2b577beede880840b0cf81e90b5e230,0x04c09a04708901171e0e866bec0cb28666f2b577beede880840b0cf81e90b5e23078219e80d2a0678d4b01aa443be39032251b6389f13d06dfd423c34ce4c6b7bb,0x1821ca2d864728b71d7ba9b284a9847e5bb02505254941f3c000eec6fe2fc752,ok
0xc571d854dc184566ff86d96c57b8037620592406,1,0x02a363ec00f1a411dea956c4bfe10010a6cc42cade29692a449f0690a1335f22cc,0x04a363ec00f1a411dea956c4bfe10010a6cc42cade29692a449f0690a1335f22cc90ff1675206bdfc58745d655752a07cb01fe7b14ed3f55d1f649704aaa73ce62,0x657e56e7f587132bad888f3bec4752ad47fa3682e883d4a0ab3965181ff557ee,ok
0x214ae5922cde6a8dd89a2f0874737cbb8f8ac532,1,0x031a5df67c262f4c6bd237ee8492317cc5f4bcfda2a225e1fdae6b445c15c93c07,0x041a5df67c262f4c6bd237ee8492317cc5f4bcfda2a225e1fdae6b445c15c93c070863fbeed17ad8f6f97303313cf46350e4fae3cccd410291228e6f23043a7a59,0xc06c0d3f688931df612da56dafa89cf846ac646b9a7b98ee77027a027b25af49,ok
0x60d9528491aef5c9b57e6d918cca722a9b6fc994,1,0x028c038ddcceeb841dc24adc4145ce63a29957b7b9aeb20a524a2af5f4aaa41069,0x048c038ddcceeb841dc24adc4145ce63a29957b7b9aeb20a524a2af5f4aaa4106911f6bc5deeb87b231a938a8cbf315e4c6b2df0243d98dc6134360b4e9f3fd822,0xd6327b75a51bf45123a9a419bf692a40822a5bd1c7e6d896778a38ca00197c8c,ok
0x5a4ad763cd19663f7aa26a6d925229707869e75d,1,0x0238d7b1dd278293506ba3b8dc870bb0d1913c547e8c94229804aac639f6b9f71a,0x0438d7b1dd278293506ba3b8dc870bb0d1913c547e8c94229804aac639f6b9f71ad3caca0b3a6ef1511189a1bf4082f3c76fd0f8ad53de059a79639703e4a3f030,0x8488d440b77349aa6214485e0caa3b346e4602abdd0f49e9c3151e8dc879521d,ok
0xdfbae8f9d9e349ece986800b2506b9cbbd089b4c,1,0x0379baa3f1e855af82cffe30a8edaaf1909a36ab357e7999e31bc51f356a2c96ec,0x0479baa3f1e855af82cffe30a8edaaf1909a36ab357e7999e31bc51f356a2c96ecc7796618b47c806146f14c9e97bb0e361c17eeaedce35f1bc8ed98722a1ade89,0x9d0cc7201dbe7d2d89ef71485b84f69ef09b75e6d0d182191a4a57a5978836dc,ok
0x5f8ac8b149f7879c7a53bb4a93e665ae010769ec,1,0x0347eda8df6999a57808ec02e983c0c5348937e26a8990528c47ca1deb0c616580,0x0447eda8df6999a57808ec02e983c0c5348937e26a8990528c47ca1deb0c61658089a83f6225f4d8d509c6e825209bf1559094ddcd894152d18237ebb520820eb1,0xee8caeb230f1bd449fe726699da55f736a660f78f9015ac67eef51ce9909cc81,ok
0x578fd8712820eca1a1a0651d3cca586585d5b109,1,0x03a864074a9e6eb1189298c34715446ddd953195eaacdff1560341a288059f6780,0x04a864074a9e6eb1189298c34715446ddd953195eaacdff1560341a288059f6780f2c5fd5849eec0ed2816a9f80ba3d90cdbed07e5be63bb498f24e2fe7eb19319,0x4164a4bf498a50f7fece3bb458f0fc5b3204644cad5e03064f111f2ab6ec7e2c,ok
0x7a1cec2cfbccec71bd976a6b4eac03d7f1eb16d2,1,0x03c868decca5d8e579acb5e54c2f56e592870b501b14ad21214c76cc28cf7e2d62,0x04c868decca5d8e579acb5e54c2f56e592870b501b14ad21214c76cc28cf7e2d62f04ad788cc1742c5d78143187ef43a5d30b3df5453a891775caa272c05827ec9,0xf929e24e75e450fc6ee252e07a39f5e42e55841e824a14a45a47502a8245f053,ok
0x619ab7a4e5968f9867e53889bf903512b0b99371,1,0x036c3c6a002fe80932b4dcf31fd1e528c7bcdd07e02785617d988413973fbebb94,0x046c3c6a002fe80932b4dcf31fd1e528c7bcdd07e02785617d988413973fbebb949e0a5d20d3cc0a468b73b8a56eb2e42bec1ae835956c6973cdf47a8404c4ab71,0x9579f3ae28ceec03b0ff055aaf9555ae28caa36b561632a282d6ac14ae9784ac,ok
0xdc16ffa23027f1017d5907a997e834971d853e75,1,0x0283fb4c93fcf9fc1c797d3dda3bccff9d864d2fb8db0f1cca8fe49e5841e30998,0x0483fb4c93fcf9fc1c797d3dda3bccff9d864d2fb8db0f1cca8fe49e5841e30998f1c44ea7c4030dba7b28676f25f9c18d9f2901f52b0f8c6125fd67ff45ffb996,0x42d2f5c54a773e459a338fabb3d7eada54cc37aa9078e7c71cc55b08710c9d0c,ok
0xb67100a4810404a8c7c457ba8219311ad965b978,1,0x02e79e23be1525ee18df3e40bac4bba9ff218fc21af74251f91dc1586600a1fb1e,0x04e79e23be1525ee18df3e40bac4bba9ff218fc21af74251f91dc1586600a1fb1ec4cf4930fd82fef4a9ea74f8c439dfb3ef7dcef8679440594ca60560fa4cf0e6,0x5ef1655f4d6f2b4d3239cdbcd2da2af8f1972b571a3b08a20325837c6e262e35,ok
0xb7d9e3241da16505488d2ae4ff0bec6f85e68020,1,0x038328bc0ba83f423c64f85b5e273cc205b6e29e0047af53cf342457f50c1d8a0d,0x048328bc0ba83f423c64f85b5e273cc205b6e29e0047af53cf342457f50c1d8a0dee18eaeffe0a8d7080aa2acb83d5b566689b70fb0c396fd75655a25fba4c313b,0x9d74abeebb35f5877940abf148e231eb97998874d4128dbb47a7cc28ae4981d9,ok
0xf2018cf52a177d7e390a44e81b731e5da6adc62a,1,0x0222ff2a1e1c455fddb77be5137fc249f6fea8898936240fa3d47994d9f5f9d207,0x0422ff2a1e1c455fddb77be5137fc249f6fea8898936240fa3d47994d9f5f9d207ffacb8e064b7f8ff8e5c4fb71f59c18f4d2a7bb9ed4a8714c8fddfb3e4eca3fe,0x7a60e9f0faa8517b4cdaaba913efef49917e0faad6bd012e8d78064e112a7ae4,ok
0xba8da942cd64e4a171e74e1314e8c8d283ee2e74,1,0x02b001361f93a59b415243452f8f13cb3c6e18437c4a8d45626404674e0cea4815,0x04b001361f93a59b415243452f8f13cb3c6e18437c4a8d45626404674e0cea481500a91f5eb08a3ec0d8cf87135fa17abf7d36609e820cb6651782c275978d4258,0x888eec7ead504729633a342c8ed0787e806bf2cd4d16390783f7269ad7ff0362,ok
0x23bb3320599cc5b71461ce3ac42fba2b150083a8,1,0x021c0f86b8886b743406013ec89f3c973303db8a2f774c39313aac2864737db36d,0x041c0f86b8886b743406013ec89f3c973303db8a2f774c39313aac2864737db36d5cab0186e6f5947282d34ad671c277d441dbdc457bb72f78921a125bf628ea7a,0x9aafe797450cd5ddb34d69dcb3fd8b5b59f8a3acc0db6725c4f8501cc4c4785b,ok
0x7befdc59558b340b205bd4dcd81f2c145028afaf,1,0x0269f31afadc0034e06565dd0a4c6a21d02ffbd406c1c16677ddeaa535946d3997,0x0469f31afadc0034e06565dd0a4c6a21d02ffbd406c1c16677ddeaa535946d3997c4c5a6bf0eb95c18c6bd7c3d60f82c2aa967081042ccacf4da69dafaf40c60d6,0x4d5b104baaf4d86422278357832067d6327e1e280005ea5361138ed5b10394b2,ok
0xffb6742e255aabd05e1a6e5742836a8ccf19e237,1,0x03719a960fb78d4a36a681e9e50152fc83d5b7cbc44b592470337bb4c1b731be0a,0x04719a960fb78d4a36a681e9e50152fc83d5b7cbc44b592470337bb4c1b731be0a4a7fcd40980d8b1fd37b5c714d6250b16abd3a84176d5ef878526afb04577595,0x1a08a43df29fbb5d333a2bdb889db489b8d0831114c890413a9ee7833f2b74ad,ok
0x8244c338d642100cdccb0f1c319ba3bf00be8b6a,1,0x025c598d3ad79d114a449221186ae450c5f51cc7f69afad9148d692bdb9ce44231,0x045c598d3ad79d114a449221186ae450c5f51cc7f69afad9148d692bdb9ce442318509f966284c57afe95aaeb2e367804ade0ab6a6703b87e256c947bc34989124,0xd1a839d53c7c180a64d42b7ea005aa75c0c43baf67e821ea09f766a845629cb7,ok
0x60dfc2c4c4a8811f289bba5e965dc03aeff93c97,1,0x021a0b62796996778638657327637e504436c4c3627f5fce009f207a70a655b0c5,0x041a0b62796996778638657327637e504436c4c3627f5fce009f207a70a655b0c5a687eec99929184479d3b0323f89167e2e341184492af55a49d80ec1b1f3a86e,0xe8103f0a93527137b9d0b7acbc229a3f48001ecdaeeefa55c5063714b65099de,ok
0x4a5ad0a11ab0d6af770b3eba6c836cae92ad8787,1,0x0297ffa190bfb01868c679a8eed0c8cee7ae01a1ca9fef47b5de57b4fa6073d3e6,0x0497ffa190bfb01868c679a8eed0c8cee7ae01a1ca9fef47b5de57b4fa6073d3e6e03bc28a2d9ad5b06e32673ce9600fb4afb2fad9080cbe4de7ffd34ab9a9d62c,0x119c7999d3fdc7985826675712c5408082e76db051a19a53d98c686327fbce6b,ok
0xe1bffd083348fd3c60cb11d8b112315e1eec8b96,1,0x0378f3bbc7f82897f5cf7f7f948bee76d6b48b8bc828fa32a6be566acf44dec03f,0x0478f3bbc7f82897f5cf7f7f948bee76d6b48b8bc828fa32a6be566acf44dec03f57c8b5e5c3e5a4594dd6c62c346eacdaef21f9b5d4a9b99362c7b88d54698491,0xf41a328d40e7e5705ce889b9d2addf57499c687dfee128446709157a7ef27b2c,ok
0x1ce60c61e1d61e0a33ee446957006c42a8d12492,1,0x0222aef5ef44aed036d223b86a36fb9f76c508cbb3e5ec734514dc1c96d113162a,0x0422aef5ef44aed036d223b86a36fb9f76c508cbb3e5ec734514dc1c96d113162aedd3f1b46fee8f5e78c2c10e4b79e14a225645b93434884197ed30b8f192266c,0xfba3ce7ce0163ca76c9474a0b90ee911bdba022cad5f936b8795e698a58fd1ce,ok
0x797e7ae54dfc170f22d1406ce995b493caacea13,1,0x02d459bbc7ea77641722c441fddfc3035e48f9c433018c4f54a400c985df60a3a1,0x04d459bbc7ea77641722c441fddfc3035e48f9c433018c4f54a400c985df60a3a134f3c726a65e90761f164007e07efb088204f28dbe0897aba865d36ca79caa36,0x8aed01a4139aa7f05acfca8a5196c42ac37c0f19cfc2197843672a6ad69f881f,ok
0x3a8dde9d6037452fce47793a66b34fe60825bf17,1,0x0327a8ae3e56115f9b348321f64beb3206eac32d57d72b86b0cf5206db64394093,0x0427a8ae3e56115f9b348321f64beb3206eac32d57d72b86b0cf5206db643940938f513ff7538d9cd6cc47f54b6ebf4231939623c8ce6fdac85085ac992e46f0ff,0x1c69b5446fb38dcdebe6b2f174906427a409eef7fe67f91a30c1baa199abfa7a,ok
0x14a61e00857f4913b74f9ef58b13eca40b5fc077,1,0x0346aeffd58a16a5e9df3769d73530660647589c683840d631287ebcd115a2b84f,0x0446aeffd58a16a5e9df3769d73530660647589c683840d631287ebcd115a2b84f312d35414c79d1194d1a8c48b299f4fc25f04e3d01f68c6c49750c96855cc0d7,0xd950f5b9a536544207354782317d43bfdd5e1b6870b15aae3920a563f92cb127,ok
0x07bdce19f6a902a6439078767839276009077718,1,0x0219d86a284e2b6caeaaaf1ce03c53e6823ccfad9e76bebb5ec0a47275235f024e,0x0419d86a284e2b6caeaaaf1ce03c53e6823ccfad9e76bebb5ec0a47275235f024e8750ee3b9253d2b5ef6397853120f88d598a6548c6dafb6fd3afd1674031fe1a,0xb11e269339a3e4bbd79dfee9d7c40ed18ef60525bdd1249116fc7d1c7459ceb3,ok
0x78d586dbae3249f25181de5d48446815d75365b8,1,0x027a16ac0d1db1846f6395aaeb51384b6126545e920729e2852caf3fb5d204b93b,0x047a16ac0d1db1846f6395aaeb51384b6126545e920729e2852caf3fb5d204b93bcdb600653bff96d04a4c6215f4a8ae9fc087aeb2b94e4993fb034faa1770376c,0x718fe68f24c81ae2645f04928d5c53018b62b31b02cad09145dead6557763c5e,ok
0x7dbe5ffd9308d92c1587ef18a161b93db4753aab,1,0x03a20fb070eda926550d4610f97c348460f9f42a91ee3e54d15df5347cae42307f,0x04a20fb070eda926550d4610f97c348460f9f42a91ee3e54d15df5347cae42307fc6085830ca8c213ad33abff3ad869a939db5e13b75437bb728a26d4f058b0031,0xc1ab6e894f698293dea5ed56be00df222dbb9e5839d7bffb4b70e30394a6a80d,ok
0x08199a3f848d4952538f33075bff0c240e11867d,1,0x0236276ddd328ba77d16197837f53cd18d7de9036eaa98218e06f0cb52c9d9822e,0x0436276ddd328ba77d16197837f53cd18d7de9036eaa98218e06f0cb52c9d9822e5f4491fc5e8ad59110a97234f1a161891466c896b934f153142a2b3d337ed1ce,0x7cc951c166b11238a33570718d6b429aa3fc7cc122808d22ca9fd5d1d6b4b260,ok
0xe06028a2e0320ab5942d8a96ce26d9b965a31997,1,0x025f1e92185bb71a7bdad3617d07f48ad844fc31361fc38caddd4e7f8fe3d36934,0x045f1e92185bb71a7bdad3617d07f48ad844fc31361fc38caddd4e7f8fe3d36934495caa2af9c9c139dd9f84aadffc152b4d633befd1943ad2cec0d3a337fadd30,0x48918abfb469e280f4642640783939a82d7463f37e266b0114c249196bc52698,ok
0xe442f823326ac84141e3ac44bbb3b5b8acfa174a,1,0x0237e7e69effa6b8e76d56c6ac4118ccf9c12c1f114ad566b4f5c52a67eef53e6b,0x0437e7e69effa6b8e76d56c6ac4118ccf9c12c1f114ad566b4f5c52a67eef53e6b729a5056cb6ad7faf71bdb00b39619e75094c0c6501bbc33c8f20e99c44064ec,0x122ab63bc88ff513cbfcba08b4b18dae67961701c5e51b7e22a1a54dd76a95c7,ok
0x0dd86b711a32ec50deb313512d339426015cb6dd,1,0x02816486a88778bdd8c57cf797aa6056b7b5acf166e63da2c297b9109971da647d,0x04816486a88778bdd8c57cf797aa6056b7b5acf166e63da2c297b9109971da647d22abaa975bfd7f52c6c78d3b8ed1c8d6dd04d8830bf0759ef5ea5d2f7c5b9828,0xc531b17ce8ffb4f405d3c866b4a321e00a3e03781e030b97898160393c26d863,ok
0x731a2fb4c69e8e695c9c913df602a7337ff43cc2,1,0x0353627b490ed65dac910e2472648d6988e08bd81c488c7f873620e6d1460f8c4e,0x0453627b490ed65dac910e2472648d6988e08bd81c488c7f873620e6d1460f8c4ed8e413e310e220c2c46facdb4a425fb6bb999acbf8b008ea6d2fc06123ef277f,0x70c1583ac7ea64c43760e9124b075b13517c5c29b80929cc92040bbc4f5fb3a7,ok
0x8c0d700db746c2d3ea51d30ecbbf74a379db416a,1,0x030c07b7d59351f126469d4b065b7a24b64223b612c765517924bdc0491a321a19,0x040c07b7d59351f126469d4b065b7a24b64223b612c765517924bdc0491a321a1957aa04740d2b006bd550d10fed2ce26ad0193568d890eec32e66ee372d9d2c0b,0x26f18f407966555782a116c0bef60fb2609acd2e72bbb741e04687494c43e9d6,ok
0x632df56d19f2564034673c9570c5b19f3643c143,1,0x0327b4a4788b627df1706600e19a2a7c334c3b5d9a8e5df3e0ee806abc289eab67,0x0427b4a4788b627df1706600e19a2a7c334c3b5d9a8e5df3e0ee806abc289eab67aa742ce0fec0c7084ffbdfaaf99614c6e666c18f849542295fe1c802479facf3,0x2a44eb99bdc58f725c773bac8e3d67fc54c1716030a56e8b05439e4041b6fdce,ok
0x5d8874bae2d0974dd7b6fb523f6c5f79fc6ea517,1,0x03927c86a1433ff7843d746ab88e85361994c085e11734a37e33cd2b0fc29faf5e,0x04927c86a1433ff7843d746ab88e85361994c085e11734a37e33cd2b0fc29faf5e3214936477229d6a127f1787c67847ec93a9ea01e64a74222a153b98d4e0bac1,0x4b0ff8eb706f4278f045441c28b0aba10106d47ec48c141d820e2559c9fd1738,ok
0xdcd848a510bc1d71c432d16eb530d2dbab58776b,1,0x02c7e9cb27efe59f5a5b448bb92bba914524fcc701c5bab1fc5ed0ef922da0df25,0x04c7e9cb27efe59f5a5b448bb92bba914524fcc701c5bab1fc5ed0ef922da0df25e2ef9c1e7afcdb727fb29aa8f37e46d6f328b67fcb207b6589361d8e0a48b6e4,0x44319161f1d2e55480e39d97272c0efbee0840add233aeed704583ac8d57e80f,ok
0xe9f50f622df193e6a6fb36786788f35ee67e974c,1,0x03df5845568f3d3932b427331363932d48e4666a2a1e6b87a3ebeab833d4dd6834,0x04df5845568f3d3932b427331363932d48e4666a2a1e6b87a3ebeab833d4dd683481667e0867a7ee3ce36738c3abd8d89cba331b6a98d888d387ded51ccc834f57,0xd859125211dceb9cc4b4b5f5541e6d703522c94ae6fec2f4ef6b00921ba5b19d,ok
0xa0437aa4ac1b24d357fa2d711af7126fcc5a0a48,1,0x02426d8cc3dff77b13d486d2158f16e836982a697265a8df96487032978dc5ddc7,0x04426d8cc3dff77b13d486d2158f16e836982a697265a8df96487032978dc5ddc7b5b573da8388a503180607dec71ee6c9e01a3e396781a72817edcaa2bc935654,0x914c3a6ee61b0490414bff3c006705061d33799f2cdf489398d1176573cca3e2,ok
0xc4289e6dd2b41521aceca8a7ee593b01c8675883,1,0x03a344ddb4d07b6e95a18661d15d1dbf22c5515a46cca5f6c4dc604efda7999d4a,0x04a344ddb4d07b6e95a18661d15d1dbf22c5515a46cca5f6c4dc604efda7999d4ab4e965a0e207478c81b5b395e30e64ca76327b87d6016802676a3af39e439a3f,0xd7fe1a62b1b7f6cf2f257684291bb8fb9d60e5f317820eb30d5c80b7c6f7b118,ok
0xc3959b808b0568cf32f9fffdfcd4845b7eb8a401,1,0x03d570081b1b5a10fe0f01aa8015929e0ffe6f2a5ca8eb0eed7cda91c35bc6b18d,0x04d570081b1b5a10fe0f01aa8015929e0ffe6f2a5ca8eb0eed7cda91c35bc6b18dcdf70d9a151202c413afde92b4665e880f0c0cca3cafafa65035b7cc76a2407b,0x5b9fb96279d880a00220fb70f423c10bb9a20465284c5daffd0fb27154863b2b,ok
0x2ee01ff3aa1942aa25b441cf0834f9b31203fd62,1,0x03335a2441394e606fc08bb2e7469f5bc512ded5fd2118f132328e68543f7cac20,0x04335a2441394e606fc08bb2e7469f5bc512ded5fd2118f132328e68543f7cac207d0253e1329ab07df63c7682f52873cbaff97d097fc016212bc546853ef6ad0d,0x69e16326dc75f6db7c74e62896f208bd6162d8cdbb499ee3543a8a6b62056c9b,ok
0x2d8e4eb37be2fc09aede6db9f6a618ce784d72fa,1,0x02e640a25f53c6af0c88451658634de15f0243f846b7f64a9cb65e57e138b12b81,0x04e640a25f53c6af0c88451658634de15f0243f846b7f64a9cb65e57e138b12b818d500146766cb80e7bca2ae2e1bd198f77b614dd9292351a6cb104f5a1e3fb56,0x7770b5ae96b0d69f5758f01bb621b54a0e54908d15b9afce5cb59c0c2aadc059,ok
0x8cbb4469cb906053b0ecbd84038ac0262631add1,1,0x03452816f656ded3a1a8a82eb08e0f373aa1ebbed071c003f9022eb327f78d655e,0x04452816f656ded3a1a8a82eb08e0f373aa1ebbed071c003f9022eb327f78d655ece5e2e3ce4e0caa0c54aefdd67245caf0e11c1dbccd3415c4bd96fc6f51771d9,0x795b958298d1892fa506154007c7b01277ad418a1bfe927cfb37fbd65660c7d1,ok
0x1db45afc4534e1e3c24d3d0e7b0fbb4c9c0f7e17,1,0x03f67a6233f9ab67795da9dbc9114fec53ffdda43d6701a7cec9b3835fbadf2454,0x04f67a6233f9ab67795da9dbc9114fec53ffdda43d6701a7cec9b3835fbadf24541ebabe183fdf627ce134915fb596d16fd0448b5c291c9bfe18926cad530a4109,0x3cf743a4021ce8e3dfe0461d9e2c6e13b970f4ecacc3051587551963506bf112,ok
0x63bc7b88ea06b193746b701b18444c5669bb0d0e,1,0x02ceb98164d017c046aa18b2cf521f048542bc652e7aeab0c48d39084aea37c538,0x04ceb98164d017c046aa18b2cf521f048542bc652e7aeab0c48d39084aea37c5381baf0d1aeb81372a5b0a00b76d310e49383db5941132944fca4c9cbcf5c6ea52,0x90fee335e75a9fa7d9b904421d2f4d509d7cf0f37befb632047c4b8064b2ca9d,ok
0xd445003200c6f5a29bf1a561e6619a8da03998c2,1,0x03717c64a5026de2b5f1f1dacfab88e53d3e8dca7b5f9a40d69c20cca0fe2ca2f9,0x04717c64a5026de2b5f1f1dacfab88e53d3e8dca7b5f9a40d69c20cca0fe2ca2f966d369fcdb5ebb87079309ec46748cc628f46164a122de06b429b712a42ef7eb,0xe36263dc571295467f737deec32096405d542ad99a6b42a348f44c48fdb7ca19,ok
0x102bc4b0839a2e9e05559393dc76eb6b04b62f3d,1,0x0220f68588cc6a9da648fddbad10e9ab2d3e9bafbba7904fa908f462909108a5d8,0x0420f68588cc6a9da648fddbad10e9ab2d3e9bafbba7904fa908f462909108a5d8eace0ff6bfac32e8665c6a21276c09887ee377cf1ca2380256248a42cc71f37a,0xfaea2f981ca57af5534339412882c1992a9aeef19bd7a8d1c41ca665428360a7,ok
0x378981d33dae77268be04eae01554a92d5e67062,1,0x02bc159c022ee666ac5d1b6c96c61eda8c97bfa910c7d0f16bcc9f7c4eadf30130,0x04bc159c022ee666ac5d1b6c96c61eda8c97bfa910c7d0f16bcc9f7c4eadf30130a333609930ae6069db9d71d181868632d1a113641534c1998f17d834b55d9274,0x32ca868fb3e254aa43a31069cb7d616b7fcdc04d8ea65958539b1fe46d371e1e,ok
0x5ec520ab249320240fe61f4547a08dd3be0658d6,1,0x03cdb00b7566b05ed74d85469daffd7f0afd0325f778a817a4901674231f8dc316,0x04cdb00b7566b05ed74d85469daffd7f0afd0325f778a817a4901674231f8dc3162ea021bd174253a85ec9da37bbbb9af952ce481d2207dd792c5575aa5cea2545,0x0a9e409751f8983f5d6cd010a80e74149bf557eae8fc67d23fd4332781f78ea5,ok
0x13e2922911d8b05742f952c6871baa6248ab19fa,1,0x02e301f1c2430722df881bea4afc188257f93725cc9b0f45c52c6764c49e3856e0,0x04e301f1c2430722df881bea4afc188257f93725cc9b0f45c52c6764c49e3856e02a84bb33f972ee8c5687de9162ec763c57e2e900b551376afc27809a7e0053ac,0xcdd3cc940bdcf752ecc2198bdc20fdf286ac663a83a292ddd33bf82c5a771b71,ok
0xed4a2fc8eaef127aee21e67d266f5c57c632ce01,1,0x0383d6efaf3ec56d8f2192950e8cf669ae325dfc2a725e266fa98d06160e555af3,0x0483d6efaf3ec56d8f2192950e8cf669ae325dfc2a725e266fa98d06160e555af32ce29e492131431ba9029f25f9aeff931d13d70df07b5c1b692532a7d7b6827f,0xf516dd119cabd1bbb9e82d21f60ef052ae18ae9549cfa6362cb1e3eec714db9c,ok
0xc363852899fe95c566c2185f470b954d7af44d1f,1,0x03fc338f541b30e9351a3078acb9cf173045d650f28e2b5705519adc35a5be369e,0x04fc338f541b30e9351a3078acb9cf173045d650f28e2b5705519adc35a5be369e5ecc3254fd278db06c0023e14dea535575742acd243294ebd789d056114aa215,0xaf0b3c95cbda147e5d87a65a2f0cf3f7d13086fcbe61c4295a0d0e8ee180a1f7,ok
0xd5f1ce018c5ce6c05baf8b8a9159a601903fb90a,1,0x029e9ada88d1c5760fa1d5a8487c0d77a8b78ba04d6c978a0b025f5d7b39297315,0x049e9ada88d1c5760fa1d5a8487c0d77a8b78ba04d6c978a0b025f5d7b39297315ceaae8c733845d8df67fab00dee11d7419b26205a0eb36dcfcd45e4422efd55e,0x8b3464fa01fa82a714ff1f48a48dbf3d7095a63c590e0ffa65fd5b680c23fffd,ok
0x48b24e4ebd6c3ae694da2d3209d4e55f4f3b6988,1,0x03f6dd9c486152cb93c948cb7b92f69fa7920c761d9fbd79305e59f61c141b0a28,0x04f6dd9c486152cb93c948cb7b92f69fa7920c761d9fbd79305e59f61c141b0a283a85abbe36ac56b03d65232a81a39ce4512fda51c8bdfa4ca95341c1e9dcfff9,0xf12fef88299d547c36e6b33fda0f2e7e7fb97b2a26cde74fe94bd86eb48b83b4,ok
0xf069d4dc41dee49fe0de0b2ad5a9a4779fb8e02a,1,0x029e9121f98b355d4e2583534f8da25fb246197613926af459fef1e460e140bd36,0x049e9121f98b355d4e2583534f8da25fb246197613926af459fef1e460e140bd365972efb725c3e5ef89529a5dbac247f115c4d01acf3b31a75340cec61b64c808,0x41a931f50e209403fce9587232d916e74c7f29f5eba77458428a307ae4287890,ok
0x5a8789b91d637bb31966a9454583b0bad74743fd,1,0x02362a96ea63fd72c051c2ce97f33430f6ce705165e610482c8a119f52d2349b8b,0x04362a96ea63fd72c051c2ce97f33430f6ce705165e610482c8a119f52d2349b8bbb4fa9c91e4b527e8d7ca8591b6ce0dd1ea4dee632410f113a07af0891b01fc4,0x68590d52ccd4d4e2f04a89fc48044c9b3967a1d66049c617f2e7b11fa2dcc8ed,ok
0x342fa0ee6d6f7bfd3ea4154d8bae30666bf10056,1,0x03d8398379d985ed4bd88757f4dc5eb21fdaa1dea14e76357bc677d2b8e56054e2,0x04d8398379d985ed4bd88757f4dc5eb21fdaa1dea14e76357bc677d2b8e56054e2bde6879026ff816f2fffb090b5df36c1bc1ddb6e1a93e6dcd0cd0995f907d7e1,0xca54f10815baa9c1683c67c5887b73e0822d2c63e01b575cd0028b4cd6a14ac7,ok
0xb40a0f2f9b85edc47ebb334fdf86d5d6a077a067,1,0x033ef1a3af355e855c2d24ab3befb713e67d1a4c5949ed2cb2abddb44a4d5e5417,0x043ef1a3af355e855c2d24ab3befb713e67d1a4c5949ed2cb2abddb44a4d5e541706d37fa64cfa6928fc8724c7d6d83ac728cac38924374baf38d8c5396a187b09,0x69dafbf2acac79efd83588a429785f0534f3e46ae78dc29a476425b6eb2228ee,ok
0x03f764dab6efb6b2099b0a29b316a729e872b5d6,1,0x03b03360f52b2d10ac352eee372026be706bb1c8b7abc29d6d20e7c78a43e9c9da,0x04b03360f52b2d10ac352eee372026be706bb1c8b7abc29d6d20e7c78a43e9c9da98f7807897ea721bac62be0d0382bf2b9790d39f41af7b98eeef5c66f347d547,0xe06ff7d522973157f0e217b5aec24eccb07227bceeed2219915ce5785e0d96b8,ok
0xe79911d5a91b68e2a5d070b9cb43ad0253044bfb,1,0x02b2f6bd0f48ea1e0820702bbb3eff5a0b96b6415da8a7490c4615df92a80c288a,0x04b2f6bd0f48ea1e0820702bbb3eff5a0b96b6415da8a7490c4615df92a80c288ae72eadb808e76866ba101164978896ade4c2884031fa7523b5ceb5e4a2168660,0x0527bf7730ee3a93691889e166ce3abdce8840cece2ac62cc86c3ba57cbe2e3b,ok
0x3132b449bbf7e3d62bce83538dc4293bd56e9047,1,0x03900f9b39eb5e031d1e6791c3c4d472b21c2a83fc0c5ddd22147c95d95bdc41f2,0x04900f9b39eb5e031d1e6791c3c4d472b21c2a83fc0c5ddd22147c95d95bdc41f271f73edcac6356632344750c76324412e1fe0aa7f2533a02cdc461830a9e5fd7,0xac25a4506e5ced04e292c2af0adfd65b713b26125e5829fcf9f832c8e45d0089,ok
0x2a4b315aa3b50888c1103e1060afaa65759d78f7,1,0x0259653537c6f4d719b71e38d7069d7ac86c8315b1c99ba48aa787ad6e2350269d,0x0459653537c6f4d719b71e38d7069d7ac86c8315b1c99ba48aa787ad6e2350269dc7e86b67f317f7bab03661c9a2725ced396cf24126f79a363d3dcd7dd7901744,0xc9dd92cd489384eec76f138add12d8fc79c75bb520052cf64f764452b3d3d25d,ok
0x1df7ea52aa3abfcccc3625bdc2625287c5ec0ea2,1,0x02a6018937f2a0724e6ca9419f244c68a28c00306da995f29be407aac49c2a0d8f,0x04a6018937f2a0724e6ca9419f244c68a28c00306da995f29be407aac49c2a0d8f2d448f39e6bc5e32fb617fca7a89e71aa6ab396d0f242161abafd843ceef17d2,0xb4dcea764ae7b8ed335dd57eb44438c89ef9766be319a1d519852beac92f596a,ok
0xcbaeeb4ad27791953368d3b2f6e24c4301dd366d,1,0x03ed32f57d43505ce0da610eee3331db443e805091b0985547b9cdafb04e5c2f22,0x04ed32f57d43505ce0da610eee3331db443e805091b0985547b9cdafb04e5c2f22c6a6307506386e98c5b6d4d773cea1b83213221747e73d45fbf9d52daa5e6433,0xf6fce5885155adf50c4279ca8bd426de2e20c13e996b832d9aeaeb1cdcc3c544,ok
0x407530d583c17e858b143940701f21b01cb73d1b,1,,,,contract
0xe0be466e7d3d1e42c3c02d2c4aef5befd5656f0f,1,0x0391d716941cce18b484ce3379b3990da33b5dfde9618e6fc6cc1a1616c39ab417,0x0491d716941cce18b484ce3379b3990da33b5dfde9618e6fc6cc1a1616c39ab4172ce7fa03aac282ae317f9a2190f24b01aab3ae704ece8a6903f918c4ce539ac1,0x553c90c8291afbacea8a313eef0d6e34c436452df9c63c7bef0d0d652f5b8dd5,ok
0xc0a7bcb840f6ee43f52907f84a3e2711179fb307,1,0x020cbbd1269868df762c563d96ca16fd44037033839a4f49ed8007ad91114a9bc9,0x040cbbd1269868df762c563d96ca16fd44037033839a4f49ed8007ad91114a9bc97bafd03eef376286334d7d1abfc3cf729b10b2d166dccf4be3a3a7894d3c1360,0x8458d88baa44a4e54c2405b90ea41e87c94968e726e953a9bcf034a73131ad7b,ok
0x512c793ec31af47ade670e49882e005d2de85875,1,0x03eab0b9ce2da4572fc7bf981e5cb8bf099495d07ed29565996860e7c500a4314c,0x04eab0b9ce2da4572fc7bf981e5cb8bf099495d07ed29565996860e7c500a4314cad8fa7d52fecb49ef50a2e7abbadf546e981e2393118fd19fa7d53fffdbf2a2d,0x153d14e18b3b4853f400af413e74665afb49e137a5fd8c6a8c21fbd4bbf472a3,ok
0x91873272c37d4c483c40334d58f816d9a48c556a,1,0x023fd466898b7ac199b202b2af06ceae6d767e0e79566522a615dc7f8aca45fc9b,0x043fd466898b7ac199b202b2af06ceae6d767e0e79566522a615dc7f8aca45fc9b3bdf01fb0fa79497dccc333ea33a0d051d362956e2c4d691a2708bc376a42724,0xfd499ac3beaa49ebde50583757db4141c60585b864e50722655e076090c5fe2d,ok
0xf22f832794784ea6055fdf0836a4116d93211ab8,1,0x035a6d85a2cf17ff8445873d5331633cdcd6244cfb375c5228408850f68a55e26e,0x045a6d85a2cf17ff8445873d5331633cdcd6244cfb375c5228408850f68a55e26ebb16fd96ada69c09e4506bd077fdf7016a95702192965c6ce2fa6ad55efb2b8d,0x3860cb5e6bcd5a5ff23979419f114e9bbd42f412dd4b18b76aaf158294ba9c99,ok
0x47dd29f537ceb2789e1c856f9608ce85fb78603a,1,0x0320edfea8cdb4df72489e06cc3b575ffd97f3f8b061ac550ed5f564a730a3d235,0x0420edfea8cdb4df72489e06cc3b575ffd97f3f8b061ac550ed5f564a730a3d2356c3f7daa403cff7be6ad9bdf89ea1159d01cc5e90442a27c3cc0f13e81fde9df,0x3efea2ad94a97c8e7a8b0faaae9cd29cbebeec043ca241799481dab8b7c21bd1,ok
0xeb6e4cd7590d79d8fe8f9d01e1633647a3295b3d,1,0x03b8f8ef93027e9ee644a1ca3607560323376cada58ce4b017ba6fb1ea7d8383e2,0x04b8f8ef93027e9ee644a1ca3607560323376cada58ce4b017ba6fb1ea7d8383e25ccf4d2ac8a5d41aea0801b3e83cf786f8c6ca7efbbd64bdd819fa69ecffb39d,0xb5903bdb0c53fbcc7556115bd5863c0ce168207d809f56b48793860935fa443d,ok
0x2dde49a7efeaacf2f593835a84bc09e646f65c04,1,0x03d8ea6590c69dad9a6166e6e6a618eb364f8fcfcf0a52baa89c0ad795a4cd4067,0x04d8ea6590c69dad9a6166e6e6a618eb364f8fcfcf0a52baa89c0ad795a4cd4067c04c03c4821391adef540f1d441e413e9f8f851fd4558ea686e0e8ea2352ed0d,0x393676f0b181caf42168b0e0ddb04758e3c67008fad851cd661d1af601fc8940,ok
0xe263ac5ff87e3aa0d222c1aefad42512479141da,1,0x027672518ccde0bda0325868a589c7b02cabf32b0e8b670dcedbd0a9e63c8772eb,0x047672518ccde0bda0325868a589c7b02cabf32b0e8b670dcedbd0a9e63c8772eb3a4fff13cc624262a4728ea6f0c5b82b17a9d707701fc1c970ec26cf2050db9c,0x97414f46bd0e38356af60681615695caff276a03d180eb892ef20093286e34df,ok
0xdc67597e2baf5bbfed67f8d350990f6b61e96ba7,1,0x032d5032c8f2208ecf3a89acd95f7e0e88526c57406313414be15a45bc49a358ad,0x042d5032c8f2208ecf3a89acd95f7e0e88526c57406313414be15a45bc49a358ad4660a7ca2273100537c2e8dea01ebd6b2d03a46ec88fc38f4238f5e61ed6d201,0xc8e9fedc55f166ac4aaeae7740ea61c36eafe2c43e895e051a2062f492c03fa9,ok
0x9f84fd2384c21dbb3f995adc6309487de50e0478,1,0x02a3647783c381f3cac5e49fa15c7602c05b79cd348d2d52a049ed3cd90df3e4db,0x04a3647783c381f3cac5e49fa15c7602c05b79cd348d2d52a049ed3cd90df3e4db863f76b077e3d2abb985b797c966b89810749be1474e5495ca95abfc84f30592,0x0f84651dd4f04eb418bd1e438f2bac63d1e3cb0279c927da85b05e93b8e82545,ok
0x193f1a5f6d0618090807b80ee73311adf4c7a57d,1,0x02129126b62d89cecba3839b4a1affde29cdb0537219a4e85a833330221b98cb32,0x04129126b62d89cecba3839b4a1affde29cdb0537219a4e85a833330221b98cb32f7b652782767ca24a6106fe373d48b9c183015cdcc12c5aa95f04c64a25a28b4,0x14bdbb013e8ab352322f6e4dd62ea32de78baed2767838bd225e8fae13c40afe,ok
0x32979e7a5cef94d270c4a76376b13ceb53eb5d58,1,0x02701d72417980c673c1ae0eff8f40b6e1d52d87695f5ccab95c3a17d7e39235a7,0x04701d72417980c673c1ae0eff8f40b6e1d52d87695f5ccab95c3a17d7e39235a7492d45fbb0a8f64bde1f5cc45eebe9b7815d3931301e5d0cfad84c912c852fe2,0x98d438eb9b7275bade775ce9e8d7d7669b3ab275db4e715216860b98a01942fd,ok
0xd09892ef1e662f39e1288430a654c0621be9b12e,1,0x03800b6081c1b3a92179a58c334db17ee8d13822342fbba430e0f8d16ce2431cd6,0x04800b6081c1b3a92179a58c334db17ee8d13822342fbba430e0f8d16ce2431cd663b72b5331441c7e1065a786e2c06e58899ff3adbdfeb61d6c1973e178f2a1b5,0x6a0706ab549d71492d0126028e928bf73c9911c746471035417f049e2d0c2376,ok
0xad10cd9af3d7d2394c4aa19f7d81251e595b8e07,1,0x02cb04265d7ada4da03a6c00f6d2e2a6d6bf768db1cbb19c7a7302d9f323cb9a5f,0x04cb04265d7ada4da03a6c00f6d2e2a6d6bf768db1cbb19c7a7302d9f323cb9a5fb7f4973a260d8e84f66194c2680c48e9ce72819b32a828397c5d974049dc4b08,0x0211a9a7381efa9c41a8933f7c5d20107867c59d76d02e8c5fdde7c9d5434d48,ok
0x0afb5ab66a0c190f3e1af9ecdb243f823c732ea0,1,0x02c16dfddffb546ff61ddcf1ca7cc40a9aa27ea2a4600e6216258f67ff26b3fc65,0x04c16dfddffb546ff61ddcf1ca7cc40a9aa27ea2a4600e6216258f67ff26b3fc65206d1a9f1e142baab72eeceb113325354d85bb8e0a5734e27f9d28da7f9f12b4,0xfeb61a2df2aed8fa0067dea4a989d93499cb26a8c997c1cc6b5b699a92743418,ok
0x5d250e9da12e71519664748a93bfdf3d7d5635de,1,0x0305065b44607f339ef6672714e91f5e272b6817533e7f3bf97e9fc48cb0c21ca5,0x0405065b44607f339ef6672714e91f5e272b6817533e7f3bf97e9fc48cb0c21ca5ee99bf3196e2c57aaeb3d8f89804b31f419e4cdde4b784b1beaadcd4ded6bae1,0x91426a49178157f8bf91b6960f61f1ab718998bb06b6c87ff009951f15bcef9a,ok
0xeb864f91f9cfe7a7648cc678b5952e267e6cdae1,1,0x034920c6f02f18fbefd01afd1538a254aa152df4b267f290534598238921fcdd22,0x044920c6f02f18fbefd01afd1538a254aa152df4b267f290534598238921fcdd22fe2a540cf0f07f859f7bd1e039e3954f29c40cd386ec1aeb5d22cc3199bc46af,0xcdd05fe70c93cfa1746e67f87f01bd65d566f030240cb7672fb46546a2640f64,ok
0x0250299b2fdd795423812cf4ac4df6936f67960d,1,0x024d112c1c35f38ef0b48f2b90223e74b38e50a1931437de4991f7413a1ecc9ddf,0x044d112c1c35f38ef0b48f2b90223e74b38e50a1931437de4991f7413a1ecc9ddf149ff487c2b8f0e28bb9671b5956491d783a4576e5ce0e10787c89dec1d8231e,0x175a7ba0b1324087a02db25ead38a015cb1ba945393d68dd982e93768d2ffa62,ok
0x12912abc39863c07cf72a1974427e77fc73e9467,1,0x0239dce02debdee38a3e3780c579ac77acdcc4e84ae0bf1b04c40be0913d46f9ef,0x0439dce02debdee38a3e3780c579ac77acdcc4e84ae0bf1b04c40be0913d46f9ef5030f771f6208c8ced1b05f2e4d733ff1939333f6b0693808ebd82d12f39f2c2,0x4bcb2f3726f8ff4372a01e6fb6e546944187479ef99534df614c3d90937f540c,ok
0xc6850738e1c8af1a99731f972c9e4a6f9f206a53,1,0x0279385785f41beede53add8f68c25b73651370e3880aa453b502104eff226f7b3,0x0479385785f41beede53add8f68c25b73651370e3880aa453b502104eff226f7b3a6838f16ef1592ad1b1ae83a5e57065987d7baf36882a27ddaf0371522be0522,0x82efd08c04201df4a080bb5aba6cefdaaa13c80b76899fd14169ba0e4aef2d3b,ok
0x27681b44b02c5469430021bb1cd24cc4fa08daad,1,0x03446c0d4a89c4cdc4a0b5e0140a1927f0e9d6ee0773068ef5460a5ec58bc63598,0x04446c0d4a89c4cdc4a0b5e0140a1927f0e9d6ee0773068ef5460a5ec58bc6359828856f4286cfb62d41a9df234102bea83d9664fd1cb54f85dd6ae125649e8b9d,0x9bca20a6cc9768dadc402e6ded714bde2b3291dd19676483a1047149a34b8547,ok
0x8423e0a1f997e5792b046a318c9b3a183b8ac16b,1,0x030a83148c10342b5e9e03a27e186fc6379a65462dbc5e916eac2b1d125b6d96e2,0x040a83148c10342b5e9e03a27e186fc6379a65462dbc5e916eac2b1d125b6d96e2fccc9d6794226b0948246b6939cf1b9feb52833a2e968f498570b1bf2b0f5ba7,0xe3e6e2339c6094b00ca74e106e3115fc3ca37ce0e4f2df5fe27d6df469b0cd31,ok
0x7a32ef292d77e45ded76bb4862e5dd54f0374719,1,0x02eaadc2f3f37da4fc735afe59077225bafef3c44313d2a442a44e2c102cec59a1,0x04eaadc2f3f37da4fc735afe59077225bafef3c44313d2a442a44e2c102cec59a1993549edeae4831d1ad9c8cd8521e5bf39122267a4f31b33270c250ca58298f6,0x870c813387b5ff956b4d4c985c6b1227be56f082bd769e95a56f1a99e6ece900,ok
0x9589426a1f4e01833b876386ceecb36ad5be6a06,1,0x02a9155ad05c2bece3bbcac9fa23e9b1de9964d6853e3c2b67ad2441999ae087b4,0x04a9155ad05c2bece3bbcac9fa23e9b1de9964d6853e3c2b67ad2441999ae087b4723da8d7bd7ecdba964874f894bbe0270d57416b5bd6bb777d09dfa61a33271e,0x02ff39fe892ccec477e9d09ad8b81020d5304e8d9882ad98e4ff3a91b738f86d,ok
0xfb6277f8814fd1b953defa543cb010093da0d43e,1,0x029edae1a8dfbef89248b336077943c787e894e770794b3b8476faf76a731e3570,0x049edae1a8dfbef89248b336077943c787e894e770794b3b8476faf76a731e3570766b4cc52d10991aeb3c1702b303d5d146b288a24743e1e81d6da25d7dacee2e,0x43cddf72f171d473e2a9862495a6908aea471f61ee0159ff06de98c760ee70cf,ok
0x059f1b1ff815b13b8fcf69d30c6fc38998599e94,1,0x032bdbec071754ce6741d46036c62cd94fd65fef3368faa545a7bf9c5daa1f0b76,0x042bdbec071754ce6741d46036c62cd94fd65fef3368faa545a7bf9c5daa1f0b765587bdd43318f76d5d74036f6d3a65f5c971e20a8ac8ec6de4f4886d9c0a7c63,0xf0dcb2f7a4585f275fcc6002009e9978567a3df99bee7a833f75ac5624ffda2e,ok
0x08da3b6b6661ba3ed69aa90ccf6e9496ee0c4d1e,1,0x0205046ddfe601fb2ece36eaec6d223a8831ac5994d4888cd9b193824bfd6ded64,0x0405046ddfe601fb2ece36eaec6d223a8831ac5994d4888cd9b193824bfd6ded649852d957a79218c9093ca95e0978313e144f494947d1de0d37b39d55ce8cf898,0x3ffcdc61024fb80caa6224814210dfceb9eb1dcf6d8ff1da47fbab32e281774b,ok
0xd62ce041895dd35eb993e101466db62ff14e6da6,1,0x03aeb544667135dacdeebe07cc196298b5c0d51db8673526e918c01e9366d4baa0,0x04aeb544667135dacdeebe07cc196298b5c0d51db8673526e918c01e9366d4baa0e7ac93868bf587f7f721bc74d2f849d59ff559f4b3dcc28bdf26e3c8470071bf,0xa55d92fc12e0e751fc36a6c58e94ec5318e2903ee7ca54890df869c66bd6b086,ok
0x6ea09aa191a715199d8dadd7506fd7c3ca17424f,1,0x030077c7000484526153f44cb9e7aa9c6ca7b6d3abe51666dd593ebeeb345ead81,0x040077c7000484526153f44cb9e7aa9c6ca7b6d3abe51666dd593ebeeb345ead810b1393615700b80d96df6cc1cfec8926664d4fc79b32e4b090a9a90f134db7cb,0x61a7e986e024a1cfc50ce361091b3c19ea2d472966968059bb450dd2f2bd19dd,ok
0xb3fb0c74724c5d4fbc14f8950f2a397e5eb171ce,1,0x03c151355032c17a6784ac775e9e875b9afdf1bee363e2e15f3f88e40d40d53030,0x04c151355032c17a6784ac775e9e875b9afdf1bee363e2e15f3f88e40d40d5303055bfd33fb528b84f54725c4e70ec356ee6c3727534aac8b3fbb708ac91979b8d,0x02b7104e106f491090306332215be23b2dcdafee3c1fe4542413b5fde518e2cd,ok
0xc9490501aa3954bec1256feddb70de8d73276e56,1,0x03406ceac27f15792a83fb44ac69e664a2730271e04557fdbdf2e53f118f4db291,0x04406ceac27f15792a83fb44ac69e664a2730271e04557fdbdf2e53f118f4db2911a9ce1d5b872ca6e2a41713b346cb650b49287179806f1b5227ac93702596cc5,0xca45c7cbb83a833c53a01e6cabe475d36ff4806e9245a6b8eb596f85ee19dbce,ok
0xf18ef163d2399b63b773891f6be77184043f7fbe,1,0x0306f89d8b438d271ee80550b8651db4bb8025d831c87bea13ec77a646d58ba798,0x0406f89d8b438d271ee80550b8651db4bb8025d831c87bea13ec77a646d58ba798337ec7ac5bb572ab9c3f819118a122549b09fcae0f6a55f847bae25acb281d79,0xc7b415a33c2fd65d1b809e215bcb4cb1ad63659590c8b9501662a524d61f4d8f,ok
0xb8eb4f870a44a1032c90e67a5d44b62af1c80d9a,1,0x032bc456bfb9c89e73026fe5237bfd0f34e355cea297c890dcd667fa5704f2037e,0x042bc456bfb9c89e73026fe5237bfd0f34e355cea297c890dcd667fa5704f2037e88c6965dbf9348aef2981acadbd0f0eb8499cb5af338765a48785ad3c3bdaa4b,0xe569d656d26fa982db308f0f3012e2da5a4754a757de62ce57be209de7b7887a,ok
0xbd9ed0545fabf83e96e2f55062836d9598b6015f,1,0x024c9f87b27d9e72336661a83c6c52f292ea7b678b509347b69b1d9aa7bdd5177d,0x044c9f87b27d9e72336661a83c6c52f292ea7b678b509347b69b1d9aa7bdd5177d2766d1d7d0a16eb0bfca226c34df7de498f02a524d13ed03e4ff0e5d1387b062,0x942c0cdfe6ff4f3b19f1f2e8c3c759f6027e95bfef4acf0b7cb3708c51aeafbd,ok
0xac6d71f3a7b2bb7092912146f5297ba978398ff8,1,0x0391ce0056db02426db5045ca23639d87fddbe7a5516a1a6599bde80bcee0a966b,0x0491ce0056db02426db5045ca23639d87fddbe7a5516a1a6599bde80bcee0a966b24f31f283c450bece84a53f10f61e7cb0c0c6e8efc2611e42bbae16b73e0ca03,0x0b41a21d3b85bef3e51a5d5a364bb1797dc5b85b96b86c4059e3d19df55f482d,ok
0xc1eccf84aa84ee0bcd5ddd682b4ef1a75660f8fc,1,0x03ed3e0e52dcb305804f56ab4168390643bf4fdc58982b76c18e6323b024ed998c,0x04ed3e0e52dcb305804f56ab4168390643bf4fdc58982b76c18e6323b024ed998cac3d5398f090438acdbd86a5ad064ca0661eb428c383989d48c047b2395474f3,0x1719fc90ae13a8b812a51705f420ba5da5343964e4f083ebafddbedaeca9db5e,ok
0x65744af67b998d1f3892bb6aba83c791bd28c10d,1,0x032bca210440b70929bd27eb11616dbba247e6444c9f3a9df91d35c9edd363c804,0x042bca210440b70929bd27eb11616dbba247e6444c9f3a9df91d35c9edd363c804ec0c26c1eb4b2e522b153508115fd50658ee052b5302caf2bcac6136b4e8da5b,0x23b0b832066aae430957c4912b727d47476e1ee0d01caf005ecd5f2ff2be63e9,ok
0xafc8444fdb683d361d8c1c48dc666f4adfe10214,1,0x02d1b860fe4bd5e9b3ea44c52b0636a36d94da04fc58096e8acc98081b58ce71dd,0x04d1b860fe4bd5e9b3ea44c52b0636a36d94da04fc58096e8acc98081b58ce71dd0ff50b73f540ad116deb2a9929468d059e8fc41b74a7ec68f143160fc75b4afa,0x00f550aa8dfbfa21a4847e5589335c002bec63bc5fb216cd7233afcad74531dd,ok
0x4e94744f1c6127a289c3e7300f0f0f843ecfe8c3,1,0x02c743cb8fe390988da89942f828588ebbf6002b669686f7d26581dea151d2d863,0x04c743cb8fe390988da89942f828588ebbf6002b669686f7d26581dea151d2d8630fcd6651aa0508a94931437f9617b496e16f51e8e0a6994d8cf7d955b539e5e8,0x5b0aa338956ae1ee1c035d2168ba2f8b82f8fac87da1fa7b2af09c006f6139c3,ok
0xef8bf4b0d798a166ae51960a4d99f4462eb9a0c9,1,0x039776428833efcbaf57eec591bab5e9de353b728cf04dfa87d1e739ff203360c1,0x049776428833efcbaf57eec591bab5e9de353b728cf04dfa87d1e739ff203360c119dc00d5fee175781f4852ac61eacf04a0fae162af640f12fbcd24cfb36ddc51,0x896bd0278972eebcccbc77b7b03090f7f1786e9ada57281a1567b54b1cfc17ef,ok
0x97d50af0e83488ce3d595267cd95525b3aada9f1,1,0x0230c1cc679db166a8b211cc57c1751faab7159015c0cdaec81f453003ea5b7204,0x0430c1cc679db166a8b211cc57c1751faab7159015c0cdaec81f453003ea5b72041c0ea380f6a636af686d2e27aa377d6d04e84fbd479c06bec52a126dc3b7c77c,0xc71d42c7076a2c4a4672762f73dc6326d1bd293d32bd44d385cfc768b61518be,ok
0xf12e9c4441ca523e66bdb34f9ec1f5e34f4c18cd,1,0x0278831f7dbcd2005049ac07402b298d678f79358e778affe64a6c977b5d938bfc,0x0478831f7dbcd2005049ac07402b298d678f79358e778affe64a6c977b5d938bfc4f78a906d6e546ffdc8a4d0c8502a525df901470473e1e133af2d7a2a75110c4,0xb2e99e4ea2983dc5879c1235a48c7bee75f4df19ad63bcf1062168333fbfbb19,ok
0x6d41292ad7fbb2b4acd297224775042b4ba2d081,1,0x0359410ccb38450803df62bd845d7827d6a41c0da331cf9f5ff3bf060139bfc3b5,0x0459410ccb38450803df62bd845d7827d6a41c0da331cf9f5ff3bf060139bfc3b5d597a0c89e7323b8e766b1acbb341ff417165d9fa92b67b770196786a1269801,0x2f1d94e384a1e3e01fb91910f8cc991b4ab6d88bef5660bf01d35981a18e0a6d,ok
0x426e64d50698fdd4d0999e39c5860ae88710d3a5,1,0x022ef1ed396d15568f56f9d063eda1a573fc54066f11511bc39e823f1131836e16,0x042ef1ed396d15568f56f9d063eda1a573fc54066f11511bc39e823f1131836e169ad0cb76a72c0af8d2f6e3d91dac2e6642e42e5322f774bfe49e67bacc6d15e2,0xd2f464a004a168ad6a3aa0877a77671fb6783b47f011ca8303dc1cc8315c50b5,ok
0xdc0db44475426753056c452080ad0eb99d7525ed,1,0x02db2555022842e346b5c5e0112a8ebc59ae009d30f516dbbc12d676ebbb277b3e,0x04db2555022842e346b5c5e0112a8ebc59ae009d30f516dbbc12d676ebbb277b3ea52465b69c4bda50ba6b59049bc738ee36e56a2bb28629609652dd823a0aba6a,0x7ba1fc27bcca5ec4acd3be3d6a8710b53352ab29ddb8130c3f21d12775b30853,ok
0x335f3306d9d94cfad12466d9491209ed0e6bc6af,1,0x02b56339cd89e44f18b7cce9eed2731b63b10ce6addd5bc78171605ed2203c0c9f,0x04b56339cd89e44f18b7cce9eed2731b63b10ce6addd5bc78171605ed2203c0c9f9ff138f6e4905d738929770a99c9d058ce5f814e5ee52895dfc72159e8f5201a,0x6d9eacf129f86c28640fac095a9726c8f43d9cd22d7d500bc9938165fd0c2fef,ok
0x5c07fb953b8fbf97aa4e44d5c47130d3cd9920d2,1,0x02f3be10cee6c2e47366aaf7090c5195a9734fe834cd84f7c414d522237b7e193a,0x04f3be10cee6c2e47366aaf7090c5195a9734fe834cd84f7c414d522237b7e193adeb05a6f407fcd353f8cf608b1a7cde38b9226c1ef10bfb65049d39d3d20a0b8,0xde45741452375fbeea913bdae5e04f062d21588679dc6f7e3b9af4012f8a70cd,ok
0xe1d9b716a43fd11da8f4e6fe5a947336d4ba6367,1,0x031e1d81a8ce2a1a22c9f7cf33ec2597a0467cb69d606fb74192bb0397d501be28,0x041e1d81a8ce2a1a22c9f7cf33ec2597a0467cb69d606fb74192bb0397d501be282a868453385e4be3e03de112ec137edd6df5c81ab777530c33a7ba505da811cd,0xe10e62fdc6bb8b45ac719711109423412cde1b09bd86a1f3b038cb37de0f8c36,ok
0x7da525ae7e2ded932990742811eb806c7b4d0ffe,1,0x03388684a2925a64ae1f1605b01fefbccc71f9f35b9340549a4b45d4838967810f,0x04388684a2925a64ae1f1605b01fefbccc71f9f35b9340549a4b45d4838967810f4533a5f6abd2b659800cf46282133ed2fad041d9d179eeabfd408cd2ce091b45,0xad4c041b4924980077525d10b6c13660cc9e259ccbf952c5c96aa9b0ba5621bb,ok
0xc8997513b31a0d49f4a1a67fe6b233b6643a4247,1,0x0233511105ef4522b029257f1560e0633f0385c2edfe05a1f02d059951f8ccf3b6,0x0433511105ef4522b029257f1560e0633f0385c2edfe05a1f02d059951f8ccf3b67ea0a062e8c2a7a27e0fdae5a0ef53e5556aab36d50a3fee45a99018185386ec,0x516cb6147865eaf6b215337e7f87c32084ccade28b0993f6e60faf8d4757317c,ok
0xf6b60b7d8933ade621c89af9f9d9ea8c721b049f,1,0x03cd3b7a206d3b654ff9560f811c7efeaa544b46e1ff3e588e1d5e4b1df3d40303,0x04cd3b7a206d3b654ff9560f811c7efeaa544b46e1ff3e588e1d5e4b1df3d403031546c29b5d2e5e1a9257debebd8075714f5579e4d1c755dd0a0ae4d107848827,0x0f31fd28260291cd5081b4fa1c79ee9230b54ff42b352f90e9b489d68171eb78,ok
0x7fc0c2324e498091969ed94ae05f043384d99ec3,1,0x02205f64f8384e13ae7dda3dff6a87a35b224d71169ac30e3b9ab7b915b2be31ff,0x04205f64f8384e13ae7dda3dff6a87a35b224d71169ac30e3b9ab7b915b2be31ff006d6160ca3de9da04b8b76f9b09bf23088c880cbe51081c587c824e2741ae2e,0x8adb778401b68fc73b80e1828faf0b1d840ea305bc43ce13799da62c435e508c,ok
0xf1c002df80951a0abf16d8b56720e1c1187fe9b0,1,0x03fd34bd41f792a91b185970d0da1056d11b85cfee0c120abe956845c4f63deeda,0x04fd34bd41f792a91b185970d0da1056d11b85cfee0c120abe956845c4f63deeda162653f145e281cb831d48d367346fd4bdc945238a8ace1de48940f8dae23ad5,0xeb5c972f014feee8a3f285d622d796bf786906ba5d81d99b5d445aa4859b59e8,ok
0x995f259846b7fc1dc04f19b242ddc0128e87e179,1,0x03a30d58352aa06d8dfae2dce820c6d30329a07638f74d48480bc4fb522d1ef316,0x04a30d58352aa06d8dfae2dce820c6d30329a07638f74d48480bc4fb522d1ef3164dcf5429032f5c703fc6a355de0abe78a49897735d8c776211af382cbfb09ae9,0x75ec2e0ceb534070b085b7bc1f40aa26255ff07345d76a5cbfe94ad679ae9f8f,ok
0xbf6006c7f020d0a6c33c9abe7ce0054dd9840815,1,0x024e0ecae4276c717258b9232349a4d97580ed8237156ded7f6e7a868e4c79a159,0x044e0ecae4276c717258b9232349a4d97580ed8237156ded7f6e7a868e4c79a15980f1d07c735629bb8cbdd326a75bbe873174592a6c9c79bba4749f53fb80d7f2,0xc8977a9fdaa1f1d5973ea1b71387777b2f52a9b6a9d753e9efd051d56d9fc4a4,ok
0x89f4798f893e2516d33a7fdddbcd5f15c7bdb96c,1,0x02c11b7a977f7517a8f5ef035b5ebd9870e94a411ad587f5d4023fadb659021d4e,0x04c11b7a977f7517a8f5ef035b5ebd9870e94a411ad587f5d4023fadb659021d4e8b12a1240b9620b94e1af7bad770c6e63bbbe9bf86d28c9ecb5de5b467b80e0c,0xe7839f02052a103e7e7e95780cb5a04b5a22842e2ba887f250fc0cccbb77649b,ok
0x12ffba9510897fe8ed80ac4df4ace2ccc1d7d055,1,0x03fd3fe9b3f96596a081d012cc74bf621c132afd8f52424198d22e49e1e6ed1888,0x04fd3fe9b3f96596a081d012cc74bf621c132afd8f52424198d22e49e1e6ed188823fbb6136a8148ad1cb202889ed2540799c81548dce58e3dec1c9d0d2de84665,0xd86c7e8c877539e32e5aa4b5293bd83e1063c1eb992f4f2b983bde78fdf67eb6,ok
0xedf52b1c980d278b1fcdb9bf419ee66bc29ecd7a,1,0x0234cb502fc3e84301fbc4f4dcbf06503b708a14e34f7421ce64209417223f11d7,0x0434cb502fc3e84301fbc4f4dcbf06503b708a14e34f7421ce64209417223f11d7751e305a50e26803977583ac02b66c6b988bbff3ea452f2ccdcfffba82f74282,0x33ae68454229fa326b05cf6b36ec42384f558a8ee3ff1373d94af1b2d6ea860d,ok
0x70475b5f262c09cf9537403a145feda7a9ba455b,1,0x025193f2f1cc3ce6d7ba54d267d8807f6840760b196cff6d20b2edd112ed5729c2,0x045193f2f1cc3ce6d7ba54d267d8807f6840760b196cff6d20b2edd112ed5729c2f4c50433d0d1c0fb4fefb90cdd95420bd03e2e95c29868d21750ebe21323d01c,0xd2720e237de994918face3b008b724550dd41e91873656b5af2f6b55ab15399d,ok
0x4eb9b9e8ece024a8c10424b7771b69e77ead0ecd,1,0x02167677800577af241145adc7e1adf116a8bdedd489c353e21d754c9184e6cd33,0x04167677800577af241145adc7e1adf116a8bdedd489c353e21d754c9184e6cd33f32c71b09bbc2e1c032b50d6f8850f9e28ad634005e764cfad0d0be5a4661d38,0xc37515c7d42350c4123c5379591de98bcf0288c4c6eb5c9d6dc0af943d84529a,ok
0x86bd0c8c4eb597d0983a5b419aa0d2418976ee0d,1,0x0204e5a2e7da9f83388df3573727a52b0b142f200fe18c1b494169ec2e782b8dcc,0x0404e5a2e7da9f83388df3573727a52b0b142f200fe18c1b494169ec2e782b8dcc1891c9c20c97975a74fad64d5dc2cbaf98fc1c100443c30258e0a3d3200f88c2,0xe259478659cfdb325d2fdf946f1b0993a8b8bdfd239e753b5744c4fd7bf7bb3d,ok
0xa57ed6b21647734ad54561bdf4bf7f49b4ff69dc,1,0x03cd67598a654712a8dbb5d3d4c352709157aaa097b3426d239ca824aeb48884ef,0x04cd67598a654712a8dbb5d3d4c352709157aaa097b3426d239ca824aeb48884ef03d9a1d0d993ce325fa95c7b0fe1f01d3f3052cc2d07436dc6286da3dc13cdf1,0x075c945b4b94149281b60ebc52fc1a9c63661dcee4584d45d40ad17f76ca9b6f,ok
0xbcad010f87ec94be83ba51bdf5392352465cd1f2,1,0x02d17b37bb9029cd54865d6bd5c551b2b6962315047aa9eea495e5cdb2e8c1ca64,0x04d17b37bb9029cd54865d6bd5c551b2b6962315047aa9eea495e5cdb2e8c1ca6408a9332c6411cd76bbb9398f824dfb2c3b0092f8f5a906c019e3fd4d66350296,0x34165d13a9ad08fa5a177f6c276ba1476d1d1145504c3069449cfa694281dfcd,ok
0x66af9030fc2b2ddf26fb7ccfc9696dc656847a92,1,0x020345234b1e4aadf208da83f00685580d2bad6a8933cd79ff9fa8ea494aa12c43,0x040345234b1e4aadf208da83f00685580d2bad6a8933cd79ff9fa8ea494aa12c430100744c541ca1ff554d84da517c0c6fbc3105ffa3eaddc421df5f43237e9f04,0x8e7a63a6073faf1a114cb43d43cbcc24a92a541d384f9f166b4823f375912b25,ok
0x6877eba867e2d1570fd7950a9977f484a6910c58,1,0x03a4daf1af04ff84834396e8d3a39039e345dd848eb594aedf580f222c81848cca,0x04a4daf1af04ff84834396e8d3a39039e345dd848eb594aedf580f222c81848ccaaadea826a8930d81af1b02211506b0a83fba473c6edb4ecd6b6bfbd38ae39f4b,0x2075d7ef8a02974af90d6dd4f585bc49381e62aa80c78e2337a76573611e662b,ok
0x8f70cad9dc9e84d4faf8a58506b1fd7f6eeb5366,1,0x02353f43a1955fcfe071097968ad3382470f2e1a8a47411fea3bb955b2c754edb5,0x04353f43a1955fcfe071097968ad3382470f2e1a8a47411fea3bb955b2c754edb564b3a2f09dbec862641d21a860b1855f26cbfaf529d10f0af1c9d4eacb667c46,0x2479c2fc3b196529dbe4e0d5b555024d8ae6de15476fdb1372274b3ea090b5ca,ok
0x131b466123c1e9a14a498a488b7f9c953f8e4b5a,1,0x03e25888c62a1a3851ee84327fa74880939e8b33650925d780bf8cff67ac22327a,0x04e25888c62a1a3851ee84327fa74880939e8b33650925d780bf8cff67ac22327a81c9d3f00b824aee4dec5a78284187624a8ef9661d39aa6dc5d2b7d51ff50113,0xeebc1979c1b0ef03d9547d8b415dc22a24a610958fafa94aca9e9722395cd44e,ok
0xb55f5d8126b7fbd9cb331e0e8ea304aaaf3562f6,1,0x020a8d313e4ae93d46c2cb2ce11c4a2646fb6a2e4008fb0c0f99bc64d125fdbcdb,0x040a8d313e4ae93d46c2cb2ce11c4a2646fb6a2e4008fb0c0f99bc64d125fdbcdbfc66ba6a40a59448b0e8a309a60c497da5994f2a94386b63a7ecf6907b2e2270,0x269284a177f19c8496ee67fe7914de86d5f8f0cdfee647819fb5c93653b84d93,ok
0xb52c01eb5939433f8c78d139bc2f0ad71185e8c3,1,0x02208ca30ff307603e5f3729292f5474acd55fbdc9012296dde408ad57e9dc2792,0x04208ca30ff307603e5f3729292f5474acd55fbdc9012296dde408ad57e9dc2792565a34ca87007b3973f29c6e4b57137e6b39188fb1ef16cfab80529c83d4bc4a,0xcb386497c44c438c2a45893d5021cde85228c5a34a1cddaa64cdeaf2bdb32de5,ok
0x568d19f28d550127577f3c371fc22a5514054968,1,,,,contract
0x53a06276c6913374c4ca9130222d54019c5cccf7,1,0x03b85365b55cdd60ab23aaf54284fa51768f6c8626102834c54d61eb6205d7877b,0x04b85365b55cdd60ab23aaf54284fa51768f6c8626102834c54d61eb6205d7877b7242856f81a0e9955c218b9e7c993cf63d6666aad6560febe6d220e77cfb8a7b,0x733107b4720f584ec11a731d1d64761bb0a2d06c3a57e938a4adf5f5652128f4,ok
0xda3ff115faab8467f4cb480433a3b473e3747402,1,0x0259b39b85e20244d7a19e228580bfe337b6aff551625889b21784e5d03519fa94,0x0459b39b85e20244d7a19e228580bfe337b6aff551625889b21784e5d03519fa94750f7c53bcd649dfa7f7fd01898479a7e827ead0d1e4bd4aa491be851dbebbda,0x20fcc65b3fde5c21d334bd81da5d14d7c9ffddfafa8e20d828f143baf1836047,ok
0x27c7fd93669a395d39f892fa83b8ec1ab1a2febe,1,0x026f14d247c2fa4f937e837be58636db010e42e23505e078ac671e1f5ead9fa00b,0x046f14d247c2fa4f937e837be58636db010e42e23505e078ac671e1f5ead9fa00b9b28163da802c016ef1d9f45ca592f9d266aadb999c83e03075737be4d2412e0,0x27a9f918d427848f6ea48f60455e1a447b20f91f32f8285b1b54b42a8a250438,ok
0x8beb8467099f23036649b7a9fa7645db2ee600e8,1,0x03ff5faa22099ef03efd8410fb7f7c8ae4ed7924f83283e9c9cab2a761b44e6fd8,0x04ff5faa22099ef03efd8410fb7f7c8ae4ed7924f83283e9c9cab2a761b44e6fd89f45bbc45a918ca982faa2b619aad646baec51b8666c5f37f2e5ade164e200b1,0x8f463976ed0e027363126296b4273c92dd70c95d03ef799812c63d209fffb607,ok
0x8b7f3042bd16fdc37e792fcc8f39fd517c00fbb3,1,0x02441d1b82c2342b933edd9a98b70851eff16d5433c16c624ab3e8f258674aaa89,0x04441d1b82c2342b933edd9a98b70851eff16d5433c16c624ab3e8f258674aaa8909267facc7051e21bfca58dcd017ba8ddee4185d08a2b623334502bc93d08e86,0x97ce20990d54278b23187599a16dbf9127b4f638a52252ecd21632c3c79b97ce,ok
0x5788657ed478e0f39e63e6b9ced0c934f2e9155c,1,0x03597ae982b936e017a555cf8fa6a9612e6612f2e23c08960cd12dc67d02695896,0x04597ae982b936e017a555cf8fa6a9612e6612f2e23c08960cd12dc67d0269589695e0d36c2da2ed09befed0cc3a9e421506853c30314b7863b5e32592b1ecc843,0xec347353790a1d7c68ed6d3055f896f61aa02afcf49fcffb6c0b060470020b65,ok
0x3ffe64ca6e8ae9b1ea9f3e742447132d6b72131d,1,0x0363c7c7d2abd622de7f473abbcfa40a64bee19dd96b6c10868e79f4d698992441,0x0463c7c7d2abd622de7f473abbcfa40a64bee19dd96b6c10868e79f4d698992441feb6226be7fecafb12db881cb79b36a119dbaf0d0457383f4768ded1f8c19703,0xc002ff9fb960844b1b63f41e2d2178b6bcde6ba42d404c7cc26d6c3934ca10ca,ok
0x5afb8509c466a94bd9efe7e8ce9dcbbf6e294164,1,0x029e90c4c310613e05931be7a59bd900f69323919b2febf2a60e1c7a668f5089d2,0x049e90c4c310613e05931be7a59bd900f69323919b2febf2a60e1c7a668f5089d24622c7adbe2ef149e4d0066effd2cc9d2a5dd4e0a41524941809ceced8224880,0xaa9b37f3346aaddd405a01d2c94319e8f94d482e66f2bdf57ab36cabe70d19fd,ok
0x01cb2b242d581b7f9a94ef208ad9a1352b5935df,1,0x02a5f98234812fedecb9c9e259b0f75e6ab095b4c4d82cec6cd07abdee4889914b,0x04a5f98234812fedecb9c9e259b0f75e6ab095b4c4d82cec6cd07abdee4889914b010235d11217b91a52b15a669695f773add8e2bad8afaad4efa02257117ef882,0x5e53c5a4fa27f197e3576e2ec92a26461754ce4d6998ae89132f28dce4c23e29,ok
0x0bcb948037c91a3e98e830d91d18c682f380cc50,1,0x03d83cd80a84cbed7258b9a306f2a5e152387b0d90a61510d549d8b83bbbfbc859,0x04d83cd80a84cbed7258b9a306f2a5e152387b0d90a61510d549d8b83bbbfbc8597feef5947af229fae8b0cf313c4659257c57d76895043a80a9812ed2e1a69d1f,0x43dece89c7270529d95807419324f7999cc76bcbc85b6343201b5476bee599dc,ok
0xe1b996deea86a6a58cc48ebca8d286db903c1c9c,1,0x02f7fd308ecb9621d6820a736d4f0bed1648f244e5479bf84cc2029848ae47e18b,0x04f7fd308ecb9621d6820a736d4f0bed1648f244e5479bf84cc2029848ae47e18bc5ed86e626d2e54721c95c0501e65dec9f442223524025c60b8a5caabd685002,0x9ce609cf2ec2e3b31ca78c5bafa43927c7874d00e700fe99089e9b2d843147c5,ok
0x40cf54b506234dafbab06bdd151d5373a0ad5549,1,0x03c35ba6a82a8293c41fab799256736f1e00e7193dcb82b10f78bf79c08d588121,0x04c35ba6a82a8293c41fab799256736f1e00e7193dcb82b10f78bf79c08d5881211368a0559337263529f4f3e0ce38bf3e01e1e782c0ab5e6f64ee7495577b2261,0x9688a804987d2b625db14e86adf7b2ad74fb41aefbd3d66c31cc2bd5dbf7f264,ok
0x255b81f4c79e5344cac639e0dd8ea68ae5c53ed2,1,0x03616023029110a9496ebefda446c11cc6bb879663ac9f8d74dc4f7ed1a9bec06f,0x04616023029110a9496ebefda446c11cc6bb879663ac9f8d74dc4f7ed1a9bec06f55bd439a659e116add136b8e597de743ce9f5f1c91bc8a84045bdb935b3ed3a3,0x8d48dedeabd4bf52168c7114a673fad194ce5cc8c5e95b27997a50776eb0b3df,ok
0x9dcfa5e523f70b039a8d9c4bf8db35d0e3f73330,1,0x02aaada8c2e8d6202afddc6ea3318ff25aafaf4a8da897c2692f70c1d1c5044fdd,0x04aaada8c2e8d6202afddc6ea3318ff25aafaf4a8da897c2692f70c1d1c5044fdd986d74a1a3f7af8caab0c4877d65b37c9e347941bd5265b277fa0145466dfd6c,0x514e85b3bb73bebfdca3d3f6bbf2a83881447b3780b993c731e9e875c36ba7b8,ok
0xe7742754e240406fbd9912bb4d28c79165da8f58,1,0x02134ff3321842637e5b7816ebf085d7286bf7549612e3b349a223f63e3c004df2,0x04134ff3321842637e5b7816ebf085d7286bf7549612e3b349a223f63e3c004df214edc96829a01efcc850bbd4282d112018ef3392e892963ad333554923bb6a84,0x27d1852a257b26c1fa4ea5fccef0c3da4d7d878271ed943c9f0a960aa5afd41c,ok
0x324b2b67fb5f0e72b8ecd72e2128f627fc75c9ba,1,0x024d4c29ef95e474a61f7c7a2e83767e8c1b34d706d0fe8d2be3f0767f9add2239,0x044d4c29ef95e474a61f7c7a2e83767e8c1b34d706d0fe8d2be3f0767f9add2239cf9e6a6e4d998a41b81894c921c5e800df30d889ec326cc4e8793c42cdbeac90,0x427b68152879bfe665bb2425730131ef3368dd4329c7a9f12d80edcce150da87,ok
0x745c58320b2fdf00c749aaa844109d1f5c30becc,1,0x02745438dbd9a0d951e10036e8655f1258f69506a964b8f397cd2e640b9f6ba784,0x04745438dbd9a0d951e10036e8655f1258f69506a964b8f397cd2e640b9f6ba784d1c94f3dd7f5af80fdc6eca37a5b406fecce9474fb41689d0e1943883e71457e,0x7282642b70f88b125557d2ec5049551096bc71b58adaf839451606a3dc024b63,ok
0xe268f03ebe44b04768c5e5eb0f7cbdb12f121368,1,0x029729aa4fc4d1479d700b25b13d03760425320278c8f4ca0c44d6c142618b97f8,0x049729aa4fc4d1479d700b25b13d03760425320278c8f4ca0c44d6c142618b97f827e7ff77aa6be1065b0c949f694e58241fe3f675504a8bf8e862fb2101007282,0xd79c3a3ea961ad1667f4f5a52d8233e47123a0e912ee548fbd9afa1778c9292f,ok
0xfaf3f308df254b30778847727be19b9fbbc651e0,1,0x03d1414fd6d5e329033308f1f4fd2b637013046f0f1aac3e30c968cd3fb965e37a,0x04d1414fd6d5e329033308f1f4fd2b637013046f0f1aac3e30c968cd3fb965e37ae114619ac96e8a10ea12bfc65faafd427fd6209009b55647fe3728452c98553d,0xcc9cc0f8868685ad5bf72a0137c976f3d762c8afb9b9382e9998ae8abd30df2d,ok
0xe1b0c6c4ea22fba3836b11b927bdbffff4dc5e65,1,0x0278c6e7bd5dc992f224d14267a23584c2cbe1b19b45f14a3b2b470520029fa850,0x0478c6e7bd5dc992f224d14267a23584c2cbe1b19b45f14a3b2b470520029fa8502d5b2b6c965a6fe4c926a8143bc1562acf90e88fd61184630906ae00f726eefc,0x0548a82ee8fe0402657f232a62894c7465447349eae7fc33d4b2857c88a1b143,ok
0xce8b2db5650184545806b83dae822b6cad77ca4f,1,0x037b1c17a19530adde8194f3e5742262c9d0aa45f06350277c6399602c852eb689,0x047b1c17a19530adde8194f3e5742262c9d0aa45f06350277c6399602c852eb689573ce8014056923456b66d739bb23df85847836457b900a52b554e3452bc70af,0x28f3e8f410c4a59aa0ccdedeca87f2acf2e78026aee5de462fa9bae6565ba807,ok
0x9973a14d5d750f54378a375e4513e4168dce8bdc,1,0x029b18717c6eb587c14a67a8e7a7c859df59549df6777291c625dfb218b8be2c3f,0x049b18717c6eb587c14a67a8e7a7c859df59549df6777291c625dfb218b8be2c3ffa3b865709c75cca79f79e338b822e820e726f987104aef64e97f75b5a26e726,0x1d44d09d7d06f197bed4a7c8c9acd42efdc53371c2203d2e3d25dac625ebb8ef,ok
0xf31fc1a5bfa8345218426435a6a02bd286e0ed68,1,0x027a50d60c499df19881c10e37a333a40ef2180dcb55300a94316611d63db31444,0x047a50d60c499df19881c10e37a333a40ef2180dcb55300a94316611d63db31444fb3e4db043ae50548827524f8c433056efae35b23506a6f2169269938195f876,0xb06c92c16470c3f8171569819ac45bb25d9fc44b3bfa49aca4a6053c1cda685c,ok
0x986e9ccd26ef8eeae90615b0cad7b6b916797640,1,0x024f716b962e97408445f823575d3a45e0b7fb802b6a400ee055d1fc931d7d172b,0x044f716b962e97408445f823575d3a45e0b7fb802b6a400ee055d1fc931d7d172ba33989ba1b22acf3093031e5039c7b8921882b2a5530fcce44cff4a644778dc2,0x835f23a534a29601092b7f6b479e6380b02ea6915b5b2b3dcdbb5c70d04850fd,ok
0x3cde3cca9c379b05c79b2824ba4325f3213b9227,1,0x0331f510fa9ba87ae73a3df51853baee36f6c4ee19acca2802a884235b78ad7ff7,0x0431f510fa9ba87ae73a3df51853baee36f6c4ee19acca2802a884235b78ad7ff76c69bcdef2e65b6dd43c4d2adb6d2020b6e0814ceba8149535b8182aef79039b,0x7f83dd24bac8c6924d7c06ca2a4125a2439f45cbc3644ba3ea533e8e80bb7092,ok
0x5c21723a0261771d5dc71d1405e9ce371ada8123,1,0x036285c18d1af30778a432d33c018996aeb395e5fa39d5403123e591aa87b12e5e,0x046285c18d1af30778a432d33c018996aeb395e5fa39d5403123e591aa87b12e5ef20304360a0b7134514bf65fe5f0257b00c98fe8f36a3de66509e07cca77752b,0xa848fdfd60a3adff210316b7e7ae9bd31b36d1fdb95858fdba7ee5f27c982aa9,ok
0xc84ba98137173f93440a76bef19507a709c7537c,1,,,,contract
0x40df5ee2722b43628e7e4f4b59909627f0c018f8,1,0x02f7a3c4c407d14bb92a8f8c4da798a8b9699da0af7e32f153cd2ae52c438a1aba,0x04f7a3c4c407d14bb92a8f8c4da798a8b9699da0af7e32f153cd2ae52c438a1aba8aaa41393760869505bb63b27ac43544391cbf9339d5772074951ea366301e54,0x24857a367c5d030a79eb579179bbba33e0345046a1935f859a1e9fe09fabb5ce,ok
0x52b4868b362adc3365b9a110ecbfe71e2b36bab2,1,0x02a217982b503ab2c14d4f90548f22269d3731703159bc9da2bcfb44cd20a0d923,0x04a217982b503ab2c14d4f90548f22269d3731703159bc9da2bcfb44cd20a0d923d0562679ee899876daf2807db719cada411e5c569d55d6bd852252980f065ece,0xc7b41e7af2722719c8eeb3208f90a685dec837024c706c50a30d9cc0cb5bd6f5,ok
0xf746362d8162eeb3624c17654ffaa6eb8bd71820,1,0x024ec67ff145bdd34e7cea41f1ff0848be09756106938f4234dc37caf1fa7a6cb0,0x044ec67ff145bdd34e7cea41f1ff0848be09756106938f4234dc37caf1fa7a6cb0e4a594f09ba5d1449cc0fb4ad988ca872d3404a1d1d58a704a333ec46ed316de,0x0c3d1b94a1880c0de805c60c8b366b9a5098477f1fb93ecc698caf767d664a42,ok
0x10fdbff07af3cd9ac8bac848b850fe3edbfacb2f,1,0x0212120da9ce8651054605d30ed1f3eea68e31b9441c77988447d9c213c24e9b3d,0x0412120da9ce8651054605d30ed1f3eea68e31b9441c77988447d9c213c24e9b3d64d945afda6e24421383b44619a06f887ffb92a96ed8623e2a597a234a8605a6,0x8f9a63836dd1dd66a3469adfad0738499813ad4a566e074b4c934e443b59249e,ok
0x4dc991ad6b669a9b2ebebadced8dc990ca9e2914,1,0x026c2312df188c491b7f0792c45d8723895c0f1b0b7ae2561579ea9dac4f8b2862,0x046c2312df188c491b7f0792c45d8723895c0f1b0b7ae2561579ea9dac4f8b2862b2cdd421905053514bde15e4d6f3644fa3563a2a1f94019e0eba6ada0a970c40,0x0c8c4b8ffc8043c5c9ee6f68dc277dbad9429cd73790e87ebb523c82cca777f2,ok
0xb4151b7f46968aeca27bf079d6049eafea6cc117,1,0x023753354276863e0bff2f39cac3581fef768d1590b79ad41d7805766771e777e5,0x043753354276863e0bff2f39cac3581fef768d1590b79ad41d7805766771e777e5ead6e81e1f430aeba69a190fe10997fc3a49e4ad0b4dfb515738f41ca92b6b42,0xe65e3224b2807297142c2622199f6978770618484418908443a98f2dfd3b9ba1,ok
0x1d1b2e7a60d7cb8a92576612f06f76a87c7b0d11,1,0x0253af8782e8d085994ffae39f51bccd29c2b757705b50f875d8d8c7d57eea28bb,0x0453af8782e8d085994ffae39f51bccd29c2b757705b50f875d8d8c7d57eea28bba71a1a4f2c86e4a46dd58917bda165731ef95d1629fe5cefc77cec8860778f40,0x6d422e9e6cc2d3f53833030fd427658d99a87a179855bd2a620cd75ce0a7a7f5,ok
0x60d9bb53a8dda804b3ab7edf0c799a9a440939a0,1,,,,contract
0xa9aaa3bf515da31f384a490f43cd75252b2737f2,1,0x02ffda7a7fead20bb5b518824001d24338603a5268a25daaa89fe263b7d0426d95,0x04ffda7a7fead20bb5b518824001d24338603a5268a25daaa89fe263b7d0426d95523bdec6d4f6c9481f78f5490b7ca4a8f9a96880cacdba36e29235515565003e,0x7acbc3a5f718113d661ccccf9caa83d62ec32243ee8da3675ca6a7a10d30664a,ok
0x75367bdfe009a76c56d5557dd74c8b28a1b2edd3,1,0x0231a2d12b801d47a23f9d22a8e9707f214a996b14ba052b84336195ec249a95f7,0x0431a2d12b801d47a23f9d22a8e9707f214a996b14ba052b84336195ec249a95f77fce82d570f648f15cc423c14b299d41a48a4d26c27822cafddfa101718e6f86,0x9da02800d582d3152558c910ec87f1a85c084d5a309392aa165c8bf87c1f0fae,ok
0x02c1348de3086778654aa3e64f204a29a81e3a28,1,0x03cc73382d78c563d4a07659c3390fb0eabafe7d5bec98ec8ee4ed9f5fb446b3ab,0x04cc73382d78c563d4a07659c3390fb0eabafe7d5bec98ec8ee4ed9f5fb446b3ab2bd4d2b0317ffa62210bbd50a276c45779869c3ff963c2ae910d69de1506395b,0x1b7ef454fa3abc9d8dd54dc511bb08a0d60cbe1e44b42d5ff00791e7d1c04f5d,ok
0xd0547bcf12e87658e2fcc6ca5d0db71a225078e2,1,0x022d99676e55b4b525a729335f00ab30d46012894c7eb622500e28489a3d17235a,0x042d99676e55b4b525a729335f00ab30d46012894c7eb622500e28489a3d17235a0dca8602e478ade7ffe697ac48742570c299bbcdd1c0cd79e49125e2ae36d2ea,0xf36df6580e129971fb2da25a6d6fabdc77ab4f204d01990423c7ee5b6aef5181,ok
0x5fb6eeffcd0a0cfc5683b2e3968933c947e71b28,1,0x03fc8d5e87ead71ff429862370b3b996fbc0ed92f0c7d879fce11d92877716fa29,0x04fc8d5e87ead71ff429862370b3b996fbc0ed92f0c7d879fce11d92877716fa299865cdd8e24c0d016f0a0ebcbd615d0ea57903cb73dd23a265317cd80cd55893,0x46ca1ccd000404a29bfb72faee3303fdb3c1d8c31164876c97abaeaf709a8f4e,ok
0xaa3daea4d8b257d9a2b074d442c0fc4ecef7c796,1,0x0368d0b7923a4703b6be28a0eb2378c9829efb6e7d0aa195d84b548538ff39bb4c,0x0468d0b7923a4703b6be28a0eb2378c9829efb6e7d0aa195d84b548538ff39bb4c6779e6ab9a5826e4680e035ec1aceac004769e571d282c626e9f57fd47e0eb29,0x8979dc1dd24776bf470271f3039d6ed8649f57a36d0770fc9bfcd23584158ee0,ok
0x59547d1673f04609dba8cb9d9d3102abec4317af,1,0x03f8ab5d11cbbd473156d496baaa1136186ea92b9fc47fc670f5485d9a16354a90,0x04f8ab5d11cbbd473156d496baaa1136186ea92b9fc47fc670f5485d9a16354a90172c6c3317e01ca0f09b48077c61cc40f186169c6ea62e809099ff9bd0b3ec0f,0xf566e538c4699a102f803863244512dbd6a4e82f46cc9f048284c5ee08cad895,ok
0xd58e3d4a939af88853887a8b947d0700f0ace0d8,1,0x0336839dfed4bfdc0ccd98e942acb8922989736425d23fc7c9ece3703e8782642d,0x0436839dfed4bfdc0ccd98e942acb8922989736425d23fc7c9ece3703e8782642d9a0c20d69e1c14c88ad8f3e10bf308f2dc4c770112603c5e274130ff7f9b0713,0xe7d747daf8fdfc74469889ec71f52574b1b80f3d9983ac5e7ee40440989bb382,ok
0xa0b655eac92b2ab07e00bc228ef309413f0687fe,1,0x03c89e6c145f1d752839e301f82558656ea1e5c1ae14b9b1623c3e89d478f7a348,0x04c89e6c145f1d752839e301f82558656ea1e5c1ae14b9b1623c3e89d478f7a348611bfcc1a342d16f65e18c4ad4b768a88bafb7f7d57559ba86403c87fea8e039,0x16b27b936d5d9f1daa7535ff4d7eba04acc55b02d663d0403ded3ec921507979,ok
0xde68df384074388b3c4cbc8b24b2f14d939827b4,1,0x03793f9b848e00c4072b77326eb4fc04e7e0215df162b1c31e465730c7bc5f1b75,0x04793f9b848e00c4072b77326eb4fc04e7e0215df162b1c31e465730c7bc5f1b7533ca07ce171917cd653ffd392b8edfc4778a4a42792fcd2d218b8dba379290b3,0x341835d3402fb7ea69983fa6b4d4d746b9665a6918602486f32493fbb7437a36,ok
0x22f07e83092d5b3a07a3fb0242d0e73e13de8dc2,1,0x021501e689a8a723578858fe98e021ca988581725e999634409887817b4dcb150b,0x041501e689a8a723578858fe98e021ca988581725e999634409887817b4dcb150b9d50e24d5a61c6cfb76eba20e4ca72482bd25043194f42805cab242f003f2002,0x4f3746719ac1349951c3e5911aa2e4cd4c168ea0a2f90448549dcf49e53dba6c,ok
0x31c3f590e74213a3126d38734b536331d1e2597f,1,0x03587b363661e2bfd81a4bfc1b87b4a92712d8f4e2e59bcf4516ab403a709f70fd,0x04587b363661e2bfd81a4bfc1b87b4a92712d8f4e2e59bcf4516ab403a709f70fdf0cfacd389a5fb1ba554eca664d2c052ed96bf7318ddb429136930f6c26fb6d5,0x4a8c29242cef6bae95c0f2a4de456f41141c9bd553b000524f7184c9e8e603d2,ok
0x5aca6d35ce776d89b90e4f7d64e4ffab4122f1b9,1,0x02a0d51ad10b574edce418f847f9c58f98ced57e6f52c9ff1270a93da1f9aeafad,0x04a0d51ad10b574edce418f847f9c58f98ced57e6f52c9ff1270a93da1f9aeafad90245072e22a2109ee05dd64c3c09ae06394c8a8a8f6178765ffa4d7524e4f44,0xfab279cd85209655ad390736b70554bbe7ac0ec71cb8b81f43c21324ca1f624c,ok
0x171286d1b532b1e579f034c92d1eb62483428917,1,0x0266967bd637415d89a1bd03142de55f5e17211f71b77d2433bd14dda30262b120,0x0466967bd637415d89a1bd03142de55f5e17211f71b77d2433bd14dda30262b120853e93698109282eab5e8e63465a8c1ace00a1c92263425c7a894cfb989d2aba,0x8d1abd2be166673797617541c377886a59b3a994dfb6c9636d05ea0c3c1efc30,ok
0x2307fe35ffef51203a215d258eedf09e792d0583,1,0x02ba9a0ec432b984222342273751febfbc2f8f7697b792fdfc2ac907db1634a2df,0x04ba9a0ec432b984222342273751febfbc2f8f7697b792fdfc2ac907db1634a2dfa4f211e67d14e3d530c0518f23eafee326bb025446e7f9ffa183bb0343a42fe0,0x7c4777ce2b4e8713170d16f99e69129d3a99e29df46663f779c392d31024914b,ok
0x37d51b6fa6222b54d25447d35bbb78d298930df8,1,0x037dfd5092e5dd97be407ff64c418d913e1d1ec4d4abec50f5f5a3248606ed65f8,0x047dfd5092e5dd97be407ff64c418d913e1d1ec4d4abec50f5f5a3248606ed65f83f6aab73744e14e577e277832cde3c6627ce7528b851e4f5b62e8469f73c7e25,0xf2216fbd80387763e178fd723f4dd84a7886df715ad9ad4621b17b61e2408f88,ok
0x0278a6d2020044c9c5cca61f6e33abadfb06c234,1,0x032500dfca50d1024963251176b3c03579e10e0c27556aa6abe39b4bead86b866d,0x042500dfca50d1024963251176b3c03579e10e0c27556aa6abe39b4bead86b866d48a88c6f853bcaf1cbd2cfcc725a750c572410e505ee81c3f213e8fc50750a75,0xf4ffb73039883047b7f9e9028b1a29710eb21bc0ccd876ffba4a9189caa3580b,ok
0x9d9989c08763567b815a8de00ea3326bdf33d4d3,1,0x0244d2675ab33749e58c45e2ed062c3c4d41cb90d58f12919603276c5184a2daff,0x0444d2675ab33749e58c45e2ed062c3c4d41cb90d58f12919603276c5184a2daffe9f960f8645bc6456d5d1cbe7fd72a1b03950d4c016ac4627b855769697df8cc,0xdce99656101747a6f1aab565f24363fcfaa9c35f67a4e2579e37dd422e8bb0e1,ok
0x1eaa9e5aa92d3bf9e1ae1e03c0d914cc810fce85,1,0x0387300243e38cdf474b3dc1dd06acc006dbc524ae2bf3d42d0dba03cc27a2a64f,0x0487300243e38cdf474b3dc1dd06acc006dbc524ae2bf3d42d0dba03cc27a2a64f67c0653dd43eb018894f9dfbb5ba20e1a7e1f55b245a7ca5c5cdf5eb6b9ca5ab,0xc2f1eb25991944a13326dee4c8b01605e7e41cbb9e6e9c449aa8712933ad0a28,ok
0x6e5604345f192ef85369b3f952f96856bf8da189,1,0x03cfd0b4111ada20603f4ef8335963dda17e92e3c93ec833740c88e1441c322804,0x04cfd0b4111ada20603f4ef8335963dda17e92e3c93ec833740c88e1441c3228044979936e55a34321f7528b1556d78830cba0ff51f1ee4997fb1d0dcd14d5f459,0x406fc30ebd34fa90f1a3411abf25d0d7a0204f48d740b8520ecf256d2a749ffe,ok
0x8ba9e0e758e78d43a87d7fc07ef8e179fce077de,1,0x02f0f57f28d6a93d283dda7f7e7af9b94a8d5739b941212b4f6cfdf29da07b11a7,0x04f0f57f28d6a93d283dda7f7e7af9b94a8d5739b941212b4f6cfdf29da07b11a7ac67f1f40dd4a1fc1036c9e50cc4bc7bf59d1d423bc3f535d608007efe7fe5b4,0xb65222339d036f812c09a83c155db18c4f870f2cfe2f33f0c1c80f8ec3404d3a,ok
0x093443199b6b9b18a21fe3442b0af5d03d6aca51,1,0x025c37074178ab500c214dbd30edd451aec2e3b8c7067a99791188dee8f99b56df,0x045c37074178ab500c214dbd30edd451aec2e3b8c7067a99791188dee8f99b56df27ad06a99c91a72bc6ee6e2f93808f577c2ea3474955cf2f316bce74e6a43104,0xbb6b390c8b80c1263f30db3790eddc94a120ed5de3192cea50e84e8bf3905d04,ok
0x98c6fa284538a6b3ce0e21f5f1faf05ff1a1bc68,1,0x0228fe2f9421cbfbafb26ed5cb652f3c3ba7a08e84ba79008bdc2fda99234e289a,0x0428fe2f9421cbfbafb26ed5cb652f3c3ba7a08e84ba79008bdc2fda99234e289a7566ccc44e1e71b988ba3112efed4feb51fdedc0d93547864801271061df2ce6,0xed14828e35f95f39b7b73967b5c9d635beb9432ff9b71946d38507f2bae0acd4,ok
0xa93e64b078c86f62e28df779be163649782098eb,1,0x039bf2d07b0fedd222e4fe57b7f192f8dd4c27bb362e5ce48bb1c7fa76250211f7,0x049bf2d07b0fedd222e4fe57b7f192f8dd4c27bb362e5ce48bb1c7fa76250211f715d769af87f82d9bb1a341ff7d8d29518343f75f69764f9e8bbbfae12e4302fb,0xa3769a9c8e65bc218e97d019ddbc7641639eae2255765208a3c76e6036f93a38,ok
0x5d9da9e241f92f9309cc95d884a9223fea286910,1,0x03c4dab07da2e47f6e32a3f9609747136347dc26b0f22e5abacadb03fd24dc533f,0x04c4dab07da2e47f6e32a3f9609747136347dc26b0f22e5abacadb03fd24dc533fc4dcde77289d554365819e52293d7b14dfd004fb899bf8d83b5176e9c4a5d311,0x9f02229107f547f9a71ecd4af37258f118a06436a46ae6f685b37ddaec84cdb3,ok
0x29ae92b2be13e902ab4434c790bab1f59be1bbb9,1,0x0361e469f681a1d0f3db9dba04486ff6d8ccadc7c0b18db76498245ac9714b64ce,0x0461e469f681a1d0f3db9dba04486ff6d8ccadc7c0b18db76498245ac9714b64cebbfbb4413643e8e2f5ed79c492af337f0db35338fbdb0a586be54a18d718beef,0xd884ac9d4a901396da9d26207f78fce08a653ae7e8222a19840fb49b7bccf95c,ok
0xafcc926a84550ae7802a853297ef17b9e3ff9aad,1,0x02012e4bdbd9941b5f5310a7362f09ad895029467a64c182cea01ba5eb47f923ce,0x04012e4bdbd9941b5f5310a7362f09ad895029467a64c182cea01ba5eb47f923ce1d3732199c75acab4eb7a841986077d9794d708e14bc2e049e186e3656c92910,0xb1c5ac2171f8e78da1b880cc9e7565a80adb776e4eb3b277820d7e021da7bcd2,ok
0xdfb82ace46bfe99e151c6909599c119ddd2bb8ce,1,0x02edc1340e7e862744a885f7f1de33aa80a94f6a01dde80cd27f9f6ada573b003c,0x04edc1340e7e862744a885f7f1de33aa80a94f6a01dde80cd27f9f6ada573b003cc62ebbcd33619e31a5f34b108544aff1bb49b3f1cf95400abad8e5b533790d76,0xab1cc14920416d4408a697e1a1803c368bc2a86262a9b062a44a3685bc6ab599,ok
0x5f8810c6f576a6f97f7b489d1daf7ef7ec2b0c61,1,0x030a178bc8fa950a4a3ef06309ea8a532aa236ba0a6ffb7a4e18ebead38a34a8bf,0x040a178bc8fa950a4a3ef06309ea8a532aa236ba0a6ffb7a4e18ebead38a34a8bf0861880f3bf09f2ece43f8c26544bdc7052fe3d2a166eae2072e54e2ee868bdb,0xea4329b4bb1a8bc8050beeca686a44fece4170efbe040ffbb0ec13bf58848201,ok
0x8df3fd2d2bc3f2e1ea74cdb22b0079681275519d,1,0x02d82ce53a290d462e06502e2bdf27afb8079e05ef1a8eac399de299c14f5b9c41,0x04d82ce53a290d462e06502e2bdf27afb8079e05ef1a8eac399de299c14f5b9c41fc01f9989337240eedb584520932291ff46b06174c2a3f5de11e9d52094542dc,0x9f5f8acf37a3ddfe77273583c7375903cb2f7906a8cd6d7f60a3b80ff95ad23a,ok
0xb196614f8e05828381143f6ac756e7930bffb2e9,1,0x0263b317e5adf8617f4c83c012929af15be3b37ba3bef16ba40a4ad0e8e55e3531,0x0463b317e5adf8617f4c83c012929af15be3b37ba3bef16ba40a4ad0e8e55e3531163e96a70719d01f63a5290a35b11cfd5246db54a5a5e179f7752584ea6cc698,0xa6d1bd41dd0b1a1c6c577dddcffec0c716af5030aeac6bc3b219b50f98589501,ok
0x3c4cf64127503e3b17ab4741a30352e712d71bd4,1,0x02c8d9050ff97f6d2292e6aa7089701cf3eadddaf480fc3112001edb34a794aa09,0x04c8d9050ff97f6d2292e6aa7089701cf3eadddaf480fc3112001edb34a794aa09a494976ce03fc36706f3652b80c38edc9166d53c021b5d8e597980e84155dfac,0x9edadf9f079a23e40a5972dac79f9fe036253f28db247b07005fd0fc6a7afac0,ok
0x2928ad4479b9936ea7d67beab7676e0228cc72d3,1,0x029a2a21562bf4dfee109a3d49b75ef79b9d045804e7a20573766ff5a483a32e93,0x049a2a21562bf4dfee109a3d49b75ef79b9d045804e7a20573766ff5a483a32e93db062c622e4574d9bcd2a300c916ebfa5445b361cc57e38153830afe399ebfe0,0x2c15dd044745dffb045a78eac3f4d44fffcf9cf8cf6069698767f80e5fac4b65,ok
0xffd4c9550e4d336d2e43cf3fa7adfa9cc04d18fb,1,0x03e4982dc391cb5809b7c0604b801776738757b2bc36f3ea514af326f8c7ac9b94,0x04e4982dc391cb5809b7c0604b801776738757b2bc36f3ea514af326f8c7ac9b94d3b7516bf5db41e3bd9ec4277e90ba8abc135ac03d9ce4f7b81847d76268fc95,0x3154392e945a28527049d50c1404d2a6e6d84426335fc39e880fa2b06a84375e,ok
0x4916a1062524967fb5034ec1da74eea35c18f949,1,0x031d9485f1ab1d40bda503703e4962f173c967d3e179d8d7a2a4789a1280c48707,0x041d9485f1ab1d40bda503703e4962f173c967d3e179d8d7a2a4789a1280c487073a7795dccf82549331cfce8b465114966725c5f531dfc67ea6a2d750e3b38d47,0xb8f6a9612a9f0118ca08baf2f624f715996fb6b30720c79a3ace5bf667e3fe79,ok
0xe3a1b3497d95f4bcf20f08cf0758137d2bce9af5,1,0x0323df43c971145fc58e68aa9ee52a5f8697028b0c4cb2f5f66f25c9146c13d51a,0x0423df43c971145fc58e68aa9ee52a5f8697028b0c4cb2f5f66f25c9146c13d51a463886e02d6d0ab240f36493e7ac6118cfdfd1d1b0260263df205b3397bc5155,0x09d71acd21e64c45612b2367dd6a5f91cad92015c5ae8cc04f50f8cbf1ce904d,ok
0x75541d01cbb90c6e5a9db94b8387c64411787a04,1,0x0305fc8d694917e17522a2e2f82b739a81888574ee8096d93be53d1dce41e3ee13,0x0405fc8d694917e17522a2e2f82b739a81888574ee8096d93be53d1dce41e3ee13bfc24c7fe242b92ce41bb23807bc23931b886db5907109332a08429bcd5b7eb9,0xcef221261c34fac3f21d4bd998c1d35c89ad7c8d0287b995718dbfc71f2df08b,ok
0x66f45ed42b4dd5bcd52f9c56f762ef73e39d252b,1,0x02e29ef7c85988eddca15a0be0553d9f4efdf0a00915ecade25c55aafd61a65125,0x04e29ef7c85988eddca15a0be0553d9f4efdf0a00915ecade25c55aafd61a651256a231639f5f1048469e411c4c620658ef2c8678714a00e11783a220a1916ecbc,0x6560387c736dd47a44fa3120d0105c94375e177bacc0cfe0a42fe3f9963d40f8,ok
0x56879cc88fa3895c082c22035db1386dcac53bba,1,0x0318e61926ceed2d9afe3a706cc1a4b582f97a5999d2f9c3a591ce9cad9c269f8f,0x0418e61926ceed2d9afe3a706cc1a4b582f97a5999d2f9c3a591ce9cad9c269f8f02d7d6c760ce02176c97297294428cf7423b7772b59db9b26c1cbb9be18e9a85,0x4873fafbf4912bf9f6fee21b9326d426ea11e56d4524c6b0c74b3cf9df6a7dcc,ok
0x0408b9d5ba204fbad2bacd0efcc86e503cdbd1ba,1,0x037ad96ef73ff3dc7761bbaaee387a3ad5bf357a95265fb994c73d501921559f71,0x047ad96ef73ff3dc7761bbaaee387a3ad5bf357a95265fb994c73d501921559f71b2134ac0905d20069cc93c95d1200d7686aef842686910ecdbbabeff7f2f9973,0xd96a877ec3c752e8a6ca53fb3991df9c96fad10590a074369d4560c51d968306,ok
0xcca2d683e89ac4ee2821b87f095c51054f49f49d,1,0x03a0af3b312e58fb98911253f1e98e698271475489a778a97fca73e72fd9fa3024,0x04a0af3b312e58fb98911253f1e98e698271475489a778a97fca73e72fd9fa3024f916bd6f88fa8f8c9275912d10a46200ef63273b78f8a643d5d35bd707ac3f89,0x952c925d37824d649de7b45dc0ef5fb400e11bf65f07e46627c69429ee9c0051,ok
0x7af06229d88ad92227a6ddd73c4b134e388f6895,1,0x039ce685a760126a08032b9af37e8a5d8ff12a6f8bb39bdf018b418dcb3486420b,0x049ce685a760126a08032b9af37e8a5d8ff12a6f8bb39bdf018b418dcb3486420bc448ff550dbbfa3c3ef0698546b131e742b3321f1a2908c7b04be84d46293691,0x7c5727fd4e742e65afaf37b143377244834eb2ae5021089c51ce97ea6ccb5777,ok
0x7e19ff5cc01a540804cf4b449dbffde48b81c0d6,1,0x0200945ee37ed9ea8f666dbe093dc7b216c19537e4b23ab58b9ca1d778e1614db3,0x0400945ee37ed9ea8f666dbe093dc7b216c19537e4b23ab58b9ca1d778e1614db33c62e7870d2b93fb32edba23dfa081ff58b31f8bdc3b7565a0c0a0611b8f0880,0xddf388d3cd6b9601b55dc7be25a6c13fe12552050161f484830274f076290127,ok
0xd66cfe87f7829f996c8e86ae9e1c006cfb942b42,1,0x02dfd0e3a9a5946efdd1fbed9eff82bda0ca9e622c1fec9b6279b1c6ba282cccd3,0x04dfd0e3a9a5946efdd1fbed9eff82bda0ca9e622c1fec9b6279b1c6ba282cccd34b7d4a499c209e4bf78a5b01b2d2c7f12ac25e63a611bd775ef78f2f428d89d4,0xc6ef4c397f1c4fa64675d677096e643dcc9edc3620d1e29b785514b9e3cf2438,ok
0x7c4412361a16976cd9d0dd0fda716b6b19edf6a7,1,0x027bf0586c41e83f1ee46e769412610b404c9a1edbd528c1ea1e98e35ec152018c,0x047bf0586c41e83f1ee46e769412610b404c9a1edbd528c1ea1e98e35ec152018c605235169cea7230db6a1e5db66708df6f2a21f5466ae583d6b0db3ffff8bafa,0x393dfbbd4dfd181a25fbfc2fce7a9b030f358f7168ac53987194124305bcb1e9,ok
0xa793daca43f3517ebf51fb5b76b4739c52a7ad48,1,0x02e4e566153ca6c25372ba032269519ef75e726d316d56e863c971cd994ecd4e31,0x04e4e566153ca6c25372ba032269519ef75e726d316d56e863c971cd994ecd4e311b707e0eb14dae60175c7a3e1ee9b2489881349593bac4d80c521443da2e81b8,0x3381fe35a3b0d837bdc770cc6516c495c80446943490172a4f73e5820c256012,ok
0x089141d461811a17021d3b47b18d74080a0f08c9,1,0x034863cd2f6958a8a5b485e4356fc62f91b05051044688e986c445d935e5484c51,0x044863cd2f6958a8a5b485e4356fc62f91b05051044688e986c445d935e5484c51733eec09273362c3ba59096fbdb6ff98a484954e31d9167d3b6c3ce5d3aa3591,0xe199b7167ebbcf7cad86fd2889d795e79673e7dd021abfde741f34280348c096,ok
0x76a4de665247c0b4edf43d720c797d4702896c8f,1,0x0361ec4e13308cad7eaedcdb06c571d60426de346bb4ca02fff53b2aa19e4fc4de,0x0461ec4e13308cad7eaedcdb06c571d60426de346bb4ca02fff53b2aa19e4fc4de44cf02523f3b4fdb643d277f26a1c6b4a943bb57876ce982cfed47f9cecd9ad1,0x34e6da8b1b6f50bfc72e46a4a9efd3d542908fb02b8943f087007195f1891e50,ok
0x731d4de540300f13cedd9fedaf44828683fad6a1,1,0x03ef0194c9459521d8c19a687bbe2143343ae4c5bd6308784e0d755260215c28cc,0x04ef0194c9459521d8c19a687bbe2143343ae4c5bd6308784e0d755260215c28cc8392a0189e9857e511adb8c4ef1a32e43e494d8d5303fe2b49b0fbc6863f33a7,0x06e43a80582f0f357306951f7c4cc6e57fc9f9303306f28a83906062d4dde6c8,ok
0xa05093119342cb31d1b6febae0aedb40a49c9f59,1,0x034f274596e9d95445c1904843a7002ef5f4901b897104d5e11b577c2ce687c491,0x044f274596e9d95445c1904843a7002ef5f4901b897104d5e11b577c2ce687c491e3a6755f0376c38a3df0be2391847a7d12e80884f3ac0457ccb3fe2f9248a393,0x399cf2456ce53bac65f21803055d752f291dc55025feda57d69d91f9d7b4317b,ok
0xe7af6312c99caef6f63052a18c6831232d8afa4f,1,0x03ecf92363b02161e0794e941b3d8108b21dfa8c7c35537be074a5509dce577fa8,0x04ecf92363b02161e0794e941b3d8108b21dfa8c7c35537be074a5509dce577fa83dad5556e340fe8e84b8fbfb96c29d016992077463d92f1b787102b8f4b91875,0x4cf68fa4ad27b34aedd44b7918dba72c83b26e55f15d1b495b1ec8cd53bd4967,ok
0xb3557ba0d49bb21b43b2a5ac1db4b5258b8e6640,1,0x03cd0a850228487c07dd5045dd9ece931bbf7a154646bc3109e065ca6f20aa824f,0x04cd0a850228487c07dd5045dd9ece931bbf7a154646bc3109e065ca6f20aa824f92c176259cbdc1875574c4d88516a84276acb0508f85f1d181a51968ea8acf51,0x22dc6007f51464408217b3323073bdbbb0139603c222c0615506b7c0a8263d28,ok
0x9d368f756a1f137ca4e11dc49367640b3a0d6985,1,0x026857286b8824e77495e61d7450ef19ccb897a6c2c13c3279a3c09e3dc37e6d97,0x046857286b8824e77495e61d7450ef19ccb897a6c2c13c3279a3c09e3dc37e6d97ab3a3de53161dd07118fb40d158ad811653bb15789399ecb4032d97b413ce174,0x9eab03b7b675737e186ea0b94d8e5f3a89641567fa6baff5d6e1ea1220e84d91,ok
0x44caf7cb588e1f0117bb015d0ffb97c4876559f2,1,,,,contract
0x5af61fbc90e843bddc5a3424ee4cf34f8c14878a,1,0x028b84f8563ee4fe03c9396b8798654eaf0cddda552fcc95e19ac8c8f0d406ff63,0x048b84f8563ee4fe03c9396b8798654eaf0cddda552fcc95e19ac8c8f0d406ff63c2f051e00336f88b1383b82cace0c3ed59ba639eb98cef70e410193258b24288,0xe21a80cb349a02a73692c72f679d03a30e7d596c613e292d5bb2f327fa756222,ok
0x7ef61cacd0c785eacdfe17649d1c5bcba676a858,1,0x02fef132739f8f78928c4ec0b09fb477bfaf6a488eba5e0952df0213a6570451fa,0x04fef132739f8f78928c4ec0b09fb477bfaf6a488eba5e0952df0213a6570451fab4f434d7d931ffa05e62267af0ab3dfde8f37a82d366815b141d02fd9412d578,0xa84f2d0e4440efcbc3d9bb7cbd9c6f557b4b03cfe134ee59776b9c2920fc9053,ok
0xfb6a5f7ae0bf14bdb1d5811767c77562a226cc54,1,0x03686cf1ba3f78d340f91048a85e5363462bd14d2c89d46b50ffbbfa3f5ae2ac5d,0x04686cf1ba3f78d340f91048a85e5363462bd14d2c89d46b50ffbbfa3f5ae2ac5dc1da11daed90f7a05574ae6da1fadc9b5d1a8aa5a7860f6ecc927caa05854601,0x18c16230bb5c16cde2e7c2748b6677cd59dba71b084ca1dd04fe2c0d5052ea7f,ok
0x4982f0fb4c7a6cea1514dd4a649231e1ccecce85,1,0x028fac5d257e4b637dab01fc167c3a10d12e194a3201a37749e4d41bf603aa39f3,0x048fac5d257e4b637dab01fc167c3a10d12e194a3201a37749e4d41bf603aa39f39d2eaa44aefbf34eb02e9d96ea367afa9bb4b6360d0317ae0406361a7434777a,0xdb8700cafcc760ff9f327606bf4e17ddd2c1ea4408776209d6c016fd8e9eaac9,ok
0x649890078da0f9219d73c35d648699252451c627,1,0x026c33a4e2e0f7c4f9bbfab1406cc84f2ed5ff7ea2b935d35a38c59101b56c430a,0x046c33a4e2e0f7c4f9bbfab1406cc84f2ed5ff7ea2b935d35a38c59101b56c430a3d50bb7be6cf14ab130641af92a1d1b5c955ee756c8ded955c6ec49b0c7d54e0,0xf80bd5922cad4b58365412708018031130401782f30746794e8247134060e3ba,ok
0x918270712ee5065b3e36eb5a331ffcd198058f57,1,0x021b94ecafde20738cd46e0cb4825651ba559356361e0e644916b5a0e48ad4c6d1,0x041b94ecafde20738cd46e0cb4825651ba559356361e0e644916b5a0e48ad4c6d12329b4273e25f7576b0139dbf6bd5d4a633dba46ce1ce29c8e66491324650344,0xc00c2a0019945057c793cf471c10c3bbaddfecb7ecddbf8e5d879cef39e23e04,ok
0x4856682e74bb6ad136bdb788c64bdf429ba01fa6,1,0x0303d357a3e3907e205c1d6503e0e1e34b63915d3ab48a096679c74e96d89f4109,0x0403d357a3e3907e205c1d6503e0e1e34b63915d3ab48a096679c74e96d89f4109da18df0d32637c7a01c008700826540bcba8375d2f47a134821ebc94e0a61767,0x285361763e50c9bd8a0cd3d00ad3da1e23f424d6714d8c2f71704e85d390aa87,ok
0x80c008a7c9ec056158cb1f64024e710c8398048a,1,0x02a36498e792958350cca3d6da8a0a9a39512200cf717b1938bb2b309da011144c,0x04a36498e792958350cca3d6da8a0a9a39512200cf717b1938bb2b309da011144c4e481cabcfb27f316b15d242d62584b3ae1010be0524cc9b671002e4da2bb40a,0xa0227588f2bc22b5b2251e3b9c60a2b827151faea9b53ce877365819bc774f90,ok
0xee13ae5caf40f5757ed890be6330788779984bfa,1,0x03ccfd2385128980557da9cb08d3c63efbcd56a16acd90adb3e6b9cbb5c991c08c,0x04ccfd2385128980557da9cb08d3c63efbcd56a16acd90adb3e6b9cbb5c991c08ceb372d53a21b41dddadc02757f075e500b04c4dba31904aea9eb1705e150a161,0xe453a8a3ad28daad0e0647a095d76ea0984b9d3be777f6e4bb61282a25bfe2fd,ok
0xea76a03de807834c600d1b96f1892b0b748047ed,1,0x03f7e8b996d4e5080a4677a882105d2b95f682340be1d8be40265d57ace626f881,0x04f7e8b996d4e5080a4677a882105d2b95f682340be1d8be40265d57ace626f881d781cbbc9382be2678cc59b7694514c8e9b88efa2ebc857a3bbacab416e6abe3,0x984507a910a90a53460662d75f2776335b59b21df92ced2c80ff778ffa9a4ad0,ok
0x93601ed6415f675fcd9bea0d86ddb1b167f1a578,1,0x032f698d481ee9ad109cdfd4330c72c1192c586d017384ed6bbd32ecfe079b6723,0x042f698d481ee9ad109cdfd4330c72c1192c586d017384ed6bbd32ecfe079b67235695578ca9d3735d3c2c023a33af03cd852f69e79e33b74ef694985d9fc74d29,0xe5098cfe07303a20674c9e11970442b4ba05ccb595a7f4bd111bba8b65cb75a4,ok
0xf967edf292599ec40c79c50c43034303fe4c02ae,1,0x02596a970d89ef4d9e99d5d56bae8a594b03989ccfacaf724ae32f6c6aa0a090f4,0x04596a970d89ef4d9e99d5d56bae8a594b03989ccfacaf724ae32f6c6aa0a090f4c7a7b14112c1f4c2e795f4323ea7e3d83c07b2ebd50e5e1c1df5f36c2288d232,0xd121ffcfa53583a35fbcf755ed8ee27d937a939ef601affe4f0a6d353e535d33,ok
0xafc9a28a78997c52faf7d9d205d37d28a69748f9,1,0x027428cd26c184f4c3096d01ca4436e74919b8ae9494df83c83b53f58cd37aa68d,0x047428cd26c184f4c3096d01ca4436e74919b8ae9494df83c83b53f58cd37aa68d7dde48a35288f2d2589ca424a14981dfee5a3bab217604f20f6b020546cc2896,0xe86da1010fd4349b30c23891988b458d9712de12d6769ceb994f96d608078278,ok
0xa4abe15cafb66c29589522e95f027a2ae4c15c96,1,0x0217df7c61d8020e29f0e601ae0f1ccee5ae74a020256a11bda75c903249dd3a9f,0x0417df7c61d8020e29f0e601ae0f1ccee5ae74a020256a11bda75c903249dd3a9f79b2e0fd1c821da5b01ca77f5bb1c4b061d00c8dbcdc32894b44152acffea4b4,0xd1f5c1fcafa14ec471d9fa9d411ea4827e454a428e9ae21a04f86a9d2a0c7baa,ok
0x4b3e3f97b956f1a4afbe21e80c2f407773646867,1,,,,contract
0xcf6fe91796ce270331ad36effedc7ee78293c4ea,1,0x0273a72bab8631bc6f7cb63b75f3a288a5a379633c691166288afbcec263d288b3,0x0473a72bab8631bc6f7cb63b75f3a288a5a379633c691166288afbcec263d288b3d57fb540e73f2394031d0e4743b26fb500d8a3ee036386053032987c7f35f5ae,0x28d1d1e2d40bcaca447018945b93235c01788cf079aa08be314f3a9540339d34,ok
0x4dd6ebe73cdbafa26e1603f3de12f3a4df159835,1,0x02b9a4d75ade2fb08ee50e4eb78f3b389049f7013cef647e9ccd194854e3ec41c4,0x04b9a4d75ade2fb08ee50e4eb78f3b389049f7013cef647e9ccd194854e3ec41c457c4d664e309fdb3b632e7ce8bb21264248a59a7f9deed132d22403d6a4f71fe,0x80674a312f4c6533d6aaa17bf9d4360cca291b055cefb821b3f79724bbc1f73e,ok
0x9252674505213495b9b42dedea1d80329118db2d,1,0x03ca754c5256360975eaf0130090ff4687dfbac3856100b74f5acd5aebde496637,0x04ca754c5256360975eaf0130090ff4687dfbac3856100b74f5acd5aebde496637abbdf82222a906cebfc090a60484d4745acf056cc592949b629fc049c22219d5,0x1415416d9a820b996152cf388ffb42c853a9bfef98316ece330c24cd69744a3e,ok
0x6dc718f33fd6721baa01669f9bf2c89d8e344bf6,1,0x0354c55fdefb069e1b1f3325945d5c46c96d8d8eca42b77a0d4b1323d43f593169,0x0454c55fdefb069e1b1f3325945d5c46c96d8d8eca42b77a0d4b1323d43f593169bb1cf0e7606854a2eb5cdc2cbc78d282220a2c4f9aaa7a4c930184f1310696d9,0x1bc077ff082538338dd8d1df585bb2a44aa87896d42835a7428125264a723ba7,ok
0x80718ebf117665a814595af848317d91c6a68618,1,0x031de8b1a793b92b6945688659c07e5b847e1ebcc08dc4c3b74c576674005ac462,0x041de8b1a793b92b6945688659c07e5b847e1ebcc08dc4c3b74c576674005ac46230bd3671839445da18afcc9303e8407e012b356a8096270c19a6ade4e5471551,0x836a9d8c8808b599cba049c7235a11838e4ca03a3513665b167eef1b422370d8,ok
0xffcdcf517f40ec98e6035f86a30fd8ad3abf67dc,1,0x02ca654a3313a1653a6577c5e4edb14a9e1dc8342f870d5fc840f5612a841eabd5,0x04ca654a3313a1653a6577c5e4edb14a9e1dc8342f870d5fc840f5612a841eabd55daced35e6eee4550ace791ac45169efa3b8cd541422421ff083401ae5bf1548,0x7b6554f3327eb4a44e7115a82cc296b66d7c8ee1b7acb41ef52b5484904a4f0b,ok
0x716c59a499fadeb4b5be3b319b6cf24385503ed0,1,0x02a28bc6450ecedb2bc1647a3b69f9f6980b9b4a78a4ba5a0f2d9ad15c8d7c6efd,0x04a28bc6450ecedb2bc1647a3b69f9f6980b9b4a78a4ba5a0f2d9ad15c8d7c6efd946ff2b4c429af0d8f6fd8f1d812438330811f7cd5f4db8dcd8b943a3772f66e,0x643378cc951b5d41a6b52b7d0a4284c8d664c1d9bb8f962e89fd2f0b6bcc1665,ok
0x2baadf3ad613dc74e5a638260ffb5346756c66d0,1,0x0281adb6577197593cb6eacf503fea2fb3fa2c077f5e07b5af728388c2dfcc0879,0x0481adb6577197593cb6eacf503fea2fb3fa2c077f5e07b5af728388c2dfcc0879d50640336a6ce42a01f673d4af42ea07c969cb2c143fe23253c9a4ef2505c9bc,0xa7e2f3f855380a80df7efa0e0a3fb55f964837a6dc1de439f25cb42a8e24cd02,ok
0x93c60606cb51cf123731744fa70b5da1828dcc08,1,0x026a3974518dfe6f6fdf213c7cc55e4aa9318ec06c9fa2266fa1f3aa76cc781f51,0x046a3974518dfe6f6fdf213c7cc55e4aa9318ec06c9fa2266fa1f3aa76cc781f51efe933beb32946d92bcdd65abf6bad4d0b71e522562595e9ed2b93565016cba8,0xaa6dcc9a441a5444a92940a44ad3b24b864d9800205cbb8f8d8cd1d2d42cc9ab,ok
0x73c3fae462a0215f6550cc2b69d46bade5e393bf,1,0x0382f07a3f6e15552fad8fa79494ada8ecdc44a8c854361d2410eed9bf1c1daa82,0x0482f07a3f6e15552fad8fa79494ada8ecdc44a8c854361d2410eed9bf1c1daa82025b2ea958a6a240790307ae93fae779c4e3c7b65a1d992d4c08fc0f09132183,0xc8b6ec6d1faa6c2e786111f8adb7aa75c9da82103534dd896bfbc139e94ce251,ok
0xe1f70dfa0182cc41da902eb7d3462035a3963a6e,1,0x02ec9eb7bf228d87dceffe7c9772d435128db201bb47402e2dafd8dcced39673af,0x04ec9eb7bf228d87dceffe7c9772d435128db201bb47402e2dafd8dcced39673af2894f5ce0e272a31a2ee5326c6f7bb7ae08ba86d9cc7fdc442ac0c4be5cc49de,0x885e4d87e695751835991a746719c4e69a3b858cd6d287d6909c6d4fa4505594,ok
0xb9e61e905d75e6d84a37b5a7b5c36eefb66cb065,1,0x02d7874be84f3cdc87a2eb4cac091cbf99367348f1e519005884c55136bf48af4b,0x04d7874be84f3cdc87a2eb4cac091cbf99367348f1e519005884c55136bf48af4ba5538f7ba0db19910d695cd83405b2548ada713fdd3af64c091e1ff4b81872c2,0x4231ee822688509b5a21db8f2c4dda086d196bbd6f1087266c616c34e5efacdf,ok
0xa51a17346c95a8fe0d4dc84c92eec08928fed594,1,0x028d10bc63d512705a1b8448a68f1b82b9e0a569a8d9c8718f554ffeba1dc74d12,0x048d10bc63d512705a1b8448a68f1b82b9e0a569a8d9c8718f554ffeba1dc74d12cfaa4c8effc154365735b62000048accad4afb53401174233ecd49eade1aa906,0xaf2e4a05b47e8ed99eb584eb9860914e7883480e42083e48388a6868f5baa1e6,ok
0xe7f2a881a30a1b9d16bebdbe42b226253b4ca489,1,0x02b49afb2afb3cb011b84502a6a9ea0a6b5279bdc4d92c4443f3fe29ad6f37c99b,0x04b49afb2afb3cb011b84502a6a9ea0a6b5279bdc4d92c4443f3fe29ad6f37c99b09515b793c9ab11a024c7ae7eeb8021957ae582a0293275588806d574a638b0c,0x34a98cae560300bee509941f28c594acbe750e6c20528e01b4af419df7fc6877,ok
0x23079a3dd8acf2f1c174ab3e2a450aa097ee1f4d,1,0x02c0c44e8cd9d694c7b416d7ca968b43220f8870f7d54857aaef3ce74854c9b5e7,0x04c0c44e8cd9d694c7b416d7ca968b43220f8870f7d54857aaef3ce74854c9b5e740db81b5b07277f69f7dff4b63e105ea520a7335786257b348ffd400a1b9e276,0xa653bd4b8ce27d8ecda3fe741d6dba7124d3cc58a0acb7f1cd8d42512fb7e442,ok
0xaedaf7e2a96f7f90ffcf3cb2587c59a506e63a72,1,0x020f8ead151cf12ab60bd4ca29c7efa64841146a6004f3ffdf1066007eff44cd72,0x040f8ead151cf12ab60bd4ca29c7efa64841146a6004f3ffdf1066007eff44cd726a5a2df6a0a48784e1fd4f287608c1f66093ff15edb12416c52aa2c73926e3b2,0xe20814a53ece79f473f98502f7b7c42cec54f98dddc8947fc66e6cc3e32c0ece,ok
0xf84fed49da3a006c90b5d106374fc394e2994a72,1,0x03e7e6114a077fc936d68926c3abb020e41cdf78fa6899db219253e4329a27058b,0x04e7e6114a077fc936d68926c3abb020e41cdf78fa6899db219253e4329a27058bac050143b4f767a9326ee5b501963fc424a41a1e391ca263317bf7b440e9b1ed,0x32c791d3466c45d44200323743668234d1edd8e86a31db93cf567418452bd897,ok
0x1ae71aa9dcdee0eef5da60586d9501d9b54b4ee0,1,0x0297ae1ded77a7b8b056582e21bcf1025cb03784afd3b39bc4e7f7aacc92934481,0x0497ae1ded77a7b8b056582e21bcf1025cb03784afd3b39bc4e7f7aacc9293448173480039bd1db354c65c3f86ee4eeb94e5986a7a9b0abe9f923656ff9cc27f42,0xe175da68db32536cb34fd2bd8dede6bad8b9ab5dd8235350ab9be048e34cbaf4,ok
0x2f8693900b2027da1ac6a6d3afb7838b1f0c7206,1,0x02dd30834c37a2cdec25d8640067f17ea43eeb010a2f4c83b29abab2208a026839,0x04dd30834c37a2cdec25d8640067f17ea43eeb010a2f4c83b29abab2208a026839d48b6cb5e41a6c7a07312d4d8acc5e45eae83714ad1fba0be52804f50af2ac7a,0x79e691c19090bb28a1bf3960e7ed8ee6e0ceffd975b998d1be2679febfd6e11b,ok
0xccfc39fd8e6a636676a0f653227516618c480d3f,1,0x034535cc611d8c1cb884fd7517ad78faffdec300036671bf05e0e9c45719ea1e1c,0x044535cc611d8c1cb884fd7517ad78faffdec300036671bf05e0e9c45719ea1e1c101a5df60f86b9a9cd778e8bbc1a3828b7818f62e5fcb3dfdd395085521f9bc3,0xdbcee3a0ea6e198c5a02b153a7892be460e70427f68bc19817d9919892c0f021,ok
0x1b042039f9ab98d9046f0662f5321867886df656,1,0x02de819f6b4d58c6c431f72a574e60ed4e1d6295aad3af84f5b725296cfd5d6b11,0x04de819f6b4d58c6c431f72a574e60ed4e1d6295aad3af84f5b725296cfd5d6b111eb94c8e51aa0c83405676c8da2da727570aac56af42b2fd7b0958f5fb9e53dc,0xc63b66a22e452d85430cf43b89e5b02555ab3c926861a4433e3fe9859676b556,ok
0xc22d6d284dc6f184ebdfb6417390143c0e734e41,1,0x02acb9ea422306103b872a309172d2ae9ef6f7e6bea71d380edcf6b7b07da79fc2,0x04acb9ea422306103b872a309172d2ae9ef6f7e6bea71d380edcf6b7b07da79fc21bb2462da315a1a8c8b7945f1eb8d57844e135bc601ef94cacd4b38bf1bd3b3a,0x2fd5ece588dd4460ba4b212cb1c0ff255541678bd1ef2aa8f4b865ed74a9b9b3,ok
0xe28bf43f887c3b094f3e62ed4588d4c8bc49fd6a,1,0x02c1b125f0076f743aff8584b1bd70463b76cc9d2d6e07eec47dbccdcbe8de1c18,0x04c1b125f0076f743aff8584b1bd70463b76cc9d2d6e07eec47dbccdcbe8de1c1872bb22dcca6fa297d1a69510d9bbabf0a18e1b3efa93fc48a288894f03ee50e2,0xabd4d02f9f8410e2d57a30db8bf6282847c85388c277107353fed1ab232cade0,ok
0xdbd85d3373ce7c3954bddee710ed1a682b064b07,1,0x0392b0ef07668ae31a0a6a5aabb4b3868155f46b04731bba022d0539a62014c1b8,0x0492b0ef07668ae31a0a6a5aabb4b3868155f46b04731bba022d0539a62014c1b8fab28f0974eebb0271c094dccf7a48daa7580f33f91c137c75fd6c2c88b0f57d,0x4d92f00ff0e5827c9a98f58d4f9fa686087edea1692bf62eb934086689fa5e78,ok
0x26bbbe658f73407d56aa3ba78ab206f5cf06154b,1,0x034d02de113db40b103292012652a22749c7fa0a497bae116ca83f4d8f35c1fae3,0x044d02de113db40b103292012652a22749c7fa0a497bae116ca83f4d8f35c1fae308d9637958a680342916439c49f8fb64e4b547d4ac712ebd322b4ed69aa83827,0xc824535033af367a9e13deaa0b7126c0c73dd1e2ee06fa25a3c7195b66289240,ok
0x58da309df1ad99c632e59f32be03d1868f8a4492,1,0x03e1ce5329d101fc465a20f69c135225c563c8daf15170edf57c5da05f24275ef0,0x04e1ce5329d101fc465a20f69c135225c563c8daf15170edf57c5da05f24275ef07f6138c6bc25db1c48751bf47c48f9d285464b4b7494b31155dd19dcf97e2261,0x976a9fe982d0a611a802a669d81e72b55e1f8fdd6378c09cfe59b114bb4f67b4,ok
0x891fdfb291bd3703eea37e3ac5e8dbb6c5069513,1,,,,contract
0x9e3a7883fc121c82bdffa900caff44b837be6374,1,0x0369ab3e89d3d9feb7a2e7b2f46bc7b2ce4c28d2fa434f1ee75abb910a44eaef28,0x0469ab3e89d3d9feb7a2e7b2f46bc7b2ce4c28d2fa434f1ee75abb910a44eaef287277138f47d9b821943274da24990a59919fb9931504aac7a443d3024828ef8d,0x6fed525b9d7dd91ceea266f1c2f4c904206c7681fb7ac2a7d6274225d363065d,ok
0xcb1846b3c73c9ddbdc48b9e79f1c6ae5282ffc99,1,0x0330897186a279fd280843fb6207602e37c6ef5415118af2a92f33fce56252d876,0x0430897186a279fd280843fb6207602e37c6ef5415118af2a92f33fce56252d8762143a54b3b56af18438df2be984072444d2cb5caa1ec0a35c418f3885ab56709,0xbfdeefd87876edbf112494ab3034eb8b7df9f89313f8a757071aa4bb4db37bdd,ok
0xa1fb5da1bdbb3ccc677c0cce853b45a7c4a5363b,1,0x03b8e34c422a6cb0e4aef5a464a054ec79746b64989c7a9c6afc2cd5c32cc1bca0,0x04b8e34c422a6cb0e4aef5a464a054ec79746b64989c7a9c6afc2cd5c32cc1bca0bbb47142430ca9fca25d1e1157ee16876788c8a44a46461947709bb3c83b6f6b,0x8b84af1cdfaf4d3e0ba4a81737f6d89c92117c9143229f4626982e51c7e14acb,ok
0xe25b207e03174cf5e0b5fa38a8f4f39ca8891cb5,1,0x0330a5f29477ed540026f4c753d7dcd1003d0b11b9158681a0d023813351b73bcd,0x0430a5f29477ed540026f4c753d7dcd1003d0b11b9158681a0d023813351b73bcd94af0f46fe3b3554b4c3187a6f5af72aaa78565e7c7673949e414407d1b7fb61,0xe445189bd8a10f5544df6a687b51f513c3da18f773ec1482f237cb1c10276c81,ok
0xab9913766305f50dfb8a1ead1a74bb1ab9a58d0b,1,0x02ad2a8637a2b41bddc0df27019710be97a8f46aee4ca2569b5da3eeaf8b5b5742,0x04ad2a8637a2b41bddc0df27019710be97a8f46aee4ca2569b5da3eeaf8b5b5742e67d7da08e37308c71404897678a3e1c133c4bc554780ee50e31b9bc7d9f282c,0xc86ee2c3607f307086b1d8818341d648cb8aff2f2e725069aa0c9a491e34b373,ok
0xe66df95f0c17c0e7ef544724f0477c4716f191ec,1,0x02c8efb73afa1e1d1db14eed7c904d9e8c8478fb2dc30a74b3bc6d8f96fefab587,0x04c8efb73afa1e1d1db14eed7c904d9e8c8478fb2dc30a74b3bc6d8f96fefab5876d2d3253869b4b4781cd2ea973e0ccacc5d9945cf434ea961ee521ce01c396d2,0x3ef43d123d09a6094253e3fde37e572d45f4168f746cc9c8d394f731fde562e5,ok
0xcf16ecfa0d363447b5644744fd819e04648fdbb7,1,0x030f520b32a07f9f57f58cd3a7fb4bafb65497c778caa1c86035fb8895c9d9b864,0x040f520b32a07f9f57f58cd3a7fb4bafb65497c778caa1c86035fb8895c9d9b8641245190d91b066ae49da1d28a7d0137447289f92f3bc5abdcf33462aa5ae1701,0x09d2bb036578bfcb8246e6b929daa6146056fa3199ba5bc56791c4d7be2d8261,ok
0x6fe079becf0aecc8fab2856bee56a935f022f485,1,0x02ffd34abd7aa07b26a0132ba5d80d1c161d25041802b8e447e920708cccc1c181,0x04ffd34abd7aa07b26a0132ba5d80d1c161d25041802b8e447e920708cccc1c1810cefc3aad3f08e1c6998a1c43d875a25f1ee2084c925941f8aa03b9755a64c6c,0x754bbf9e00967907ebf3ae7650eb71af6069fb59e9b7fe0ea0199c57ca1770b6,ok
0x2ffb00f5ab83f90097c96a38966702971a939e1d,1,0x029186cc58d7038506482d9505aa9fb423f354ace2b996f3813d35cbf3d8989156,0x049186cc58d7038506482d9505aa9fb423f354ace2b996f3813d35cbf3d89891565a4e7d29c06d3ba936f7b6d893d5afca5d7bd0bd4f9eb0431f65d1f0ac18ca80,0xc73e627274874c8802f4c33255d7c86211a49516188ae3b39783158fe516d677,ok
0x676720798a4b757f767824e6bca27b0b37c76baf,1,0x034a055ea3b03196ce0f760985a8306899358cdc35b2ee82704e6ab65c042383bc,0x044a055ea3b03196ce0f760985a8306899358cdc35b2ee82704e6ab65c042383bc43fd102e7a6bb1b95ad1237d99559238a3fc51f0a3804670f8ce19977dbf1d11,0x8a66bbe9fed0f792d0d8eb9cf564443da006242a75d1af8e8d02026a3b684bda,ok
0x6032e5ba25716e783fe180be4051faa4b5ec7540,1,0x0316a0e8e5d31505ada3af36b3be2700b4f96f477fbe38e3a297a4eb0b639e035d,0x0416a0e8e5d31505ada3af36b3be2700b4f96f477fbe38e3a297a4eb0b639e035d7c1d4795ef9d097ac35c8e828245edecd4e79fe0f286ccfefb9416c15dfb772d,0x0abb444badda2419d52bc5b6ee9aeff9109314520e00827fed7eef0f3e9596c3,ok
0x18c885a97ed862e7ee97e250407596d3d64a8fb3,1,0x02c1fc02dc83c84d246eaf7b35bb1323905e27f5219b33c860264c6ee79574385e,0x04c1fc02dc83c84d246eaf7b35bb1323905e27f5219b33c860264c6ee79574385e896ee29e05594074fcd8e32a7bc77d0f3266ef8c555d0807a0b4964ef44b387e,0x1df4aa102833ed2d25a0f0e940f871cd7ee2eefeff2a573015d4e32403fae5e7,ok
0xe96f9c859e04f18ec776529015bf71ff2e07fc1a,1,0x03958c7fde10d14af2d80d116b4e50c8ca4e8478136a50f919184c3a86a7c3c84d,0x04958c7fde10d14af2d80d116b4e50c8ca4e8478136a50f919184c3a86a7c3c84d8676aca06d1732a22e14167035032ea67b19124b24146a31c928da1383e19055,0xd1c5920a7f51c641e0834ffdf6e651ecf854f5d56025c0cd9329c6c5499a78cb,ok
0x55a512e0eeea0f1b0fce923305f5bdbf019bc892,1,0x029012dad1ef6d5f736b21ff0a888cc924cd0993bff38d879912f2ed8487998542,0x049012dad1ef6d5f736b21ff0a888cc924cd0993bff38d879912f2ed848799854208d0ba743331ef0a806c04ab6a6e1b2cca3a320d004de2ac1b6fed8e7abb2714,0x685fedf27fa15bee26bc5448815d014bffffdf78259e89a3e8a6359a1fc5ecb4,ok
0x0e680165cad88d316c4f5d2f236fb53877b25368,1,0x02b52f9146fffdb6b5529b2641b9735b7fd23e906b20746f171aeb3bda48657474,0x04b52f9146fffdb6b5529b2641b9735b7fd23e906b20746f171aeb3bda48657474a495af9d583ac84b456fe26c260bece8a0e66a775b7d7d6aa6cfd62a38243966,0x806fcc2d0aa97881b8968f18c4a18859d8e868605c7c822dacfe3f10c3f0d7e5,ok
0x15a3ef17513ac014dfc0437f21516c3963c1045b,1,0x02c7274dfd40e272f69f2793be526c4eda53aa87fe037dc4bc7a72553213a670eb,0x04c7274dfd40e272f69f2793be526c4eda53aa87fe037dc4bc7a72553213a670ebc0671d89f99a8f320cbad4371935b1e34d85b78e031b410b549dd98f98535258,0xe6c7f4771efc34951106881928652c0c72102798d99d29c2ca660e8064ad4ca3,ok
0x216fdaee03337c0cc9f31e78e1d6f75d1d043e43,1,0x0318f78c57bfac25f2cccf2169050d7d6de508e28bdfbecc570a36648f67eb369e,0x0418f78c57bfac25f2cccf2169050d7d6de508e28bdfbecc570a36648f67eb369e182c9b8d16842c09f7a95eb2f1facae5c76482e5994e0019e6c663bce3d9ba7f,0x4980842dbc34069f36a77d52fadca836ad52dbb4598447fe7ded1825c345e194,ok
0xe14e680b384f9bb2ebde60fbf22ac3eca1da4bfa,1,0x022a462500985c483a4bd8d45c2c7150ee8e224629a72127710b0eb0938ae7252e,0x042a462500985c483a4bd8d45c2c7150ee8e224629a72127710b0eb0938ae7252e02ae2e51214d1c4ee329e822c4f720935e8a4b95e8ba679fecfca975b2413582,0x9068629616233fcb80d282c85d513538af8f8c0a0e9a80f2679603d6ffe458ae,ok
0xe6d25f1a3d8ebfcd125df938b8cd36dcf8e3c3ac,1,0x039edf39ca717017b88faf0e32d5a5e1a13cd899a449b5f1f42b2c43fc7e18bba1,0x049edf39ca717017b88faf0e32d5a5e1a13cd899a449b5f1f42b2c43fc7e18bba1113ba75fecbcbe3918349da0a9de342c478a9064ba3d671d3ab791037ef2148d,0xb19e9f73a4e220e6b8211a08bd622e0d7038b70c9d11c6745a335b72b3874070,ok
0xd2867ff490ab77ff5fa94b56f6f189193a302843,1,0x02148ee6c22d5e1adafe68c2cfba880ce31875c8bd8bb422ccae76f0f0ff7aa280,0x04148ee6c22d5e1adafe68c2cfba880ce31875c8bd8bb422ccae76f0f0ff7aa280a768e772a50897e359f4557fa6d4dc2539d709c34ba121719f7009a7034ae744,0xd07699d50289cc3650688800fa4ba274c08787facf0cd147d696f9bc57e5d065,ok
0x2d52c03abad44d12ae6f47978d608fb05e959aa9,1,0x038aa4eba86d12b628066c1246405df0984dd231089278946e7fe67711d5ed1512,0x048aa4eba86d12b628066c1246405df0984dd231089278946e7fe67711d5ed15123a549e2d513ebb3f958c76dd89f9d9340212ca2de35346cd5f0565a44247ba27,0xf1fd0e6b184ba3412c5bf0f81719adb7758957e6a51de7cf4ccc09bc85184467,ok
0x5947d06c194f4824ea5969fa3d8f2b1b2ea8664b,1,0x028840ed0ab3f736bdd0d03e7be117e7b704268024b0f56949f514f66ea6f23361,0x048840ed0ab3f736bdd0d03e7be117e7b704268024b0f56949f514f66ea6f2336139775458c4f83ac16a150d68658d721f3e594e8c260410079545527a303bc43c,0x36ae0a95d507c5e83715787399346dd197f106081b50776b68ef01e0678fd30b,ok
0x2bcd678903aff8bde4e588a1a54dc13f4775655f,1,0x02bc651a35ef59e07634faf7aefeed872f560e16064c633adde2a4bebc33094913,0x04bc651a35ef59e07634faf7aefeed872f560e16064c633adde2a4bebc33094913a59a7937400434c2b50f62982ab897af5503886dcc2612042119bb0748939746,0x093db3d997d744eaac1aa544ac0e66edf43c68dbcaf6ed88a8c980d6711161a3,ok
0x6954094e73b8d2af0d80a79cd12ac759ff355505,1,0x03c8ab0a032ae621a931337ba932dae66d57b12f244c28a10bd57b4fc78779e87f,0x04c8ab0a032ae621a931337ba932dae66d57b12f244c28a10bd57b4fc78779e87f4d3334f0b08fb418fac7759375c026170069f2cda012bda2d9f645922768efc1,0xab73f1bfdaa3331a852a8fa0031f9c3d5b08b1b183f220a2b39f535f8c530b9c,ok
0xfc9c99051639edc0bc0ba970d0900a2ff1bce3d9,1,0x02d4644a5ed65810438d8eee62d39ebbb0b46ac4dda8cc96e7e1460a6559cb06bf,0x04d4644a5ed65810438d8eee62d39ebbb0b46ac4dda8cc96e7e1460a6559cb06bf00746ae8c9fb8ca95a2d8cb80ddf528cd1f05d421be652b9b77fdd2eda6eeee6,0xf1296f75d1816a713d6838ecd5899d21423951522afc8f6eabf7639894f8410b,ok
0x8ceb8bfe0617361e4fb3210c5f92913fd77a3ea8,1,0x02bce3243349c5170559e7b8d8af4b5170b283d1f27cd5b9560b6b7b43572ae1bc,0x04bce3243349c5170559e7b8d8af4b5170b283d1f27cd5b9560b6b7b43572ae1bc45787a66a9ec2a1d0b415e6af44d91a5290a201db208d241f1a2d9c032b78420,0x220307b9f7626c6aa5012a726fa2f0301b790024333387e24a951b08b908d56b,ok
0x6e577e8d7732becb110fef5d9aeb838b15fba151,1,,,,contract
0xc4504fede422ce633a8c0a1b480b490999b858e0,1,0x020c691d3beea2a26060ec1b82c4bc124671386511b5d3e9a6cc68de421cd29f72,0x040c691d3beea2a26060ec1b82c4bc124671386511b5d3e9a6cc68de421cd29f7214cabe21aae7a6798d6141fbe1898730cd5afc0c4d0fe48cd693e6b64a446a0c,0xa9f52f6841823045d107a436866917652a8d9fe2695c1ef2395ff03540bbc8ae,ok
0x97018aaf817ab6955393f9823b000f8b7ab416fb,1,,,,contract
0xd0dacd0ff83f3591429cc1835bdd5f29fffb6706,1,0x031020f204689a1084f54af9b9a3e1d582820898c31e91612033e2ab6963d5e592,0x041020f204689a1084f54af9b9a3e1d582820898c31e91612033e2ab6963d5e59292bf6a98367cf5fa7bb03d99c7f35d7c60de67dd5d7f0b875b9b7b7e9ca8f9eb,0x3765d9d152c9f606ad6202ef69bbc20e172e158e52161a0344bdcd718039fd34,ok
0x5f4e34700c347e85bd87fd45a001fea232a3cc1f,1,0x02293f15452dd2668eceeb74baa4a9c4bbd86632afda7bde158fe7d8a8c014277c,0x04293f15452dd2668eceeb74baa4a9c4bbd86632afda7bde158fe7d8a8c014277c2df2d7a9b2193654d77a603f6f98d2d5a9154ccfc5816e8d538cc0747635cba6,0xf77f837e1686c458b3d4bb37cdd7ef41cc9463dc4a2643b6de30e19e514dea89,ok
0xc266672ab58f57c945fc5fe5cd89b2ae591c6124,1,0x02115d118ea17daf260e4fbfa1132435a8ce6a0130889f2cfa75c69b6b12578880,0x04115d118ea17daf260e4fbfa1132435a8ce6a0130889f2cfa75c69b6b12578880a2054a76a602bcf4a31669248c43cbb08dd471b304b29a24802534199d7d738e,0x172495a90e77ff61ce2510f54225301d0131095df304dd58c8089ceb60335757,ok
0x9ae60f36bf1b651780c1299545e3f8efedbfde50,1,0x02a157f5870fa3a5f426e92e2da7cbeb74d1329f4938e7e7d31865d91002c1c77b,0x04a157f5870fa3a5f426e92e2da7cbeb74d1329f4938e7e7d31865d91002c1c77b3873946b938a8cf723501f8ab9e8beef7ea68c69d9fb749c028fd7cb8a1e738a,0xfeee96f55c6f37350e14bfadd6ecd21724662346f2fa68c3722c2e5f79616ac3,ok
0x3d344666bf19d31fe215bdfe1698bc2b0e6caacc,1,0x037498c8f9f1e0a421c298e9dc6da4a60c9bf1794eda6d4e874462119d9aa6bdb7,0x047498c8f9f1e0a421c298e9dc6da4a60c9bf1794eda6d4e874462119d9aa6bdb7af8949493bbeeb046bb8d32dba5825a4ad402ec22bbc12922dac2068b176e73f,0x0121f5d846f0f3d51a3cfdc7fe1d544983b3a58958964eb9bb1d3e0052c4d0a5,ok
0xb75f894d84981feb531e93e0ab44f89c838865c2,1,0x0214f479c1bc1a239d77d6fcb3616628412b60057342f88ab36e7cc14b00218f48,0x0414f479c1bc1a239d77d6fcb3616628412b60057342f88ab36e7cc14b00218f480b422155cd55291d86c3d261ce1ad11de09a8a68ad3deb0bc4a48c3f75d1fdce,0x1f28cee54e3200f8fa0bc0e96c1bda015eaa750af106e349b3569dad86807980,ok
0x3310fd13c6c55f054cc128439e1e51cd0cb16fed,1,0x022a26950c91788f6e7f553d9f711b610c8bf19debccdda1f9e3d40a53c24e9be8,0x042a26950c91788f6e7f553d9f711b610c8bf19debccdda1f9e3d40a53c24e9be809f0003daeebebc8e11d4522310c6578c09fe9fd4b60c84b53d337dfb5fe9358,0x1473a350431ae7d12921c059fb2e878034f6fa6dd3ff901738d7e10e8dc42bb4,ok
0x020aa4e8ccd4029023126d8411facb6c694f2072,1,0x0375f020143f2164c66b0ffe85fa7324bcf5b2088ebe4d71710052484a47b9776a,0x0475f020143f2164c66b0ffe85fa7324bcf5b2088ebe4d71710052484a47b9776a4d1e825882438e60e6fbd8a5ee3406f8a62ec6c2cf52e45f80b3853742fb9dc3,0xaf917c6686e9e85b157ce4f7d09dd59d963b1f615b1e51311062fd7f07a0cf7b,ok
0x7b239b4a8006267eb2e8b5e6154dec943b1471ff,1,0x032c71051186ca26bf75be8fe75d6f9f5034dabbd46d5e3527903a4ce893fd47af,0x042c71051186ca26bf75be8fe75d6f9f5034dabbd46d5e3527903a4ce893fd47afaa2a355bd91b402308d454ea34eacb22c83ec78e785932424a0237325826fb2b,0x006288df3a8bb7f79e97d99fd5d6a17205569ec2f979ff29dfa8cb5ad6fad4b4,ok
0x3ab108f7888b2288896604f7d43cab6ab51f6a59,1,0x03e63e4f6203332b0616dde2e1eaa18b6af17b0cd9453556db39281b4821196103,0x04e63e4f6203332b0616dde2e1eaa18b6af17b0cd9453556db39281b4821196103fe3070085cab14c24db184eaf65905d730f6c342028b990ad2492c79328a09f3,0x0d586f899abe8a3abbf02d287ca63a4308e19dcffcf050562fdf12a61ddec22e,ok
0xeee7f5bd43a30c7e3f66eab557899b6f79e9d7cf,1,0x0366f2aba65b361345f2c87ff4428ddc6d484dca5b7965a8a7a10a26229e466e45,0x0466f2aba65b361345f2c87ff4428ddc6d484dca5b7965a8a7a10a26229e466e45f00d9baa4ca0892d5a85e18184339ff083c93f3936e61315230a694ebb1bc179,0x1e8070da2d8c2b83eb9c8d4b426fde7aa2ec7dee16dfdefe664d47f307f08892,ok
0x24869af22b49b1f215cef6b91ca2e8b12bd9f24d,1,0x03a821c87a64d0448e3410151fb4342afb1b56df8a9fd3640ae87ea6e262d836e6,0x04a821c87a64d0448e3410151fb4342afb1b56df8a9fd3640ae87ea6e262d836e6faba4af421f89008734c3090be5bc52345dbc9651f07d7257bf3b050d2ffa3f9,0x924e1ef27b9efce3c73a63691c110be556826068ee0ee1dbc40337ea0987e95a,ok
0x705de9f57ca331a4f0a504dd3cf0afc1ed3577f9,1,0x03bab9b69d99b56d878438116b06ab07aa30e6f48d07b1af0cd5253055e24a13da,0x04bab9b69d99b56d878438116b06ab07aa30e6f48d07b1af0cd5253055e24a13da702ba8d1a92c0dc8e39a15e0293695f71c3c8a56912d853beffe7ffb60bb4dfb,0x7a745f61abc94c3b2908668e5ebba9c30ab2a1b291124c900faaa63d1f61778a,ok
0xca2833adf0af206c29cccfb0036599d744294152,1,0x036e65e5a4688e329cb1b13646a2d50643a95a59feec31f19657bcdceef707b949,0x046e65e5a4688e329cb1b13646a2d50643a95a59feec31f19657bcdceef707b9498dafbb8af04e183886b59857c958f479a8264a2203040196e6dbe39143a01e7d,0x210d1ba185559eee85369d6b520f361b2515e42e4e508c43e2436b88f2cdf836,ok
0x42f29af2c3e1d633109f7fe5b142535505519108,1,0x03b07f5569e43410739408738573a233926cf2b69093b3962d4f6ce1c34e6c6875,0x04b07f5569e43410739408738573a233926cf2b69093b3962d4f6ce1c34e6c6875bd2ebaa96ecc4a3ab73d56514d85a3d6a721aa6e94e8898b55c2ba23b9a242b5,0x704575e570737c2eaa449fb6d068fb3c6cf040313919d0c6e6524d2ba6206eb5,ok
0xd74c8fc7adc896a49cca0042eb835f9b42e71583,1,0x03af1db5093ab111b7172da0574ef00ae5c7752d4bcc516d5281ffe020b03bfa6a,0x04af1db5093ab111b7172da0574ef00ae5c7752d4bcc516d5281ffe020b03bfa6a86d9690062d6b21bd1f901499ea49be5cde0ac2e5a5017c3b3c21082a2a09b2b,0x786d771029df9429b4d8314e5e78237f124c336255b1624886d9660c82ec2914,ok
0xeccb404d455f30a7e702af78ea73341a7730fe26,1,0x034c695b52f5768b170493381cd57ce935e23579736af779715325de928c7423ac,0x044c695b52f5768b170493381cd57ce935e23579736af779715325de928c7423ac72f695f0b6016ea611e1af529df61224da228cf966d43f7715ecfb76dac3c451,0xad45986b78466c372913b2ee485dd555e7ad053d636b3c2b15da706d7d070b84,ok
0x46db872790dfa5d498eca16ed53bef17800610c4,1,0x030bcc091da136cb2385465af6a806c954a2031d7fc6c117447f659cda337c1d76,0x040bcc091da136cb2385465af6a806c954a2031d7fc6c117447f659cda337c1d766792bb5c25cf33bd3f76b5aff7673ceabb0a58bca339682fa43d1261180945f9,0x8edfab962c56afc0aa5f3f4df6e11334e613deee841272d3e10844cdf9406660,ok
0xa24390a0c9738da099758e8788f9b63f2417cb17,1,0x0334ee951532d95d95a942537520717638211a1ca09bb3bf9b5e3f86716f5b9f58,0x0434ee951532d95d95a942537520717638211a1ca09bb3bf9b5e3f86716f5b9f5858507593c3b1285e1b0e410d40f2ab83423c1bf607e304e6b875f02084af2e89,0xeac1cc3bfac3063e5217e85ecca1e39d3c691bfb77e77899ed01570d9dbd3164,ok
0x3755d3a6648a08f09bc65d40daf177bddc5206c0,1,0x02ba1c3563b2d009dcc24883d8ac4bd776a298ca1f82ff0b7bc4e9ba09deacceb8,0x04ba1c3563b2d009dcc24883d8ac4bd776a298ca1f82ff0b7bc4e9ba09deacceb8383ed0e2b91019f47487b0fb0caab61f7e5474a43c21835b8bc94d45c4428a2c,0xafbcc6120754b6f14fcd1f4d2a3f1a50d070987c831fb780687e615f7051129e,ok
0x7661a49faa45ede933d81a950033c7b751ab886c,1,0x034a5ded3f7d7b4e292a144bddf49c0b3832a1f35466b501dec4985f5271624567,0x044a5ded3f7d7b4e292a144bddf49c0b3832a1f35466b501dec4985f5271624567b71827cec62ffba6c7481bc57fcee584adf1e82a15e2b155865f3c32d0a52ff7,0x8dc76a3a3a08ba46e2e78c7fc4d97930a786d0ff2685419714f6a2b2541ac30f,ok
0x6e3b09954150665aeb1e5572eb47e7156cc2dfdc,1,0x028d97f3e1ab94a5278ca5cade45c74607b56a1def876f617159730d869dd1e46e,0x048d97f3e1ab94a5278ca5cade45c74607b56a1def876f617159730d869dd1e46e847d428a2acc98b6f21c72159bea2ef5571a472667fe97b8d400eb8edea9d90e,0x83cc5e28d01b6977d5c20e1dd309bcbcb0d7f4a6a0bdfb14b92668177dd474aa,ok
0xf84aed1f7196ff67e2dc284e9a3b6f5eb128a725,1,0x02cd0a0b8b9411e9a54faad20fe6cf08d8b79097ed3d4d68ea9f00e472442714a5,0x04cd0a0b8b9411e9a54faad20fe6cf08d8b79097ed3d4d68ea9f00e472442714a5d4ca672180493b32b5f52b7418d5dae9f5898214aa6502bfe0deac4f70a4dd94,0x90d8d847d9e3669ddf26dcc98c42b2882909b839b237097c6da10af9c3573616,ok
0x8e09db734a6b5831daff28da010ed2f6c09761cc,1,0x03ef005e25d397502f3d67e7b0da07a00a733cebc2b87424226cb8c5a72dbce939,0x04ef005e25d397502f3d67e7b0da07a00a733cebc2b87424226cb8c5a72dbce939bfd78f0f63ad48160e42267bc37e668db27caaeeeff0a06e83d5a35ce898f1ff,0x028dd8f9318a2a2043f4abfdfc2f8d3f934fbc91b5c0c214154b17544c33def7,ok
0x3aee1e609ec063fe5bc0a36478dfcfdc210e5462,1,0x039bbeb9882e42d0bd4cc83de0cf5a3f92cecab2b8f114e14067aa132f3bdb0127,0x049bbeb9882e42d0bd4cc83de0cf5a3f92cecab2b8f114e14067aa132f3bdb0127d9637bc544ee5df6b252219ad80ef41217f12341f974a22e144006220bd1866f,0x9e2230a1840bacd2eb61f46704458c86e6843b021a78681efb28fefe9a2f331e,ok
0xb4647935daf725d8ec140b7fe6055811bbed7aae,1,0x02464ee50b1f96156a515b0c7d39ba3b6a5446d8d455fb49cc3094489bc5ff03f9,0x04464ee50b1f96156a515b0c7d39ba3b6a5446d8d455fb49cc3094489bc5ff03f99a74513c259ebc809527732a840a79c0d0bf18c1f6f0e64d62b8732b8ed6ffd8,0xe8c70f4c66f6b98de49640fa8e04f9abbb8a9e8494ea46d0344bf48c25a997d3,ok
0xa71af61633645d9a38c9600104e025b427b1f501,1,0x02a9b0deb8c3ce55738029da9171e1e88a869ab37300334097f88f12837823044d,0x04a9b0deb8c3ce55738029da9171e1e88a869ab37300334097f88f12837823044de6140e22577e6d1bc08b1e00bc5cc77a0751230b2987f86604b32ce7efabc756,0xdb99634c4a894cbdbdc7f9e62f32965181dc20707ea4b969c3bd675c3e237043,ok
0xe91d403037926005c7fd8c88cb557f501ab6768d,1,0x03577ae9bbe1691ed6c9fb517009128d5ca58311886965f4ccda5b84b69cfdabce,0x04577ae9bbe1691ed6c9fb517009128d5ca58311886965f4ccda5b84b69cfdabce9a056a087594b73797aa52b2cf1e98a85ee943c83a420be5a66a10531c8f1511,0xeab6403f14f66bb6bd761da7e38897408bdb7e9ec8a270a7d236e7b05f9964e6,ok
0xf3f90970ce22995435b5c945d9543ebcca545e04,1,0x0376e99fab14b269772342ab4a96159e8ed12cf5e9f0786b17878213c2fc6000ab,0x0476e99fab14b269772342ab4a96159e8ed12cf5e9f0786b17878213c2fc6000aba30a935eefb7de37b5fceae6ec2ef724f21a325029b6ff9976602d43b6fa3e1d,0x90231143f4b88e9dd174767549ec725cd87c759ab59a5a242babfe959176729a,ok
0xcf12016820f8cec3ae0ca2147275296f4663b787,1,0x022ec2edadbbe140e53a42ac426ff7ae59c09621caa82e17b804bf06d2e9a10a7c,0x042ec2edadbbe140e53a42ac426ff7ae59c09621caa82e17b804bf06d2e9a10a7c95d5eb0cc064ad62c33e12294510c49b7ebe5750ececd6d96a2d0d138c61a800,0x207ec0bc59f33dea11cb26774b69aeb8cc2711245c9eb3b3f58bd3434edbd00d,ok
0xfb9f3c42297dbb04b5c48c5123de9077ef034da1,1,0x033422699a05ad489e3a78ed32f660e580976586a2200811ba54d7e24924099dcf,0x043422699a05ad489e3a78ed32f660e580976586a2200811ba54d7e24924099dcf64669cb541e726c894309d4f9d85867ebc66f1563fd83c67f5703433adf11081,0x2c9e2fd37174251a45b9b41b477c717f030fbfb612f14d1c663889488614a4a2,ok
0x5b89630ea5240c2e5c99b49a7d30a5a26907d7d5,1,0x02e332a63103c82d43d213461915d924b10b8604575d2d4366985d792ea3330964,0x04e332a63103c82d43d213461915d924b10b8604575d2d4366985d792ea3330964024abdbf6c67b5f141d65b688a90e6b014f4b4f717ee190e00525abb536f9696,0x1fe23f275846e55b499f8273f64cde3940d76306a62f0043870eac004cbe4929,ok
0xb8e2a78c92ea117ec02db91b6ad594c5cb1a841f,1,0x02eb22603b86c63a011cb53d590714868dc9ce5d97e45a03cdf3b3333004774dc6,0x04eb22603b86c63a011cb53d590714868dc9ce5d97e45a03cdf3b3333004774dc640499dfe6cfe6f9df95bae958431733fd9bccece996ded6eee448f3a86f8d9b2,0xa7f231e0a59c7827d60a68a1f36e22669b353769a4c2ad9905132aa2906c8c78,ok
0xed8d9743a0e1b8ba3c8a248b7526cbc0ff0ec5d2,1,0x03af5e3d3895d410b0a563f0613f8419d313ec01f6e81edea820d67f6ab1992890,0x04af5e3d3895d410b0a563f0613f8419d313ec01f6e81edea820d67f6ab19928907746c345a883ddf3a4822859a15d8f20c40b2a178faefaf83d26bd8e6c9afb55,0xa794ccb4b2803a0e8f21f549e15f9f37a533b7429e47020140ed32c1bea3049a,ok
0x698baab6cfca1d50ba793d06bcb3e121cd1d03de,1,,,,contract
0x5e9d0563259b9729ccc164b7cf18e05b4f0b9b70,1,0x0245e53c4f15d00ef3094b1473b704627b3c4f1abfc0d00350e1f640239214a2c6,0x0445e53c4f15d00ef3094b1473b704627b3c4f1abfc0d00350e1f640239214a2c6c4f5573c7fce61b8354a44bf305b35b74a97e8434d126cfadddff28d6506d776,0x471d9147b3dc08fa7be7c95bd585717eb7febc1caebb2c5fe4bff43329c06651,ok
0x1cdc356847000393ea277aaac72b40fc5d555bb8,1,0x028f9476cdc96bec5bf23223623a195eae2ef7b55761ac33d340ba32e4320f91e8,0x048f9476cdc96bec5bf23223623a195eae2ef7b55761ac33d340ba32e4320f91e84d4b14dff3cb7178bc78eacae2675a9c23b8abf44d232ac587737da7d2800c80,0xe4aab3b39f3ce0d281ebe42a7a73c4d369e01196c016aab18fba28128c4984b5,ok
0x9dea9bd813b279c994a88b9e98f3eba026700994,1,0x03f7fa4db39afcf99753a82d00c1f049b83d167cda4963fb44d4d392236cc0eccf,0x04f7fa4db39afcf99753a82d00c1f049b83d167cda4963fb44d4d392236cc0eccf3a7cb8a9bdfa83db88c95c8aa624798251cad6e76c451adee016cb7fa5c4e385,0xb13df818415c0513ce74f41e696cfd31a1c632e74397a5970247193c7a993f0a,ok
0x151540b68653515b430b26b0a4bbdaa9eea7fc7e,1,0x034484409631860a3440579962c61d498c6095b82841d8213463700c47fcab322f,0x044484409631860a3440579962c61d498c6095b82841d8213463700c47fcab322f30b99ccef40592b45bd533fac2a84f0cdea2c13d37392912ac11ab17ba763051,0x6a19e3c13686c1386016f86f04dc5ab239fc638185ea92019f37c3dea366c5a7,ok
0x8e10794fadad7b0d14c0c6364b4cb76ad954e127,1,0x039a4b7a280d0682c6837d90e29d757063c21777d4fda097b7cb2739363c679514,0x049a4b7a280d0682c6837d90e29d757063c21777d4fda097b7cb2739363c67951495222358884c9b23d3529cf8374b121111adea8ab9eeaf6aaa3f88c00ecebd6f,0x9cbcb001a2a3598217768707207d5d50d2ae75ace67a193b99766ee162eda0db,ok
0x451072d6371994a0380482af47b6a66c66010efb,1,0x020d5175dea8b95382eaf19a130bc57b88192ef2dec4f1ad51b959009a11c09556,0x040d5175dea8b95382eaf19a130bc57b88192ef2dec4f1ad51b959009a11c0955657b944b5de6c62cdef423a74083ad80ba2c7ba02aadcf911ed5744aa92409346,0x5fb23c62616e7a12540472be0c70f481435ddcfb77b812a36acf6326f9ef568f,ok
0xa40d625fa65ea444fc1fdf3c2231b4b38df5190c,1,,,,contract
0x0bc32716130362bef4e0020c701df67168bfd044,1,0x03cf4ee0221104761ee2a4961d100d57957c204c6e04dd17f0a22b704891e99cc9,0x04cf4ee0221104761ee2a4961d100d57957c204c6e04dd17f0a22b704891e99cc98ed0675e8273b07e1c3e0373c5431302cb3902caebf36bde9bd54a566256f299,0x1096b14a5b3952091f0acf859a12d364a7f0f3fece77c389a0cee7648838e118,ok
0xd2be5a61b4f54052e2689e34ae000b1a4a8a5762,1,0x0262c5cf251d3c355ce8d558c2c4f86ee343cc584f94b72b5e26ef66e13d83e976,0x0462c5cf251d3c355ce8d558c2c4f86ee343cc584f94b72b5e26ef66e13d83e976c6dd6e639b00fa8516b91573f0c5e3666627341ec595e7e146229fd93914f644,0x53afd10c72fc8726fb9e24ca219628bf1f550630b46b1c53458be9070d3ff90a,ok
0xe4212ba9186d01f275648cabedc9a4edc29a48b9,1,0x020b4327300de1969d6f88146f5238cc08abf228b396ac4b151903bfd97a5e1252,0x040b4327300de1969d6f88146f5238cc08abf228b396ac4b151903bfd97a5e12521f9585c1b37f923cffbfd64baca1c249f91891b5be9a367d03596de195b80956,0xf5acd5d9a9ad3210f98f5af0332dd0dbf6b45a5b9890e05a2a7b49d55dbe2e24,ok
0xf54831be404c9299734faf163a2c6cfaeb47dccf,1,0x039cab76486dae724e7e9fc03a7a18ee60672ef55693329a09cb4f16e38c0823d0,0x049cab76486dae724e7e9fc03a7a18ee60672ef55693329a09cb4f16e38c0823d0e8b54af5f4d3609749a879c94b90a8c1377a8bbb0ca8f2f949b6d695b099eed9,0x1c401348e1c4bdf8ed7615f5c58716ab49be3e9133c0dbdd90635b1dbc446aa7,ok
0xc4b0dc090e87345151d1e486b5b8eb49ae4fff2f,1,0x03d3d70deff820a4e934162fb6b0b154d4d62f11474c5ae89bffc1dd0c62dee6f4,0x04d3d70deff820a4e934162fb6b0b154d4d62f11474c5ae89bffc1dd0c62dee6f4b983261dda773c9befc460ec430651b567fc0b6a06c49bc446546f98137923ad,0xb93925d22a47796846da3cd585f59753a27f2e194bcbf5cc5cd763293f2c1c80,ok
0x985e115c2d330523a256fe5e20ba3366755176e8,1,0x036681216c94cbda878b7e61b3c580fa6a7a1d6aafe18d3b6b706ec6f1977e1487,0x046681216c94cbda878b7e61b3c580fa6a7a1d6aafe18d3b6b706ec6f1977e1487ac24e8f6d7fc61fb1fcbeb78fe549ce6ea59f006ed47887869994da805fe49cd,0xd0e3408056c7832a0c00cbcf49d70810f67f6f0985862be200b262b637c11c28,ok
0x3cf3fd7587902a47974db66df866afb28eaab250,1,0x03f605d835b50a7bf5426d21a1edb77b5b5adc19a944d988d5ee2d2772d1464d9d,0x04f605d835b50a7bf5426d21a1edb77b5b5adc19a944d988d5ee2d2772d1464d9df3e648908f213103f844c344717bf80c8c37476ed9ed7885924f747e4ec50985,0x001e9dda95d4a00ae46921f36065f3463c15ef84817bf92002b0bab5f7c1942e,ok
0x985fd1a51d1157233b15d1a8dfbf177bb129561a,1,0x0211e41de3e7a2116cc8719a07da88ef5a3429098a68f3c4f3cb2a94a6399f6062,0x0411e41de3e7a2116cc8719a07da88ef5a3429098a68f3c4f3cb2a94a6399f606201555aa5fef345fe32cd951f2d2fac9418de7b5ecdda34e81fcbb22f13e8786c,0x29e6ff3065031692b8045d3fed8ee47eb5a1afb96e4e0b5d2cfe38bf2120b365,ok
0x2badb6c3d91e04fc587a67a8dcafbbf685707c27,1,0x03caaf7af47c2a262c61887aafa94168a29bf9d3b26da8ae6320fd0988b7e7193e,0x04caaf7af47c2a262c61887aafa94168a29bf9d3b26da8ae6320fd0988b7e7193e0cf79fd891d1f4db3618ed897dfc7538979e37048cfa9484f4cc266b8f40cb55,0xd531c5e6310cf4e54cbef4be625fca8bd5256675c3032e35d9e12ea2865c390e,ok
0x2cbd929112f8e7301b9a1d1d380767b4bda673bc,1,0x0316a12f18ac29737fa34031f839d06604712e2b06ea2484335c892f25d9ef5cb2,0x0416a12f18ac29737fa34031f839d06604712e2b06ea2484335c892f25d9ef5cb2aef35ee1f82014461455151ca73b753f20d4a79f1737cd39cb7c6ce7011f9287,0x063e7c911d33cdbab6d5ca2dd3b13dfd57b3341f4d2699b59a545cf50a5a3c89,ok
0x2633e2642e83fcae6f0cbc0d186baf5da221bad1,1,0x02efb22a5444d9e5318b6f06b911b01cbfd4fd3e700fea93b5782b60b396af0602,0x04efb22a5444d9e5318b6f06b911b01cbfd4fd3e700fea93b5782b60b396af0602ea0f6ab74b6118e25ebb1b927bf90ed34d325a94923d2a83eb53ed4afca7c31c,0x316d36bb9f1479efaa8be9b313d529b9e2f3ae61eb5176fa4186a16aad62d585,ok
0x208720ec87d8248e79aec62cf899d59461aad152,1,0x0336350440c288999a7266321171ba5770040ec8fb02e5aaff2cafe9d01b760b44,0x0436350440c288999a7266321171ba5770040ec8fb02e5aaff2cafe9d01b760b445130fbc4252dee92ddb517a495a5bd0801b77149b18be4116009822b4e70b0ab,0x6e73069cdf5231b9a5eb18463bb0cffe461bffcc3192f6e32dd71b09e6faf031,ok
0x5497438086afa78df0bc5d63025b774c495320e0,1,0x02d21890de94eafda5761f86215054c6648644336725d7928d0ca5798cb1e949b3,0x04d21890de94eafda5761f86215054c6648644336725d7928d0ca5798cb1e949b3e5aa1081da1e33b9a546c271fa306c9df52402ceabe066cdcb819ca10aec587a,0x11cabe8a2480672fad1434d80d403c0b37b9ac5f3ab415a63f7d3a343dedf0e4,ok
0x1fe8719578ecf64de1783ef405cca4ee9e69b4c2,1,0x034387ed52bf5b9e289a02948bf831810a7dd2193d81b6f0d24487d1296d2fbcae,0x044387ed52bf5b9e289a02948bf831810a7dd2193d81b6f0d24487d1296d2fbcaecd16f25175fd72d3b842f62902891c1f6ea150cab2ffaaaf7c60d40439549baf,0x2df00c84eb9fdac2f62bd0c41dedf8caca96b7843ae96ba4085c3e73fdd83964,ok
0xe697332520570ddd8b007bcaa5eeac059fc226a5,1,0x031ce0d029be1e21ea28b012d2a8c795d442027bab25cbefb90868a02733b38386,0x041ce0d029be1e21ea28b012d2a8c795d442027bab25cbefb90868a02733b3838618d22d9a5a057f1ca04ba7f7b2b8378c8d321b372fa5cb768f72b99328496635,0x6c17c0a13ca39f47be659e30092c7e0757042531b7e5b8cc6462149306a75556,ok
0x10ba0596c39236075da8256ba9e170825bcd173c,1,,,,contract
0x60c74a30786c0880aae69d4133b344a7dc0bd124,1,0x0225f5b8ecaffbb53e6e824d69dbf545169f81324470c643cb71ccb75c04a53145,0x0425f5b8ecaffbb53e6e824d69dbf545169f81324470c643cb71ccb75c04a53145268be0244a4791a702083d51a6dbe6b06d38729f20eab2099f223ba330a1af68,0x8a61f9ec8d2b9599400165fa5e3e4aa5488362420423d2d4185a4687308c9533,ok
0x3dc26b2faeb5f237475b98944668b7bb2f16e61c,1,0x02e0ba5babe5eb7ecc58bb4e78413903398f60303cebf68510c6128438d50f94ef,0x04e0ba5babe5eb7ecc58bb4e78413903398f60303cebf68510c6128438d50f94efce08213dd914694dcb7291a261e631702f5179eee59a532d5fa4915dd3fa5d68,0x31407843ea11dac4bd6a3f17ed82dc8d9ac833390174c9540567d7199a267b80,ok
0xc3628b2fba16d3e532ebd2d6fe6587a433498038,1,0x023fed79dfba2d626323888d4325e6dd829d2d8897b502d7d6363671ee52d98782,0x043fed79dfba2d626323888d4325e6dd829d2d8897b502d7d6363671ee52d98782d0e2483ee0c5fe083aaa262dd51e3a623599d27a3aeece2205026a8dd2ff4ed0,0xaa9dd3e8200d0164c1df148b0d72ff9b561a624a1cd5949178dbc4615ffd245a,ok
0x2a29bceb20ad728737adcaee07964eb7020c02e1,1,0x0374cd8fb89d6fae4a5a4b699526ce4d4cf308a652544fb081a285699bf181fdf4,0x0474cd8fb89d6fae4a5a4b699526ce4d4cf308a652544fb081a285699bf181fdf45e3d48b376f6e49c74d205ab4befec13c854d98808f1668a16a84b21219975d5,0x8c53c516b7ce2151611ce252dca7a3e78217c6c07ebb990b7be7d2006497900f,ok
0x59ae3b805f57ca430af2425a700bf41b92147065,1,0x03d74be2c036ad8e381df2ff6ff78a06e40e571d5096074241bdc4a73c93d61250,0x04d74be2c036ad8e381df2ff6ff78a06e40e571d5096074241bdc4a73c93d6125099a566f9a79d48598c7b39d9856851dea6c29df4046e970dad8a55805f095fa1,0xd6c7e341e0932464a15d54f0572cc8ee135435e9fd9bfc432eb33eb562fc2766,ok
0xbbc4702d4706f7e5f74a94cf6f35f5a134abb2c0,1,0x036dbd9e73ece19552ea561274781f33d1199be8c1aabfdd7b12bb558e9e0f1e22,0x046dbd9e73ece19552ea561274781f33d1199be8c1aabfdd7b12bb558e9e0f1e22c50b62c9db9a6b4baa82033483cbc308267123ef7614e10a8e5a6c04d4b0ac25,0xdb6cfea96b5176d5b17bbf87627a5f350bc8c25e7b39c1249959597cebe9b28e,ok
0x835a50b67bd89a4e9e81420e9a15e1e3770d1f68,1,0x03abac497581ebc90a1fdae9668bfb2a65354fa48592f4c128e97f002b0cf29285,0x04abac497581ebc90a1fdae9668bfb2a65354fa48592f4c128e97f002b0cf29285716849c26668a39e4da8bf2b79a9ab148c0051ce6db1a09028284cc73b9660e3,0x98e121ae26fa87a7c1db390ca250fb437af3761f8dd68c343c31aa14dae50e58,ok
0xa982ba5645a1b04c256ece852cb87ca742612ca4,1,0x034fd01def83bab4878acb612cca04f3b2dd5f6577d3032afefa4ff6704d91985e,0x044fd01def83bab4878acb612cca04f3b2dd5f6577d3032afefa4ff6704d91985e4a8d03d25eb7ff7c2f8f42cc0a25aa949507cb4925181431bf02a939c3924e5f,0x5db4179fe23224abd35141ab2dfeaef15a0d8f425915ad77676753ca7a0eb0bb,ok
0x88ba103bd36357842b2967247fd6dc188fb2ae5d,1,0x032a1925f32b69df28d166ad6d72f1c2bbad51f53e0473662112dbf6fa29e58e56,0x042a1925f32b69df28d166ad6d72f1c2bbad51f53e0473662112dbf6fa29e58e56836c3e304d87a7c66fee117fdb87d0c639e9c47744eaeb561b3a9d412bcc185b,0x104b4c5d1204293b715022b872e8e283f778d8f17a17937612a790fc3058db74,ok
0x07c20c4549db12cd27854d0cc21f1c34712d6301,1,0x03a0e7d2c6819c6680b06c3d2b9e91b08d7b5d14592e5df3b77e76f0b855f2580f,0x04a0e7d2c6819c6680b06c3d2b9e91b08d7b5d14592e5df3b77e76f0b855f2580ffcbd5497a87c0e2bab4073b42d93b19ae3397d89af185c2cd8d4e5811ddf378f,0x59802fb01105d33906d4fa76fc8d4b2e976d491415d436f45a2ab921ada009b0,ok
0xaefbdcb1ee491a34b75b829cf7d3a016b2fa5d24,1,0x0386bdef22da330ff444e994e64151418f09dba33f57ef31c3ce8093663234cbcc,0x0486bdef22da330ff444e994e64151418f09dba33f57ef31c3ce8093663234cbccdf5a4eb25acf3c19ea693fea26e9c7ab293c14761436556803562e24e05e2dad,0xd39840f28b4f838de35a52800558ddf436246c1a84d1ebc4928d5feb9bda7f87,ok
0x2d1d925f7144a3dd56913eb4bbd011b52dc2a2f3,1,0x024244babc0c75f6c2bb804997a9569354cd20939f7dd15317ac694cd023f3258c,0x044244babc0c75f6c2bb804997a9569354cd20939f7dd15317ac694cd023f3258c0909ac063952a6f8c09e566ea215887fd5503ea9edf6397098cf9875197181a0,0x7c160f1b96ab75a21f1a227a17821a248ef6298a2015daed3b1b0333e7954295,ok
0xe9bbbfc3cadeff00b56056ab0f567efe8955a211,1,0x033b49d12ed009c9236157f4093c9d0f3be07f660489b949c122bcc113aaee41cb,0x043b49d12ed009c9236157f4093c9d0f3be07f660489b949c122bcc113aaee41cb21b8a0aa7d6faae5ac8dbe57587df037bc4c2de7230ffd3da65c72aef3d1b765,0x766fb777c2988264b1a120d9187888209369cfff45fb7ca647a972a7b28329f9,ok
0x879b79585e43ba6619341678531fe1f634bffb84,1,0x02db57e8032e1c4c0f1e49d95fd43720ab31c58b8b30cf2add8c3094768f1ec9c6,0x04db57e8032e1c4c0f1e49d95fd43720ab31c58b8b30cf2add8c3094768f1ec9c6d625d31fdf0eb145e1c0c01a535df77451817f4d41ff6a5dcc3a13eba7a962b2,0x8eb1b7d57025259f05dec8a8cedf0a7b4ffc595f4dfeaf00dc32a5145195fceb,ok
0x792a4a7917b5675ce3f4f1c1aac33946d4a6de34,1,0x02f8c072ef7f2820a3644a2018755d43e07f3ddb838f2e29a622a060aa32fb43dd,0x04f8c072ef7f2820a3644a2018755d43e07f3ddb838f2e29a622a060aa32fb43ddbf34f1f75095ea3baa5a7212dcfa34ef8973d7cf05ad5b3b3a4c8b770403e662,0xef5320c23d8b5b2dcab86d6f508e6e7610b6193853ddac9cfe7dc3f8e1be3508,ok
0xeae9a24b6160f7b8ef048ff23d81ac7af54508d7,1,0x0241ebdab06dcb1761045f84a6a60e3afbc273ec59d8a1a68da8fff26df427cd33,0x0441ebdab06dcb1761045f84a6a60e3afbc273ec59d8a1a68da8fff26df427cd3330b30a7561a3963590a36d3c84ecbd1c00b000ca30088722485990160aeecd38,0x1c8fcc8ce3bfd8103c3e1541f9179657b7e65b1b3a2b906b328940e4f2983c91,ok
0x1547e6d848e3a2f9f5550478e9b8ad676abd3a48,1,0x030a7e16cc1bcea35cc76336ae48ac7066a60fc206c25683219e8b7f44cea09675,0x040a7e16cc1bcea35cc76336ae48ac7066a60fc206c25683219e8b7f44cea09675b5f6b392ae4e8623b53ebfe34a0e4659e8968f6469b9b8346996273dec0c3233,0x467c343b40e8f35c768518623e242a80eb8871dec2c2ce04f8e3bf4604d697f4,ok
0x96e19f44a285504a361c309a35320f69b3236735,1,0x020bd472c02d9538198cb200930ec0ff192c9efbf6de8e0fcb0e8c0a593ff5a778,0x040bd472c02d9538198cb200930ec0ff192c9efbf6de8e0fcb0e8c0a593ff5a77869fcc9a420d022cd1d9803a00da0cbb75cdd2a8928238265609dc9ebd6326be0,0x1b5a019229b17246f854fd27e4c06c7c1c482a5f9932f40fd093a8fa6e71b391,ok
0x3de94c2ed08ab3e0e8d3abb4e1638c3134693d42,1,0x0268c2bb5410fdc4d47105d083aa8b38b4a81bd14d921188dde185139f080c9194,0x0468c2bb5410fdc4d47105d083aa8b38b4a81bd14d921188dde185139f080c9194b282a058109654898d4cd51a22e6671f7be9845ffa6ef1d19f00fff24de7730a,0x400c234bfa2c9d74ca0cc5a081a87acff7f82744810cba5b80619a7666d2021b,ok
0x3bd4d5751c532b0d2764e2c4cf14827687650662,1,0x02884a044741e9b246e7e722290faf113abd8080adf790a7769c26541f9da03153,0x04884a044741e9b246e7e722290faf113abd8080adf790a7769c26541f9da031535b86c50f67048a25b0c90f82753650ea5aa6b4930dbb308ff69697178dd28e18,0xc0c2f6006744c938dea0e6a8ce9b8a04285e99adaf2d9b6dc64a1c8292835c37,ok
0x050ad1a0e437f9f5109a01de8c1db9aba6453acb,1,0x02438a3ee16136eeb70c618ad0c352fcce76510098ddc574a037f170fb9fcfdfa6,0x04438a3ee16136eeb70c618ad0c352fcce76510098ddc574a037f170fb9fcfdfa67be9f8ecdcf5f9a051dfa0d9334557ec31bc63a5900a20ac27c3d6bf69aaeeb0,0x16c2565f0abbb8a6c918cdd982aefb4d47af747060b19811b4ecf3be19e27c24,ok
0x36a48a88c634e1cd4d853f74f928b4cdc73ed012,1,0x0364d58895f03af41d5eb623b1c5a6f495d33b5356acf646d0dfea76ad27e1dac4,0x0464d58895f03af41d5eb623b1c5a6f495d33b5356acf646d0dfea76ad27e1dac43421bcbc5f6e3448fcf3a6fc91726d9a6f8de1c68cdbb790cfcc1e87eae08ca9,0x4517cb4523e1489972214ab8f7e255704f68285159e3911785709fca39ba07bc,ok
0x1b904e19727a4c61abc29eaa7690dcc5d2bc9426,1,0x02e23b55670c516d9c775f9c261d328ff58b77ce4fc82537978e841f35cb8c54fc,0x04e23b55670c516d9c775f9c261d328ff58b77ce4fc82537978e841f35cb8c54fc4fcdd5414e3ed1a625ad5285d6300bbe1bbb02d0a6a6d87912a29f554d9038ba,0xc49dfdf22a5ef474059522843611dab05152f46ec9837a2048dde14b8d98dfe4,ok
0xc33b818daca6267bfb9e285160628147f94bd579,1,0x03be108a310dd2ffd78b6d0166d9ed4df87846e5b2888058df67770567b6d8586d,0x04be108a310dd2ffd78b6d0166d9ed4df87846e5b2888058df67770567b6d8586d5c38ee6995032a2d03ca5d0eb415ec64e7e30727cda345695485855a401316db,0xe48d8c7fb30f8ace8d15fdd4b519c7d0289fd1028ac74866c566c19e1fbaa3ab,ok
0x1d81d25bd703cbf0aa19f23e745f589a40ce44a5,1,0x0273d072d904462943cd143d661040650f87fe6b73697df0ba84c02d19da58d41e,0x0473d072d904462943cd143d661040650f87fe6b73697df0ba84c02d19da58d41e9055323ef05a240abd16530c4e6bf6173b92cd3593ace935cad80e57859fe5a6,0x31a315fd7bafe26064ec716f8d9d795ea2bc73617eb436ca87b1a5a6fdd7c680,ok
0x1f0ade833ce3f241076198f0a1bd8d86e7b3dab7,1,0x02f81848fda32f881296a636da2a37ac720b2f1e1f7f43539d30c841b3b33b31c6,0x04f81848fda32f881296a636da2a37ac720b2f1e1f7f43539d30c841b3b33b31c6036d8e644367a35f26b3d9d7dfcdec6ae7a51ca9612203942a1111853821eb0a,0xeb0b5807557b6a1386daa235d656368225bbf05e48d3abe145efbb394dccbca8,ok
0xc9178eca897b8cf2573648eaa8ed9c954f5f1f28,1,0x028456a3757ddb192195c8b65f0cb67a401d0ea13b7e9f222cc47aa65b9ca77e45,0x048456a3757ddb192195c8b65f0cb67a401d0ea13b7e9f222cc47aa65b9ca77e4571e9c0a9e3bec12ae293c7470d738ba4302bfe54de469b39ef3d9f5f76509318,0x420c4eb75f8ee63db7bb88c9067b74f643b69ff9b7abb08e8a1f209488f16e26,ok
0xce0b1613f0ef06b5c69dd3a8dff6319f9a009149,1,0x037975f2bf96840904d8b6a7e1c9abdb485fb623fc791fd84517a6f7c1183eb057,0x047975f2bf96840904d8b6a7e1c9abdb485fb623fc791fd84517a6f7c1183eb05721171542193e0f82e55da4bae8c14538cfe0fd9f6d5a1320fe23ce6b7fd69d13,0x4c6cacb73cbeb53a4752e075b95c6538ef317bd7e9d0e497bb9fb8f1a438aca4,ok
0xaedd058ffd53e6447c388ce2dfc070133ecbefad,1,0x034af947ca5e6bdbb3edfa94e87fd2da6cae794d94e092dc119283ee41d56452ec,0x044af947ca5e6bdbb3edfa94e87fd2da6cae794d94e092dc119283ee41d56452ec2b418d1b1011dd3bae53e562c344ee72f26778223312910f5bbed6055f3af941,0xf787f11ffeceae0f68d531e51551c4c321142b26e19a9f3bce3e0c2974d11cb7,ok
0x39d763077f1058c3eec01c9a7b7493b07c807dc9,1,,,,contract
0x8b590d618d64cb730a5e5b9d91912ec70a2ebf0b,1,0x03f906ebd833218521dc3941ebb746b2aa4ae78d5c50e119e566f4abac1a75edd9,0x04f906ebd833218521dc3941ebb746b2aa4ae78d5c50e119e566f4abac1a75edd9f274b026ab371a930e485656d99b84b849afc36a26ad8ff44c7289ebf9215201,0x33a06ff61a7690ff1e4475eaff92ee98385834c4306bfae4deb14c85688e77ed,ok
0x0fd6158f72893c432f422c68759c93ad31f9f34f,1,0x02d275d1ab842c0519cade77d0d76061f0bda44795120f6f979397be1acceeae0b,0x04d275d1ab842c0519cade77d0d76061f0bda44795120f6f979397be1acceeae0b920efe960ce075a61877f2d9f5bcb054220d3a5ca278b260cca0e4891dedd708,0x4d490e10e28770c051b67b4b5093fd14dd032fe73c61251f7246b1c90e264c2f,ok
0x4b202c0fda7197af32949366909823b4468155f0,1,0x026906562e78bcdb7ae6d1ee6092a14250a20d91c50113d413565a53e32cf7e271,0x046906562e78bcdb7ae6d1ee6092a14250a20d91c50113d413565a53e32cf7e271e05652a9f0015f20bede411eb68126ea2d6c48759a0ae16679e0cf04bd262b92,0x3886ca551cbae8cf2baa86a0e0c807f3b07ef3a5ed4c43c531948ec2837a96d9,ok
0xfa76609191dfa5520c1118dcc3772862d5a9375b,1,0x0210bcefc47ea65593be69207688874112c18156f29ec53bf659e641f08b18c95d,0x0410bcefc47ea65593be69207688874112c18156f29ec53bf659e641f08b18c95d215ee47104c084dc6fa35c538bdd5d4775b645b2342631dfeb9266f42e9373a0,0xf9ae01c68a5873cd99fdd5cc7cf6175dac649abd4322fb7868d242ffd7a89649,ok
0x4076e09a8c6d5fbe11f49b1f84da0cafccdcbe2e,1,0x03a231484c0d139d78128813780db8d5ebc17b53126d8c9aea0e2369960e814050,0x04a231484c0d139d78128813780db8d5ebc17b53126d8c9aea0e2369960e814050df6f00ff68f53bff8449f48b7d4877e7f08bbc819f79587c0acd55fc6e57be29,0x613b63548eb001bea402d77ba6758857e573145fb774afe25c8a5453d1db8aee,ok
0xace51898a06ec18b684f8be3d61cafd8a65ed8a3,1,0x024b1a964801fe99cfd44c0e3f5db8567bd325095ce43d350d183add790fba12ff,0x044b1a964801fe99cfd44c0e3f5db8567bd325095ce43d350d183add790fba12ff60a0612749ef588cb7e7041a80f710abb8e444527dc551ee0d8b9404b722e954,0x5102b3bcc66e3c12ffeabcce64cc96998cd3c1d6deb403d4e1aaec22d5e0ad0c,ok
0xe5afe4ecc2a793586148c829e6b1dc56d5c36863,1,0x036bfa338d03045b34ca1487dec25fd815780cef1818e2d6ad171fa6b91b72587d,0x046bfa338d03045b34ca1487dec25fd815780cef1818e2d6ad171fa6b91b72587de179cbc94f8b28b72d4b236f883e533e16521ac08f4b3489966f7efed9ec38cd,0x5c8b0b1a0d2c71539f8bd4a32ecd16a00f4d16f1c97a00eff4410522941680b1,ok
0x3e7ddaec7fd6a8a266172031eee8d5bf7e62a5e4,1,,,,contract
0xd7fc0ce723aefe15251efe82215dcf54e5513f88,1,0x0322aacd79fe34bd717fe637f158849f081773d2894373420e41765e3a390d777f,0x0422aacd79fe34bd717fe637f158849f081773d2894373420e41765e3a390d777fd3298b6070831ec542bbec63d40a1b9d3fa59d71e620fe6067436f647415bb49,0x77d505693a659185b9bf6dfc166db5969692aa58a6b4b19cadae47b50c494deb,ok
0x311497d9f8dfe5f2543ca8f57b69ca7d3ebdc7c3,1,0x03b5795e8bb7acbd72f5628858829ce90af0ca42d289cee9d1e4b5743fd5e91568,0x04b5795e8bb7acbd72f5628858829ce90af0ca42d289cee9d1e4b5743fd5e91568ac3c3a7a433ba54123e4beb964e6619c0320131ed0b783eb53f2ec7fb1648b4f,0xcf26608d4af859e5cce83b94fbb77e48ecce4cc9ff82bda7a4c079e87205595b,ok
0x1cc83eed60db6328d79a24030312f4122fb1b55c,1,0x02221470ef2b76a0b1d58916d447ed75dc0a502e3f05fee42ba5d0b0eef71f867f,0x04221470ef2b76a0b1d58916d447ed75dc0a502e3f05fee42ba5d0b0eef71f867f940ed77268509d9e414eeb2edc859c0d7dc9acc66e13fa21247151dd9fc28c00,0x75d10e97aadd7b0c214e9f8d5be6a936a3b19d0063ee1308adf5a1fed9ecf6c1,ok
0x2fad8adbc659e5599f5b7929abdbb75a80335923,1,0x03c9bccebe0c6c605779ac99e62485e4cec2d43f109024077dc200bfb7ee1b1355,0x04c9bccebe0c6c605779ac99e62485e4cec2d43f109024077dc200bfb7ee1b1355b0e6bf66e0bf40130bd78c05d2eee2b6c2b47aece18009dbad89c22a6354456d,0x5f6aea792472637730d62fad2019968829484793826d9a51666dbda038d7dcc8,ok
0xf19688ca8b5be7a180550b4012b5c3c74d6cd0bb,1,,,,contract
0xd8235a49411de4f8d784b5d9366067a654790b3f,1,0x0213e056bf4e3b0c7a79ae1c9ed5f5dc569dcb671d16650218958d46d22beae745,0x0413e056bf4e3b0c7a79ae1c9ed5f5dc569dcb671d16650218958d46d22beae74562ad007eb4e7defe984b1e7156221223c457b6137ace00860bdd173328a1815c,0x64ed664e1e4b8a6308d2d96e475d2de89e625124351f6d6441e265634de70f18,ok
0xd2cbdb33db8c48e28349e6b3b086b34e50d42f09,1,0x02f2767352c4999b6d7a309fbd2cdb5927fc8b984e547238c06fe1fff7c580fc4f,0x04f2767352c4999b6d7a309fbd2cdb5927fc8b984e547238c06fe1fff7c580fc4fa437139fac448a5fe04e2d55ce60821c92aa4b704e205cfe353b54fe6fca50a6,0x83e630e46d964a989d3128186445c76fd13343077e0b57d359b452728e04bc0e,ok
0xd66f1d179c246bdd3bd4c8fa456176c56031e249,1,0x03edfeb6907dac5281a6dea62bb8085ce248afb08d63c37ea486e602e6fd10f01c,0x04edfeb6907dac5281a6dea62bb8085ce248afb08d63c37ea486e602e6fd10f01c6446783b72639f59e646d08fa2f3c57215b6114db55d026472025bff5dc44ca7,0xe3d90628a8c5a3acd16e8e37670cda1a8fb2fef3b618b08ea678c456f96c5b16,ok
0xab541dad9636abacefbf0cee06663b343ab1f218,1,0x02df9391919854bc290a11c435b7d968b2e5e51c5795028d1e61ef544326b4580b,0x04df9391919854bc290a11c435b7d968b2e5e51c5795028d1e61ef544326b4580bd7494710d659dfb2812cf1acc9f0732aebeaa094ae4fcc93ae768c23715d4806,0x89f72b0c9a0d752f633099cafba6fbd5b7a092c08628374cd5ceeaa6be325d79,ok
0xcacac9682b34a79d5995b38ca8741cc0ffae373c,1,0x02c70e15d5741846dc798694fc446a07754cd6adf634df5d38969a0b5a170ce882,0x04c70e15d5741846dc798694fc446a07754cd6adf634df5d38969a0b5a170ce88207eea8db1dd03dfaa492ea6637c6cb121298707467d5a8c511ceccd25ecfe266,0x6289647f62962c7d276847398fbab99696b697bc345f2c8fb3b0755b3d84a419,ok
0x4289a4382fe66fb99ab498f5b79d2c0c99456c02,1,0x03940f4ef5c2ed884bd52a0cf9ae1bdbdf28ec28229e9cbb269bc2bd9fe0335216,0x04940f4ef5c2ed884bd52a0cf9ae1bdbdf28ec28229e9cbb269bc2bd9fe03352162b4f03ec6968a88f9696a4cc9427e3b6bd70bd9a3fb6fe2aebf5edb0ec8f1855,0x437ad8130ad9bf8401b3a2e906ba64f952e3b528fd9101e6ce77a0b9506664f7,ok
0xf36b6b30253ed4b6b5441309743563baccb159e2,1,0x027938e29833cc2984dce92b9594d710da25168bc17d22830d0f6b9a1d4ee46cdf,0x047938e29833cc2984dce92b9594d710da25168bc17d22830d0f6b9a1d4ee46cdf05756b42f5a19724339102876b3003622cba85f74b1be1d62a188ae223c5e3ca,0x7e42fb6deb16cb245b86f54fc708a41b7581e9f5f743c7bd87a8bcc5ed8013e8,ok
0xcc0f88f3de6130eafad9ba2bdaed9188d9d22590,1,0x032202fe7e30d968e7495de72065399ddab45d8c6ebddc254eb4e9e06142fa4809,0x042202fe7e30d968e7495de72065399ddab45d8c6ebddc254eb4e9e06142fa48097bf97787f97c9a38b5275fc884a48745f27f3d0cc12117395d79a6fc9ed75807,0xea3767810603b4972cea692eebbef95fc87f15b2d8606071cdbc6313f49ad9a6,ok
0xbffade145d1238a3ada4b06936c07b01c0931ca9,1,0x02ddca3623019f7dff77db095833abd97e5d1fabf2dc3ee84793445c0c6d5d446b,0x04ddca3623019f7dff77db095833abd97e5d1fabf2dc3ee84793445c0c6d5d446b8203d2e3102a31f879aaec4de471b8451408cbac4f9e2e666d208fafe40e29fc,0x9f3d6cd8d71f2c272785d5525556b171875205739520fb5178eb7f12f19ede43,ok
0x3b43f8766f2491d671034169bd32297ff2635475,1,0x030fe9bc54645aca892c422c15572b7bb62e4291baf5f9bf1ce7e5decb77883b2b,0x040fe9bc54645aca892c422c15572b7bb62e4291baf5f9bf1ce7e5decb77883b2bdc81ac51b38e7c5d86ad5e98e5416e4c53ff03ed85c01538bfb2655855045ac3,0x5a8e79e9f6bd3fff83eb8aa75d077c2197539914ed28128f41235996156eac14,ok
0x16b972fbc569a1998e0f3d69d0084baa4f04c5d1,1,0x02e5f395e8c54b79dd2124d11b8ca16c1a36019988d15ea8a7b970772aea45be37,0x04e5f395e8c54b79dd2124d11b8ca16c1a36019988d15ea8a7b970772aea45be374a5319c7297094ec904e4da1d93a4192d818e426bbeaead9a604020b90b6c080,0x5ec1a587b892a342890f93f4532b9b59bbb563fdf62b7b781fffaa6fd979b163,ok
0xffeac47a0c12efc09835d7b9640606dd1e24c308,1,0x033eaa789e3d90e38db12a4331bf321c2d1119b1271038180f9e657225f1a84517,0x043eaa789e3d90e38db12a4331bf321c2d1119b1271038180f9e657225f1a845175c77d31ef0eff1cbb02868cb16a3d691e3de4b351cba9fbc567006b2c1650c2f,0x2d1cb8de2dcae3f770b6a7824a89e7480b9a30d39d00a112e54104b01272244e,ok
0x66d3d42490b3053e3a6d29013d21dd0291b49a7b,1,0x03bf3bf5d1dc387fb562729b968cebf0fae81a14b312ca9361e8ef76afb2278f9c,0x04bf3bf5d1dc387fb562729b968cebf0fae81a14b312ca9361e8ef76afb2278f9cd518f4658607f00a1faf275b4b9acdf0a420b664729aaad45c0ce921dbbcc32b,0x62c40d177aef0ea9ffc9885759760430d6059001c02fbaa7e7aad0b9e2ab1689,ok
0xfbff5c07faee5ac9ef9465c88aa95aa405876aa6,1,0x027cc264703645ad5e9b7f9400b0ad22ca9adf4381754604cbed70f1db147608d4,0x047cc264703645ad5e9b7f9400b0ad22ca9adf4381754604cbed70f1db147608d4aa081c5ec9cec8e4a2354fb30090a1e441468272fb986e447e0039666c01f784,0xc977d1782754e3fef84df0b1ff8120eff6e4dd20958c92294a23944cb4edb132,ok
0x077490ea44ead91c83d019b96cb9792ec04175cf,1,0x0393535110b2d8450ecda675e4a672e763111b814a312d43bff375ab9b8f3414d8,0x0493535110b2d8450ecda675e4a672e763111b814a312d43bff375ab9b8f3414d8aab0e105d5df002f324c4d62990affbe841b111046a23edb575b7543f1af2df9,0xb4af9714faa95f7cea17369d38b3782227ba77a1b8336f3e56a2d9c6243b677f,ok
0x6cad070b4bf4439ab572a49b6724ad7d93b2eee4,1,0x02251cc17e9b782ec584da52e839d93dae5ba78042bc5e7f693f1127835e2db373,0x04251cc17e9b782ec584da52e839d93dae5ba78042bc5e7f693f1127835e2db3739f71b3462033e1ddc3c9486180b7a76ebf92c809381511932578c3c153126e9c,0x3d8246e520aef62c6c1b26fcad8f11b95b7826f894d83f7be319bd8c3f69adee,ok
0xa6fa33116fbe7770cb4c98f1654391e579274086,1,0x02129758728e2209eae2114909be54a8ee7eea9b08c021acf7168075c84e9a075e,0x04129758728e2209eae2114909be54a8ee7eea9b08c021acf7168075c84e9a075eb93758881b3fb032f6f606b0605eade99f9b7c26e94c865bb26de7855e52b174,0x25d9e92abc7841551d3f791004fbfb7325b00779c3b3c2661153d43869b936d3,ok
0xa06dc3c83bac5ed7babadfc017cc6f602d7cd5e3,1,0x0370548eaa0591152a3e2caae7626c7d6b7c15744215139dbc9bb7176670432409,0x0470548eaa0591152a3e2caae7626c7d6b7c15744215139dbc9bb7176670432409b80fb4dd5b2a9491569a9e12162514b593dcc72837ac53e9754b2cbff3bcfb91,0x097d6d69d8aa34379b16c89705c882a485c287780d0e1543fc89c5f0cdaae544,ok
0x068ad7922e4920e19b93b89df63cb213741541c0,1,0x03c756ad3a374fbbb13666a7d8adf09051946e61e70f1768ae9cb1499f3aad3782,0x04c756ad3a374fbbb13666a7d8adf09051946e61e70f1768ae9cb1499f3aad3782f5b3648996b658e560537e5f45c3cd6b2480ccff657345faffd6880aac67933d,0xb23892b6be70ea6f6aff3dafa2c53bd125813297ffde5fc418291ee5ce427472,ok
0x23e74170290d823cf458c48931d87316758076ea,1,0x023f2cbc40b4dc73f8cf3928bea172758e798f3acab90b3e8b3df47300a6494419,0x043f2cbc40b4dc73f8cf3928bea172758e798f3acab90b3e8b3df47300a64944197910b4e3298b3d39153751d87309020d76524ddb55ecda55e4e34e3800ad904a,0x5ce8d7e8922f12d26128cb070fa9b4d612b4ab4201389e755f57d104770677a5,ok
0x253edaba628ab0ca4aade2affbbc0b51d68d380d,1,0x0248de5847c986e55623e66ecf854993f2e77b966b2392bb1ada4ee7964758d852,0x0448de5847c986e55623e66ecf854993f2e77b966b2392bb1ada4ee7964758d852ff97e0de3c944cb6e8034b8729b31a977d92d3cbb936bb6a7f1efa574e1d8b50,0xd12c95e6f8f09673731e0815501e28b71c64d9e390f40270a59509e059693aa5,ok
0xf369f0eddce98fcce125897c118490b111c4fef6,1,0x03f317a66e08e49588686f71e711795c51b5913044e82f3be55e8016c529264b09,0x04f317a66e08e49588686f71e711795c51b5913044e82f3be55e8016c529264b093acbc883fb567c2cd37c435fdb6703c7cb1a34155e9f1a553b490be17326e2a5,0x21cf3b665f09849fd167a1bb71cb86498e7e785c25fc9de8eb1adb0f1605b12c,ok
0x8d1657225d05b93d8163a3e016c2ec666b02d135,1,0x02c50ffd497258a7ba3d248abdca4a28489b6d10baedd64aba6de723a886ef35f6,0x04c50ffd497258a7ba3d248abdca4a28489b6d10baedd64aba6de723a886ef35f620a538c760db0ff99f28b9888d99db849d80a078dfb5aa03934b57561a041658,0xa44d5f2b0f76df3d27172d16b111f540998fdb78eff5292d0f7ca5637494db1f,ok
0x0e2529219d5618f2893fc49daad4c8c23218f368,1,0x0239321b63ecc118843350d18ec626b731f9dd23c7057b2c5b47032e122199853d,0x0439321b63ecc118843350d18ec626b731f9dd23c7057b2c5b47032e122199853d4873af3bfec11fff32931dd13fa4e1dd8979595d4c8f33abad05c528604d4300,0xefe0adc32f5f05af5f96be4642a1efa10bae4b7531f20f92878c8d7bc9d3305e,ok
0x472327c23032d6ef154d40d45dc4e988f033a09c,1,0x03b1cf47c556d8f5ad5e029855e6f9529fa2754907556a830748f3d82422e86da8,0x04b1cf47c556d8f5ad5e029855e6f9529fa2754907556a830748f3d82422e86da8e69f8232a45b6b5c7b02a6cf0ad6bf4bb37cd96854580a059be2d344668b32d7,0x9e040185504ea356fe1476d6ece1211d40897b9d83400c48adb7ccdd37d153ca,ok
0xa0fe83611d0971801fadd7c149a3743b3e78dfb2,1,0x03945f9ea477525a254317325353edde201dee891ffcfe6dce2238fec89b06f70e,0x04945f9ea477525a254317325353edde201dee891ffcfe6dce2238fec89b06f70e587e17715413adb685189ccc827855add923c05656e78096166931d7e333526b,0xa74c6a8426b9cae0bb3321aed07fd0673e44c766140675e321dc0aff520643e6,ok
0xca8958a3341dacacf62986d095b75c7291b1a1fb,1,0x03071a5e031caa42ce66a58e07d51d9eee51cb5242d3a6c9cd8adbb270b2b60d64,0x04071a5e031caa42ce66a58e07d51d9eee51cb5242d3a6c9cd8adbb270b2b60d6452a08a7b12d5dc7650b459344ce086e61e5b6f74ef910aada23afd50363f5aa9,0x2ac2ec3085425faf1809be67fc6dca10700b8325800531aa57eab5ccb12f0c04,ok
0xad525af12095cba6ded8298824911d98f2629b5a,1,0x038f7a060cf472224bef882e52d16f8231ee0217adfe201779d0bb0f6586384d5f,0x048f7a060cf472224bef882e52d16f8231ee0217adfe201779d0bb0f6586384d5fdfcf4a66dc3753a9bac4b12c07c802837f196637f2f72c12c5160eb4c7792093,0xaa3e6d59d7e920f1500299b42486e24f4d8eec507663f6a5f2949b0e4a2da268,ok
0xd2ae26c75ba0d3081d98a67c8d3b93e5cdd22cc1,1,0x035f5db8257f650538d2e7850a2e85471b269f497a5562e2eb61bbb4b6ec8c930e,0x045f5db8257f650538d2e7850a2e85471b269f497a5562e2eb61bbb4b6ec8c930e53b88363400e5d8ca5e698a2736627a02ca616f4ffc0611d97d015497315d69f,0x5c974709dd35f07c56b577d52de0d0b27b597a7e23333cb9e7c3ed4b70ce38ef,ok
0xbdf72b8962be29893fa8603d38c0767d875759e2,1,0x025048e41982035097a9d94bb339bac99e9882114c71d332ff20323f47d80f8051,0x045048e41982035097a9d94bb339bac99e9882114c71d332ff20323f47d80f80519b0f88076ffea34c9554164450be39d92b5f529825a8ceec58f159f96113da52,0xdf070118657946d0d017ad960a26e3fba987e676cf6126f3b0da55efd7e4ed69,ok
0x6fbcd42ccba43119e8f6135d974d86495a4c3ccf,1,,,,never-sent
0xdb3f489b1c5550dd01e15afc8b2e182cbad110c9,1,0x0224d98108b4b84f401587e9888c21194c16823ecb41052ef11c24c6d81c91da7a,0x0424d98108b4b84f401587e9888c21194c16823ecb41052ef11c24c6d81c91da7ac4fc0a11865128ca9f69f572cd06153366ea2193a0f39afdf1ce8ba98ae33962,0x2457a46a18348b5c2e6a3c9d4107adec44c6ce90f90557f982253b09d33be9ff,ok
0x5890b2c50a997f47aa682e670ff3a79eb16bbc29,1,,,,contract
0xca2f29b90525cdead779b2b43f3a782ca2ce639c,1,0x029664483b9f3a0dccae91a46c5cd70ac6c479055ccaab6e64a8865bf1a226af93,0x049664483b9f3a0dccae91a46c5cd70ac6c479055ccaab6e64a8865bf1a226af9391785df42c9645cd0099fb0d389711df957ae6e00ec6b60e325b498e576efa74,0x0541947cbf1b508660432bac8662d1755ff5953bcfb5692ada80cc4f6d902a9e,ok
0x3bdef0a94a627f159c919b7da9917e327dbbdc32,1,0x03ea42fce6b9e3d26b8f43eba46e9d8b4e8c6627d4b53ff8a5ec58a037ef28875a,0x04ea42fce6b9e3d26b8f43eba46e9d8b4e8c6627d4b53ff8a5ec58a037ef28875ae467f9c2f9e5ef96fb4badb12ec8767864803eea9846c429fc278ce8ac9ffb11,0x206174c43f07a4395ab4209088cbe9fb574298ed19b5f0f3d093de8afac0827f,ok
0x031768da3d46f8d311f08327f8e491ec85cc61c3,1,0x029eb2fae01cf2920bd5f4b9bb823bc418e6d0571869fd74512834d71486998da0,0x049eb2fae01cf2920bd5f4b9bb823bc418e6d0571869fd74512834d71486998da0b2912bd5b93582c47157be42cfc06c029b19c4310bf985c9200c919501897bca,0x2b8a273435218bafaa12513914c432adb88bf5369116b2c81bee7c552f45b24c,ok
0x95eb03a833a627cb0c9ba13691effd4d84641d97,1,0x02c2382ea4aa9cf81fdb69062e1606ab4015a0854479ae14b8201d35d83736f451,0x04c2382ea4aa9cf81fdb69062e1606ab4015a0854479ae14b8201d35d83736f4510d220b1833535b6e850f87d72969cc586f04bbe7488e2b8291b619059924f230,0x67bc361c862a9c48b88c680258c5440087bdc6bc9b10e230ab8ae2b120cda2e1,ok
0xdcd611e17fa6dd32f0c85d5301275a0e30babd62,1,0x03cebd184ff46f131a819836b2e0dd1fd1baa57ea5f50a88b682dec7e81258ed2e,0x04cebd184ff46f131a819836b2e0dd1fd1baa57ea5f50a88b682dec7e81258ed2e517d7e5fc4651ef642b870c6e0c30d18d0bae10a2a0b579d1258020210dfaee7,0xe2506da958c2fd7ef9078b220a4b67e0a93ea35ab06c59dd39dcfe4b23f66a41,ok
0x893053ed1645eaddd80f7e1ab8685fbef77783a9,1,0x020c64573e4b8e4c9fe914d6aab98c227632242a8be17f5cc6a192ba0f961f837f,0x040c64573e4b8e4c9fe914d6aab98c227632242a8be17f5cc6a192ba0f961f837f82407c103a9c481f2d09decca770b207618f684f164f1da26a337a52e8f20624,0xadc526a63ba5bd7c1734e99313bcf9a757416ff6b993f18426e28128f5b6a8fe,ok
0xe92e903f82343179c38be96117bfc6a16e041963,1,0x03ecc3fd2357f0e18064906772c547544108967b58b9d9aa19228d8061e0e13106,0x04ecc3fd2357f0e18064906772c547544108967b58b9d9aa19228d8061e0e13106d1dd7df06458c07e838e72f153ce1c316af17b1ed24cbfadd806f5fefe2fd23d,0x8a258a17d9901dbebb773f9c957322fded3b31d35d4df9703ad37396fad95ad1,ok
0x844c3ef08d2609d7a6a0feb034950656dbcaaa3d,1,0x035b1c904b91e3f932de1c9143396a9d6914270cbc1671d7470459ec67dccd445b,0x045b1c904b91e3f932de1c9143396a9d6914270cbc1671d7470459ec67dccd445b59bba4b24ccb82ffb37997f0724dd3a9fdcc0a122c5b3e8475d60c78b1a1603d,0x5f341c957294f652d3c87d2db75aa19c4cff3e339a37275605f2784a9af8036e,ok
0x9baeef2d1aede40aebc77ecf6a9b9638278f8018,1,0x02e9a680080aa6f965b1443aa9a34bdc9ac237cea843b69c7f9cfddec9c9cd1d79,0x04e9a680080aa6f965b1443aa9a34bdc9ac237cea843b69c7f9cfddec9c9cd1d791293ae5ef9cdbe0234ecb996ffda5628f20a1961cfdc3bd320d44a7b700d6f6a,0x7eead60608bb89b52f2a527a9f369a5c60e69e1f605b6549347414a109e03e3d,ok
0xfa704ffce8ceec91cb8ecfdb476b8cfcf8c1c67f,1,0x03e8d9ca1e2d0a707563ee3dfef48506099fba62d32a9580f88433e5c6cb727aa3,0x04e8d9ca1e2d0a707563ee3dfef48506099fba62d32a9580f88433e5c6cb727aa3abc97c1f54074784c0c7d9e5216eb2d8d4780e326f0561db087452c6af57d60b,0x019f92afdd109a1b991461c512f30870f6834a1886cf069196946c5aa25de884,ok
0xf1cf8bd13b86e518257f2b4297547c12f2a1c1e6,1,0x0358973213697263ed19b6d8c9f1d0c240154ce3073c02ee4dc43061a9e83bfdde,0x0458973213697263ed19b6d8c9f1d0c240154ce3073c02ee4dc43061a9e83bfdde382583b3a1e01f6a2043c51effcdf0eaf60d11ede66d95b19c125161b032ffa3,0x0fa6580a68e7e13393ee706d7f68ea59657d02e1e9181fdbf9ab74184361271f,ok
0x8234715875666a6150589c70384889d2d7c97d4f,1,,,,contract
0x8493f9e57c0b0e566625f37b285b2e742f0d8d0e,1,0x021bd1a46307e50bb5b8147f39ec1dc6da0d4283a71ddfff4ebd622158b995f860,0x041bd1a46307e50bb5b8147f39ec1dc6da0d4283a71ddfff4ebd622158b995f86064eab6a7c4836c836fa6af127e3eb1fa39f792a520d50fde6af240cfd29859c6,0x41e2f8010f31cda05532abdb51d18786f512437ed3d23a2f5e3f797aaf8d657b,ok
0x0da90b7fb06f550cdfd56d94c8004c8ec1091fdb,1,0x027a00629c76d5dfd0bb28e0f51498100082d52fc07f7a6e449263993e947f44d3,0x047a00629c76d5dfd0bb28e0f51498100082d52fc07f7a6e449263993e947f44d385debd8319ff7a6521e9f06d456ea0a6ace7dc935229ba315eaac2f04e65627a,0xfa626062e8909f8810d01682f1167f2259e8afde2004cfc8207cac5dd9770c39,ok
0x14f6acd430c95ee1c44003302525976506a28ce8,1,0x02428760a39eee010d53968ea2a0964aeac6c980c856f260ee97ea4679bed899ca,0x04428760a39eee010d53968ea2a0964aeac6c980c856f260ee97ea4679bed899ca9528783b6f93c7a508bca524ee61258f0b523f0c8e5ca0e8c9aecb7052afd198,0x0289fb0efb6b1ac7151d1f767c343a2d39e03eb018d85593420a8228ed6b06ce,ok
0x7b27047e046ac147b58ba409e12a2c563c5ec98b,1,0x03aac8ec4caa9f2ab82947e300bd7abc2852b779188d01fe46bd1e9bfcfc6de074,0x04aac8ec4caa9f2ab82947e300bd7abc2852b779188d01fe46bd1e9bfcfc6de074765e5b10a05401862223daa65cadf3ab40af83140145414195374dc818cd3a61,0x447404b3bb8d3a49a169caddb2fa1a1b0998290468c403ab1da8f689d5e955a8,ok
0x4281b400cf4ca43255a0f5c60d36e102cf75f5b8,1,0x037176e1ad9b8068a4e5ee8c1edccfdf640aaae7239bf224803a6cfdeb6b505e12,0x047176e1ad9b8068a4e5ee8c1edccfdf640aaae7239bf224803a6cfdeb6b505e12180d59d6efdf34d5df01c3ced4904bb799c46c9580c0c7af211b9741dc936a61,0x328bd36bf583c2b8f04fdbb72dd791888db203adb242c49199afc978965b8fa9,ok
0x45cc227d8e4e45f252cffe7f906995401b864099,1,0x03e030de7501e67dc917a028699dfb2a57f0d91727b3a5dd988b8a6a998da41bb7,0x04e030de7501e67dc917a028699dfb2a57f0d91727b3a5dd988b8a6a998da41bb777b5a58c433939e402ea66a2f20a2bce3e47d4230f8d493d0af139e8bbd9241b,0x8cc56d0ace72e9a32ebc083362ad4b9c701a88ff0cb864baf57532c4ae8e32d3,ok
0xf9d529ff678b4f4bf2935aeaf8bbdfa7a568e0c0,1,0x03093143058928fc835e248c403994f1e84248950d82981419c071f833676443c5,0x04093143058928fc835e248c403994f1e84248950d82981419c071f833676443c5d63c2053a4ada5a1f815b89d87f4e0e266822e54c3ae204f0d4a7a055904cb3d,0xf000e0adc524be2b2d258d2b4ee7bec1d9ec08992b9fb340bf6e410758cf1e7c,ok
0x470770801d09993fb2721471779d6ce26c69a6ed,1,0x0231fdafe1d34e4d12238d8c44036b1e4382b6bbf7c474ac1fea7e502c0b0f7497,0x0431fdafe1d34e4d12238d8c44036b1e4382b6bbf7c474ac1fea7e502c0b0f74976fbe0aadd2b64fccf1a0793685b34429b1621b4bfa9a25c19138732fd84c486c,0xf3e98ed55957709f98655783ef62333461ebf74079b6d630e0d7064be9c97b2b,ok
0xaf469dd2feb2a3a725eca88d1ef9857e7672d873,1,0x035e6dfd53789683f76fb9260e88f1117d62faf3692aec46f2722cf426d64b18d2,0x045e6dfd53789683f76fb9260e88f1117d62faf3692aec46f2722cf426d64b18d2ffd3e909df9eb72dd94675f1b34c0be04ffb66dcf871b631bf7ca4f32c1b5727,0x38d285d760372bec78365c18108b75195d735e122240a99bd743daa70fc211ae,ok
0x01c220fe6f1a1c12425025038862ec43a85849d5,1,0x02ee1444f9cc7281c89c326e7134aacf39b688478e9b21daba910e52c2e6c615a8,0x04ee1444f9cc7281c89c326e7134aacf39b688478e9b21daba910e52c2e6c615a80de2c44ddd080104d0060814356ba4d8495dae77e3b263226c22d697c9f387be,0x03740c3e74299fd5c3c911873b0472a9b345bbceab63fff5c3aeeefcc7c6e825,ok
0xa659b49aa4ce2a0a12a832f11d2e7f1f97d1ca21,1,0x0279a07f204c39f229914f7d0d3652c765f7079e8b95968e1beb8addd3835d39d6,0x0479a07f204c39f229914f7d0d3652c765f7079e8b95968e1beb8addd3835d39d6f0738979a1f942939f6d0bc372f2a62b477cae3ee221bc2e1198dca0398924b0,0xa5910b78e7421806f55243301bb9ca40ae1fba7760b46bbff2046379ef888120,ok
0xd35bc29b0a0e970d01c10cc4c54f1b0260d33987,1,0x028ec93d03eee3d7e93900d2ea2a7dde828f658f70cc7e0864751fafc1d42edab6,0x048ec93d03eee3d7e93900d2ea2a7dde828f658f70cc7e0864751fafc1d42edab62f475700ff5c3a243eecfa9739fa23318236da599a171ae665f593cd9762e116,0x38e60b5a0dae9df1d291ebc7b752fc046e2c9793b472054dd80a2649c7048b4d,ok
0x5dc032dfbc80547353f5f24e52e82ea185e39fd9,1,0x02b05d96222270b4b460bcd4249c99ae151be05a3afd762d05eb1de6e944900533,0x04b05d96222270b4b460bcd4249c99ae151be05a3afd762d05eb1de6e944900533d8422fbfdde2b6521549e28d07401db1942ad5902714ca46642541be9b0ade44,0xedd14ebce30e98a525b4016df7b1e85a28d67b0a4d7b597a83bd37a0d6e05b9e,ok
0xf9ccfe31722631382f9f607fe9d6c3c632b977b6,1,0x02e7418dddb1978df09d7e1dcfc79c879ba07d194a6234d0fd4b8963c46bd2a4b6,0x04e7418dddb1978df09d7e1dcfc79c879ba07d194a6234d0fd4b8963c46bd2a4b6fc1ecd5c03bbe22cf538bc17990f4baf76d2538f5938707548002607c5f03fca,0x06e8e8f8a5d64bf1642df79ac465a6204c769e8e90838f79dd2f9c7aded1a849,ok
0x00ca68e8f14c76d3eef9ec70745fcee7ca70309f,1,0x023e352ba3853144fca2a872249a25cab0bc407c7504989f0b1c6d53ed8fa4eef4,0x043e352ba3853144fca2a872249a25cab0bc407c7504989f0b1c6d53ed8fa4eef4c817162977fc06c237600707f36b30500cc6e3f6af8b5c648290be9af994779c,0xe00a09acb6ef734126ac85ad1d8ae6ef5f74d04d06ac282233723eb3c1f0b6d1,ok
0x443a9e1f52b10596e21aceb4aa89caf9c0fbce50,1,0x0305b8814aee5d3ee2d3d6bb445eab7aaf12b77958c26f6e27e151ff7ced736572,0x0405b8814aee5d3ee2d3d6bb445eab7aaf12b77958c26f6e27e151ff7ced73657212712cbc372d8d3a9025543ae38f1c4fea8dd155e0bc6ef41c502dc8fa95b369,0x99777de1afa783eac155d9f8ce512eeaa538338763f0c111e9e38c6463c607e4,ok
0x9b8b0eb6d23b9f656385680062728419126c6974,1,0x026f3d166e5aa56acb3868fc8dcde2a927529408d0a734166e07ba21cb3450e5a7,0x046f3d166e5aa56acb3868fc8dcde2a927529408d0a734166e07ba21cb3450e5a7b6a3f808107af925fd4409f9915d7c066564a2fbac6c3fd91e9cb08ea0445908,0xbbe398397b93b85d7ccbac1376c91b2fd10a7e403215d1b7f786f6cfe4f8f832,ok
0xb5df726e490bc6a17ad44ffe32966678b16596e0,1,0x03e9b7805795201112b3fdbbb1df0581d3eb79e44d701ce15b0559ecbbc94a98b7,0x04e9b7805795201112b3fdbbb1df0581d3eb79e44d701ce15b0559ecbbc94a98b76607d536d3c95f90c4e6d4b0e243de1283dc9e0d277df63a734052c9c857521f,0xa3aafe38edcd496c4045578018ee19c327f2f0dc865e0282358617a99d342483,ok
0xd0b3a905c4f44c19bbff8ae269bd1a9fa44db25d,1,0x035223a826cee67c645ae8d8bc96c3ca4a35578a846ab1066df2770551c173c67d,0x045223a826cee67c645ae8d8bc96c3ca4a35578a846ab1066df2770551c173c67d552c79ddbe352a9d9261d9acfb9b055ad2a1a9219a56b3653d7499d5183e140d,0xd84b7ec7527b86ad1ed5a292c48333382efe914af0659504a5e29b09269e23f0,ok
0xbac9e1da19ff794cf1037ec332558c7987c6c506,1,0x031356011facf3f46e2f7ea36cdda6576be0f87d2fba7076002f06d36c48419997,0x041356011facf3f46e2f7ea36cdda6576be0f87d2fba7076002f06d36c484199971c025020e95241f48e6bd0cd9b11b0ffc8e3e092267c9fdc8bec9113c19a43c5,0x090f60e4bcde5d12e7d350441deee168d57eeb8826215ade7a613844cf5121aa,ok
0x1237252eb2e495a291902f2fc6cfa16a78ee7957,1,0x0305a6dcd45f6ea764892279758447bc5e5ca5fab909855793219827dc6cc4c01f,0x0405a6dcd45f6ea764892279758447bc5e5ca5fab909855793219827dc6cc4c01f4f7bb43dc9b5f8687bda98b064218079f02ef78fb1ef07430428a11dcc000689,0x8e12d50aed7362ff3a2786c1d52595122ec0e131934fcc18ce868bfc7525decd,ok
0x74d2fe94a358b1377d5b11d4b8cc6638b2aef619,1,0x0382549185bfa54bf752240c49cf6ea95d597d7ad74898e91fd8471dc01e2065f7,0x0482549185bfa54bf752240c49cf6ea95d597d7ad74898e91fd8471dc01e2065f7ca2d98e5c6014581171f28719a193a712c876a9adea1f0f5f23db7517b12b33f,0xed2102d55828340f145beb5b2224f7df7d74b7b3635379bab60196f149478bcf,ok
0xabfdc992fce8cc151b9d133e532ed4b2454625dc,1,0x023199275b09a9bc1373a70816a452cc9feeec3bfdf5ae99c3deba4d117b37c584,0x043199275b09a9bc1373a70816a452cc9feeec3bfdf5ae99c3deba4d117b37c5842e4d0d917ef139b63fe496ef181315a065a40dee2e400134cee00fca11255af0,0xd70707090365a142c91b31a3a6f1d27a454bb3a0aa2623a6ff4d3987a8e5dcc9,ok
0xd570b406d6940ff15955a85a9a2faf18885a346f,1,0x029c1674cc5cabc7b815800f9d517c726a062ae2aadfbc963527eeb2318c1dbfaf,0x049c1674cc5cabc7b815800f9d517c726a062ae2aadfbc963527eeb2318c1dbfaf57c6aa251f51bead9908af0fa3407eae79fb661768d877569a4868e6d5aea568,0x048600e0637ecba4976f9d6493445f460db91e874f40bbd1133c246f829f4479,ok
0x50b254ebcb912bc62432dd75c7cfd96452525e2e,1,0x0314264092f52a9c16e076cc4e8d27f8a6a6724eb17961503cb6536f90b3663f1d,0x0414264092f52a9c16e076cc4e8d27f8a6a6724eb17961503cb6536f90b3663f1d30ea361999f6bf3d4d108ee35794922399cc2fd246691b3886db435a4f2e68fb,0x5a7ff3e5f336ec118aa7b1a56eebb7063e6046c2939cb59d1027c96d8171ccfb,ok
0x9c744cd5c033e0eadec033b455d054cab55c7186,1,0x02f6c52db933324ef47255894d6c8826c2f41f2fa02ca6981a482162f5ac49f7d3,0x04f6c52db933324ef47255894d6c8826c2f41f2fa02ca6981a482162f5ac49f7d3c8dc9cf66b831e1db6008ec1cd7f1a191704f002db16ae3a9e1c911749cf2234,0x3752286c0f451b54a31b20a177eb77e20ecc72edaf618d49e72fd3ac0b1b22e9,ok
0x5dca2570ddf193d7e8e12acdb5b33bc524168308,1,0x03857d53ade7c925328a832b373a9fa51ce5ca768a8ba27a27a9b4e2b34a6fedc1,0x04857d53ade7c925328a832b373a9fa51ce5ca768a8ba27a27a9b4e2b34a6fedc112aadfad4be69bd0b31a4a92917a09a1953d2b3b6a6cee8024faf0b9f7a706a1,0x484fe3c8eef9bed1179d2bb48e67a592ffe434192890dbcef1fd12a803800083,ok
0x02717eb31bf4c5bf11ffea3d5c0bdadfa3d7fe27,1,0x02f799d0b7c24c299376da17de548fe5c8d2a3e84c0e4ebd3a1f02525f29906cc3,0x04f799d0b7c24c299376da17de548fe5c8d2a3e84c0e4ebd3a1f02525f29906cc3744eae97c8647f6ff3271b0907c7b31d4f055aae6d802cd925a2832667084a28,0x89c2a4afb4ca7fd19370f4918d5e1acf84881fe3c86bad01c34d6e0d5b3fc44f,ok
0xa5c5fe86047c2fedba37da10eea3fd8223362cf4,1,0x02d35fefb847e13159afb64fa71ac0982c6191157c5eb4bdf01d89b4517f423608,0x04d35fefb847e13159afb64fa71ac0982c6191157c5eb4bdf01d89b4517f4236084d7859701aae1f131ca7f52270c1eb8b07909d6316945ec8e9bd3f4133fa93cc,0xf8b1b410d1d427501465dd5d41e4c06e9040c797c2d8aa9a80e3dbcc9ee130ec,ok
0x65dade001b104e648c134e089745534259fadcbd,1,0x036741a0b6938ec78e9e9125e42687bf4e2e0b10deac98b4013296285d54117446,0x046741a0b6938ec78e9e9125e42687bf4e2e0b10deac98b4013296285d54117446bc9d052cd339506fad96f0f047046b4bc6c8d638f8fd98e03e92dfb52286d611,0xb63a8d0d2e8b16b2348c9f26e82380c412d47631f3dd195475a7215683f6463e,ok
0x7731d522011b4ace5d812c15539321f373d0e964,1,0x03150e8aee761b8ca011c7c9a2a20552e9828ccb0d3e0402fac4c786fb02d7605e,0x04150e8aee761b8ca011c7c9a2a20552e9828ccb0d3e0402fac4c786fb02d7605e7bea316c3a27cd3dddfb6459903ee0472aa502e459e1e7922bb1c6e4f6649c43,0x64432a88c44b75f363a4fb657f8ef5f88f3b017bc18b84c7ff2f89057c5a7617,ok
0x08253216744dc47f2108eed7b81da3cb6894964f,1,0x03bdf11ad045b45d75c5cd94d288bdc50b3859603d8d13fc334a533eafc026016e,0x04bdf11ad045b45d75c5cd94d288bdc50b3859603d8d13fc334a533eafc026016e39cc4b7383df499b57e9aed5daf62c5d29b896b989e577633abe71b7dedac63f,0x606a0854977d1a4708a95489ed3caf8b658d30a4d6e079e54a5a31e06cf9172c,ok
0x030a28e965a4800f96eb1eed179edf6f34c48867,1,0x022f48bb0452b957e8d53fa826d1cd71deccbbd1e03d4e5ee79b743a64e1b46035,0x042f48bb0452b957e8d53fa826d1cd71deccbbd1e03d4e5ee79b743a64e1b4603594f8bcd54037e87ef7711560e7987dfbba951ff3a766fdb0a65bc360823d6d4e,0xe7fe32fdd482799e819af1801d46392dbd54ac93969d1e9a8750769bbb2dd5fe,ok
0x9f30a6fdfc2ac8339add94013b725a5bea78b757,1,0x0364b66c6f4dfc85542075451a206188b0ef5cc522891b6c9a990556c2459624c3,0x0464b66c6f4dfc85542075451a206188b0ef5cc522891b6c9a990556c2459624c30f197c14289cc96f38d7f34b2a02c28c331953309236b4b2c5faf7278913a303,0x593ba6ce440ac9c68c63833f00816ced19edbf034dbba675b1519e96a1614d57,ok
0xaf3907ed291fb079530ba6ceb54c5ff8de63b2a3,1,0x028e892564057f940c6fce409a6ced41a610ca94a794c8b29f480fe8ee71566d97,0x048e892564057f940c6fce409a6ced41a610ca94a794c8b29f480fe8ee71566d974d66fc7d841faf6ba6ae6769291102bf215d3779d2d96c4eae8e1786e2482220,0xf2b7d8c7ebf0229b612307334b5d6e390773dacad052de636bc619b46390ce93,ok
0x08d10290d7253b033e92c2c905c3f4ffdad8d898,1,0x024743ef67063e302adaa0eee5489b81f36759e4aae7f043f28a1e9467529664b4,0x044743ef67063e302adaa0eee5489b81f36759e4aae7f043f28a1e9467529664b47701c474915e4beebc4815be56acf60c4440070271bbb50fb6724c60bd4bff80,0x83b2b773cf619f520d660aef1a1fcb2141c2f4f0dee46da3e9e84488ec569cb1,ok
0xbb27e7bae341e8cda9987eaf8fabeeff1389132c,1,0x0371e958f982f3d1c9bb3cdc257229eb7369511cce9fc223bb661b7b969fc07a66,0x0471e958f982f3d1c9bb3cdc257229eb7369511cce9fc223bb661b7b969fc07a661b2e171d2dd47090e1ba8944a502bb1ac624ba0243e38cf1da29939de5c62b51,0x81d9c94579a0dbb2ca652cd28e397f5971de6523caecbc750f499fc60d6cd205,ok
0x1e81fc49f8eff03903f706bb631bdf01003f5d24,1,0x03cf932a4ee2801d89ded22dadaacdd601155668da1b1d30c67dd880c95147b8d1,0x04cf932a4ee2801d89ded22dadaacdd601155668da1b1d30c67dd880c95147b8d16f0b932aeb095af67bedbf3b07a45ee5029dd0207b1864d617480b6a7dab6309,0xbcd10de159668c4092b04027fa92d5b3a3b1ca3ac661e438c612ea6ca0143b51,ok
0xfab5cd15fc51874ef7208f05593b57bd0dc8d2ef,1,0x0248418ff86e9bcc84c8af743ecf75001f66bb4b24cd3d162220a3b1fb11387559,0x0448418ff86e9bcc84c8af743ecf75001f66bb4b24cd3d162220a3b1fb113875591f021344b570b4e96a3eec40098ef97b60ed9cd6cb4c9168f07e7c36261ed412,0x0b054bd5515f466841583a72208c09765cf08747be9a069e715aa2d808fd6203,ok
0xdee655a68b49420de616714d9ba97dbfad178412,1,,,,contract
0xbda1f41bfa299c16e2c1244a0bd9c1f748ff20e1,1,0x03e8d0e60e4c59ef101b702466d132bb011001ddc1c44ff458cb96943fb5a92964,0x04e8d0e60e4c59ef101b702466d132bb011001ddc1c44ff458cb96943fb5a92964d0e94d0bbca133fd3f7fc59821ebdd59db243eddaead8e525827baed4c8088d3,0x55259e98ecbbf33f971cf92ad5a2fc404d960dbc81cfe336cc37ee5063a445bc,ok
0x4a88c7e12bfc4da42f52e99cacf438d739750380,1,0x03915f2646dcd80dcd587ffdc6937b3679e74494335037ea5c23fe91a08f676cd0,0x04915f2646dcd80dcd587ffdc6937b3679e74494335037ea5c23fe91a08f676cd0998fb80b0a25ba70e179c5e6fa11304f33bff8848fbf23b591ca877f033a692f,0x2d1982366e52f54353bb2ad520d659a6b18b5544720f1f93e1ac2a79302926d0,ok
0x171bda7d058755ef6d25f3c7e1f884d01a8b6d7f,1,0x02fe53b74921db57ee0bd9d06544873adb251e82b3ecddd44efbdf8480a399e91c,0x04fe53b74921db57ee0bd9d06544873adb251e82b3ecddd44efbdf8480a399e91cccc30b837332d2690877b5ffbb1a34c677266446a4e92680614207e034c98e7a,0xd345e86056a63cb36801f9c878feb1b247b983337c1f9f95c943d4d0adf60261,ok
0x67eb508e93073d2b3be0b285ac4f2f29d93ae6bb,1,0x032638b86f2dfe499a8e6981b02895ce28e1fc49937625763f600ecfe622138400,0x042638b86f2dfe499a8e6981b02895ce28e1fc49937625763f600ecfe622138400fa71102679983c3fd209be70b15c5e31db39aac4833fdee3307c415ffd259fb5,0x6c03598b6e6c45f7d57f9c2178a44a9fd952604dd0bf96ce7deed14743e71d62,ok
0x0b093c4d5a2013ffa12d5addafcc2978cfeeded0,1,0x038b33ffc3672daa3b5eeb0b4d270b138d52266044be2178881b138216baf4b5de,0x048b33ffc3672daa3b5eeb0b4d270b138d52266044be2178881b138216baf4b5de43a3b47073e94f12ecdcfe1c57257cbaaf30858e16db386e98c1878841825cd7,0x015a9f9a5019c08fbc4da9216f7ad5f9fef1fc0b45884f890eee31ab391235b6,ok
0x4d4e0c930a9f6599cd4f39b8796d27d0355e6b42,1,0x0216f4bc85874e3a2fdbc3ed774d1972a602ac8e068a1d0b4eeb60ccff81d80d35,0x0416f4bc85874e3a2fdbc3ed774d1972a602ac8e068a1d0b4eeb60ccff81d80d351a69020b56f01e8e292f0976303d6bbd134256727fbfc57eb22059114881de0c,0x67dfdea22e3d891d5a07772152ca8d93113179ed762c247c4560cb9731c186c9,ok
0xb0739725fc91dc4403e030bf804db5807a79410f,1,0x035c42f05c4555a25b4645f83892facfae48346162f522fe48a335d1aa1650d694,0x045c42f05c4555a25b4645f83892facfae48346162f522fe48a335d1aa1650d694f57fff5fc4813c719fcf8a406f9473d7f89138a5364b7850b64b5151f7067cd7,0x8cf513947d01209852fb474048a2a5871946612bd1ee9a7393fde45a06299b5f,ok
0x158f76b84e75b32ff3f80e026d47b3411c126250,1,0x029e93333fcb17cd86f8e522d9a73968efdfe34cb9aeb436f91e732a66d92bddd5,0x049e93333fcb17cd86f8e522d9a73968efdfe34cb9aeb436f91e732a66d92bddd5ecb857bef9ef9f313da592de81f332032e4f9b333b4ded51aa6d48f7f42b99b2,0x4f23bacff6d38b483877c0d6a464b05f50cc7f4002ddd8cb2664231ec8a55e3f,ok
0x17480555ebf1d3a40341361132c18fbf88fb8aeb,1,0x0327440b5ffd263ce097ceb28c46a9e9077646775b6e0f2399987e2f71ac8912bb,0x0427440b5ffd263ce097ceb28c46a9e9077646775b6e0f2399987e2f71ac8912bb7caeeb8aefb5618123ea4240e92fd5681dcb4e7f47c0c4feea4d915890800b4b,0xb7059edc3115d541f57c726048c34329ffc69e33f165061a6b4b3a0ae824a4bf,ok
0x769ca812a7b37b075a8b7418413e2e7ed57e258c,1,0x03544c127f69b291880fe3c06c46f2daf3ed732ecc8e4eb90497549c428129f0b6,0x04544c127f69b291880fe3c06c46f2daf3ed732ecc8e4eb90497549c428129f0b6ac23be0fae02fc785de4bd0f3d529a7fe7ef941a3cc2acdfbed10cf0d4dbdbbb,0x46ffe84a2277c6db3faff94c96240a36dc7a4d5c18c5481630b596b0add5e5ef,ok
0x45ba52e0ecd8f7d91143c03f84bfc8ecdae2e9ef,1,0x022e89a1ad3ec47a2529a18b33cc3725d8baf11ef969658e1d79a684cfb98a03ce,0x042e89a1ad3ec47a2529a18b33cc3725d8baf11ef969658e1d79a684cfb98a03ce6df12e4bac0e07a4331d2f6bae4438eb7176e10cc80d46d149bc1e026fedbe64,0x66d0bbb08f8766b0ac5a3e45d7a7f771380d6f3bd09099bc33e2df1876c2b267,ok
0xd14279cbac6f797d1fe06e97d8039de9871f1a17,1,0x03fc2dda459cffc2ee3af8887159f5fb6797d619bbbd776e018e3b798c3254ca1b,0x04fc2dda459cffc2ee3af8887159f5fb6797d619bbbd776e018e3b798c3254ca1bc900ff2dd6ae62624d03c97431592c9b20baffbce0898a6544e72049629d28eb,0xcce0018cf5585bfa9abd5511022affb92fc3367e1f8c0f82a95e966c5bfb8bd2,ok
0x3404f2b4c854e16e899e4a601cfe25b53518b62d,1,0x022c7c0e6f1fb0d89f2219beea711ef71898520340338fc8e3cde986593d45d897,0x042c7c0e6f1fb0d89f2219beea711ef71898520340338fc8e3cde986593d45d897897dfeaa6f37d2ab107bcd9e15a9b43ffa0256f5c292808a8bc47b9dfbc68708,0xb504673c845ff6feb79ceb427fbfe34cad6e8d25de86b649a9d6c82b59082e28,ok
0x128ed7dc3c20404d1247a0fe59b96ca15cf031a7,1,0x036f65d2c472d6929ec2f95b5f6ba37f91805e0d6a30d11a48b6db6f403d8fb876,0x046f65d2c472d6929ec2f95b5f6ba37f91805e0d6a30d11a48b6db6f403d8fb87676571d9bcada524e363b94b6759f3ad4c1f906e7f8331ea3a121dec9a559be8b,0x6a73e6f136904845026a5b5438e54b437509f08d1273b6ec467ea36286ee7c5a,ok
0xecbd5c9c1e3ef761bbedcb9f4f08839bc8f22059,1,,,,contract
0x5d75afc6866155ac3a9a60e233f9919e99019db9,1,0x021d9cbd3fa81ad3377b1345f5c62e086918bc61ef5a88107be71885444a42afe1,0x041d9cbd3fa81ad3377b1345f5c62e086918bc61ef5a88107be71885444a42afe1fb94cecb1ee1ab8614aeccca318448608455a714002426004273754b7a365c62,0xbe675e482821404fab5ad5d764e4a6f607cc1e5b8c06b048687f47a59c80d748,ok
0xa476f2d3f7362c14b2a2c4b6b1fa7b6bd92772f9,1,0x03f7093393c171b01c78060f036d1cce611a5c6c077718b7c290a8ec3228d3b209,0x04f7093393c171b01c78060f036d1cce611a5c6c077718b7c290a8ec3228d3b2099ea185df5341b2837f3711edf74954d1827e44dd476648d6dbb5120b82938865,0x5528181e3d3c4d487f608d21f2bc0dc9bb07761f7f6f802693c4873fb764db93,ok
0x5bc53e7555ad0423be7e2d448d6e47514713c6f7,1,0x03369ee27142aa8201a17ff37d23fce70e52030744af7ead0da3654014290e956e,0x04369ee27142aa8201a17ff37d23fce70e52030744af7ead0da3654014290e956e5a58e70149b3ecc19061dedfc2a4021e63eda8cf3089c31fbf69c550e969590d,0x683d22ba26d9044c2670632100aa59d7595e1df952fbc41be826b98782a8993d,ok
0xcf1ed1beaf458bf059ebbf32f2fd144107190c88,1,,,,never-sent
0xdb6b1a3548f9ee7c75b6e6c39f42a71f13e54bfd,1,0x02f47358f87a56e8eed4e3066ab1493502d12d48ac1883f8a7106881fe2fa5c195,0x04f47358f87a56e8eed4e3066ab1493502d12d48ac1883f8a7106881fe2fa5c195cc4ba4ea907037180b2f49a8ff2783d61b193af14838ff01fe2da4f01de56330,0x54135c59a5b75a65fd397c873aa96e3f0633eaaec627f387ac0c13460e33198f,ok
0xca3077f6d6f6e21dd558a959e26ae57a0338baa6,1,0x02048949bdba2c52c67a55a8e58b0f8abb12df13ceac14f217e37061808063420c,0x04048949bdba2c52c67a55a8e58b0f8abb12df13ceac14f217e37061808063420c0d696c0bc7ca2a5a79d9e794d787ad7717be3260592f8163e5a126b00622155c,0x6801b3f418a89ac8490fdfa6b120c344a55e05842527297d0677741a6c3a2baa,ok
0xc1c23c3d8fe5bd67122235665a3843a595025669,1,,,,contract
0x0341913e6e9f73e4b38aabfeedf16f3beae87f35,1,0x03ba99ed7492a7ae22beceac316cfc63cd5b2a2b5a20c43e48c706c3b5a8c052ee,0x04ba99ed7492a7ae22beceac316cfc63cd5b2a2b5a20c43e48c706c3b5a8c052ee8ddd1ca44b831e6d4394f3a6e73252894c55e588855da577cfd0182e118b03b5,0xe5609659e275743a436491ea02a6cc5264067a073f91bca34391fd37ab8226f4,ok
0xf6ad0502085644115c5219a93b3001d8cb46abde,1,0x029cb21c9b12916ec4e32ddd81fc9534210aa1084a44da0b254bb6909db38e33d7,0x049cb21c9b12916ec4e32ddd81fc9534210aa1084a44da0b254bb6909db38e33d7414a3398667ad463d6a353348f52a62f0330012f08d79738689c033465e4df0e,0x4c9ce463997191351701a2dbd616ff010ac049452a9a68c0ccdb66f94a0d4e41,ok
0x2e12aaaf6219dc85d35999448cf8215afb1dc60f,1,0x034f020d9d7aab902ac98f949eacf725fd4cf329d1312d548ad47b75b2264c405f,0x044f020d9d7aab902ac98f949eacf725fd4cf329d1312d548ad47b75b2264c405fb82b111ac531133d51d2bc645c6a8d2dc3debcffe8afb912d5fd657363f1c0af,0xb44e1c1e418105e984a0dd0faef5296b7150e98cd3e2aa06de2abde169457508,ok
0x45f486b5d8253fec7769b25462ea134b1af0473a,1,0x027669854e1192e07b5943269f2ae5b9e2290bc797a2baddfea36307269acac76d,0x047669854e1192e07b5943269f2ae5b9e2290bc797a2baddfea36307269acac76df3fb93493a9ace3445e7a5a95e4d33b98c5bdca024e844c44257da62916c4d74,0x9f75c282ae4a373df237f925749ab15991e1ca84f75d25323e20e8c8f26d5e3f,ok
0x04c60b3b780d24c201c93ae4e9da93b4baeb8aa8,1,0x030cd31d694d164485b450bd017012b989042060349582c5a54d6efeff30ae6866,0x040cd31d694d164485b450bd017012b989042060349582c5a54d6efeff30ae68663a598224b2463c3e6258e1117cee3b620b4d372e5f3f15bd0eddc19714fd22fd,0x5c5d11d2b181b6a8fd6f6f6c3be601271738fcfdc4a3172575f8be352340a7fc,ok
0x93c9a1381a9f4b1e2e24f9c098a4649d17dc9343,1,0x030c5d69a94745137ba472db894ebb5d65743b7081d4f3fe16d121229423249425,0x040c5d69a94745137ba472db894ebb5d65743b7081d4f3fe16d121229423249425c069cea20ab2d6cb75974489f6de1ec936cd4fa66b9e280db43b2aa823db6b27,0x9b7512a91a87f07775869ca5179ebcfe3075d283dfd6162273179f8cc585b6bc,ok
0xe8af17fb5e42576163b94a8267cb322135af4871,1,0x02d9db1f647ba0e3c834b4cc6136c148640e09b7d48e58ccb14c0f616af6646909,0x04d9db1f647ba0e3c834b4cc6136c148640e09b7d48e58ccb14c0f616af664690950ca5f6afdcbbe0cf8806676310c2107d7cfcde7dd8f114fa8c831fe13134b00,0xd19456bb6d9c96d9580a31f3f1364fe9c6ce2abad5540b7e5579e532b9fc4a25,ok
0xb3e346541a0728efbb107cc01447edd36a7719aa,1,0x0278fa15c456adc5e2ed937c59b502708f95e75ed6cc9ef8d4d0d57ea8abd05aa6,0x0478fa15c456adc5e2ed937c59b502708f95e75ed6cc9ef8d4d0d57ea8abd05aa6555ddfab2b5ce78acb7ed94e23bf389ffe860beac5e41ee5a5c9a8a731f15d36,0x799a16099222704f3a7ca42657c1999110cb7c70998aa9a5bd3b368771b5af09,ok
0x6e46c3c7c56e31dd5331d121ba1695214e184b1c,1,0x020a063f0691d639239708a566afa3ddf21277b5d8aea902bbd0a0d526d4877a2f,0x040a063f0691d639239708a566afa3ddf21277b5d8aea902bbd0a0d526d4877a2f27445975c6c15de1f034fe20337280ea11eda1379bc2fd6dc32dbfa71c275b22,0x4956a1a2ba662b16079980a3a1638c884f11c431c868485ab777dea40daa762d,ok
0xfd8f2fa2da23da17ec85a5748897019979a58fe5,1,0x030d3dc038f5af3396cd880939c6b947a927ae765b5e21c207bef2bf13d903b830,0x040d3dc038f5af3396cd880939c6b947a927ae765b5e21c207bef2bf13d903b830637f711127ca5cb99cdd786276db6f2be5b8c87c1e1f07d6f73e49bd219cef1b,0xcf0f093913a9a6e93356a809004415586d788049a23fe6337ca15c133503261a,ok
0xbf229a6b50c448cd2ba1eeb1363c0e607036135e,1,,,,never-sent
0x4e46a6cbb28c197ffcf0896e930f8c5bd058d00a,1,,,,contract
0x84e7938dae0cd27b5129510cf3d084a47900a201,1,0x03bd5491f93d68bc6b9d764a6388ddea49acd6d04fc00db540afc87110bb72e47e,0x04bd5491f93d68bc6b9d764a6388ddea49acd6d04fc00db540afc87110bb72e47eb7c1635be3c6411f2ff5f2c52a93f2d88b3ac07d486eff52e500952db9587d8d,0x103a66d2ec964fc65330907f7358eba25db627e17675c87d3ce041521344a94c,ok
0x33c428fd146afb7fd828f10073932b7d144fbe00,1,0x03904dbfb6ae90051fecc58afcf4d6d1041c8b4789c46a7a98d3fd8dcedcf76ef5,0x04904dbfb6ae90051fecc58afcf4d6d1041c8b4789c46a7a98d3fd8dcedcf76ef5a9ea121ccf072ae07bd4530973125d56cb179f4aaad3b145694600bc7d92396d,0x0a34e77c43839f394000ef2cf30adb07255668d4ef4bb09a1f59c8936701cc98,ok
0xecdb7ac81ab7813e155438b6a4faabf020708ab7,1,0x0377271445a6b968c18cb8af61bb331c6cfc8a923207d20f4a9f6c10c40a18ae79,0x0477271445a6b968c18cb8af61bb331c6cfc8a923207d20f4a9f6c10c40a18ae79f73f31eeac54ae2758bf614aad3762e3095abad4fd835ee59902a6cd7a1b45c3,0xc32d3219d8bc837775fcc68586624b098d832fea873b9245320278bae8a34c02,ok
0x37c3d75cd07cebbacc78f8fc4248f58ac5613694,1,0x022ff211ec17bf3f4e00c5e2e2c0e6581619a63fd3864ffa591de2ad8285ff8089,0x042ff211ec17bf3f4e00c5e2e2c0e6581619a63fd3864ffa591de2ad8285ff80897633bde4c4deb894073b0766a01c5e7d3120b362cd836a0a8ea9c1539ede5934,0x7e9f8f4bc09cd870501bb3df94e2847b38a69797bc9a013289f13cb7b84ee274,ok
0xae19e69d592812d9c53d265e0ce4458714261dcb,1,0x03635cc624c5c23ee1d5dc8e1efcfa9d7a0f6eaf45a6ee97f99746639d8ea96b62,0x04635cc624c5c23ee1d5dc8e1efcfa9d7a0f6eaf45a6ee97f99746639d8ea96b62be988b4f6f9be674a2928efee7a566db4661b0d162fc865dbc2faaf0d348e563,0xe17efe11fed4535b546b6c1a5676dcd9724ff7769584b830c3ee12e287ee6117,ok
0xd004120379e8ca78ad94ccc8b38d54216620e601,1,0x03f7173c31dc9efec40fc404f2d52dca4b636253b61bd6d60c9d9f4a4e156af2e7,0x04f7173c31dc9efec40fc404f2d52dca4b636253b61bd6d60c9d9f4a4e156af2e7f31e88461aa650dc9779aa4ba5803fb276dfa597445e05bdc9159bd310648201,0xad0d834fc0ba1a0cbb8ca6f1ba2969c763aef8495855b0e3be4347e947f40d2f,ok
0x7fe1054939544a408a526cd335bc02bbc18c1c13,1,0x036bb66b64c8cc6ee79e3860c25c13dd7da2f33d649d3c47fc7624e7adef638950,0x046bb66b64c8cc6ee79e3860c25c13dd7da2f33d649d3c47fc7624e7adef6389505dba0adfc50b45f61e9f4d3ea7ad9ea862aa0443bf1b69e566ebf7fac4fa6f2f,0xdad6a70844f03afdd9dc4b3da05ae9e4c57dbebd5457e52d8bbe6215f31bd779,ok
0xcb3ca5abfc40539ef0d1747443ae0ad8114111a1,1,0x024927d309b6bc752be36287a1f0ecf7cfcb1b083938c8c415abf163b2a9fa3ab8,0x044927d309b6bc752be36287a1f0ecf7cfcb1b083938c8c415abf163b2a9fa3ab8de63ddf587071413e39c13114662a68484ad96efe6dcc95609de6a5ce95ff4c2,0xb8ae65db31fb3366f8051f5ddcb7e4a0b7c8f947b8c70257f5d4dadd6849385c,ok
0x12f566f4625375f1abe5dd7db050cd78ab3b8bf8,1,0x026e62d8060bcb3531859cb699222ad390474bce2b800fecf05f5483c1938f0f94,0x046e62d8060bcb3531859cb699222ad390474bce2b800fecf05f5483c1938f0f94100a871470554c38b610985ae6e597c256bd53fab1e2a490dc314cad7122ac42,0x73537c8451b7e18b0d56cac720da884d58a97553155e60f798bcc5746802d729,ok
0x5ac44a8d6ec8d45bece97f7bab43c1cad442cc61,1,0x029ac94d6ba4b8fab38cd5539f99e5d8fa849bb0324243908a044884da2addec91,0x049ac94d6ba4b8fab38cd5539f99e5d8fa849bb0324243908a044884da2addec91da56152d8b868c81246dab4027f4821ed840d69095ad530bb3750fd69eba851c,0x763d59f5079c12f8ef7985ff7a12a1e1af16fcf17919b60aa56db3f4e929166d,ok
0x2d09f1dedda7c2a0b5fc080bdf6eed5cbed268e1,1,0x025574b29119d5572f5ea10f71ff8240b82ab2cb3b4052518d7db79cddbfd61cdf,0x045574b29119d5572f5ea10f71ff8240b82ab2cb3b4052518d7db79cddbfd61cdfdcd3c38f0c5732dcdf9fd936e5d9650e334286cf09894624f19db5ae9beb3d5c,0x6d2d065fc8d15ecb7504c739f62b797a0e5a1e028781fbba64f53d45c21d246d,ok
0xfe7c604dd47481b88ca2c196810e12a0481e6888,1,0x032014aadfd5a09e4628ada041fead17446ee24250abe78c3369b66d297e73498d,0x042014aadfd5a09e4628ada041fead17446ee24250abe78c3369b66d297e73498dd3ea2254f65dfb9aee7c779f448005205f1130e1dbb9fe189fc5ba7e6648836d,0x09f791b897a8cb49145843174adce8077f5f2ece8a19d4d559ad62fd698c6df8,ok
0xf4f7013114f291d5fc8232a4b05a13d61e3ad2a8,1,0x032f345b10c73c7832488c02355f794796e26c9807032b8c30c05e4ca49c87fd62,0x042f345b10c73c7832488c02355f794796e26c9807032b8c30c05e4ca49c87fd629e395115d1e07a4ff7a84ea6c1728b7db2279a9d68ca496125a44692fecf645b,0x7f92e49619460b6281add2a767b1df6b18ec8063a1be892e955c8e01e88ed61d,ok
0x1ffbca5f34d6df8575ca55724862f8ac817f4764,1,0x02fd04d522acca027cfb5d40e6c76960f38ba0fe8534d98a4d7fedc4a7fbe8ba62,0x04fd04d522acca027cfb5d40e6c76960f38ba0fe8534d98a4d7fedc4a7fbe8ba62e90d5bfcd8ebb9f5cc4966aac59c91a7b547bebe92625cdfdb1c1c8432d801d4,0x2635c92d58ffb664460f3117b5fd2f4742ff817d24a91f2c141773ec55024325,ok
0x074bbcaa2b9fec151589c88cb670c91e98a83d7f,1,,,,contract
0x740012c10df1199eff1b3d9d036e762ea111eb61,1,0x02c2b73328c0fa8761204356072ddf01b18dd07a13f8292f12598f41f79110e81a,0x04c2b73328c0fa8761204356072ddf01b18dd07a13f8292f12598f41f79110e81a450bd255f7591bc6bd606df97d98731d83bb8428df90c65895d0836647e3730a,0xdb75182b3fb5c2950925233527dac3712bbdd6725440a795c3c9858d4b2fe442,ok
0x6b30e2e4abe285d696d12714ac143d2262e605a3,1,0x037d30c9affec2e0f7df2f360f49bb94f92090b9ef5cf073194c4eab5b60966996,0x047d30c9affec2e0f7df2f360f49bb94f92090b9ef5cf073194c4eab5b60966996dfa6f500199571182fb60e59e4beec92d142729854002b14399d25427ea4e795,0x9a1b8b1bf35632d50349b3b826ab62c4bad93555b4f2998420ab867daec73eda,ok
0xe29be5092687153832227d1a978df44e371aa20d,1,0x03f69054d84e5399c6b5bfd1098ba0cca0fbdad72053476b02ac163669424fe58a,0x04f69054d84e5399c6b5bfd1098ba0cca0fbdad72053476b02ac163669424fe58a66502cef883349f45352605cc7cf8a7fec501561804d05630670592a3fcc592f,0xf5a634bdefe8ff239d09166aa817bc593db7876a63b5da7fc378c175ff72f590,ok
0x23b4f29cba9e75054961c1aa697577e4f6395957,1,0x02101e7cab984348bba90935a0ce1acc664159a97a152f9df6bcedad37a7110900,0x04101e7cab984348bba90935a0ce1acc664159a97a152f9df6bcedad37a7110900f764a127278a5705ce415fbd8235995e3ddb63727fd4d9967602d2b69f991858,0x9274dea018afd85348f737c1f04d9659c9b9e13c18c4aa917b57a42ca8a4964c,ok
0x12a93395a17fd3d148b31a7f75d1edf64b2265fc,1,0x0282ab11eb7b96f338a24174a4172c7a4f62e2122da8c885d34274596f627c71c3,0x0482ab11eb7b96f338a24174a4172c7a4f62e2122da8c885d34274596f627c71c3dd92b210ef3274ebb1f9f3b943d15896a2e62ce243d27e8fb6f31e2922a0b860,0x1f32ebe91cb644024de52eb3e287c475b42c91fa6f2a873beed69e887435cdb1,ok
0xa6373606ecf0ee30d51a02c2507577dabe42b35e,1,0x0249868b336b5fbeec18e68fa2be6069d2029276e079377178c66687ad0f2ef966,0x0449868b336b5fbeec18e68fa2be6069d2029276e079377178c66687ad0f2ef9665f291b0f4c2cecb7bb88a4eb462f4616df7e635320540594af790c03389ca10a,0x716dadcca5b0ccced60060d2cc2e84fb0ad6900209b3144d0ecabca495c75222,ok
0x888f0598b95f7dc250b9809564406e67fccab573,1,0x02fddc95efc787daf2095c6b9534edb3d98b5f91e5ed23e3e4937e5d8bafbd239b,0x04fddc95efc787daf2095c6b9534edb3d98b5f91e5ed23e3e4937e5d8bafbd239bbc4079f68351c111cd79e1e272153f4d4eebdf12442a1c33cc789b184bd48fb6,0xfeef0f7896cba9aea8baa6e159ea154da870645321fb9b795b4c613c949fbbc8,ok
0x14090baa915885d53dc00d84cd9bc22466e3d9d7,1,0x037c7ef56645d700bb2c01587da72313bf4d34768fec63649ed15a3b9357b8cca4,0x047c7ef56645d700bb2c01587da72313bf4d34768fec63649ed15a3b9357b8cca4795e6c21126796e42f254a46640146716e30a60d3a6f4a50c43f71e2e38350cb,0x3efffc8186751646d568f8faa9f04ee3b48a722dcb679b6ddf7740b9c08c236d,ok
0x2addbf79c10de88c844b5b30e9b54ade49582e6e,1,0x0377090759a66e4c2cf273fb2114e7b5f6fbf93c11a7bf3bc4dd4c2b7b375d6639,0x0477090759a66e4c2cf273fb2114e7b5f6fbf93c11a7bf3bc4dd4c2b7b375d6639a3548aff20286e20459bdd47b92cd1f2f75ab25db5deb55a3d3e9f2e85fd0171,0xf434321700db240dacbdf1eda165d09a5e8c689d9c74c9659855ebe486f6cda1,ok
0x4ee6b1cde587a94bfea69f328671fd4255494753,1,0x03c7007f3cc976cc924edf9ad84c98e2f4bd9c56d76898db2b9762dc8cd3ca6dc6,0x04c7007f3cc976cc924edf9ad84c98e2f4bd9c56d76898db2b9762dc8cd3ca6dc67ef9fa132d9520d5dc41edcae6b879f0d54e022acaf684a3e6936a18042bfda7,0x8b56bbac1e3e3c3bc36f836f8ce9befffe6e8f3867b14ac896657df59352f0fb,ok
0x6eef0204e2df238cabf1120b274b04d3e4570229,1,0x030080149cbc4e2173aa3aec2c0fc86759b4633fb84bfdc8453451089538603c81,0x040080149cbc4e2173aa3aec2c0fc86759b4633fb84bfdc8453451089538603c813dec0ccf9c34574c402f6152b00db9e3a8290fdf49c14ad77a1419742baa804f,0x9596a469d3e0af37a156137f0ae8f56de009351cddf46a8af50a2546c81fceec,ok
0x2bb1e4ad52087e39d6aff65d72b94cc3bcdac1ba,1,0x03de396b72977f3667447d72ebf2b36ae088ab08d5c932810b96cc9354025fa47d,0x04de396b72977f3667447d72ebf2b36ae088ab08d5c932810b96cc9354025fa47d3c11fb0d75b1eff9eaeb4acd044d8528cc06f3efdb3345ae2f9b0a9072978d5d,0xefc476d6508622dec31062d75812923c83bb7584cbc67e55b31848da9fccc4f1,ok
0xade6250360e578bd074339caa398e528c4ab5145,1,0x0332e1739585156507ce07f4dab801a444fe98b951dbe94a7f7e0fc796182bd105,0x0432e1739585156507ce07f4dab801a444fe98b951dbe94a7f7e0fc796182bd1051bf58f80524a71cb6e3fd844af0c220609e7296024131cdbf50e2a619b218fc5,0x2a44acaa4467d9f1c5f3cd20498e752184a534a2ea1c81de236507c5fd736ef1,ok
0x02ca5710c3c6ea6c92cb23f0918f5ed1f47e0a38,1,0x03c7e94ec31c123f3bb6a1302971e788908f14fbd5b260e9ef5deebaa0bb6af2c4,0x04c7e94ec31c123f3bb6a1302971e788908f14fbd5b260e9ef5deebaa0bb6af2c4fa8c96dd7d02211e05a3241afe3c3e3327fbb9c49ac21caf8d5fbf4975392911,0x603ccfafa329883cfb434eec505f9588fcd973ed134397298c492f2877bb44db,ok
0x7459c91bdddb9a991faae51a4a5bef09f953259a,1,0x032d0ed23c00ad0dd655d6de8a10719f436e144d2540ba93d6ce5b27140f219f3a,0x042d0ed23c00ad0dd655d6de8a10719f436e144d2540ba93d6ce5b27140f219f3a301a00fe4a466ac815a99a5e1becadbd7233ed5c2c7ac4cdb36201bb6f93ce8f,0xc8a011d5ad29034e23d3f02ec3899601575fb31c6ab89af16513f6a658f1e3bd,ok
0x8cfcc157784bb2630a98bfb0b2c3ac9082ec75b7,1,0x02625630d6e63933d28d4e8565e76e395044b730525a8989e4dd44335e30336a43,0x04625630d6e63933d28d4e8565e76e395044b730525a8989e4dd44335e30336a436de12448aa8063a9dd66517e38fa05dd5ca539c361de2524c2dfc6734c540958,0xf0331e80b275504cf6ac3cfaf68c32706804430427f00cf9f76b4509cf9fae04,ok
0x88c0fdc3d844fb1cf71b296a1bab29d4c2fafa1d,1,0x039dec5cb0a5e129388e25b1c639032226e0d97d9b2a8a87e3ca90beb4e2094a2d,0x049dec5cb0a5e129388e25b1c639032226e0d97d9b2a8a87e3ca90beb4e2094a2d1e3844238873c796c8f05d4ab73600db3f3517a40a5b6fdcd78bec0ae81b7369,0x443c6eee89f20ac6b1ab2eebb0ef532ce8b6c8a1b544752cdb7370858522aae4,ok
0x2544b5d199b578ba0b8d1aa681c6b88696461e3c,1,0x02dc6427e473228071c94a24a28ed4e0ab42cb9bb4a4e47ed2e8997b8eb873002a,0x04dc6427e473228071c94a24a28ed4e0ab42cb9bb4a4e47ed2e8997b8eb873002a2fdf7eb073089243d650526b18bf5c10d994bee649fe189a38134c311ce21956,0x6f5f7281f0af96e2b64221bfd243ee8d8ba24ebedc7d4a7346e172a566777c79,ok
0x36f9d77959bf4e02bf589b59e77ce71ea9118edc,1,0x020a22f1665776ed477fff6206df6c85681f9c423406e8e6e9696c3314a5f6bd11,0x040a22f1665776ed477fff6206df6c85681f9c423406e8e6e9696c3314a5f6bd119ea59b11c297c13c84cb986fbc7a09007216f8a36388aea90935329ce2a985de,0x9679ef31f61cf43da96d87402f9fda092a6b82337a13e284c2832dabfc7aa25e,ok
0xbd9c9af1c1d0553749277f96eacb8bf81948abc9,1,0x02a2dd1190bfbdec9b1c00741a634081d0b9f2b0ab35f5612873bc0b38350abf3b,0x04a2dd1190bfbdec9b1c00741a634081d0b9f2b0ab35f5612873bc0b38350abf3bf7478c13b15687bc89d1e2a2f5fce404acdeee6e6fa219e882c981eec6b76238,0xd66734ff044b7b2f65ea63847a6d17ba8e08385f376a318b2aca9a630ca2e81e,ok
0xf740607025f075dfc0641dc12a3848fd6571def5,1,0x02bf6fe73c84ebb57f15cdef8ad5eec43f104d9905a0128201e18a8ed75fc163c4,0x04bf6fe73c84ebb57f15cdef8ad5eec43f104d9905a0128201e18a8ed75fc163c4805999e5e6235f9c8edeb2e1a8c942b01b9ba86e042cf0ddfb62619744a29564,0x8b9d16ba0c6148f7eb92c786bdbe1ff1ad6278611268aa25587e960fc6a122c4,ok
0xf06aa66aec25796bc71ce89d9790cb2d58aa31a0,1,0x025717178161e45ab9050e465e0a0039796e9dc4760d19d7c350edfa68eb6f65aa,0x045717178161e45ab9050e465e0a0039796e9dc4760d19d7c350edfa68eb6f65aad342b0713ea58062b3b271369539429d6d2c1eed167cee468cb8fcee85cbcfe4,0xe964670fa05bf2db7800fe3b41c44527f137c362dfcf7ac276c861c6cacb2cfe,ok
0x816c95abc2f854f867805d48d47ae139fa006608,1,0x0368f642c99ac86f8b442c80998ff22d80c5fc73583428a0441011a3f556244ff9,0x0468f642c99ac86f8b442c80998ff22d80c5fc73583428a0441011a3f556244ff948f07ab2c935a37a8672003328cc70364421418eab5bd126ae19b559c3d9fff9,0xc63391c6819272110fceec8c3acc25af968fe2404e9b7abaf167c7d1a750bf86,ok
0x72be64ce5dd6b878164156e2ecb67717592b12d2,1,0x02750b9d5b29d69a0e2126ac6914f0ad1961331febaa4b14823329ca2dea3592b5,0x04750b9d5b29d69a0e2126ac6914f0ad1961331febaa4b14823329ca2dea3592b51ad2a487ec3613f2eab5bbd6a77fcebb31a1a4e1d1f7645a62d7bbd257c07de6,0xa21321e1f188a636a397fe7c4d3a8ec01d36d092c8b19d863fbd72aee49158ae,ok
0xc463dfe549f102de1ddb91ddd878bd628d7c9758,1,0x0227a87480590c54e34ae0afa00b79024f0e16b9aa5bacc66cd75c9237efbb5196,0x0427a87480590c54e34ae0afa00b79024f0e16b9aa5bacc66cd75c9237efbb5196bd86d7c8d6b8c2e2e32f7f417eb64ac92a060dead9895106729862b79f8d154a,0xe20b7f8f7dfafa9d55c28060568b530897d694fe3be47c17815ec8d9e49efb01,ok
0xca4fe56c8400e885fa61b32cbc5ed00c95269524,1,0x02a8636c5bd7ef8e75859a745764c8b2979eee830e62410bc2638a35d0a7774488,0x04a8636c5bd7ef8e75859a745764c8b2979eee830e62410bc2638a35d0a77744888c10dd25ba52da4c6cd1afadddd7ec4c2d5a2dfde3fd5e1abd3c1b096adf1942,0x0e11c16a54e79cec5aa9e63baf3da47dc08ee5ca609ec609e8151b8d4b33c856,ok
0xd94a7408d50f12b27e3847a634549cd8e4e41646,1,0x035806f4f4644a5a93f34edc6dfe9763c6af4e0432a16d76c4a2ec3f490cecbffc,0x045806f4f4644a5a93f34edc6dfe9763c6af4e0432a16d76c4a2ec3f490cecbffcfc72eeeb8956cec637577806a58eb187ac290f08f4a0786c5cdb5fa326c1717b,0x1799d0ece69c9960da22465efdffa27ed962b5479af8954da68778a74458bc90,ok
0xc39012c51004199bb113aa63db036620a916bc10,1,0x02ad0665efb2c96274a8e001d5acf3b7f0aace54fc3b6437b9bbe9411512de5221,0x04ad0665efb2c96274a8e001d5acf3b7f0aace54fc3b6437b9bbe9411512de5221ae014a41487d9c22cda9d7a6be6feedfbb2967e674f5c088c4841ecc6c960144,0xa8c495cd3d82a471c547364b40ee570b63820bfe026cf113e1248e1d2dddc61c,ok
0x904194908d1aa21be933035d80a32b3c4f91f7a5,1,0x027618dae8aa7375bb8e426f3f7828dcc54363de5dd38c0495065fdc3a2ef37bf8,0x047618dae8aa7375bb8e426f3f7828dcc54363de5dd38c0495065fdc3a2ef37bf87243f5e5fdada04103d405feb44ac9be232720df1e1ac46a3ee6908e982a8c3a,0x0bf370f1e683c4b07380d99aa07e8ad9a279a5e120402bd61175722ec8e65314,ok
0xc2e60a32376d0b2426b74a4876f4a354a29dbf87,1,,,,contract
0x23e856ffa3c76d18154932101cba97487339f68c,1,0x037786520b1c0411ed0e125fa8a2921fbc27c47337d37d66f5408b4f5d2cb1fc19,0x047786520b1c0411ed0e125fa8a2921fbc27c47337d37d66f5408b4f5d2cb1fc19ad566f571977747491a6f83ed0ff3ae2f3034db9076e7ac22a4bb4123636c52f,0x47c5035322aef3e7d0f2c0028c8df4190b226c52b265ef478ff7cfbc4154d0e5,ok
0x87b9dd3dd52b7f5291645dd2f5ce37d73b661144,1,0x02844d5e0f29d8548b1f7fc00e7bce0cf30881b31592fa4eeb8720b5bcd4dbc716,0x04844d5e0f29d8548b1f7fc00e7bce0cf30881b31592fa4eeb8720b5bcd4dbc716b51a72b06a5b3bbef205c14f1df35417b38429660c431647bb38df05ce671326,0x0f2a9d6f9899ca228a6ad85bdbe50c09c819357d6f10179e3c186ea082d8d12f,ok
0x93c0ebd0f1724b9660ef2463919564e770b765c8,1,0x035e4650ac463c741e0fd7cd3bfb9fefa042a50e3ccc527264b4a9879440598e12,0x045e4650ac463c741e0fd7cd3bfb9fefa042a50e3ccc527264b4a9879440598e1276df082298a6600aba8d8521bdb31478d87ca1012f2e2bb73300218fc3b4b6e5,0x5a7fbb12555c643ab26545c4fe1007b54de2d3dd5ca52302a91514b6fbbf4628,ok
0xb881e415c93442cbdc782eb368bfc05aede42abd,1,0x021d04f9d5771804b594481d83d55fcd76ca00a5358d463c551ac3c27ff5e94c7d,0x041d04f9d5771804b594481d83d55fcd76ca00a5358d463c551ac3c27ff5e94c7dec24433db3ef9a46306f9506f3266639b142938e11ed882d06b87b8301f7f55c,0x809680d5a41007aed4afcbde99c6a89da6c145919e5ce98e36d12e0e819dfd94,ok
0x040b59ac0ffd626303f464b7fb7d0d3f0bd35260,1,0x02da3666b6b763c9f25daed034e009c741160cd10ff48916fa1a7a059a47e45601,0x04da3666b6b763c9f25daed034e009c741160cd10ff48916fa1a7a059a47e456019f2573d0322e2a3b660f1633b08b63bda5f302e31dfde85a246c651a8de4e4fa,0x129bbfad150b9720eef45f70ca4480ed29850a0de8b5400bf62d75a62c5e4947,ok
0x2f877d11c8a7dccdd78f408106d126b065a4bdcf,1,0x03e1d4f753c80fe9fb8f08878623fb93a0b7eb21964c9404a73bba79d6c63aef70,0x04e1d4f753c80fe9fb8f08878623fb93a0b7eb21964c9404a73bba79d6c63aef70add2aabefb4804a404ec3266d2d30d0d4e349bcc204801c27bc46a9d55e32819,0x4321b5f14f68183b08443a9494488c59f13f01cb3feb02533ec0d803534d97cb,ok
0xc8cdef3540cbf054ade51b033d808db7621aed99,1,0x02630d5ec8f32ef3f06a8cabbbdd6890ad9aae32acd8a4d253ea782cf3daa84859,0x04630d5ec8f32ef3f06a8cabbbdd6890ad9aae32acd8a4d253ea782cf3daa84859612642f796077621dd82756a3d1c31b184e6db2deff806ebf0f397084a25cb9e,0xa78a908ac2d6adbf232fe243579b6d2ffda17a31ef4ea2df3421d247c113a437,ok
0xd1ce0a21798c0a283be27963c739eb3d7fb78e99,1,0x032601a1d961a19fa0130a343ebeb0d86d5875b0e9736a2e45fb0674ed7f852cdc,0x042601a1d961a19fa0130a343ebeb0d86d5875b0e9736a2e45fb0674ed7f852cdc6db283c0112fe91f72c2d36bdcc46db7f674510742e2ed83d5ea7e747193517b,0x151ca5762a8c856145ce6e01208a2087827fc75823b0b4591dc3db77e4df3e23,ok
0x6867115787080d4e95cbcb6471fa85a9458a5e43,1,0x03b584edf9def0c2f1b71f7a6681771e21d8169f00fcb6122b3313deaf1509eec4,0x04b584edf9def0c2f1b71f7a6681771e21d8169f00fcb6122b3313deaf1509eec433d21aeaf7113b06f67f48a0e5fdf07f2e7c9e863851315e68c8cc003512345f,0xaefe8fcfbf206e27e8b685564916e82c9701c50e19f83321abcef078d0d4e4e9,ok
0xc1e84835e43d72d2de3c0f0026e264e5714e0443,1,,,,contract
0x4363d41990c5acf7c1019a8d6562f23fe55722e0,1,0x03fea8e351448921b78fe6cb09231c5939cfacbc8675f815cbc4034ae455b47dec,0x04fea8e351448921b78fe6cb09231c5939cfacbc8675f815cbc4034ae455b47dec1d3c1f0c4fa66a8478f570258d8293b0d24644775816bd1e4431d3dadfc0dfad,0x6fe400cde827183cfa438e539068debad39499d864a2a632934a81f52a5f29b5,ok
0x79622ae036451d39938708f2be7f22351c83af76,1,0x0238bf53d0b78beefe277b8dc3d2992205e8d4b0cfa66dc565dfb23e86e9829b27,0x0438bf53d0b78beefe277b8dc3d2992205e8d4b0cfa66dc565dfb23e86e9829b2758447514d48911946cf4b415979d8929c0547f0b18238955e43debad375fac20,0xd79c523ee540ebc8ff524d7b976565a28d4231feba3248f2fb2dcd1c97a954c8,ok
0xef06065c01ce78be1624655ed94fea21fe00f4bc,1,0x032da08f3dc12fabe3c42f0fa301008536a756b76f68f8f5b9626b96f97d3aeac8,0x042da08f3dc12fabe3c42f0fa301008536a756b76f68f8f5b9626b96f97d3aeac809a2935d04d6a09757ca38deb1624138ccd0b9fe2440e0b47ecaa031f638bbd9,0x5364eaa2f8ba663d8969f850559b2eac7b414fe7185f50e5613292517f92f255,ok
0x80b27e2738a0cd368efba1d59953cd7d4bc6b31d,1,0x03fdcb0812a30008d18e6a46a15378d825eaf23b3e353b7f7aa5097e1faff1fdcd,0x04fdcb0812a30008d18e6a46a15378d825eaf23b3e353b7f7aa5097e1faff1fdcdee091becc4349bb7ff07b806e6dcc509bb4576f7ed84fc5c177d7724b2130d11,0x6bc28b15f60bb6694de0f0b1df25a7e8177248d78d34b17bf88d9edc5a887659,ok
0xf333831e8fb5dd79eb138e98d76646e35fc14532,1,,,,never-sent
0x8c6f06126f151f89ab18abcee5a8e72f636e2519,1,0x02a774fd75027fb6121dd4659083c68b0d48c51a2301e3465eed6280e882f34343,0x04a774fd75027fb6121dd4659083c68b0d48c51a2301e3465eed6280e882f343434b58021d9089dd6508c253d140c8c9feff0520b3a43194b571a4731eeac8c006,0x704f5e0da914fce60a2b9bb66807128b533f15976c992adb9b2005f72f34465a,ok
0x3016f44012531f182df6c136bd2d344aad4cf3f6,1,,,,contract
0x24254994082b071c9ef8648a9d3ffb1e33755e73,1,,,,contract
0xc88bb2d5caa7af5609cbae065eec3c418d71619a,1,0x03398aace1c88f62d4873d49537fa8b128b1d9f2f431a4a8bf94fcf3aa31ff6af3,0x04398aace1c88f62d4873d49537fa8b128b1d9f2f431a4a8bf94fcf3aa31ff6af344466d5b1cf7e4aa7fadbe4321cacefdcc4319be4e4360280d50fb197cea4e63,0x495fa9837e1a0fbac8283fce82ca978a89ddcf513f55bd3402255881ede98960,ok
0x2e86cda55f1481f91e1b58cca904940db7b5d4b1,1,0x028350197b4498704c01698a9b68ff1939515f6cfe2e7ebc94a5faeecc851e3de5,0x048350197b4498704c01698a9b68ff1939515f6cfe2e7ebc94a5faeecc851e3de5f53e94d096d8987c196ca2a5dc7c4c28ba1505b1e79005672bef34e081703a68,0xd2b4783e2a7ec59c741f5c97eb1c0fb259fd6cfa6b207f5feb916ee05292419f,ok
0x535c1b6e92737f89301900db9456e6a5e154d45d,1,0x027c9552d7ac94edd00dadceb49c7986d49d52020f937a0a38a2c28b1f5bc5dbe6,0x047c9552d7ac94edd00dadceb49c7986d49d52020f937a0a38a2c28b1f5bc5dbe6ca4db380c828b7cb05b7cf0be577a017479b3ceb7342f36c685ae54655e25f06,0x9ae1201cf8e1adeef4a47ffa0d0a6728165130ea07d816854f40472ee70c0634,ok
0x020ca66c30bec2c4fe3861a94e4db4a498a35872,1,,,,contract
0xb84d7471cdd66d5b3df84c88f8a81d66ae74abd0,1,0x036a5fbcc8254daf700cae58574acead64d9caea424696595d4d05bc05da39ad02,0x046a5fbcc8254daf700cae58574acead64d9caea424696595d4d05bc05da39ad02375c70936805dcd20db564c90478df3e50cd21581e9d7aee2af05da6120490cd,0xe5bd3f9327fda4ea8c99d18315ea7d3c0ce8b32a58edcb8c4b29b0e825dddc71,ok
0x056bf45a910a1713260448fb35b87109b9b9d80b,1,,,,contract
0xa4e617acf30db8de68e9f54f1c9bc628f93c41c2,1,0x02534feb5eb22faa0f9540663bccc1759b76d02b671ac8605facb24e1034e28270,0x04534feb5eb22faa0f9540663bccc1759b76d02b671ac8605facb24e1034e2827039bde11b30ed4291b5aab45c3d1d6b378ad9a1cac19c80dfc3b3619208242dae,0xfbfa32afa1af6817f5f25e1a0b3076deb963602512c917265ac3880952297849,ok
0x715cc980013fa23f198a42afbd9a479fcffb464e,1,0x039151425c0d297a39c6b72420e06a97f122571ef400ade060c8f637a1cd4d55d2,0x049151425c0d297a39c6b72420e06a97f122571ef400ade060c8f637a1cd4d55d21316ce954ec9401d7a7da0391200da1e528ba1b27aeb306a51cfe7873a42a679,0xa60ff55c6357744742266f55350569bd26a89da5346bd061f3b8e0d37291ab2f,ok
0xae5c4e33497fabbfa027044d1d4f4f4e441106b9,1,0x035e0cb71f8ad78686dbce4ab32e57a8743c738e889147b595733d52ed112fbc4b,0x045e0cb71f8ad78686dbce4ab32e57a8743c738e889147b595733d52ed112fbc4b1aaebf174aec015bc273d3a1eb4c5844a1137ae87b79b7da8d8afbae74b68795,0xa267fb8d068dd1f37e26d4ba214b91124fff47f777a05d1eb0b8c5c565ec4231,ok
0x43657142e17cafc6f894724dfa5e381ed838cdb8,1,0x0297539f4457b5761c7f9383723fcf22508436fc022858597b3528aaae2cced303,0x0497539f4457b5761c7f9383723fcf22508436fc022858597b3528aaae2cced303dafbfbb86326179a666585cb0bfa32dead14382475ad644e70b76875314ca5d0,0x7954db8891e3a32de0d028296640a93c98aaf7a450358882f9940fc9e2b3d2dc,ok
0xd6a611418f517af787ba6d164218e9be99ec0071,1,0x02249583a18c9a2c7abd7b4045025cfa34182788f8bec4eaf72ddf290cf6a526a8,0x04249583a18c9a2c7abd7b4045025cfa34182788f8bec4eaf72ddf290cf6a526a8491fbc5bd056960e755ded450b98052dc62152cbeaab5e3d17ea1ed38fc73178,0xb8ff5b68a2eb9df788833c52b70532ce25261548c99b733fcfa015865455bca4,ok
0x527cc0ed9778e63aa2b60db793e2ce1c23443f79,1,0x03421f48c18ecd7d9f1bee4374350eb4182a78503ec8c1291d2d7b293d5006df4e,0x04421f48c18ecd7d9f1bee4374350eb4182a78503ec8c1291d2d7b293d5006df4e72311f130f54f43086b80ea1dc7ab4a0e5a2783842a4fba25e00add0109316b7,0x5887b031cdaea870419b9eb1a0ed3c062dde090719b46d410eff20f19c0120d6,ok
0x3f0b614e3c6694f8f867d174ec683d7acd5b6732,1,0x020dda7fa9e1ee1f1bcf9074685ed5e00ff435b0943919fe706d2aceff044cd6b4,0x040dda7fa9e1ee1f1bcf9074685ed5e00ff435b0943919fe706d2aceff044cd6b4a9d377d8aff33dc38551cb5bdc1ce3bdea25c861f95e50266e36dbbce3cc5d58,0xddba103e711b03d3f03951fee88e446d724c1edca2680ca1b0c78ac8ad65f3ed,ok
0xe62bfa27a7c950d5011949693afae4b65daee50c,1,0x0268baaa9c0df3366500f8df4dc589112ab4cda42e3c5c94af80579c6bbf5cb29b,0x0468baaa9c0df3366500f8df4dc589112ab4cda42e3c5c94af80579c6bbf5cb29bc648e524a143d8d9d57260c3b0d1f15f78da7c0a290e9d4a87dbe7fe407716f0,0x19fd4ae65cf7a4202d4bf3301732b9f930d19da953b0b14bb0d3f4fcf99cea73,ok
0x91ecc71f843a9cb656d79d91f576fc78dff2a16f,1,0x02c970ede09d91b0f1657bd142b8fc46813dd105062d35a23c8f619c6f85355240,0x04c970ede09d91b0f1657bd142b8fc46813dd105062d35a23c8f619c6f85355240495329fa9f1945df1c7e8a4b195ca34e64801935d74e4388be4af06716e6aabe,0xc99f16365377473901b01db8e6b7e05f90e23f2eefda4a1cbe07e25db382f384,ok
0x87430f80f12ce92eaadd51d26e26da71f4dca41e,1,0x02bee5f1df2028a8f7c5572df35c61e2bc778d73925356991e6c93b46c25c5fa63,0x04bee5f1df2028a8f7c5572df35c61e2bc778d73925356991e6c93b46c25c5fa6395a22745f90021eb1e98bd866c1b09bae3bd97dfd4585e64ff7290a0b96bf6c8,0x7ac3cc7d4213693e5e86d132d0beced7a5b70c85b046e9d24a4d91d04bc6cf9a,ok
0x54a64c765cb9e597b72a4cd741866b7a0e9aa86f,1,0x03a8752f0cd1d90c12c97c7093773df051f07251b56e2a49970db6f6741e260258,0x04a8752f0cd1d90c12c97c7093773df051f07251b56e2a49970db6f6741e260258891f664f9fe79823f625723de21516b5d68fa0bee007dcccb5f492cd5393ea3d,0x79f9afc80eee2c318810b80487b205968b2c69901773b91d076661a69db71aff,ok
0xed07327b2cff3d1c7a0752bc800199b6129f1230,1,0x0200915feacf55bc7a24b6ebae98e040c8985c279efcd1957011f0e6992d17dcca,0x0400915feacf55bc7a24b6ebae98e040c8985c279efcd1957011f0e6992d17dcca7885a41951eedb275fd3fe03a533b6eeca611b6cb7e630d8be3a8664d1072232,0xfda0a851e95c8908075ece0479a59ce12e7af3b0c42e4510e332ca61e5dae7b6,ok
0xb60ebc480cddf931f64e36f530d721bc8ba35ec7,1,0x03523012b799149fe406350499d61409ebbe678585942e32e511ffaf71bc34ce9f,0x04523012b799149fe406350499d61409ebbe678585942e32e511ffaf71bc34ce9f6c4eeba3c8b45809c081f17e85c14eee1b3cf306052af5d20ceb8ff32047290b,0x830028f95fc018a7865e287c535ad7323bf0c291158dc1d678885f524e256062,ok
0x8a82fad7bf994f4a33e54de8546e194c22e2df11,1,,,,contract
0xf885167d8058e0b4bc901cf91579675a076d8316,1,,,,contract
0x240011fab50b82ca9312e6b4d0ef48b903e0774a,1,0x020c4e5ea274e52ed5b345ab0d0ce10f420a343feaf48f7fd101fca5fc92dcb40d,0x040c4e5ea274e52ed5b345ab0d0ce10f420a343feaf48f7fd101fca5fc92dcb40dddee7a1d2b3474fd05a37d2993bd5ba4822b8ef7f9eca500e6cc862f1218aa6e,0x7c7dea02ade6ce7fbe0d025c681af8a58d1bc363ec6e8578f4ad3dbb7b65e80d,ok
0xc9d803c87f25f24a72caee23d6459f3ccecfa781,1,0x0295d20f6a6ebdb57298494cc212fe81b056853e928c10936f42499fd1ff63f949,0x0495d20f6a6ebdb57298494cc212fe81b056853e928c10936f42499fd1ff63f949fda8f2960fd20c06511e9a32fe40d11f12e14eb50b2ee6254ca9207e58dd5104,0xf70622dcdfb119bb13a0617f3d321505d7c376833bd383d631ec44408dd0f2a6,ok
0x5d844d7dee840d08fb1feb4c3590e0d05b0b1916,1,,,,contract
0x301741b3e2198cbbf2d3175e6476c1263d260542,1,0x0217912d2bdfb5f0b33f358d8dfd9f867aed9d0539f9b1a8d8653a67c3e5c764f8,0x0417912d2bdfb5f0b33f358d8dfd9f867aed9d0539f9b1a8d8653a67c3e5c764f87df62ee8dfae98c177a8e5aa8c326be35cbe9007a1d9bd3ba00f9e0d3fd4f992,0x3dc45c10f5ab456b9e5c0c8db6d96490644223d29c45cbd915723b12edd499e9,ok
0x4dc16bbd7510ca6e3f0bd72e751a96ff6b168ae5,1,0x02c889007d4a5ed912c6dae4689c6dd05742d3ab8472876db12617b4522978e14f,0x04c889007d4a5ed912c6dae4689c6dd05742d3ab8472876db12617b4522978e14f9ac073c2f6e223535e1471bb5b8ba5727cb88cebbd793ea41da3f2066d864480,0xe8c7444afe52681b08a789b2551a6c2fc81a712d9b1f77fd5fdb84fe52c8ab91,ok
0x7906d324657131a01fc75ef3e018a265f0f17553,1,0x026897e2c0c1087ac491460b24c409eb3ec761dfbce8482fa7ce29de7568a581dc,0x046897e2c0c1087ac491460b24c409eb3ec761dfbce8482fa7ce29de7568a581dce4f6f93938c379b81a78028e764145455cf25774baf0d59f71ab354ab65b528a,0x80dec5eebd14d594f718c1dc919c3655fd8936ead9303b31641ddaf98195558b,ok
0x4d175c28dadb511564888a4f325f13a27d54dd31,1,,,,never-sent
0xc7a55d49036b59a8931935a49054fcc28a596dc6,1,0x02f92e809ad79e20b376db8a4d1143f5445005f493ad4dc63dc60f3e7a91460c62,0x04f92e809ad79e20b376db8a4d1143f5445005f493ad4dc63dc60f3e7a91460c62d62501c0e7302c02b12f6ce049c24ae289cd41663d73e7d88c8f8229df452720,0xa9657af233673369c2091772c8636ce94b0682b275c4a571981f4a63b9cb19b7,ok
0xc8165aa816d203a70db8fa65b2de9c7d8de39111,1,0x033e81de37750053e34be7dd3af81a4a221dc960700c76ff0c47b0ef0b3f6a2111,0x043e81de37750053e34be7dd3af81a4a221dc960700c76ff0c47b0ef0b3f6a211162f045a9ba0b44c05e790827db9378d1b1a897628b9135dca7ec0b03b021843b,0x933669b786be9b8faceb3d5702a3064286d0358b02c08edfc665646f41e4bc10,ok
0xda893b008f220f42a0820f2418c208cbdd8c558b,1,0x02490f35443a710a5cc9e036a1b7f2292ac8ca826bce505a5de5de756ecddeb7c3,0x04490f35443a710a5cc9e036a1b7f2292ac8ca826bce505a5de5de756ecddeb7c3550ae1b173d08c90e234ad2db45c8e93ae221f668c0473482092664b469277c8,0x9728ebedc20218ff2a0880554468516788693a05decca59781567dccc303011d,ok
0x7834b5107eb7503a70dd7977778e6bc2e0a1669f,1,0x02bc26f8aef4cbf4e0f393e619af823bfe25e1d75b03688b9c489168dc90360c8f,0x04bc26f8aef4cbf4e0f393e619af823bfe25e1d75b03688b9c489168dc90360c8f69e4e103554fd247cb5f6a92062f0a81539a99aff139f651fe35b600cc136d96,0xd0994b06b92f79afa4d54677b2a925910b58b11d227a739845284fff1593caa0,ok
0x6fd004627b1a7031230d6d626c7fbea5c43f4963,1,0x03d050216d4f261d4709b166001c532ced846750fba42e56687ef6f2af095c49e8,0x04d050216d4f261d4709b166001c532ced846750fba42e56687ef6f2af095c49e8692b3f060fac15db26dae126696331463eeebbf8dd51f08caa8028e357592e81,0x64525c25ec2e7e4d9f5cebf3c2cbf801deb74045fb4bee84650690a8dd306792,ok
0x5747c61d8750850451907fb511c8dff4ee19ae13,1,0x02f8297e186993aeb1ba7795d7c571c23ec7d4e72851a7829fc9db9e49c9492ff9,0x04f8297e186993aeb1ba7795d7c571c23ec7d4e72851a7829fc9db9e49c9492ff9104071d0900e681c64c5dd4d7b5e18285568aac89671727aa27b0d4a621583a6,0x739729a89bf06947ddc00561ecfd352ce6954343b550fb2586055bf76ee6f295,ok
0x088ddd5fb5eba658f2dd58dcb00418461631a788,1,0x0346521b73841701f1b4acb85a3c7a7ce031c1c115114a7fd1f7a490f0192a66d1,0x0446521b73841701f1b4acb85a3c7a7ce031c1c115114a7fd1f7a490f0192a66d15a83ab7cb63b896e827707f785b56003802a95a5e9713ea972ac7c8adfa4650f,0x38c2a8333ff34cb350ca593f642a689b975ced643e8b46a51af01c68dc999f4b,ok
0xaca056daaa8241843a2d90057272024e9583de93,1,0x02707a73c35841c5e0749e593fefe0a4d8c084cc3bfec34ab2ff5c42474aff39f5,0x04707a73c35841c5e0749e593fefe0a4d8c084cc3bfec34ab2ff5c42474aff39f5d88395bf43437f78620b88af7ef03ef6d4e43f22d26345112d30568dda9fb8e6,0xfb75bec6f080e59870249f2d986119011c7dc9962d803564e7662e9a39aa3f52,ok
0x92cc6bb9e1b0102673ad28c5d4d05eb4f4ae0bf2,1,0x02abb41c4a8759d8327d9a10cee594ed5923f2efb28da4502f585c44d605c718fd,0x04abb41c4a8759d8327d9a10cee594ed5923f2efb28da4502f585c44d605c718fddc30de26121de28baac128a63712e18da6789f0ae10d4a0ce90df0ce04865bbc,0x73a3ce85583aeff50b80fc2d3543ca3661c8839788121daf48ef6f78dab9f5be,ok
0x741b3fa0b2bf3b14c2d6f13ccfdfd584c68abd4e,1,0x0284548fc017ba28a5b6640148b418f2eb6bb82a9e0464846a84a2902ec4129ecf,0x0484548fc017ba28a5b6640148b418f2eb6bb82a9e0464846a84a2902ec4129ecfce916b2de6f4cc3f4f956e9737bcf9e6b80f169ba890358a0d598ff16551bb5e,0xf4a06508a280fe9151dbbc169528a553bd333c1889b2aa6d958d66afbf13ee0d,ok
0xe6e3f2dbb53ad464aa3d7cc5dc2608c5a54dd040,1,0x02b8035337773f93a72b50662f87b06240a8e8a10f09cb5761b8041f00f011331f,0x04b8035337773f93a72b50662f87b06240a8e8a10f09cb5761b8041f00f011331f51dee7dbbf729a731b022ae026a11906e6669c53761245eb90d5e3cf16f0e22e,0x4d8e41086611526b3be56f882f29f8b3ecd607a308141e6c8db8a8107862e9d7,ok
0x0a9f1bf960ec45f4f8d5ea72e4940750acd6d171,1,0x03f322e2251ec3ad66268a157e774e56502ebb259303b5e125e9b903f9a2f2057d,0x04f322e2251ec3ad66268a157e774e56502ebb259303b5e125e9b903f9a2f2057de91fe6182f627a3c5f874119b5797b24b2c8bb8d9c6fffaeeb414585d0a0e6d7,0x387c6fd3a4dbdc4711c3d100a79fa62e08655f3f0e6f910f3726d3cae03ea26e,ok
0x3605e74fb9e356e4e47c02c6e12d09f051d30be8,1,0x03dcc2940866f83565410b6cceabf346aa45ae8c74fda58410260ad345105c82aa,0x04dcc2940866f83565410b6cceabf346aa45ae8c74fda58410260ad345105c82aa7133d13623fee66550cccbd6163906f24c353f9ddff0b187b728fac69f93b715,0xe40ecaabe7ae715cc06476d4c55bbeb019eb8feba5758547d9f1104f8521806b,ok
0xffce2075e4c8bb3dbf1e7aa04bcea53f4b31c8c7,1,,,,contract
0x20e6af36fd433821f704b12ec03f644dc406a5dc,1,0x0309b342fa1641d4b7eeb6382c4143845621bbb70bfc73a74129ba2b06c7fe128a,0x0409b342fa1641d4b7eeb6382c4143845621bbb70bfc73a74129ba2b06c7fe128a9304dbcac07c2ae2cade9c1fa8dc5559d2e06c181cd0a5c55996fce4b41ee9e7,0x993d4e8077f29de625d12f0c7c6c7d556a3dce219269ae246990dd1597eefb86,ok
0x8eeb007dc2c1eda70b58d42469975ebf69be696d,1,0x020d665fb40169376135d3eb59b41a15d075277a9d5f8d2a10c892c4e2680c0d6f,0x040d665fb40169376135d3eb59b41a15d075277a9d5f8d2a10c892c4e2680c0d6f4e3aec421ea30a145363bc70b1ec3200f5bf458513b9d7c9bf00de14dc81c1dc,0x688bc8d8564d2c5da14fdffbc3b14574ccabe778fd235a74067ad2ef00f815ef,ok
0xe430958e0836e70558048112b95fd98c41162fd6,1,0x026027ce7a34ade832e1748bb19ee351b6eddc7319dff5f8e272bf6872744793aa,0x046027ce7a34ade832e1748bb19ee351b6eddc7319dff5f8e272bf6872744793aa27f0cb1eca5fea61858585d6d2172904349eb7728cb924a26b6b96a69d2a531c,0x19226a3899b54de114c083b36513e03f8e0f0add548c87ef054fabd2860e6fca,ok
0xb836e59f305ee7b2731d617bedb16adaa3cfa43b,1,0x03514b70248b96523658224d50cce37448c07b2f511ec394ad619f2b6779957c31,0x04514b70248b96523658224d50cce37448c07b2f511ec394ad619f2b6779957c3153d4ed2d927141de3496f2a451d19cd169d0938f300d87a3fab8e55bcf5b37c3,0xb1a6852958ba55cbe449e5d28cb5da9ead3625c6311382e7bd80f1e790f2f984,ok
0x400bcb08aeda22862577ca2bd23c91af78a1ee6b,1,0x0301e796a647056a224306b0f3403b14492498762cb6f889734f1e57d26cc09bb5,0x0401e796a647056a224306b0f3403b14492498762cb6f889734f1e57d26cc09bb56135f0a4dfdbb123febd28fbbd3e614e3e378bf1f77efe8f37afb64ca41fbb93,0x5edeb68eca6813f252018d3532568c92d10a34af752041ba2c935eb879b1f849,ok
0xcd659f10f049fafca242b51d6b18e22dacd1fa96,1,0x03f59ce20bbd10a89994799778312d36124da3ec6132941c1b0e1de99dd6258cd9,0x04f59ce20bbd10a89994799778312d36124da3ec6132941c1b0e1de99dd6258cd969aa62ebe73998957e86a98bd2bb36a12b4da9ce16f318aa680646071b215bb3,0xd39d98b802861ee93a2796f1a2d5716c83b7f0366d5c84346fbb33bcc4cd781b,ok
0x121d39d120145053b4fb03cf28ccd8998226525a,1,0x0360024e41dc1027df1ffb42cc950f4930135e92726ffd5da7b00b20db3a858272,0x0460024e41dc1027df1ffb42cc950f4930135e92726ffd5da7b00b20db3a85827209fa2e31047219b7ab507b8d9d348c87a026fc8981f1f3cd7ab8c96170de9ca9,0xfe7a3058cda01c0b2034010ea552a7d27815137f5b769e631f7106ff55375ef5,ok
0xcdf80e86d303018c5c46eaa2ac87231eed226e1b,1,0x02a9216262cdbcdb5803dc083d7a439ec7aecc5d2d54ad2c66701d0b0e00e7839e,0x04a9216262cdbcdb5803dc083d7a439ec7aecc5d2d54ad2c66701d0b0e00e7839eaa4272e039f9044111c6d7b808e1f638c509dbde9bc9daa4cd6c3af7a717b496,0x67d96d464fc3acb161e3e3d59597839947bc0d265f41dac63ae51a2e9b25a316,ok
0xadcd513781a160a736ce84dd7259596e3d528b27,1,0x0201be192f216509f20606cbdd1f36a397aa42a09499a3e20214108a133daa98b1,0x0401be192f216509f20606cbdd1f36a397aa42a09499a3e20214108a133daa98b1aa48ce3ca97aeaccd494dea17985d4203bff6d8163faaea05e9b6592c45c60f8,0xad355cfd4ccbc16cf4d442f4967a8996528dd085a52d203ad5590a4f5e20d445,ok
0x6c4fd511973a0097d235f1d11f7ce18edd0e9f63,1,0x0213109f6e4af397aa147e451f6ce2f9014579ce0feba57827c5bc9320b635bf73,0x0413109f6e4af397aa147e451f6ce2f9014579ce0feba57827c5bc9320b635bf73d42ec8a05dfdfd69d1194deae9f2833c7e87ab8f93bd9b4f7ce920e1534538d4,0xf749a1139562341f7ccd6705ce2371da95dbfa79f211f0a7a72cfb4ad3eb7ba3,ok
0xd84f6e9f97c700857139f66e193e4c25a8b959bb,1,0x03498dce0debc5617a2c9d5a9d5a721720433a2f1c0e2152dd95546945182b43d4,0x04498dce0debc5617a2c9d5a9d5a721720433a2f1c0e2152dd95546945182b43d469a07248d46eb072761d6466c9db8df7f34ab2cffffffaf9173d134316136c29,0x9445926cee821dbb3093231e5dea3e2131fcecea294f93a44fe65ca081174647,ok
0x99853b16723511a88baf53ef25a6b456ecfc6bb5,1,0x029d7f2d8515972d2378f93e8def15d5ef5b8d0e0cdab659ed0879d02d1853849d,0x049d7f2d8515972d2378f93e8def15d5ef5b8d0e0cdab659ed0879d02d1853849d36d2db78fa1bbe2cb53766f7113ab673d0acef668726629611b0fdcbb377be16,0x46a25fafc61f895e8c8b56c488b8cbb693536a889e84b209278c7a51f26c0521,ok
0x4a9b4cea73531ebbe64922639683574104e72e4e,1,,,,contract
0xe8dd014d3c602d92b6ed834fc68f080305089927,1,,,,never-sent
0x5c4dfad3d6187ccfa3c5f232522281b0829d8e3e,1,0x0231d96ce2841aeee8e2971041e19fdae3adb7a47b6e7df9a3f47a0a99d95667a2,0x0431d96ce2841aeee8e2971041e19fdae3adb7a47b6e7df9a3f47a0a99d95667a2e7502114d4a3d048ded954fedd909f2d836b8d8dcbe64976395c7a637ba36364,0xe83c24b13694ea7e4641240e0a36954de7b513345e44747cdf149417c2e867b0,ok
0x6062cfbc85d8f27eb7b27366c2ebbbe8b3aad319,1,0x0342895fd7511991082e304c6ca70d5de2b54fb22e9673743add12770d1b57585b,0x0442895fd7511991082e304c6ca70d5de2b54fb22e9673743add12770d1b57585b4c136fa594d66cf55785ab6e35e3200d8fdae79b76680f45542c8376e0de3d7d,0x0b536b5f4ae038e6660f99ff103dbd425a389941047c7fdc26ac04743c239461,ok
0x4c68d4adf12663f944c40c613f89e934b64ba363,1,0x032f96158d0d9bc5e4b8331dda383e4928c10c3afd1f22cb161cdb142a82f455df,0x042f96158d0d9bc5e4b8331dda383e4928c10c3afd1f22cb161cdb142a82f455df95afd085210bc08e613c98b44c9a2d497a2d0801b4da7a47ca55138dba181f83,0xc3a8878a220396992e56eb5c782c7cdd1733cc2179b31b09da69f1ba9f207403,ok
0x4b7f910cd2b093f4e55d8b471851bb751b8f6d69,1,0x0240e050ceecc58c3f30e722c4ec8a9e775998aa6ee26bd1648a0f3d4ba9e34c49,0x0440e050ceecc58c3f30e722c4ec8a9e775998aa6ee26bd1648a0f3d4ba9e34c4997d020b8cdf39848b8735fadebed7d53c85ad75d42d07518b57e3545a6a550f0,0x1d142e07b57c3734f943637097245154001c19eeac5d3d96b57bad8a6b2d2da8,ok
0xd778494b24e123ecf9873fb60249dc9d16a10c78,1,,,,contract
0xf2db7c26e6a970a010df1cac477b1f1036dac9de,1,0x0392bd93bfeec7cd88e6f965affc502f275173a840cb88664ac05bce8353001b4d,0x0492bd93bfeec7cd88e6f965affc502f275173a840cb88664ac05bce8353001b4d81c85a01b0cd95ca0698f5b4f86d4aa229c4ec5de0a0dc31f1859c3b7be19aa9,0x177788e651cd15b5e946d5c2d77724431a95643b6a5d595a6d29073a6aa893fd,ok
0x199e056a0ca59dc40c19f625efac86eef7a55731,1,0x02958042fd3e26102d5f8f50ef71a215ce0aad74b654f20efea4475e5268bff80f,0x04958042fd3e26102d5f8f50ef71a215ce0aad74b654f20efea4475e5268bff80f9db181c32c1ca9549acc92407f281f3a29b5a9343f38f3c04266d3b12bb84244,0x75adc70c4805cc95c3deb6a1992a2636627d7b1fa2e11ceff4c5dd2aa3a959c3,ok
0xbb662de22adee23f3be14796b145f01c99608e3f,1,0x027065c5e883211f9770244321729136687e0669d3d6a953d5b10df0877ad5510e,0x047065c5e883211f9770244321729136687e0669d3d6a953d5b10df0877ad5510ee021ae96718237d7206ab0595f86bfd9ba589cbf0101ffb583a81ee2e9077010,0xfbc669980ed63477c1f522e3734a470b28d27723b3af8c76215f26659fb141ad,ok
0x7026327c9cec0120b21acb74cbbac3d9f0cb34b7,1,0x02fe5b471ce701209418a881059149f2af98886bf44cfa378686ad5451ea09e1a5,0x04fe5b471ce701209418a881059149f2af98886bf44cfa378686ad5451ea09e1a5dfa550ac3f2fe0548cf4da2d62bbae3395527d5b490835fc45a9314985a03582,0x9ee430891b00c93d7516e9cca2be931af3c395ed7c720f96de1139e9c4aa43a5,ok
0x68f3d3a5f095e91fe823412bee2704d89e4bc31f,1,0x02e34dbe89d3f1b93c1731d36f194fc62700bbe9542cdcf07a025720a611fef77a,0x04e34dbe89d3f1b93c1731d36f194fc62700bbe9542cdcf07a025720a611fef77adb970022803598e5ee218078a8d8811738a872c4dc8090206044f7cf938cfb6c,0xdffa768b1a7d9638622a206c3b79890ce3f7d9f31fa44afc37117ae0bf2dc4d5,ok
0xb83c59b077390a0ac1199adc6e5865e83ebc1d3c,1,0x022f12ea22f3a0632d6c058ace167ab7b4f82aba2a8115ae7b1d45461cb880a18b,0x042f12ea22f3a0632d6c058ace167ab7b4f82aba2a8115ae7b1d45461cb880a18b739387d02adae4d5e6ab36c07464295a57e10be9b68457203a2bad21dc6b0580,0xa116576ac513b5f6ec1b5f7b7ef417bc1d5988f900378173a40c183b97ddd557,ok
0x894a651e14d7ed705e0670ca6dc8ad4523fa1a76,1,0x02d9809cffbe3ceab7274e5774c8f06c0fad9035299c0213df96c7e311a05957ba,0x04d9809cffbe3ceab7274e5774c8f06c0fad9035299c0213df96c7e311a05957bac00dda93e1a13fb547b4b634fe8ffdf968445a7dec9633db5feb480cad4e5c78,0xceb45857a1b85f14ca3cfe13cc3c5f66384dfdf485d3d093c518a4f649c563a6,ok
0x7d894f460b6ccf4e77ed94aeac9d3fa85ffb18d6,1,0x02615244762b24b5e6f62003a2326c8c759acb2f632d37338f226ea9ea21327abb,0x04615244762b24b5e6f62003a2326c8c759acb2f632d37338f226ea9ea21327abb2222317970ca4e780c740d194f6c0f6497c1fb85107d0f9a20fd45caa917ea92,0x7b11dcbc51d47a1a867db03f21d324ce6e8c4cc78f683f58ee1e33581c2e69b0,ok
0x45aa64b3de7bdc88d09855c3ac8423b30a718c92,1,0x03101ab5d54e1a02bd94fa39feede4bf39cfedcae1de139e5238576150f9bf1cfd,0x04101ab5d54e1a02bd94fa39feede4bf39cfedcae1de139e5238576150f9bf1cfd3d6be4338504ae3ba2a3a2d95a077f5d997aae72545d8d0e34a71dfe06d52077,0x3017906f9dc372b0538fe2fbd95b168d3001732bb818c61689f403847bf683f1,ok
0x224cba5abcec0c75265f8d5c3473d1196c5f6f7d,1,0x035273bce29ad66083ba5dbd7299703fbcd92f58f15e7516b6a55a4a525e88ceba,0x045273bce29ad66083ba5dbd7299703fbcd92f58f15e7516b6a55a4a525e88cebabb7618ded42175aef54ea40b4b3f2aa953b902365d8c1a93f0f9abb3eb1bafc7,0x59244496033bf1916307352926e75313fc5d7f9f1a327603033cd252776b4558,ok
0xa78a6b7df4ae141b610495120c0174a753421b3d,1,0x02ddf19418113809eb8ed89a90e6055e835bee58bec603c9a1718d9ad22eb328e0,0x04ddf19418113809eb8ed89a90e6055e835bee58bec603c9a1718d9ad22eb328e047f37df66ef6cf632f2f7d960885e59aa109f767401dc427b854534d3fc1cf52,0x22bc9796c2f153b98c1e1789f7789280a3a12cababba8f39adbe827e5664dfd4,ok
0xe22d911479c9d288a21cf171a4f7904cc4868151,1,0x02485b438bdac412ec12006c087bbd06801b91e777fa7f19a78f797f9c9deafa5e,0x04485b438bdac412ec12006c087bbd06801b91e777fa7f19a78f797f9c9deafa5e6cb4f299dc08d1d07cdcaecd02cf6f8e356dd81cc0731760dba5d8c26b7c4ee0,0xf5146b2e8c023c4cc8120b03dc8d05375c087bcdb2a6906f9c1bee73de01d62e,ok
0xa9508d890b0e7bbdbaba07ee73004d508a0cbc76,1,0x0337873fd0f07d1755651b7d015c6d107eaa8402babb35900e46dcdfc165dd97fe,0x0437873fd0f07d1755651b7d015c6d107eaa8402babb35900e46dcdfc165dd97febc0506f2f4d6af41d9e8f299e54bc1cd3fb631d33a78373cb91c058c8581acb7,0xf0da0925869606a62607e294f2a201c9f7176d44bf3734ed552e6b9ab776fe4d,ok
0x569baafdb2bf46cf8bb1244e0f131608b2d65d83,1,0x03db01be8de0cc8290fae1cbedbd44819f0de136a001de9c66819c08ebcbe24b22,0x04db01be8de0cc8290fae1cbedbd44819f0de136a001de9c66819c08ebcbe24b2296918627b27068e3b0157834a2b5c4d192e0cb302608381ca1543f6e759fe657,0x9813ce233c1ae262986071020b3ba04c9635732c306ae25d8cdc6ada4adcdcd9,ok
0x6671e00d7217ea2b10b9fac5739f0cb99c681adf,1,0x03b6c73d923dc32dc4df3dd33952cb4374deeff29cffa05057816e83f0cee25c64,0x04b6c73d923dc32dc4df3dd33952cb4374deeff29cffa05057816e83f0cee25c6458b5911b6c3db5440a34bacc55603ebaaf3c96f70f7c5b8549943c2083b6b087,0x0e70e37d85e7738004123b066ca12869b0f558afa9a79c17803469fe6f6a824b,ok
0x7aed46bf7c298eebc2746e7bb07a0376f27aa58b,1,0x02b608073b355b021f4c978130d17663cfdc0f67da5e79bd657673f05410c5ad72,0x04b608073b355b021f4c978130d17663cfdc0f67da5e79bd657673f05410c5ad7264a69fffbaee2a39ebfbbc6b75d3d3f6f156ba4004b5ab81bf1e18fed9e91850,0xaa6d76f6dcd15d477af362a784638a1f438273cabf9088078433c4f498db848b,ok
0xbe75cbcc80f8f41a92b14b07227e7029b2afa44f,1,0x029024ba8b06377c11052106cc28549b9d833c3ee4a6403db828d5d74df7c92621,0x049024ba8b06377c11052106cc28549b9d833c3ee4a6403db828d5d74df7c926210cf107a0038fdf5ec4e6ed773a698adeab49b554dfbff58b189d66b9b580cfde,0x154398e06875e9388e3c581d7f95facb86218605828680c4b75470fa985f09cd,ok
0xed5e70dc3214cb0dcb3beb3f1b9b4bb6e087a508,1,0x0382efeb106b23604434d7ef1c4490f4a04cc28c7e5e625d7f3ffebd2b75e4373f,0x0482efeb106b23604434d7ef1c4490f4a04cc28c7e5e625d7f3ffebd2b75e4373f5ca4787119a2b66720283e0529fcc07a4c4a7cb9bb80ea15f2c606802bdd30bf,0x8c1074efbbb5d4cc558cf6527e336d6055bfb3bd587686218eb0a44b43182ba7,ok
0x4f54fd1902c014bfcd3192dab65ff9002804b340,1,0x02bd6242d89a96e2a7f3860bfd4be10b755267787ca6eaec9308d607a1ec685462,0x04bd6242d89a96e2a7f3860bfd4be10b755267787ca6eaec9308d607a1ec685462e47dee153df27c7c4f630820f96253ff1e7a39bba515d23861d63f442212b02e,0x7d6849016cac946e715e2c9eab8cd3bf021c2171804a697d3fad2254ace4bcb1,ok
0x1683869cd61938b7142cd43c04dfea850126fe88,1,0x02348b8cb7e691c0ca00200da75a7cc4a0a29dc220b4441e05df0ed2afccda5e20,0x04348b8cb7e691c0ca00200da75a7cc4a0a29dc220b4441e05df0ed2afccda5e20a2bc0cfe76d765cf4a6e4bda6ec7e08d7907b3973651b781bcc6b4a4e335317a,0xc8553680bf4fb9091c56a36d6465eff853d4f66ca8cdb0cca5f8188e1c93b2da,ok
0xa367396df1b65f0800114eecef7b4d7a7ea98baa,1,0x031cb2ba3289e76a8511668ca2e9d2d6e363ceae1955fd3d91bd75679e76d3a61c,0x041cb2ba3289e76a8511668ca2e9d2d6e363ceae1955fd3d91bd75679e76d3a61c3201cdf204c166c381494057c08b9c06dd4bb22d93fc675f0b704be313cfde63,0x41c22ea297b9e051d61dc562911c47bcd43c9b7813b0156be99f8014127a9b06,ok
0x2d7605ec0e5eef50c52fda514cb818ba890e2d6f,1,0x03d4247015ffbc503199bf76386d1382457e8877a04d496452bd0dd63dc6a1d67e,0x04d4247015ffbc503199bf76386d1382457e8877a04d496452bd0dd63dc6a1d67e62a173dadead41ba553035b0a670cc0c0b53e56507b391a486d86e8e5d243b01,0xfb1fe27ae57efe5b36bed7d3b6dd9468c3a54ff4d57cb725e485a0310fd372b8,ok
0x69f33437062b743700e4c10005bf48eefb282a5d,1,0x0246da4e3877a670d03392b60c9162bed120a3093caee5cfc153d214a2ab8d8490,0x0446da4e3877a670d03392b60c9162bed120a3093caee5cfc153d214a2ab8d849050e37f1a312332cda44814a9e5be2acc99b662373dbb3ea5befc252bb1788f26,0xd1c24f15895e9fe02b364d73679fc63dec7eae62eb4b66e13f82c3e231adaa45,ok
0xeb8dd014d3c602d92b6ed834fc68f08035089927,1,0x03831b452f01b7913d06ff961b329cc71a52cbf24f0cb06b62e9d4ffbc7a74af78,0x04831b452f01b7913d06ff961b329cc71a52cbf24f0cb06b62e9d4ffbc7a74af78b1795e644cb1077b52a87957509440489f01f9dfcd926bddb692fe99be1dd8c9,0x2049333819a57fc1474316df6b28b5d4c36e26c6f6fb0cc187a404ab47787f04,ok
0x349852dbc6537f1ca661065885a042c463b02f38,1,0x0383c4954366be1f409ee80d346a7a2775974c96b12b407053522fe74ba5ed09e3,0x0483c4954366be1f409ee80d346a7a2775974c96b12b407053522fe74ba5ed09e3b261a1ea3b7657206502dd9fdbe50349ccf677fe09a7b31103243905b9558e4b,0xafed8115ce6bd998ec0b343b5decdc037c479bdd34dc599df2316d9a71b8ee89,ok
0x2ec00718fbcfdddebeb3a4f2bbec7e82072154a9,1,0x039a9710e2cb0cc523f52d855be0a64e246e46566621612d42045395432dbc82e1,0x049a9710e2cb0cc523f52d855be0a64e246e46566621612d42045395432dbc82e13485a88dc68d530af75ec02667d63a43e3f785c8d836e556a123dee07918d7db,0xd9b83c77a23bbf69edcc80d546df7c68049c2f0e71f9d96d22ed143073a5ac1d,ok
0xc86d863bf08110379888ee4f4f0e338ede7262f1,1,,,,contract
0x04e64b51f604e51820362e414fcfcf5d97f4669c,1,0x028ea833ea286db5f86bd4433b604268168eca68e6d1aa60644d5103392882cd9d,0x048ea833ea286db5f86bd4433b604268168eca68e6d1aa60644d5103392882cd9d4da57fb3c8f017bb3320009c1152620a05da1a9348f34ce9a6e9c41abf4bb9d6,0x1e8b2ba7092ca8bddd67402e043b5a3d39f6711cbaeecec1d4149ad7d11fdb87,ok
0x7d620c6a1131493b55ba1026cf4bbcb0e433c753,1,0x03f004d231dfcbf53179f36cc545c39ee1184615a64a157e9edde103043b75bbaf,0x04f004d231dfcbf53179f36cc545c39ee1184615a64a157e9edde103043b75bbaf5484265eab5c4faf614188ba641a3ea76bf153280314d1e7f2c8d34ce3708665,0x674f83a5e4aade09f2917d73234e22a3e91dcd2d8d213b8650f11529b5794948,ok
0x51ecc9e8efdd18f740cc1791f6d55109ebec7ac1,1,0x033a5971d718a9652db9b91b7a7d6e05e58f56d7216ac1c658efa0d71da8baa986,0x043a5971d718a9652db9b91b7a7d6e05e58f56d7216ac1c658efa0d71da8baa986581732d5a1d37456d7ffbf12fcfb9d2191b6af85a181a9f9261de2d4855b712d,0x7e5139fa51131dd1d2c8dfb94bc44ac7e4054cfad0193c176f416c8c07fd4c66,ok
0x4a189cec0314fdfe7876ccd65aeadefc58ff02ce,1,0x03b8cb2763ff5638d582aa86c8e36c71767ef58cff745a7f2106e9c0a2c0dadff7,0x04b8cb2763ff5638d582aa86c8e36c71767ef58cff745a7f2106e9c0a2c0dadff72a795bcb07a739246001990e1f7fbc791e2414d5bd97e6a5696c1b5693ff35a3,0x2dc0b5360fa9d310bfa759b95cc0bc453b7c75ab4621c9643df5dfc634a24da8,ok
0x7aebefafa4871c91dcf22183ac2b255981fa29cf,1,,,,contract
0x25b5782a8d03b73b99ff6043e2d1cae070e1dd55,1,0x03cd2afc616d0916fe79b4d84c87854d4090e5687e4a94f7093ee1fea71323edbf,0x04cd2afc616d0916fe79b4d84c87854d4090e5687e4a94f7093ee1fea71323edbfa2fc74f08c623ada0c5fbd2c981e274b1d440837cd3fcd36581b0164cc5a9fa7,0x3ef4edd1de9a8ac8c2050e94d09ee14af2e0720ff649bcee4e38404938c8cc77,ok
0x0349b10a1a14384472e0b77c00355f4c434218c1,1,0x035252b9523e32881cab681e831960000eb3e11b6c7b54561303e52edaeb99f8ff,0x045252b9523e32881cab681e831960000eb3e11b6c7b54561303e52edaeb99f8ff23d4ee85fe66fe5c723483967e3e61eb4ab99468270962846ce3c7a7162cee59,0x7b732b6a58d2bdd05aac2c3f4453d2ed4f0b6b35f0c03c81dc6f2fc1829f81a3,ok
0x794c94f1b5e455c1dba27bb28c6085db0fe544f9,1,,,,contract
0x880e265a5f7babd24281d6e7a2fcf41ddfb5b4b4,1,,,,contract
0x6a8affab083157565d215a3e6510c4af0bf010d0,1,0x0367c0e18b62bbda5348a3c210010db961c53e53c59d4c8922a8fa4683f7687979,0x0467c0e18b62bbda5348a3c210010db961c53e53c59d4c8922a8fa4683f76879797ceae701077c71bce346765aca804d934c90fdb3174cd5e1929c6bacbd31e9fd,0xbbbc7cc2d6a8199e1e4637ec99dcd843606f15b1f8ca59060b153eb138221136,ok
0x725993c8d4a7143a2f0c4d9ffdf81ea8a343e87c,1,0x02fe53dd69c7b06cd08dbf4af4c486b4798b2c2f6d9f1fe7d15e30a7c1e0ecbcdd,0x04fe53dd69c7b06cd08dbf4af4c486b4798b2c2f6d9f1fe7d15e30a7c1e0ecbcdd2a2fa6f4cf84b1f3f7488c26a180046981f05f798b4dd027085dc7261e013134,0xe2c575eca1715aed0488a9ac2e22c1e89d10ea9261737a7b090faf71a5e6bc10,ok
0x382cf7584a24640a115c361c30fe50d3137c63fc,1,0x024f89a8a87e591c493ddc720464f5c09ab3b9ac1c969a370287ee5da22cb98afc,0x044f89a8a87e591c493ddc720464f5c09ab3b9ac1c969a370287ee5da22cb98afc18c3040cb771afd0553cde542b4a67463c8f6b002585ac86021355712a319938,0x36fdb5ada7461f288b5aa9e7fc09f507951b9fb4de3536e96ea901c34bd70e05,ok
0xc942496e98b9f8de243af4226b8a9398a141913c,1,,,,contract
0x1d7a11232ca73563c6dce5b01c98367d880b9734,1,0x037d1f7bc5cf56143fa6c7501e28aa674433904a2f80d5fa06caa3d5ddedbd669e,0x047d1f7bc5cf56143fa6c7501e28aa674433904a2f80d5fa06caa3d5ddedbd669e4874332de0c730021d476eddd6fe57844c84b082b46edf6010a9e333cef452cf,0xd7d4749b08dd351afed4745317cd552b1304f842f712cf3b77351a8b45d159c2,ok
0xd7426132ffcd75a199bc36d968606ed12c889adc,1,0x030db7b1144cbbec8cf7e8de2f03345a5b34de9994261a89d553ea37f5f8470d94,0x040db7b1144cbbec8cf7e8de2f03345a5b34de9994261a89d553ea37f5f8470d946440a1808c6b14902c0a0be42cd8af03b42a392b69ba0564e6ed3ea0fa88f3d7,0xcfeb66c3d547869dcc3591c07585850898c44dec83573141877169539f631b23,ok
0xfde738a8a004f8d3554d33a40ca81afd20f761bf,1,0x03e9fd67cfccc6180655580b51eec49080a3593e6ea9250c7b4707f852e6e7ee6d,0x04e9fd67cfccc6180655580b51eec49080a3593e6ea9250c7b4707f852e6e7ee6d5583817f9b2594a49994d83dfa7943a37b0446491dfec5a177ad9e01c1a3c26d,0x2a82fd0dd5cce030a65954eae0eba7838e80e94aa886d8434e79fd5d97482e5b,ok
0x2655a4ad1c59cb7bea24a94464e0c342a014539a,1,0x0381576bb74849ad4e1878b52da4e434b671ca7da4fca4cfc9a3d800fffd419f6e,0x0481576bb74849ad4e1878b52da4e434b671ca7da4fca4cfc9a3d800fffd419f6e618e4727d4a3ca8e716399aa328b5f943995d46dc0c7932a63761cf2664648d1,0x88336aed834c88300ad85149eb1ca2467766a4d113daf6abe958e29c27078b68,ok
0x60fecd067c16a85bf8b6da11e47dc7ce9f0437d9,1,0x0238f1d30f1e874674f2ccc85f02e7d35f9bab7d7da7165d00d8d47976a3da3cfc,0x0438f1d30f1e874674f2ccc85f02e7d35f9bab7d7da7165d00d8d47976a3da3cfc3f28ff2295606a3fea14d68e8118f6ca475af66a360eacfb680ec15bf327732c,0x58ff05067f39bcf70e5f4e4541fcfcd062525f50554dbaa1aec001d77e7ad319,ok
0x845b0bed7dd6a2dc60a9f8d8e3befd58b645c528,1,0x03527d68bff2fe91d5a53e8b63acfb82ca3f0c6ae47119c636a934ac163dbcd672,0x04527d68bff2fe91d5a53e8b63acfb82ca3f0c6ae47119c636a934ac163dbcd672f7139d7470d077eeee45aa85f73aea82785e2ea5d688696c6d36723b967243e5,0x4daefee927377aedf7b732b02cae55b9fc94132ff13af9eb621975c56fb2f56a,ok
0x4b430620930324864f04c83124c2c78b7e84fcfa,1,0x023adea772df9d305350f79b4604a73dc611b8fe3368f352153cea55ea01338d31,0x043adea772df9d305350f79b4604a73dc611b8fe3368f352153cea55ea01338d317376059282570709636e99a9eabc9033053873b48a3cc587a16cbee7df3203fc,0xc319e407747bdcecec82c64ec1bb2bcec4f9399e2b5183794bd000edab22dac9,ok
0x1dd7f903a02450b29b85333a8c790ddf4316c379,1,0x036d98017adf75cf119ac9a28766deab346dfca5bcb1ea5768ca8bc631b0bfaf23,0x046d98017adf75cf119ac9a28766deab346dfca5bcb1ea5768ca8bc631b0bfaf23b2cfc50266ad58143df193608fce5ca4882f515aa0812a46187595a44829766f,0x6a2a37aaded80fdc6bb9f7bfc170b95cfe8fc2ba8247ae790d2a19065db29ab1,ok
0x4a3f23974ae67d4f656720463bbd44223d9cd078,1,0x0202a115c8adb11b037ca73db6811c83843c609c3485ab788891cc45bf080af983,0x0402a115c8adb11b037ca73db6811c83843c609c3485ab788891cc45bf080af983650f8815f82d43059f87b237fb9bbb044ed8298e7416a76f2dc6ce6891efb860,0xe46977f0989c655a9477e40751dfba8ef709133130272f9b5673e1f7ff481b0a,ok
0xdebff7f62ccdab482da5b2a84e3c6d57f59969ad,1,0x03f7e7422e2adc08017744eef2f589a40233a54106feb2f099577a24e455f9b434,0x04f7e7422e2adc08017744eef2f589a40233a54106feb2f099577a24e455f9b434e820642338f0e0eecd93d981bda5ff4ed2899b24fe5c9404af2634c200d7c7f7,0xabf673f00a1ce0e809af670c7b8cc810f281f4efb4d2fa57bfb68f265a046372,ok
0xc06b212b9a033ff2ab2cb308f970408f912ce4a5,1,0x02c47cd728a2a64b1c25f873ac476deba80dc5ef00c6a86b11bdc976f94d702bc3,0x04c47cd728a2a64b1c25f873ac476deba80dc5ef00c6a86b11bdc976f94d702bc348338bc593779dff68722a0efd51589bdad3608f4363ee9dd99b19582a610e8e,0x3d513914856aa2b1fbd35e8048cfcf97c4b3e343fbdd60fb7340aedfa7f2ca9a,ok
0xf7b66998e0ed29ff788d148dcbf3d3ed7ccbca58,1,0x03d45860e03eac474c6300b73def28d2e2921cd9cab73ae19f0f84265b330c569d,0x04d45860e03eac474c6300b73def28d2e2921cd9cab73ae19f0f84265b330c569d7ff9dc84e9cdf0484d6f04920c2841f653979f7ca90e7db2535cbc8db21ba78f,0x7f685f7af5f47457cc175704749c2e873643e63daca5dad8849f1cd53ebe8201,ok
0x475e0f9f7731bd6911be429b15c13344002dfa8e,1,0x03a0b48ab5258212edb3371622000d0a92c5cf17d524989a2b0fc0b6d161e29ed7,0x04a0b48ab5258212edb3371622000d0a92c5cf17d524989a2b0fc0b6d161e29ed7ae7d9aa53753dfb3206d38ccba1fb76cf814b45571e7c862c37aed79de2f61b7,0x3099658d20b9a85b0b95be82c69af93aa2bebb3903eb0382f8eb6190759ca524,ok
0xf8af408c09773b093e3cdd850c9b559840e5ad1a,1,0x03f6e7b709622a99b5c40fe57a3ab0f58fe841ff3aaf5b2d17b65353759112ed5f,0x04f6e7b709622a99b5c40fe57a3ab0f58fe841ff3aaf5b2d17b65353759112ed5fcff3583d03ef76f1f3d9fc153108504056a2a369b50b3a08f1a0891053d02293,0x82afbb638b7e50aabc1f2f098f4f7ccf2e4240290662d8739898983cb769c362,ok
0xc43452e5a565c3432304b44851bb2201963b5741,1,0x03c783afc66a94b18602f9dc8740fe34cbc957c9208ea3f01aa7eb7538aee56982,0x04c783afc66a94b18602f9dc8740fe34cbc957c9208ea3f01aa7eb7538aee569820522e93cffb3a0eea5d5c665f85b4ac8babdfaaad591a9cf70d8bbda13e2e4c7,0x2555bc0672178b5b63398f9b24c26c18fd74e995dcc74060a41b3d4ed2e11dc4,ok
0x93a5a4b845c73b0a47dc77084087f8cefc659760,1,0x038a51e58b2871b1d691b8309151abb95492db4a5fc4cfa1f6fb4200a7c31e23b8,0x048a51e58b2871b1d691b8309151abb95492db4a5fc4cfa1f6fb4200a7c31e23b89e9864b9924e7d2bf21c2dc90447bcd8a7c05930564a7af183778ae20dfdd03d,0x55e042d17dfdc77392965a5ef78fb8fec63f120c3ca5819158b51aeab07e3db0,ok
0x042db6e899bc1417fa9ee7a3c9a71d874b07edd6,1,0x038f448c27065dc0dfeefe2fc4a68c3110e666f7b97964764a39296a1220dfc222,0x048f448c27065dc0dfeefe2fc4a68c3110e666f7b97964764a39296a1220dfc2220ff46f7b9257483756259472b963f6b47f943a79af8ac994bd95ede9a5782d85,0xf5ea302f4a761403d4ff731c4943c8ec5e7909a500e1fb27cf5556ef7df63b50,ok
0x9800d3a351a9ab29cab8c1e2ee422ac18bbc53e7,1,0x03a17903d272e5f55033f05574920f24a915f90fc78cd7734a5080bc5ba88081cb,0x04a17903d272e5f55033f05574920f24a915f90fc78cd7734a5080bc5ba88081cb7c3312fa87ed89ce85cbf52b9f460ebc3a26baca1efeb551ca69360f3e10cf83,0x7bd510b6591dbacc86b77314cc7c1f45c77ac97cd53cc337d05023e3b466da67,ok
0x1f05b8f1af98fc7bd36e1beb9f7656ae0e526a41,1,0x03a36eb773b9ff6c82b6b52ea63ed8bad150880a2f32787064ee4374ef47b399c2,0x04a36eb773b9ff6c82b6b52ea63ed8bad150880a2f32787064ee4374ef47b399c26f1536372b23c1e2abd7e1697506d5257294778ff6874ab63562840b27104255,0xf885811e47df47e54ec822cf4ae6f4b7b6c97fa139b6c358c011a2043647dc83,ok
0x571d5d068387447f659ef1956448f4493917d2d0,1,0x039b0457642fff9029a00fb490c8aa4f2fded3e64bcff441f282ef515edb5d4570,0x049b0457642fff9029a00fb490c8aa4f2fded3e64bcff441f282ef515edb5d457053a496e952276e01d51b05babd4be68b480e1c2d9bdac169c91d2610311e15f9,0x63d43ee090a10d1f2e91bd08bcfe186167d16d067152529ae3019ebc9f51f740,ok
0x5f4404c2a87d8a76e8273dfd34ac2e50c7db24ff,1,0x0393c777e9abdc4c0bd44e0dc6f8881f4d921bfc7b618244ddacd65dda1ba21353,0x0493c777e9abdc4c0bd44e0dc6f8881f4d921bfc7b618244ddacd65dda1ba21353645221706d77ccc0c20810f1a6a0a1a7d3278fa08fa618257b18c34853fe55cb,0x1887e95d94249d3af030d95336c361bc72c74508446eb586ed7e8dd308a98d5d,ok
0x5370078497fdb00204ce3289189962d392414f0f,1,0x0286176d34d9586982337ac97e30d1794b92b9517be85241dc23984fc4de80b9da,0x0486176d34d9586982337ac97e30d1794b92b9517be85241dc23984fc4de80b9dad41d69a546a67f3825a5fdd7d9e35d4cbc9b179f05166f76957d914938192a90,0x8ec839b30dc34b4aef733e068e19524e614943e4f4c2ce070dc19ea04ded52db,ok
0x00e1c468d310fffde5375851878205255ccccd85,1,0x027bf0c0b94c1e4c7bab06de798b8f4069dc5b50187d9afc09958629b9665b3196,0x047bf0c0b94c1e4c7bab06de798b8f4069dc5b50187d9afc09958629b9665b319610bf724bb1a8b6603858ae6a7f0f48de69fe6c9b11811737a9cd6c64e3847f14,0xcae07712ac2b2f6b935f346e1e414228c03c852d3ab8a7bc54a04680bea494c6,ok
0xb4b9abcd38430b6dc87a97d710ad480f1dc29940,1,0x02c54707066db8c69ee81f506799848af29ad3d01e567984d287ac631c2da8a7dd,0x04c54707066db8c69ee81f506799848af29ad3d01e567984d287ac631c2da8a7dd028d594819e253f4c40a70370e292ad9a1ebcab15b46fc7972766b18632e907c,0x015b5ad633ff83adcdd417f771624583e2ef8d8d0281473f512c36ed2aad3c29,ok
0x98cd569f6d480080e5d57642a9353f5c8ef2280c,1,0x02b0e816e36ecac4ec3d58db854c1d959c67d44a5d1dc8f699533c6f18bdbe5858,0x04b0e816e36ecac4ec3d58db854c1d959c67d44a5d1dc8f699533c6f18bdbe5858cb1dd2c4b6c51de374d2700dc004539f650fd0316e010785d7d6b287a03adf28,0x13791c91a5b40f818e2a93deee77acafd6751ce451ad4138fd0d0cb1400c7a67,ok
0xb0396ff285cf998297a77c5da18a1d8f68ca1345,1,0x03fdb4cc606b667209fcdd6f979560afd6e8d9fcd6396fa114cc52aee1bd4d6b65,0x04fdb4cc606b667209fcdd6f979560afd6e8d9fcd6396fa114cc52aee1bd4d6b651c20de4a13f1f1197b7dc98a00f51ab4c6574ba65443d28239919b4ba391dfa7,0x010079c4327c8f8a66be7e26c6e0334af1aa4cf89b4e223deb9de483fd4950b5,ok
0xa51223ba3f32c50d2d12a76b96e098309e29f2bc,1,0x02dc1a790bf400ed20d259fafdcd6075ff3373b9855317788aec5bfa8c9c415de8,0x04dc1a790bf400ed20d259fafdcd6075ff3373b9855317788aec5bfa8c9c415de87d5d85d8413e377f9134f6b25ca8b734b63261e6ece926684f4c0ec0367a676c,0x6b31549cefa0b1a185bcdc007361a9c11292931085f045ac80320f26e217dbab,ok
0x959de51d293aa775cfad14976148bd6c9fff47ea,1,0x03b27e1677d0e73e8bb47e185e3618b4620be9927e34eb5a6954881641ef6c8bc0,0x04b27e1677d0e73e8bb47e185e3618b4620be9927e34eb5a6954881641ef6c8bc03650ded8b6804123f6cb87da4ed6e7077a4522f6872f9eabd981082b7773344d,0x1bfc0a077c4d020a08baf86d39288a32c50f95524f72fc055f6b4e9d70dd5375,ok
0xc070b0b1c1cd63a601313f85e06d127aed048c15,1,0x0348f8768fc488438858a8138a4998d45194a1dcece89aa6ded509c4be09e62910,0x0448f8768fc488438858a8138a4998d45194a1dcece89aa6ded509c4be09e62910f72e528f222d443dd28ade8247196dc2ef2e67c109a8f252d84afd6de089e99f,0xe8c44ddf8d05afe8fed6a0d13ee1127b6e0472c2e244362d2d652b1917d07a74,ok
0x94410a3e82f3a7614f485c9d5b6b6266a168d89f,1,0x028892c22f3e2ee2e82280415e0d8bf1d5d2a996b666438596719e53bb084831d9,0x048892c22f3e2ee2e82280415e0d8bf1d5d2a996b666438596719e53bb084831d98067b2cb82aa0db9b5c4aeda5623c4f5e1b9a3ef2036722e19a77d2a43d373a4,0xffd23aefdb6ec846d6b845615223002f881555fca6dbf4cb8e32a09a7e6d23b2,ok
0x0e3a84b87098683e57fbf62443dc8944ecded2e3,1,0x02b3a9deafb60fc5d79a2803151e98a6febe92f2af2e92c70cecd6cadc55d250c7,0x04b3a9deafb60fc5d79a2803151e98a6febe92f2af2e92c70cecd6cadc55d250c73fde9c902a1b9207f38070f0637c6c656b0e428a5f2565490634849e86c84c2c,0xdb0faa3537d65d3a503a37a60412a7d41ed711bd09d05fd4dd6516abac595d6f,ok
0xa0d41310362e19396c41b7336e814e1c5f86a728,1,0x0270c5bb64d3a64bde7b44810ac57f2f1eeb2e1ee3da8ab237b01d6b7114440b74,0x0470c5bb64d3a64bde7b44810ac57f2f1eeb2e1ee3da8ab237b01d6b7114440b74bb16507c774a6248b4d22f0bd377fa5db30f23714924e2e3d4e19afd526e231c,0x8e0ea2cd2b521faec839d225affb063446fff1537c14a47ce96b6748635e2f65,ok
0x8e9a2cea15733ddc69e1021f78c74b9aba534674,1,0x039c5285ab84181a4e7ef3e3e07f2304e55e787bf347eeb72fa1f8fe826f911b0d,0x049c5285ab84181a4e7ef3e3e07f2304e55e787bf347eeb72fa1f8fe826f911b0d0270e72078345295bebd8459e1ddb220dc22f53303960de84f9ababc9801eda5,0x33ab167c59de43e2c1b209958e964eaac9c55656b84fb11a4079510d7e587852,ok
0xd5b33b68f7d041a98fdafc262780f6932da45203,1,0x03fa10ed7c355eee0d744239380d633ba7fe5fa347133192ed849de1de7e358915,0x04fa10ed7c355eee0d744239380d633ba7fe5fa347133192ed849de1de7e35891528c1c4a4512a8062dc36f27d7cc73a94bc1c55f9406676063f38bbaf5767e8f9,0xabcc5b5056dfc8f9c15be1afd7f71277494cc94b869ce869c25d900209102b64,ok
0x332d424dbaf2839e3cf3b53dd0f4cbc2419fbf69,1,0x0250ab8353a1acd04d844e7e8e0aca7c295f3ec6105f38ca0ee3c99e9eeea2dc31,0x0450ab8353a1acd04d844e7e8e0aca7c295f3ec6105f38ca0ee3c99e9eeea2dc31f43e701e6cdcef597f7dcdb6fa75e52d77a577e6c36e709a0c7ca3a1c6414a16,0xfde6aa39e9744d58a3552b1bdf4f1e779404a0a1d709084913cee57046059ae5,ok
0xb8568a35e6768e3cbefde35d2273be7c9d92410e,1,0x02b9adfafd799a583bad4a5c45fb981af5f7f460399c6d27df916ebf16eb5a67fe,0x04b9adfafd799a583bad4a5c45fb981af5f7f460399c6d27df916ebf16eb5a67fef71b5635ceb535f16cb286592214e4057464edfe3e8f28e25dc461a4f2022948,0xa1554ca115d93dc44f33af0c2b9b22b1daaa19152678b53d3046db1bd67b41c1,ok
0xac94e76c0f93fd8ad4e7a994249a8ebbf3393788,1,0x0395bb24e65ee26599488a4ccf318a2da7d80da78161a4172cdfe698e2abb693e9,0x0495bb24e65ee26599488a4ccf318a2da7d80da78161a4172cdfe698e2abb693e9087b5b0e3c11ce3de00901b92866d478bc0ba4efec01fb0df8dfb32c1e487bd3,0x0a981c199d0860773c63f6e4089495653216923b8cdc318177c21ad1ca6428db,ok
0xf208c75f3d2eb9c96dc9da90885a27fd0063d9bd,1,0x02aee634a2ea8eb17f2507887bf486ae416a8e5a66a47baacfbe23608717e31126,0x04aee634a2ea8eb17f2507887bf486ae416a8e5a66a47baacfbe23608717e311261605dd1279f3aa5f505be4d20e12b9e9e680e11aa0c10d1a207396d987889f34,0x7230946a6e2d48a03261504b21e776a2b337e0b62c3daaf58b013f069f6a4a13,ok
0x75ab62d21ffde67feb2f8bd75a95bfe957ce4497,1,0x03c8954a1467c10631adaaa3bafa5c8a1e53898e113c192a32db8dc61e72beedbe,0x04c8954a1467c10631adaaa3bafa5c8a1e53898e113c192a32db8dc61e72beedbe8f1c417610eb535caf48082cbe1454377787692033d7b6c88a6d7e0c8c7c23f5,0xfeb6758ce4f4ccdc4b051643542dbe2f64fec90473d3155d0e9fb09bc0e2eb9a,ok
0xe052d6fae1b7108bbaefedae4cf05b995256bef9,1,0x03e56c80bd3969fcff1878e9d54bec1c856b4439d60b0c5079161aff4fc70ca355,0x04e56c80bd3969fcff1878e9d54bec1c856b4439d60b0c5079161aff4fc70ca355286fdb6e2b6eb0c50d9fde86461227fc4cbcd147f89e728b979a29477ee478af,0x6ea645c173d06b51abfefe770a314631edbc345aa062c8c8a572afce17202bc2,ok
0x6fbd7d180ebee8dc0df0cfa83e3ab13023e22672,1,0x024e9b2f09b529252320b21145604c4e9c2917f73fbb5ff20478816cc2cb422c72,0x044e9b2f09b529252320b21145604c4e9c2917f73fbb5ff20478816cc2cb422c72d957c5bc23c1d31ffca89764c5ed1e9472d3c7d490e41505304955d40471972e,0xe3be229ae2935549d92157ed9548694cf07307bf7fb3941bc3559de2199a2d09,ok
0x50b4722535eb9a10be7923cde9b866b8af95b1db,1,0x02b2d111119931b49d2cc0929d31e6da0e65d32f6ab719b2febaaa60c90ac28a28,0x04b2d111119931b49d2cc0929d31e6da0e65d32f6ab719b2febaaa60c90ac28a28c0480073c9c76063bc5178aaa14907318e7abd038d0a308aa8bf92537a64b556,0xac47cd05f05e1363c12e364c6afc772cfb40e4b2c6225ef8d78225778c8b579c,ok
0x6549d6bf137e5f4989b690febfe0978c79cb0a73,1,,,,contract
0x57433fc82ecb36a98638a2affe648b433e41a3f4,1,0x022085d7bb21fd72d8e8f044f9cf785d8e52821aa9c450811711f54444e7765dc6,0x042085d7bb21fd72d8e8f044f9cf785d8e52821aa9c450811711f54444e7765dc6c93ce8021edaa4d9a30d0e03dcbfa597d2bd2419a1121330d1e88f35131a09fe,0xf016e5dd66c37e2c32bdc9bb77f8ee3fb9933c9a917a0400f9eea2e56452ba0a,ok
0xca1970e2a585b2ef2aaf9e9afcc01946015177ba,1,0x0329445ac8f9696a1f62e0a479c5a7d5a57041ac87b96f34838f410ee5343376c5,0x0429445ac8f9696a1f62e0a479c5a7d5a57041ac87b96f34838f410ee5343376c5443d413dae4078ffca429f5752dae3900eeaea50ae50234d3598d24afd71a2c1,0xa3e7909a1e803667f79683418aff1365caac264fce85b779de206eabf02b083a,ok
0xa45f9e51679c5a6825eadb0e93de568042fddb4e,1,0x0323ff0b21419814af641a39fc2993d6349986b40eae6cd73858edeb32af34a151,0x0423ff0b21419814af641a39fc2993d6349986b40eae6cd73858edeb32af34a15100bdfe55b1620609d52633990551d7a43118418c08fe9a075d2f4039f0c55c0f,0x1c408402b5ae0834875a554f848de467002fdba3ec63e67b7c05c2a3dddc47e4,ok
0xe5d8feb5ef28b01de62fb72ded6a6ff4c5913d7b,1,0x03a35ea926db5c10af726c3ff6e7e061d7ee7c4b7311f0fccde8feb4e75b140e95,0x04a35ea926db5c10af726c3ff6e7e061d7ee7c4b7311f0fccde8feb4e75b140e951f55ab58efacafd9f1da07255754b796c1e2439a59b50aa6c9e688f14f2c06d5,0x525dfb6706adefe0e389066004da2ce84fc626cdab0a6a75a4c770de67355647,ok
0x805ce8d7a670bbc6912df22c92d89c137fe49aa6,1,0x0214bf9bcea32e3367db68aaa0895e9ed7317c5da818a25011ef7b68c36a19e5fc,0x0414bf9bcea32e3367db68aaa0895e9ed7317c5da818a25011ef7b68c36a19e5fcf66588d1e98eab0826ae53a994a34164ab73ff0f268fdf8751037ce369e01b3c,0x15baa765e09b59ad91941f9690f48f86aa509b6e6635b98c6b03e165cedd3c8a,ok
0x59ca8afa16eeab752fc5fef6614ef2c2df993424,1,0x02a04e1ecb7a579db0b0ac807858a04af63654d27a50f9d6ac769f66b57f214b4c,0x04a04e1ecb7a579db0b0ac807858a04af63654d27a50f9d6ac769f66b57f214b4ca865f0b27d33ece8741b0c9cbb5d6917aa60d82b5cf8a9d499439df1b79a2894,0xda3505fcc1e09148ea8199f88c1172aef42af1b9e0a67bf44d59ae865c571dcb,ok
0xe4684f9ab82c160287b4ce2070ae7aa680341cd7,1,0x038c264e44ffdfb4bdc6f0caf41f56914e9c178c41cc4754d6c6b6ac71faf8c6ab,0x048c264e44ffdfb4bdc6f0caf41f56914e9c178c41cc4754d6c6b6ac71faf8c6aba05290bdcab11ac64dcff9ba38f1c5d099128880ad1dfb43d79e65e51897b313,0xf052cbac1a70cc911a81a61659c82e412ae612fcfb97259fd4fea9d9dbb57ad1,ok
0xf35d22a8a74523f0f9436238cb4e0925f9659ce8,1,0x029db38a4e84aec24975601c5736c576a188116f676786c30498f70aa1b3bc1204,0x049db38a4e84aec24975601c5736c576a188116f676786c30498f70aa1b3bc1204e7dbfab6ac43c3c428a897915e53c5e977f3fcb0f5b3d5b08781d9aef080a674,0xa61016a1770e01d84a2bda09c83b643f7f7391786b79b158392653909c1a5db0,ok
0xda3dbec1b2fa06e45b861d0241d02a1a2b368071,1,0x02ee1e3582eafb53a3e159cec9561880abebcd1a4a127f529a467ce9ab745a84d1,0x04ee1e3582eafb53a3e159cec9561880abebcd1a4a127f529a467ce9ab745a84d122026799c0ff2f387b6c5db7e8995411e72121a18e34d30ceb716a067500264a,0xf6e01045561aad846b26398ea88b17b830ffc22bf8de89b783b4d4e86b4df92b,ok
0x933b98af8322fb3cea23e68720d1520644b02fe8,1,0x02f33e958f1d3a4c2bae02d132a0b6170d79f51a5776d38f808d7126e274c0e6f2,0x04f33e958f1d3a4c2bae02d132a0b6170d79f51a5776d38f808d7126e274c0e6f2f597584c8443e1d2edc5e54b9f6d207d3f7495dd0cb6256215d71b8d4adcb490,0x88d19d6e6976458fb19ce85abf9b9613ae7682a2a3505128bad27f2982bc62ef,ok
0xd17bd0edb1b60e5af2797f4f60f756ae9f7cc5ad,1,0x027afe0462a0a0ba6822c51dcc3aefc480e6da6def94727dbe1b7bb1ca45e40ee1,0x047afe0462a0a0ba6822c51dcc3aefc480e6da6def94727dbe1b7bb1ca45e40ee12a1e8c9e4a2210cf77adf82b36f6a8f13e2a39710e1d3a22869b354b73d34638,0x925f67fd308135e773a5aeffbecc5ce7c1e5e71e4c3dd4b0303ce589d61b632c,ok
0x3b4db317b8150ddf1358fab34acbbc60f1099192,1,0x02cf28320fd32b40dda5efb7dab59da97f30cab823bc2228b7c0827fc044c08ed5,0x04cf28320fd32b40dda5efb7dab59da97f30cab823bc2228b7c0827fc044c08ed57201d5711f224756b488da9fc59a8a0b8897073237aeac6a9730e6342a724eda,0xaebd08cf8f291ee9c3537cb485734d87d5ecf8f1064a1ba34986f61ad2b58eed,ok
0xaa6fd0c3dd82e34b1a0ce7a526235336442fd678,1,0x022b3863525923e01900882824e56775718dc5f065d76ca863b675c80b667b4181,0x042b3863525923e01900882824e56775718dc5f065d76ca863b675c80b667b41812fb45f2ceec5fbc68a4a7462320aaff7786d41aef70618b6e770504ae834017a,0x9d5f82b06b85bc6bf0f5935bab35fd13ffe7cca3fd1777db8b53712fcf5687c9,ok
0x8e76515d75032060610ec0f518e63a8596e4f297,1,0x03c2cac3817637f1605c54f8d59039fe1729c12358ae8f8b4f4007543f488dfa88,0x04c2cac3817637f1605c54f8d59039fe1729c12358ae8f8b4f4007543f488dfa88f9b971233be77f8da98445d4cb9bb667dd6e3bfa1cef0740dd46b7b82c78f519,0x3eaa499e62c1c573a2a9530845a0a7ffabfff3d62cba2368b6a29dea114bab98,ok
0x71765085cbe3825e659e284b2b3f98d12634691b,1,0x03f6369bf5efce948e54d9cf6733def85bf0c3d51a6aed9dae7fff8aa4998207fa,0x04f6369bf5efce948e54d9cf6733def85bf0c3d51a6aed9dae7fff8aa4998207fa1fd6135cf83059db917a7a5573ee40fc1870345f9d9c8f0072bf92dc126fe50b,0x8745ee3879b006a4cb19ca3f1c7b8e4ed39b2832c1f2003e7b42d500c4a0b7c1,ok
0x9cfad4326eb84396b7610987eee45fd8236ddb30,1,0x030e35ede2749b925e6dc08a8bad2eea01e0c3a2dd5351bc69af9519b78f25b418,0x040e35ede2749b925e6dc08a8bad2eea01e0c3a2dd5351bc69af9519b78f25b418e09f48178bd4406f529b229f3709ef30d04f8520641bb0f9b77edc851075cad7,0x5421942b2eea8585c6297cbc90e0cd770e3fbec550e4b39bdb6bfe92420db4e6,ok
0x19a6b5640d25538df4937dd15a10673e7284fa4e,1,0x0335c34f35ad3a7a7e00db2eabd0f04c32d13d372357fb2c06affa51f42c56bc33,0x0435c34f35ad3a7a7e00db2eabd0f04c32d13d372357fb2c06affa51f42c56bc33f488f6a47b94cd30b167519c2a23ee62172523ea63f4671a90061a790521f2e5,0x6f26c9204cedefd44336229fe6d1da3b592a7ab88dd62a0a9c829193bb47f653,ok
0xd52ec343dd85c891ed12c5af72643ac115a953f8,1,0x03c7f6fc32e909778045fdbfd95bccf2d3af2eab0c937c8fa1a7e7c0cef110b789,0x04c7f6fc32e909778045fdbfd95bccf2d3af2eab0c937c8fa1a7e7c0cef110b7894b02b9dc8db60e8eca83f5fa0421c2fd6ca675a0851072eb21482241cc4f5001,0x8ac9c394ae6501e45a0d7304eaeb6e790c74ff9c994c8b81058d5a5aa7d9227a,ok
0xff87540854ecb8b44d6a83d8f79593485ce41f45,1,0x025792a7ef627e340a71ea13bfc035d34bb5c3f250577d0968b5d9f06c21ec98ba,0x045792a7ef627e340a71ea13bfc035d34bb5c3f250577d0968b5d9f06c21ec98ba1164179e9f3a40f98dac16f2733fa5d41c455634afd858c08a2e7eea3b211556,0xf8f2f5ee728efd2465fce3bce158760b1829844ad66cc615f78c8919638cc2ae,ok
0xb2261523ac2bd6d2a43631c6bdaf2b28729fadce,1,0x03efd6425e38cc565ae1c90ebdc3a5eba4d2bd98cec24a6c6d0a00fb9eed6677c9,0x04efd6425e38cc565ae1c90ebdc3a5eba4d2bd98cec24a6c6d0a00fb9eed6677c91182be8ef3e033da5dbdba75f1fe3a59b4bd2a84e7a5bae365e04a2672b6647d,0x019b97619022cfee78d1c957a487239c0d5c476b7c90d60ffe355af87a9c76a1,ok
0x45d148be06b4bbc1efdfc2b5b651097187294dc5,1,0x0313735d9ff3baff007d057910f0c00fdf3e59c266ea2a42f5d8b53e02ef27c6ac,0x0413735d9ff3baff007d057910f0c00fdf3e59c266ea2a42f5d8b53e02ef27c6ac399e09240538cd03f03c420757b5a9e875f46bdb031f83ddbf8dae4204781f49,0xfafad0634a5edbaa5f649d50ca5bf3671f6c69bd8f3f89bafee184d92f3211d8,ok
0xe0f768609fccbc70df0e08835dab319cfd9d6056,1,0x03b3d1e15330430af0db87e037f8c6a84903b2a71c9baeccf2be8a0c0a9753a4e8,0x04b3d1e15330430af0db87e037f8c6a84903b2a71c9baeccf2be8a0c0a9753a4e8225e5e1d666b76fbbef96c223d569057c85f3e6c44f62013a8b8cba464666cb3,0x593d4299aee2cfddfbedd7ade610ba9cd5b62e92db3a811e031ecc4829dde56c,ok
0x384ddfa6c479d775704ad2dc5755018c1e9ff2b8,1,0x0207b6b2a44b1ab97276c3e059c37b9df61926b3a75c44d0e42bc026bf8387a329,0x0407b6b2a44b1ab97276c3e059c37b9df61926b3a75c44d0e42bc026bf8387a3296a42a745ac5157d9e855c564e4ce88e38f09a7b15dcc7a85aa260bd427b65cf4,0xe730843d5ccedd539aa3472f2ab8a82538488c704045f19353c0414ab76a03be,ok
0xe084d7995253c06865da0803c011274aa6b6665c,1,0x0304fc2e27adf431fb4c6211b4c9664874f39b659315a7811ee2eb4d5fa4945634,0x0404fc2e27adf431fb4c6211b4c9664874f39b659315a7811ee2eb4d5fa49456342b5eccb756ce1fc39295c041f5149be4678476614a1ce6bc011c2fed25a00ef9,0x51ee7e7dae03054e2a5251602d634a35c177793112f669f6c93986e33028fcec,ok
0x3dcce5ce106c4cf8483c5dc66577bab5a54a6210,1,0x028b0a34339b81dc074aa00c84bc1b108fccf51c6eea1f24a3cfa280361bd5a73e,0x048b0a34339b81dc074aa00c84bc1b108fccf51c6eea1f24a3cfa280361bd5a73ee8ae0118cde527d9bab740e5cfa74f63b5c0b871b1917eab99e2139e23d5aa8a,0xbff8b133384fa3055a0a4dec8441dd18d4ab64deb5acddc364659da2f1706733,ok
0x44c19779b20d52ba098ea1d505735b45fca17a7d,1,,,,never-sent
0x15d42b8f8734ced3a0f1e6668be8c53b14eeb6bd,1,0x02e01616fb3bc67b86e29ec9c21e8b5526e7eab1eeffed0b054f0f4baec51bb7d3,0x04e01616fb3bc67b86e29ec9c21e8b5526e7eab1eeffed0b054f0f4baec51bb7d3fcadc28775c91fb0e7a30e86bd0d56f30c5e4b771c637a5299b3fe08ad89e64c,0x5e1a423b51bd03cdea7ac59a81ecdea2e523e4a006576cf617520f2b8895f229,ok
0xcf5e79db0e63778a3e81a2844f5b2ca61e6e8a11,1,0x025e3b0c7b926517dd603561a2d765321a535b5dfa766380eaeb31b0dec3a7e4a8,0x045e3b0c7b926517dd603561a2d765321a535b5dfa766380eaeb31b0dec3a7e4a82c77657ec231109d3457fda37e6a9dd33b6acb15b455e0fb9f12f7928ffa07e8,0x324c7572957f893c25f8af34a986aa096f39dd9d2066957e1aa9fde798b4b723,ok
0xca36c86d4454d2449124e7b6c82fe5f15ff317cd,1,0x028ec807bf6a4fec492acc663312fbf127d2cd45d4844ebaa123269d13380c657f,0x048ec807bf6a4fec492acc663312fbf127d2cd45d4844ebaa123269d13380c657f817ecabdcde4ebb67a94ee89bc90cef56dcb0b47eaeafd00dbbb070cd2da6954,0x2fed0edd75b73ced5c8c2cd1ff0b921e7ed49581374d6cc10538e830b56bbaeb,ok
0x26c0d5a7922ec3a91df9eef0869ae3a5f53fa491,1,0x03c319a648314e39c3db20dbc78e2a93549d9a39295625c4e20380fef65dd3250a,0x04c319a648314e39c3db20dbc78e2a93549d9a39295625c4e20380fef65dd3250a15892d04a69b8f087d9d8d9cdc0809507d4108dce88dd95b69603f4e7c821393,0x9f330d40fc0aa18235a960230d4eed56b7631e5d838eac7d68f1f703f08a5899,ok
0xb75aee5f7610efc98859ac7f25a323b4f1438099,1,0x02ae18a3cdd545bbd9f2ed09a771975c692e3259d2ca552a93379ee09f150ac763,0x04ae18a3cdd545bbd9f2ed09a771975c692e3259d2ca552a93379ee09f150ac7637bdfe1ba8057346fab6c3732b99075aabfeb16022087df0e412fa8e0e80ebd10,0x0b0bb1f197821795c6c8c4d75416d95141ca3e26ddab9f595ebea49ab83c117d,ok
0xc8ec4fefa1b81236e87cc5ad0bd904ce62ec22ec,1,0x02e9a67e60a69fb0171026855da51e657d6ea56e6629e29e02bfe66500ee0399c9,0x04e9a67e60a69fb0171026855da51e657d6ea56e6629e29e02bfe66500ee0399c94e784c3209d5a316f82c6d4bbeb18b90182cd2f43676c98736b1ec396163d184,0xf619144f6ab5245c84c0a1fc19b75f38a5b8c180f7190f14faf2e545de270468,ok
0x2253b07830fd80ed164ae84ecbbdd1d6266c1184,1,0x025c46f822ea68e42112a43f935d4d2e1fd042db9b438c43e266d38556e171feb9,0x045c46f822ea68e42112a43f935d4d2e1fd042db9b438c43e266d38556e171feb9d913b42b978056d313761446c2c7585724eb05081a6d724ae7ec7137ea0f5e74,0x830b9d3f095eb0c69cb86109155230a125e7af8101bcfca62ad66e79a76f9b8e,ok
0x4baef3190235c0ab06c2fa0f11408f69e9d611dd,1,0x0398fd8f57d8c937be69e425fe1bc348b5320621bb13ab8018efbfccbdc5188c90,0x0498fd8f57d8c937be69e425fe1bc348b5320621bb13ab8018efbfccbdc5188c90592bbc089bed6be31d94a83d0bf68efc32f7be42fcda6dd6f044f8b3f325d8dd,0x1345552e28860b5a9a8c741b7736ff575974d3b1506c43f8ec5d9a61852d574e,ok
0x840d6cf4a07c3e2d1a8a814194805e18f3451528,1,0x02770b41bb62eec5415fa5256721a786f83bd5ba2830fcf03783e042cbafda28e4,0x04770b41bb62eec5415fa5256721a786f83bd5ba2830fcf03783e042cbafda28e44ededb1b72e76fbfe9c515043c28e636d4d6500d5440520678202cabdf8a2f4a,0x143191ff34c502e1ee712672cc5971795ecaa91cd0ab8f96645d581f612e8b69,ok
0xa61f331d025097e2d0c6a8f09f55c88b5fd42b7f,1,0x02c9446fdbd95a4325f7d0288330d2e39d5e7e03fd83cc1e839c1fa32968bef0a0,0x04c9446fdbd95a4325f7d0288330d2e39d5e7e03fd83cc1e839c1fa32968bef0a098ba7b72a76df1e26b82799356cc83296c849f1e6cc2dd1432980503185d0760,0x3fbd9874e378b0b4d7e69b8f136ec1bcec2d70ba251cfe61fb4b1a4d726df158,ok
0xd8ee449a9102bcc35463dd0aec2078946609c43e,1,,,,contract
0x4a2a39b5f8f098951ae66214af8c9b8f5d73dc56,1,0x03e75211a7d76067ecad75f4f6a7d401c9ab9e36e3e70a8d59f4097317e98c2c96,0x04e75211a7d76067ecad75f4f6a7d401c9ab9e36e3e70a8d59f4097317e98c2c9640024d4a693ec6fdc1a1dfd27cc44dbd8bcfd6d1244ed65f63e2f4e3d34ed40d,0x275c43e42800168d53512ac6738089368e9b62300a14c37e6e02cc88f8f1e019,ok
0xa488a97abed3b9994af2d54d0698254e054b1764,1,0x0214d5f0a57d8ded0bc6f3882f4735e22e27cfdd927dfbc70c64825f16797cf635,0x0414d5f0a57d8ded0bc6f3882f4735e22e27cfdd927dfbc70c64825f16797cf635cfe03cc0429d6d282ca2ffe78bec2d2d5cb3b8af8440f6b53cf56496e9f0cf36,0x488c67c3b26a58867f08b180e4e99fd75f44e316598531f5557434a8dc430e53,ok
0xd82b4401ea96eeec60371c4f65f4f168344efbcb,1,0x0338902217ec739bb35a0098242fd5f035f61ccaf8318ba997bd41538d743e9b9a,0x0438902217ec739bb35a0098242fd5f035f61ccaf8318ba997bd41538d743e9b9a050454c3bdbe420a148d6b44c5ff55ffb283f25e37b20ad96f9d9cf7a78a0527,0x56fefb26eb43cf04d6d7390acde3f33945e1b5a1ef7534a7582577f1436b9e47,ok
0xeeb5a4b0550171864f8e174885996c8e093e3a3c,1,0x0259ee04c9bd8cd81080bc89af80da64e7418fbfd75f63c9d36431a677759320ab,0x0459ee04c9bd8cd81080bc89af80da64e7418fbfd75f63c9d36431a677759320ab87480d9cd7612e80ed78bc511f81ce4f22d5966424d33a483343be5c0c288138,0xb8d584824ce5df01d4d19dde1c26bf2e7928baf53851efca13e296be7db6ff16,ok
0x751edb20b540c76511f9507f6b7d5051424d12f7,1,0x02bb6e7bd5c08f990d760ecd33f6bc61eb4accba02b4fe0037d5d5fb9f1524b7af,0x04bb6e7bd5c08f990d760ecd33f6bc61eb4accba02b4fe0037d5d5fb9f1524b7af322fcde66ee54ad172085370d3a76a3f27332b329eae6f02c60fd62448bbf3e8,0x8656eec3b678a29865ea7a417de90989a4a1b3cf90cb4afef53aa3a896c81b5b,ok
0xd5c075c8a04ef537e3fb1f9240a2f9022eff391b,1,0x03716505e9f80d0f8a9701c2ecae54aa1c2660b667508a9ebec0b269e4fd3eeb30,0x04716505e9f80d0f8a9701c2ecae54aa1c2660b667508a9ebec0b269e4fd3eeb30f9701232adc975dd6f6e564488ed493d2785f91337cceac4805a6b1434831d6f,0x701de7e7c52e7ed3b80858c46ae50950ca6d45b54c18eb22522b1d94cc7fabeb,ok
0x2f55b2b9449b88c900b26c7329f6698a5fb93c84,1,,,,contract
0x526cda4a7974744e03322483e89c0be330b0cf53,1,0x0285db7033ff9fc71a54e1afe41a4c6b1d4cfb485386358d97d7dfb16fea9d02ce,0x0485db7033ff9fc71a54e1afe41a4c6b1d4cfb485386358d97d7dfb16fea9d02ceb96680f53fe93003a6204bce4501054de8af99c25ed24db7965c63b079f5d854,0x2f991d244696d1b4a563707048fbea2390e4b0d9b7b5a467b7ea8ddf2433f022,ok
0x9838cbe4fe9a8f8d28c3290d29944c837d007470,1,0x021f331600bb766651d9a72c3eff195258b2ee4e0b10c7637854e9c340ff41964a,0x041f331600bb766651d9a72c3eff195258b2ee4e0b10c7637854e9c340ff41964aa2976926bc3cc5d0ad724f1502341dd68a42423ee1bd810bd6f02eb122ba8198,0x67cfe953209a7e18d984ea511df9d3aee798627b4c4f0bda32e68b8841f170eb,ok
0x6c65792bf216f86117ec00f5b4433e06b7a31ad1,1,0x02f33335c1c6dca2c1e4ee3ef1f7d1efecba3fe695b47c017a6f94698374d45990,0x04f33335c1c6dca2c1e4ee3ef1f7d1efecba3fe695b47c017a6f94698374d459906e56e00dfbd46f82815d1a902865b25d0ecca15a03f07ffbdebb1861557ba12c,0xa64b544c7c0275d77f2fabed79bbf7501e35fe1dfdcb60aeea2a2b285f3abf98,ok
0x4edf2f41b9dc4c7ef8dd7d9bf35ed5310afe4cb5,1,0x036783410a33fc5c9b01c7abece33330038d78b97d0875c8ba8b709843ae91e228,0x046783410a33fc5c9b01c7abece33330038d78b97d0875c8ba8b709843ae91e2282019d64b40b495b052221ecad73b01838486ed5bffbcfe39082e67027fa50573,0xa32b07c1f104317eaeeaec64e7a9259b31c103eebaf41d3fe16c5d0b2db27bc7,ok
0xeaa57e01f1f29a0a57244381bdcb21977b2fa4f0,1,,,,never-sent
0x081c85851b625cf956117c57949f79677b8d9153,1,0x02afd313e9d91c1f8ccf88175a5708e6fbb5df2a5d51f8f41497e7f31d721fc1ef,0x04afd313e9d91c1f8ccf88175a5708e6fbb5df2a5d51f8f41497e7f31d721fc1efbe1d73ef2399ea66c0de2c5b8ac3c59abf460801fe09c3adb554b4dd9e81436e,0x80811482f8c5ea1ec7611bbdc18bae03a52237335d8e96784d761b1dfff1b381,ok
0x22c4917238020b65e88d7deb08fd727c9449ebc1,1,0x0277b4555794385d870e78de74197aec85455776968972481e3243bdb7441111ed,0x0477b4555794385d870e78de74197aec85455776968972481e3243bdb7441111ed034eecae8d2da7133d9028b2d4fd19d99918d6f57623529e6869fe039003a9ee,0x4ebabaf24cc8265d947aa128dbdad4d78bb4a0c270bb53afab3be8a7b7312fcd,ok
0xa6722f86479fe1697462fc731c1b62d42f64bb3f,1,0x020b2720851f6b177184a47a3f66949fc4fa46821722e526f838f234b8bb8a09ce,0x040b2720851f6b177184a47a3f66949fc4fa46821722e526f838f234b8bb8a09ce25076844414dd79a7cae9dcc80e0c4e8970f6f2c4c4bd33e67e2a839693ed6f0,0xca4631ba4f0c370a43f137d206eec6974fd67ea11a5430d192d60210e9f1be06,ok
0x6e8206dde51691af4d81965593ed5aa5d77f65b5,1,,,,contract
0x093b5d09a0394f31c43636d1701971158788b867,1,0x031c4a2854371589cc61e77e38b6b0794f55aef88df59739dd8fc91cd4b286d38c,0x041c4a2854371589cc61e77e38b6b0794f55aef88df59739dd8fc91cd4b286d38c64829dadb764adc930c0a017cac86688b4462c7615fc2379f0a01f70eb342bd9,0x67b74d3502b0809e270b350f003a2584cf3775daa612a78c242763aecb64fc5d,ok
0x33d448ad828822e2ac517ddef66ed5d68a507b60,1,0x024e005e0242411381c0b8483ad19243382ac08dc25fc6ec21b8defc547a6f64ea,0x044e005e0242411381c0b8483ad19243382ac08dc25fc6ec21b8defc547a6f64ea283bc93c7ccdcda1d3d82d3c030e3371e934e6afbd51f0eae845567055ed08ec,0xabb3a9898e7a9e7d1e956f30dd0d1588d26c8747680e78b9736bb30b076573af,ok
0x4aec68f4c060c990d29c224d3dfe883d2a1d78f7,1,0x03c0662a8b9476de7226fbc6dcfa8a5edbbd937d1402e6580663a83c7ac9aba0f4,0x04c0662a8b9476de7226fbc6dcfa8a5edbbd937d1402e6580663a83c7ac9aba0f49666066fc427e8308691d8487a710a57e671918f9ff455d8e7cdbdcca747097b,0x505dbc22a87ee8b26f65671f2c190d9a6534df9bacf05039910ba7364e30bb72,ok
0x1c24dee717e4fc83780d2a851e8c57a1fb4460af,1,0x0348395daf2c3fc87a7d4e166f66e5d15407e64f846f60b82a59b0a96fea2934b9,0x0448395daf2c3fc87a7d4e166f66e5d15407e64f846f60b82a59b0a96fea2934b9e8af44dc5385ccfbe982cd133d540c3025737299b41080b12f2ea18bad24deb9,0xb0c0bf14b90c00bbf8d05c0bd811b6d97d6131cd30a8a2c443c2dcad29d6fd07,ok
0x08d6191bf9548c41d1deb3b00ff70a7539b45841,1,0x033d4bcc2458bc5f6d5dcdbe224961ce5eb63d0843238493a5e3edc111a24ebe11,0x043d4bcc2458bc5f6d5dcdbe224961ce5eb63d0843238493a5e3edc111a24ebe1111482d3ffdf4c233e4125d7464c600ac91c52ad2fc6980fca648830610008503,0x7dcce660731d44b6150c80af09a79fbd62e482df8f0151029c9380e9bda9726d,ok
0x84e73ec8cbb5ab7d9f1608dd3a25906d139b0da6,1,0x03f51b924c6a7d75133fd7a2b9e07a970f2aea381456cda213ae954fd330636720,0x04f51b924c6a7d75133fd7a2b9e07a970f2aea381456cda213ae954fd330636720cc6fe3c83631bc350e9b4f68c5a4d68d6e01f44f6624a668a862c6a9994b04fd,0xd9f99a5f4de267eeeb187926351ec67461468e23e9c4fb2cc67e1c9b49c39a76,ok
0xab2ef2a9194ab546d500bb360edf3947e992e993,1,0x0266d418c06d62269430941b16a20d9df5145a43ce919774ca650f7fbaed1810cd,0x0466d418c06d62269430941b16a20d9df5145a43ce919774ca650f7fbaed1810cdb258e7884cb9a1e6a3abf555dce31e8ffb9976eb9cd55d6152e0aa5122682cb6,0x8c2c4c7f927504a4f21a8be7fbda42a16dbed249c68677e61e374d7567500999,ok
0x1a051cdeebca41653ca71a092d13dd5897346455,1,0x029a4627302201b3650f971bb09cd7699716e62322b8738f806070f0d78de06b07,0x049a4627302201b3650f971bb09cd7699716e62322b8738f806070f0d78de06b07505b830b63e307a39843ffd745bdc1e482aaac179823fef78431800cc3921b2c,0xd2874d269f9c84037904f0d188df5d711614d8661cc5ddd18f33d523f418f80b,ok
0xc179b29da6bacb953428094015a08b29f1f2f4e1,1,0x03439e44083d4f6ae320f5f8dc1890b279ea18cbeef57aa660ed33c8ad5c7dcfc5,0x04439e44083d4f6ae320f5f8dc1890b279ea18cbeef57aa660ed33c8ad5c7dcfc5cd9dd771f2aee5fd453df1df9fcd8918a1f7f00e4499db19d3fc6739647afe85,0xe05a2dd27bb145698c9a83227152005ced04e5d33c6b5a82b768757a739578ac,ok
0x4ad6380c039d201627e3589681a0871906f03c20,1,0x0341479fb412a4e740e7c6f51ecab54577acf5e11e504b1d894d0fdf837fe31742,0x0441479fb412a4e740e7c6f51ecab54577acf5e11e504b1d894d0fdf837fe31742bd2b974cf19849c04b1054846f7a86521d635e9cd6e269863ad26ea9ade3ee2f,0xbb88e2b7c2aadf56a861d7bc38ebfb7ae4b3656b8c363e86df1076ff120d8f6e,ok
0x69b1543d55c5019512e941cd22bdbba50f1cb1ea,1,0x034f4214aacf0c3cd639a3c582ca91fd48dfa0465be7d90591d2a3073001069372,0x044f4214aacf0c3cd639a3c582ca91fd48dfa0465be7d90591d2a3073001069372eed07106f0072fa1291104de8008293c07b639947fb9a780d65037b6736afa13,0x44c48125d8d987427db8c1072ba897877745a435fa4e8c742142b562b91adc99,ok
0x726aef254930a65c31535fe7aade86bf760a9894,1,0x021c224e469101059c623fa00c2e1feae4c82b4813b956ec331980d30f453965d9,0x041c224e469101059c623fa00c2e1feae4c82b4813b956ec331980d30f453965d9ab184fc5fc6d7e34ddf5ab0a090ede58609a4f7a42624bf2f59c7ae2e2876b68,0xc5ea573e137a2d9d0eae5185dfc3fa977b6bb7510c33abc6ea18bf17137737da,ok
0xd488764a1039642e2c5a2641b0a309526c51ee68,1,0x03bcdb2c056e843cf6cd0a5c88361a402bb7b168cb0a7c0e713bbb89c3cee33946,0x04bcdb2c056e843cf6cd0a5c88361a402bb7b168cb0a7c0e713bbb89c3cee339466b7f3cd18f13a3b3b20c17f890a690d2d9d3035f0ef41735cd9bb7a56065c37f,0x25496b036ef1d059761166b4715df6b91553619d47102b598251b8367f565504,ok
0xd54c751db16f9383e964bc0fc816e443d17ee687,1,0x03c7447889fa335ea4977a01ddc9cbe014df1e6df245cf4024447c35f8339a9888,0x04c7447889fa335ea4977a01ddc9cbe014df1e6df245cf4024447c35f8339a988880d0280ac081c11d9b177740822207bd4bc3dd27423c86dfaec6ad5399829727,0xf083bc436cf223a102b50e2f8cd3dc7d33c8a945a512a1fb5db7ab53a2272b70,ok
0x7d95d724c44675526383ef0c69b2745e251fd58b,1,0x02284988a80ad632e26bfc6a0c0d28b2f68d45959ed27fac800ae909a0fc7f9867,0x04284988a80ad632e26bfc6a0c0d28b2f68d45959ed27fac800ae909a0fc7f98675467b34bb2a7c7a6398e4beb09aa1ee6a6985953f92d24d177ce0c1c77fd2846,0x2b2143c580d0fdb41a26b5ccf89883db10100c6f11f86bdce1ebc473e2b1f4cd,ok
0xd0d004b4ce867785d9ab4c684f0497680aa7b6ae,1,0x023a8d6ecd4b3a76351ddc47ca8f2fd91f89a06eafae4969e97063af5144fe0158,0x043a8d6ecd4b3a76351ddc47ca8f2fd91f89a06eafae4969e97063af5144fe0158828a53379f22725695d0ed12a9a8082edaf5c14f6f796f02a0af8e22990115ee,0xd2d1ac8267b4941a06beda108104a0432f1ff4fdc5a49ac65c36911cb5a12852,ok
0x1a8d83ec4b1da292f1075a8c81b50a8948fcca28,1,0x020752885e60f73ca60326c8b9fe62a9d95eb4ce8173837034d3e6698fbc2b8ba9,0x040752885e60f73ca60326c8b9fe62a9d95eb4ce8173837034d3e6698fbc2b8ba9d639f3818958b7e50129d60b5569ad73b54a6a576af7fc16042d40da00cd4c02,0x5eae57c45553ff230f01255eb3e254007af134abcb1df35c77d1bfc03fc1bd2d,ok
0xd84e11bee5d555ccd905817cb8cbbd5b6e6c4f0d,1,,,,contract
0x8d55759ad1d7d56994979c6a998c59ddc92b2241,1,0x02df8b8d899d4b07be36f54315801559698e18e37c16b2d973ff2d654c94082454,0x04df8b8d899d4b07be36f54315801559698e18e37c16b2d973ff2d654c940824546a4442d66d428af7a6a715031cbf58709006756c9bbd8cc4c75146ccbaf967f0,0x02de2f524805d6cc20926663617705b7fcad1d07e27ab0ed14d135fd59e0ae57,ok
0x2d4eb91cddea03a2a55ccca343147eca764076e2,1,0x02473208c4b74819eeb47cab55cbe40a9ecf98ee34472c7aee47d870c06eff8930,0x04473208c4b74819eeb47cab55cbe40a9ecf98ee34472c7aee47d870c06eff8930d24b236ea7b43c7db86b21c26c1f197fb9f3a1cc9e4398f61c0e7732892013f8,0x2c923223fee28606bb049a4d2190adf289d742b8e1d2ca29b8423e0e2199af40,ok
0xfa757f172cb42ff70a1ec309b08027c06e9c5663,1,0x03bc2e6ad1601ccc4e4e75b9eb17ee2c3e4443f0ea410e2b0a99c89b4c91931495,0x04bc2e6ad1601ccc4e4e75b9eb17ee2c3e4443f0ea410e2b0a99c89b4c919314958c1af8a408ff9372c188a9b603fbf02a8492e8735ae493769cc5c5cf26a1c739,0x7488a6d8578cf91a905b4c4e8eead25006ff5560a439cdfea4ad167980956e1d,ok
0xa0eb44b173af64f2fdb47c7d76ff3a33e04103b6,1,0x0396b16294c2df22d04f3df48af5fffc1a1ede3325e0da8d9a51806deefc629e5c,0x0496b16294c2df22d04f3df48af5fffc1a1ede3325e0da8d9a51806deefc629e5cb596f5ac6ccc93db7233e7371cf602f38e4fa8b83a32f8c31e0fe914dec5f92b,0xf876afbc612f312b0ace207324a774182cd8d7fc1c43525bf415c0e3a0559a48,ok
0xff0c9ab27ee4bb684f5dbe47a80c0adda1eb4c8a,1,0x03c52d3f54e79302169b721baf271d3a3e2b4e54c874f0a676e91537c1253c853c,0x04c52d3f54e79302169b721baf271d3a3e2b4e54c874f0a676e91537c1253c853ca0d1dbe5beacb8c74515f1287ea396593d896b10eaff41f10e7a18eacfd4a5cf,0xee323ad5968fc4d98b75e07be21bdca014af6246c8a40199280a26b52286f9b6,ok
0xe0d7790031ad0441a04cd72f792d76c830f604af,1,0x02b22298e2ea14c1eef7dbeac3e0a7350616f93ea3ce6e5d99493426b9641170d0,0x04b22298e2ea14c1eef7dbeac3e0a7350616f93ea3ce6e5d99493426b9641170d0c570133bda502abe595f15e4aca6b0cb309ea299e2835e03f609e7389be29e30,0x4faffb2214f4f995015a16cf7b613e5b52aa2b0aa89c1ec01513d0f4a56b0c1f,ok
0x6f0d7d31f8124621a91c7d27803f60dbf54e42bc,1,0x020b0d19b2460235637954e6eb6d1c9471ca6fb469c73a8bf7712c8efcb31b7a06,0x040b0d19b2460235637954e6eb6d1c9471ca6fb469c73a8bf7712c8efcb31b7a063817adc4ce27199a71a339abc817992b0d8ee34381f01acb6f53dc2170fc247a,0xec0e12275a105c5605775415f011f3db56b42e1d115090b27116e666238c65fb,ok
0x66a3b167f4cc8376ddd42109e07649ce7bea172f,1,0x029122b044275bcf30832f0f55377ec44ac6af3d9c18acab009e2a92c498c8a567,0x049122b044275bcf30832f0f55377ec44ac6af3d9c18acab009e2a92c498c8a5671471e5d5e398051af2d25c0f3d5cb76a26c6879a23455bb4d0b37798fdbf6a2e,0x89235a1eaecc3cde4e4e78bac6525b24108f0e8bd4ee242af23eb9953bca1e7e,ok
0x0ec0e9eafbd1f92f75b643e2c9a98f792770778f,1,,,,contract
0xd9d3d871989bf64f708779404d6c1183c51fdcfc,1,0x02494335e2d71465ea038046d5f74a9e9ae84cbdbbcdd1206e5a7e6800d880dbba,0x04494335e2d71465ea038046d5f74a9e9ae84cbdbbcdd1206e5a7e6800d880dbba95334604c7b08bd1e7cf0d3a9205b70d9f14c414fa3f322f8fc35ed95ed24666,0xbcc98eff84aede7d49448fe3899eb758903c2427be5b594b8e39d80a3099cff5,ok
0xa635391d4ede1ca7f41333a6967a94b475980cd6,1,,,,never-sent
0x492cc9c6a51903342babea13797d328f188361d4,1,0x032265696ff9157785720c89bfb904f5ff4a4100eaf58b6d48158bbea4f168d537,0x042265696ff9157785720c89bfb904f5ff4a4100eaf58b6d48158bbea4f168d5376562b916c85c1638e044191c192624507aacfc3daf2ee6f1f14cc3f5b3fd9687,0xfcd01324640c6946d849266b8f06f4d729ff313ff3e0db2ce22af08650b3f51b,ok
0x9d092b94222d18d7d86aef37f2067ba40a98562d,1,0x0359bb637dba99a7eebe4a53778a7b7dfe8991b43be36c7d15442678d0f6b02d97,0x0459bb637dba99a7eebe4a53778a7b7dfe8991b43be36c7d15442678d0f6b02d976c1a8ffacc7f3c8aa8312ab2c9ac996498da1d8fbd4acf4da7936efb17a6b749,0x5cb626962c74c70939c4f8788ec826dd7794ba0a9f965bfb15ecc5d1fccb1159,ok
0xbb99b5de39707c270135738a15d50f734e9447d0,1,0x03b7b358e8f4f137b709c96c6a57fd43607d77a0d07435eb42eebdecdbf0129173,0x04b7b358e8f4f137b709c96c6a57fd43607d77a0d07435eb42eebdecdbf01291739674cde2bbdd791e5aad79823717dcf0c0a7739c2e48547a02f0869281488c89,0xf09d69bc5acc71cdb7cd3891a014e7af1cd4f15feb544ca3b712517a510d7584,ok
0x7066c5dd09c219696425814939b70f76460b9ceb,1,,,,contract
0xa00bc3a74d12c76dc6513a7f01e07c3afa0917b0,1,0x0337bfd0fb034f977cd1c0c78507d0ca07744778d74a9d0dfb9871f8ce701ed6e2,0x0437bfd0fb034f977cd1c0c78507d0ca07744778d74a9d0dfb9871f8ce701ed6e247b02e4274a9661af70b0adc757686045cfc6df39687f27694af267f3de1551f,0xa7a361a366515ecffdfaa6255f0839a2c08925909e3f0d1b95fb64d8813ecbb5,ok
0xa7abf5a7dd2d9b031870fdc9b30de47810626044,1,0x0228db602646315cac086f16d3d0c90e45a0261a752277e204270c6f0b64edce72,0x0428db602646315cac086f16d3d0c90e45a0261a752277e204270c6f0b64edce72a5ade0623d8a8018e1dd8dfc86ed21dfe99f731670213b1152f5dbc4ccbab6e8,0x5f895a0c2b0de3f93a0f271234598f5d79b4fee87e67ba1e79741e73bd563d3e,ok
0x53c9ff3aaf6710b4c03ae1b33bded47934f5d179,1,0x026fb79d94c80f8b29e091c145593f86ec90b4d4d723bc4a3ad99071aac5e1d1c2,0x046fb79d94c80f8b29e091c145593f86ec90b4d4d723bc4a3ad99071aac5e1d1c2fb24b6e81441ea7abe0c32cf140e2aebfa7a42923644f9a7e91f4ba152404f4a,0x31027080706ef2325df0ce48165b25b2598ffdae2227a58e35ffde7835bada53,ok
0x44cd1eb889948cdb00c2b18eb5d064acab745735,1,0x03fecdf4ce6c240c2482fae414ad1b5ae9e84d96935697ec496cc33142e588f3cc,0x04fecdf4ce6c240c2482fae414ad1b5ae9e84d96935697ec496cc33142e588f3cc1e0eef6e7630791be823afb380bc41dbfa90fb3cc2c753ae966efb0a0e7e2787,0x35b68a8f2351a17eae1457b2d9843c2dcf6e033e13a802966c703302fbce88ed,ok
0xca87bf61145c9b862435dfcbd50b5033e809810d,1,0x03c3594448cfee6d7bb10ebe5664f66f10ab0044c1c67dbb6fccfca6d4a9d57d0e,0x04c3594448cfee6d7bb10ebe5664f66f10ab0044c1c67dbb6fccfca6d4a9d57d0e7928e1d77dabec50524bc3eebd6444bf0dfa601aac96aead6afed8901fb160d9,0xb149527489fa5914c9200b295d13a12db945c503415593a6b76643e6344d824b,ok
0xab9d7a020bbb249cfc801c435b2b281c1a3b9600,1,0x02853cd22097b4c58e46850009be60bacf777ea077cd249ec35ce4ddd77752be6a,0x04853cd22097b4c58e46850009be60bacf777ea077cd249ec35ce4ddd77752be6a10a35b9ff598683bca7f17d077a8742c5f4abf431efb6dbc82c6fae8ccdc0726,0xcc7ac5968d789cd5cbd8b53001958db70471118044caa711da419ed08ecbb47a,ok
0x79a33123730e5bb2c8a849136d9e8ef212ed5689,1,0x029514d115fded9119432daa38bed9350980f034428c47bb300674f6c42399f001,0x049514d115fded9119432daa38bed9350980f034428c47bb300674f6c42399f001f2ade7aafa7353d6ebe3c5036a40df2063511091e99e3e1c7886e72c6fed52aa,0x14dfcf9c1f33df77fbb43ad1d9cead3e9df47cbfe4b317e550260194037b1e1e,ok
0x25fdda95197f804316f5ba8dbb66ac173ee19981,1,0x03a5a57622d03f6e20964039936d79c83a8754b9bc77693d1253843d21a1dfaaa5,0x04a5a57622d03f6e20964039936d79c83a8754b9bc77693d1253843d21a1dfaaa5649a61c6a2b4cecd095fc15b03766511948764120c5129a94f46b98bdea65dc5,0xaf793785d10eedfde07c6c8e11001dafa5d9bd5bd6ccb982dc2ad7bd8419f001,ok
0x863d939b370987add7bc8b0987bec65df880e083,1,0x0296f296efeb0718a8a6fd2c24049fb52838cf3e684e96e1e554354bd7ace5b4ae,0x0496f296efeb0718a8a6fd2c24049fb52838cf3e684e96e1e554354bd7ace5b4ae58cfa95a77985c5e302d8911e682e045c217327c6d2bed1e3d8b59124d9f16e2,0x823d1e0389031e46bb8e6b59f604acfd23c0e04f346a9a7ffddac292f1c90763,ok
0xea043f4ec06e84ca3b01ac1954aa1448de6e6626,1,0x03a4f2f0909c53853bb1a64b5cba82681993eb9a3ddd573d7d907a7348b0508019,0x04a4f2f0909c53853bb1a64b5cba82681993eb9a3ddd573d7d907a7348b050801927bd8a0fb149569a2326a8eb37975e348b9237e4b3b8d44a484587227fe30789,0x18081676134aa238b382aaeb08ab51fb01df1127079d48e29fa6f90971af4698,ok
0xde8185c1248040da6ee6d50fa732ba37f518a69a,1,0x0373bdd5c397e26736c2647a87b8689882c4172043791ec08d62fcaa45cd7d2e89,0x0473bdd5c397e26736c2647a87b8689882c4172043791ec08d62fcaa45cd7d2e8950e0fb9a174dfc3ecc7e1e5bc4bc31572bfbf983c766de77170aee301e3b9eab,0xbfdf42833710f8fb13d00ae1da91040bf02b4c0eb082713950741b65b93d8104,ok
0x1d4f1956dac510fdd89bf7b5b1bed4349fb94796,1,,,,never-sent
0x0056014b7016a0944ab677d6faab0c3cee5c1e4e,1,,,,contract
0xf53656409045312755aba5a1d6d62307e985e050,1,0x03abf556f4bc3c47478e666bc4c9eddc9c547e8e43474f81fe0aefd4abbafce66b,0x04abf556f4bc3c47478e666bc4c9eddc9c547e8e43474f81fe0aefd4abbafce66b7015193e8d486d3164dc36bdeafd9d873618c6f10fcd1fea43497bb9167d1b09,0xd41daf056018139644487f7c48e609d57fbb58bad08d33d55319e044e0911532,ok
0xbe101c11307e144b37425bea30e2a3f099dd89af,1,0x02bf470a49ef79b79f473f845cce7318cb079aab5d78c4e1b6000199a4899e85f9,0x04bf470a49ef79b79f473f845cce7318cb079aab5d78c4e1b6000199a4899e85f9c278434b6df845fe33efa0f76821061f7544f10080f2bcbb4d906ecf9f27563a,0x7cabe1d345ae3d11a18302e40118612aa201630b6f3e8089ef204caadf1aa1b0,ok
0x699cbaff72c68aedf50205cf113c8866e6e267a8,1,0x0265f08993b94e9da993f7dd928c2128f8906ea8c89fa752f31925817cbe5f0570,0x0465f08993b94e9da993f7dd928c2128f8906ea8c89fa752f31925817cbe5f0570d62004d03f0c274efa6e62d730267c3fe36e3e0cac651b03ff896bd1a994221a,0x181e54d4d90d53c707ae56da3e6db3bdcb6fac60999dcd1f8adbf213c1fa3241,ok
0xf056ef29c9bcff688049be328269b62cb5673365,1,0x037a85ff05abbd63d551d400df76665a8d2641a3759ebbba1f058ef1b10e43579c,0x047a85ff05abbd63d551d400df76665a8d2641a3759ebbba1f058ef1b10e43579c7b08809fb7acc7bf771a2e920b119f4becd97e2d2faaa451252de46fbe6ef87d,0x9a600582d75e0bc36f0bcb4d15068120ba6f0120d2fd6aec63f174bb04c0a5c4,ok
0xa6a653042c6e71d5a92005dcf8accc2f1ff2f541,1,0x031f8595938c19fe0895a9e7658be16cec9afcb915d5363709e95b2105f32991b7,0x041f8595938c19fe0895a9e7658be16cec9afcb915d5363709e95b2105f32991b72b21d61701e291a07435c74c47c012e64ecf04a6372062beac898c7bff641673,0x22490bfed74983814a98f88bbae528331c66a2831bbfec1fb55d7caf1f2810e6,ok
0xb1bd45d3c935a1f0bb8db81846fde8f02f785301,1,0x03de67ea83962cb701c0331f3b08d03738b29ee5aa24cc9f87778fb2c65531fb09,0x04de67ea83962cb701c0331f3b08d03738b29ee5aa24cc9f87778fb2c65531fb09a1ed87c369292491fecee8ecb6ef6b1f3919c0db17b044f4073ea608a33b3e31,0xfe6ebb7d93e15ed4e53f815dcbe4e379d6dba31617973a5621810d5de31ee1f0,ok
0x3927f1b51afd205311bdddeb5646c4c6a309b2b2,1,0x036cd4977d6869d2a639af9d6f371364724a4a23429e98e60746e92941b8d2a2ad,0x046cd4977d6869d2a639af9d6f371364724a4a23429e98e60746e92941b8d2a2ad17557fa9c9ebd8676c73166db146c5e577282a0658a530c2b0689af9ea4837db,0x879ef229f3008060150040eb58b6702640a858803541ae96ccc24c52779d1027,ok
0x3d506335a359dacb95936425ca1e22464ea26b0c,1,0x03aa989c21c128ff4a0a392893369894cb29fc2de42d090ab461ea4d2ecb79e739,0x04aa989c21c128ff4a0a392893369894cb29fc2de42d090ab461ea4d2ecb79e7391bd6d9d0501da8a18acb74b74c8011580cbd5e10da62259f9ff938ce59ef7765,0xaed09b9f76f196f5b3469bc1486abc31beedddbc492a053cfe76d695a7bdb06d,ok
0xb82e429b48c19a6c9bc060d10ea44a5f5684fc69,1,0x036babbbd32f517d46b22109a0bc31b95aa29afd45fbeb8ec3d597c997268e69d9,0x046babbbd32f517d46b22109a0bc31b95aa29afd45fbeb8ec3d597c997268e69d97a071f5d82b3fc8b44fd01b79ed58de804905ddf5c4f9f16849c855e56edcbfd,0x6854c48f378ce74f51467e93a7b42ab20cd8b853a266b5e2684abc216a9316a5,ok
0x35bc9a4f1f9e52f5e316f048b4dc1e86fd2e0b15,1,0x03b9553c7850db1f6cff454a20edb1799b3587f1d0f5027b033eaca8725d4030f4,0x04b9553c7850db1f6cff454a20edb1799b3587f1d0f5027b033eaca8725d4030f43312324aec61bdac80ce76e056ca1aaf4ed3c5db0cfd637684238ca588f2f40d,0xf011b3d4e745cfcb52ef440883afcd2984d0fa83fa5749c65235189421e14eb9,ok
0x9c023ec9779b8a37301aed493c76e93e1766f1d2,1,0x021e1a8a91b0ea69a577c34d9de05a34eb047692c0bed6a781b9da3090a19894de,0x041e1a8a91b0ea69a577c34d9de05a34eb047692c0bed6a781b9da3090a19894de81c67dbfe2bb9d7806e46cbe72c2b04b1f2cf29cabfeb3aad620f935e5dbbcb6,0x1023a3567eff3f46dda8cc5944ab25289a25781a2ea02cbb7a1001b4f1e83df4,ok
0x34543aa177d10f4507014409126e499e28ac122d,1,0x02abae399e148a2137bf88b19050ca3e62e70f29ad901d234e2c348c13fec5985d,0x04abae399e148a2137bf88b19050ca3e62e70f29ad901d234e2c348c13fec5985d3b10e2512b817df84cc47ee40961792bf29d5ff73c7414728a4a60e271c07020,0x68a7c1cc6fe01f053ea5d40ee2d00e73706c92f78dfc1033d8ea22246f950f61,ok
0xd01ebd3ca22731029ea20ec32dc75420f9554430,1,0x03adb6fff62b01a806c9b7d838e331e7c26a35e9d49cbc0dc50543eaac8e9b8c76,0x04adb6fff62b01a806c9b7d838e331e7c26a35e9d49cbc0dc50543eaac8e9b8c76af2c09319a64d88187125cce72e5bc47f46d2613a125fd220ad94aafc1f75f8b,0xed1736ce114b076afbf4e3db2ecb287c2c7153784dbd9cd69cad2fd2fa81538b,ok
0x4f3f2765b7652b9ad89066f213a275e033e014b5,1,0x0264c28ce975ecb9c6a704508d87110202697a18b6fdbb1a6f268b234403220b44,0x0464c28ce975ecb9c6a704508d87110202697a18b6fdbb1a6f268b234403220b446906b1a0abca30fe7398467825ef73b091097878439b10a527e25039df7fc97e,0x760d9fc9a752de7278edfb0bc0dcf6be7a8aaddacb0ded3347608c36fac98187,ok
0xc18c01fa47ba1c86db3d27035e7d734640662dff,1,0x02240430cf0ec215925678816fbcdb14ccc7ecb7f8d02eb51af168e0286914a7f0,0x04240430cf0ec215925678816fbcdb14ccc7ecb7f8d02eb51af168e0286914a7f0f19623989c8bef423d987ce9a7fb801a78b6bbf87888b17a52034af6aa52508e,0xfda9f97f5dd04a55892afb99c10d8ec0388d83ce134ad5e6063ce2137dad77d6,ok
0x15e16afc91a4e75c370fea1df428de289fba8e28,1,0x023a6a6e9d67dbb6b8781813c65c1e608cfa40c3bd540109fecb966f18822c8eb5,0x043a6a6e9d67dbb6b8781813c65c1e608cfa40c3bd540109fecb966f18822c8eb51fdc6a406cef907874cc97f959e8ee9c5b5192e4019493c04a99a80dfca894a4,0xb5554a2ebda0248eff0769b99264a0b43b533587564b4f0fc859403baa12c975,ok
0x9873083e5d9685d7a33a0a7cb7a53d2198b687b8,1,0x0305b4c57b4376ac6bed6d9854705f4daa475fdc847afe875e34e6197ac0c92f06,0x0405b4c57b4376ac6bed6d9854705f4daa475fdc847afe875e34e6197ac0c92f061e5a99643e95034dbb2bac911f8a2da54910e15c4069d3d40a7898eec907ad63,0xdff2abea64c5058c9414f6da0209b9d30f8171a3922756c739b8cb4d6db3244d,ok
0xb04d3bc06f93f881251067d21c28ef9ec71d469a,1,0x03d4c0ca7c41bebde040430034fd9652da74f05036a7e0c711a2690e07977bc577,0x04d4c0ca7c41bebde040430034fd9652da74f05036a7e0c711a2690e07977bc57738847afe0985a0060a95f57989a8183c43715f62834e098f3879736aad6aa889,0xccdea9b52286fb89a83a99bac9049547b9904e5f55728ccfd8b7e243e87db0bf,ok
0x78f77f2828a9d4c41ceedc401f1b44792584ef0d,1,0x038c9eb5ecb0419e617a68894ae126b5b8f72885c3919722093cc225aafb5cc3c5,0x048c9eb5ecb0419e617a68894ae126b5b8f72885c3919722093cc225aafb5cc3c5a17512fceda9554a5947a102e3677b2661d1be00ea68ec6cb86222f4ac34a459,0x9a847fe9200ff76331b4ed0d3b9635363d30d56ff78ef2b854afabd31ab8d19b,ok
0x71f191fca1b38e85fcbe2afa90aa3590164677ef,1,0x02c006cd1e384d6f0ddce392465f434266054c7a07b0817b350191a25b26964e2b,0x04c006cd1e384d6f0ddce392465f434266054c7a07b0817b350191a25b26964e2b64e73fdd9f394bc40b097fb081728787e4da1a24158451457cbd908b09c85b70,0xefe5422b009820777feedc95fb10ab82137985b33400ca5a597766af27b0a215,ok
0x5e7dec5eccb1d1d94a222155f862cf2280755963,1,0x0348f4f1e3ff4ba5b27cf2382a3e3f1b6868d6d8497d8ba7f9b51cad42e4bc2192,0x0448f4f1e3ff4ba5b27cf2382a3e3f1b6868d6d8497d8ba7f9b51cad42e4bc2192a84b301eff6d8aa1ac53ab1d56d938565e1572fbcf094d99b3b6bbadca1efb91,0x1f7d6d117c451d6b4cce010927ac5a9829cd7247ff8e72b54b9b5c6b332d7044,ok
0x2bcc224349bd1ce4297e93dca447c3441a11675a,1,,,,contract
0x364fee0b3846ad176a1007348b5f96ba350a1aae,1,0x03134ae70af32d276a0cd58c1086e914275a539cbf21866b0a66aa69df405261c0,0x04134ae70af32d276a0cd58c1086e914275a539cbf21866b0a66aa69df405261c0cd5c7b58ba12fabec0f9139921325ce3b2142360248cc82e817ea1ec06632ce9,0xf151b0284caeb503e8f8ed66117a81df5ce93360d3035893f0c0469cbd08a26f,ok
0x45542a33143816b6761199918dd63ba1fb0cca9c,1,0x03c4eed8f5263c48762f37ec57729763bcbe2edc7ca4945e1fc102db4ca534e7fc,0x04c4eed8f5263c48762f37ec57729763bcbe2edc7ca4945e1fc102db4ca534e7fcfd8729c2dd2ffa4dd1bf45af4cb923ff7d8c72cfa0e5dfd3e94aa9e4ebd20173,0x0393c88332b81c88720320063870bd8b4cef6384c0daba9274d463ca45c06a25,ok
0x8810dff59abbc5cca0332a31befdfac67f62b058,1,0x03719e0542cb98e56aaa8da39291aea37c2100e7eae08f5c5814545de179f23833,0x04719e0542cb98e56aaa8da39291aea37c2100e7eae08f5c5814545de179f238330df851f28823d6df70c50245699504a1f9b31f1fa3dd9f38959ae02d77d75341,0x0aad0c433d986f2e5e319cc5e578a9bc7e1b8cb718be1043a9555a04183891e5,ok
0x58c771b054edba5cf7d771c0291261ae50736513,1,0x037399d726a2c32303cecf27c43dc71d60c1cf731ca67b62de6fed6dfb302ee8f1,0x047399d726a2c32303cecf27c43dc71d60c1cf731ca67b62de6fed6dfb302ee8f1d7bcf9652a5d314d1cbb10a9b9d7d6cf52c6be7c9fafa915d954f92780c4a355,0x98b3ec28281a5b0c83f01ef984e07025f0d9d09eb200fb38d98e9caf9a564d7a,ok
0xe4be79212c6babb0e799120d1aa76f69fb480640,1,0x02d99c8b978ba7ac1852fcfe344921f983042e3e4c63bc04eb6ed1bff77296ca23,0x04d99c8b978ba7ac1852fcfe344921f983042e3e4c63bc04eb6ed1bff77296ca231a324c7e4ef9af299a107b525ac627cac7104c50519c847147baaf479e702e12,0xaf2f6583356fe3bcc747ba06c9e492c11fd10a681adbf15a60edc7889e3de8fd,ok
0x20ccf69a0da19a7b0d01b88ecfd4ae89357bb7f8,1,0x03dbe127e724e63d7196577fa2464d57a12302be1cfa54c0aeb936bb463633b102,0x04dbe127e724e63d7196577fa2464d57a12302be1cfa54c0aeb936bb463633b102574ff376422439fac0d266bd9606ad374831c7d7578e1ccc62b8b6374cbae139,0x0a0652ef34b6d787cdcb4c6d6ae05153b286e1256d053209ae2a98b70ae6c76b,ok
0x699a10cc674059fc190549aeb8859d80f2e1ed4f,1,0x03f8fa5df16ef34eee6d89939a6b293f6d2a536e57cec947c5ea0cda6ce6d6141c,0x04f8fa5df16ef34eee6d89939a6b293f6d2a536e57cec947c5ea0cda6ce6d6141c0ee69bd7468cf33d2067121008d35c9d86459c1e3e0071e6261efdaad3778f3f,0x4f4d648bf2af0eb2b5ae5665d1be50d66bce2225b3bf16ac939eb3092575c1ed,ok
0xd3b668c16a87fbb6d02ae95020318326e5451f9d,1,0x03a20a9710c09880afa2b19b0df05f0bb680b375813a271392408b972bee121184,0x04a20a9710c09880afa2b19b0df05f0bb680b375813a271392408b972bee121184ac88a32c57ceec3756f76b87810e6ec73502d15cd9a1294090e4d8f777b02895,0x79af8ebc50af23459f4f8866203f43c4b201316319827af3f41de9c4d4247c67,ok
0xecab6f71d28e8248b46c87e38ae1b1bfcdab6a9d,1,0x0385f1c60d2e352fcc842af46247865cebaf5b8fbb8b3f5124e68db90f535ed874,0x0485f1c60d2e352fcc842af46247865cebaf5b8fbb8b3f5124e68db90f535ed874ec17a92cd4896f89ac34532540a831eafd4b4efc16c671b6cf2900d7a4182aa3,0xdb5caa622ea26adcff4c0cccd6f4871a96f71493fed6bbb48900af1a27ff5ac9,ok
0xd47ddee846f658e70f3d594e1013c25fa23c2a4d,1,0x02d1dec88687aadc8ae494be25e811633036868274e409d7ac3f69135a66f08f74,0x04d1dec88687aadc8ae494be25e811633036868274e409d7ac3f69135a66f08f74a2ee65723b374f4db0a4c73e8418a4b8b92fe553ab86ab2143e6a7bf41e6a44c,0x4648aad25a09e9c044b951a0d64cfc0f27898a6f67a2e90756eeecc04f7a7a7f,ok
0x1272af347a362e6f9a8578b9c46197946833ce11,1,,,,contract
0x61e459299af32bf042d1d72ffbf6de47c080f362,1,0x033f05da22a7d07695e88561309eb11a1dc61bebff6b6d8ea97e0239edfa9806d9,0x043f05da22a7d07695e88561309eb11a1dc61bebff6b6d8ea97e0239edfa9806d9e491413ffe65bfe7a0bed2ad947a62c9f090a6ceb7f623cc0b20b06046c4ac95,0x8f9d813594b9e3eb5e3eb1e88f568b9ead9b33b5b0a613666dfb7702f9d7e2f0,ok
0x688014377107d31922caa1c8f70d3c7ef18a0ad1,1,0x02169c82a05ab407570f3710e95c8da0acd13bea32a7b8bd855334db38480528f9,0x04169c82a05ab407570f3710e95c8da0acd13bea32a7b8bd855334db38480528f9b7afb9fb983873b35aabbdad9b9f5ae50bdbeb86a511b1c4b9edf8ca3d79bb3e,0x249c25b5581cf496735db241fa19b70acd02a4704bf85cd7c37ec5b3c5436c95,ok
0x0dd51fb6bcda54203056e9666299ab9cd453ef82,1,0x0326162445bd043cafa6f2b1aca6a3c56249bab4427c9752201df249f739675b44,0x0426162445bd043cafa6f2b1aca6a3c56249bab4427c9752201df249f739675b442be30803438b49c66bc1edba5658d9a9f4fc667b9d71e8b7a74f146417df0451,0x0a778cfc975fcb38ecbc5cccd3369ebe07e01f2f55f972d23491a00f412b63a5,ok
0x673288671d8c6a64c4263befdfd5de869ed6d6bd,1,0x02ba8a886e069e86959a622392e22ac3088cf157da48f378bc9394d206ec66a9ca,0x04ba8a886e069e86959a622392e22ac3088cf157da48f378bc9394d206ec66a9ca28daec743a15edff3f0437420634590752bc6291724fc815a561ec8eed03c892,0x5bcf78b56d22e7392ab6ca9637437a7f765a9764fc88a3c17fc7e8ab863e7f29,ok
0x63c627563f228efadaaf46f098945928cfb78a93,1,,,,contract
0x3646b1f4de6065a5546a3640428ca416d7a3d1e1,1,0x030280c61c8b3f463bc0f050122956bba150b82f121441142f12d641d1b26b7c14,0x040280c61c8b3f463bc0f050122956bba150b82f121441142f12d641d1b26b7c1474de305cd7fe4c5e82921ab479aa788dd903856bcff4d0154494f4d6c1a0a9a7,0x65315fed576a27d8c23275c6edb8683658b58e505fc910b05bc0a41ff8552981,ok
0x5731874698843e7086c565232a61dc1ff3437fb4,1,0x03ad564823e25e0cebf3482d3e19fdfc37713fc3898b22345dd554e2c953ba0846,0x04ad564823e25e0cebf3482d3e19fdfc37713fc3898b22345dd554e2c953ba0846d9dee9d883d3cedbb1ac6a5a2ba3ce08c3a4ed10289d109f7258ecf36dde5b0f,0xa71ee60fe058b180b84e4bf02a8726614eea24e12d1533b2f6f8cc7ec88356fc,ok
0xd327c01dd4a10249cba328913684276698d4bfa5,1,0x02da2e657a196e38f44208ffdf6999d149af4d77ce4f526d94390d699ad474dd84,0x04da2e657a196e38f44208ffdf6999d149af4d77ce4f526d94390d699ad474dd8401181882d81111aa4e51b3f5ebaaad015cf086534ee1dd537dfff06288fb3cf6,0x29956b3edcd00f92bc9f9fd54fef18ce77198fc76f51c288bbfd86e2d957fcd0,ok
0x7f1b9bd14a0cc46d45a938c481b1910d6584fcca,1,0x03882768b5467ba9139bd265cf7ad709ce43bde8d4f0f108ac5a4399416b70512d,0x04882768b5467ba9139bd265cf7ad709ce43bde8d4f0f108ac5a4399416b70512d53ffc2ec0b4dde6d58fafe70e9b008e0a70c2ab3a292f2eb4d690010ada1a4a3,0x7b3ad575e495c932244d58d4aedd81ac100ec6bf66ee428d015e1471586eeede,ok
0x80c3ea7cdbe81fa33df114c69094e682247ebf00,1,0x029128dd0e610270b6f2e18c7f5a9ecbf710bb8113d7396bb07eba7a79e4d16f42,0x049128dd0e610270b6f2e18c7f5a9ecbf710bb8113d7396bb07eba7a79e4d16f421b20efb0b896447f0f5ee31496f53eb2b70a0ccfd1a572f96851787f66fbb120,0xba70d089ac6142856235201204319645b5442db9384e0116eb06128c6879581a,ok
0x5b5981163384080573e28b5c3e05b5ba59d71944,1,0x033429993f46b9be59fcdcd6a1f58dd08da40d43116d2464ed6a548ab712d2fb95,0x043429993f46b9be59fcdcd6a1f58dd08da40d43116d2464ed6a548ab712d2fb95de25cccb6fc2c89a62dbb8cdc10fef7515e15a6532926fb49ed434c57c6498df,0x14dc89c1ea0cb2280db740c6e246183b73dc65db1a413e424dc113fcd9b6e299,ok
0x73bda9df93b078d8606f47ffae189db66ddf0b52,1,0x0263afb7aa7eec2d26add3bd5eeaade51f2d0ce723ec5f3393b1ca6bb87197f46b,0x0463afb7aa7eec2d26add3bd5eeaade51f2d0ce723ec5f3393b1ca6bb87197f46b77e69024540eca9ef973e77bf2891f2c5a4c81993c5486a03bd403a5515d567a,0x67aab88b32972dfef6331a44016fce8f51ab91ae98bc07b5829465559fe2980d,ok
0xc021ae19a8e42eac3f9cafec5937159a4395cbd1,1,0x034c0e9218a3395e820ff9f01b284c6f6a70762a35344f333f3cd1f1f87adeb5cc,0x044c0e9218a3395e820ff9f01b284c6f6a70762a35344f333f3cd1f1f87adeb5cc0c99b80dc8be819d0e347d9f34209702f9657ef08db25f40313b87051a26fc4b,0xf4fce0421dafeb9a6a52e483ffe583dca2ff280ac56bc8217ce7aa7467f8f84b,ok
0x67fa73e8cc5f67ab017f68dcf213bb74dcbf9e6e,1,0x027f414127dd0dffeaa630339fc7548ba63624acd2ce5166a3ebfa628440e14a52,0x047f414127dd0dffeaa630339fc7548ba63624acd2ce5166a3ebfa628440e14a52810d2a739698cc90b0a9eacf8639a46cd6258bc7e5ce8bd16b065f8cd00f7dd6,0xa181ad151a87c1e27a37761a3278725bb0ef7b3280abc7cab715090a857de725,ok
