addr,amount,pubkey_compressed,pubkey_uncompressed,tx,pubkey_status
0xd1d26e8f7c71781fca279fb8d0a374fba9431193,116,0x028a3810af0aae1b439633ae7f9700c5a6b113fecc867df3cc4acdc29e2315f574,0x048a3810af0aae1b439633ae7f9700c5a6b113fecc867df3cc4acdc29e2315f574f431df9a5dc8eeb7b477782d6614f12cdf242b8e9fd7a19d1a422fb0a0e63abc,0x588dbe68e04d12381419c07669cf4cf98bd42b4208e67fe632fd9b52a8deeecb,ok
0x0bb521bd6b2a0eb81a0750e0d78c50917323d958,45,0x03eebe489ab903ff4d8d611fe1d23c748ee1940d63823ee1fed9644c75d064456c,0x04eebe489ab903ff4d8d611fe1d23c748ee1940d63823ee1fed9644c75d064456ccc46464ed2ca666ec121ca2685eef46952e667c8b50c5e8275523ce394015883,0x8e82441d88216345858edf8938c2bffdbd5845390cf93950d42bf4c7086d225c,ok
0x0ccb2e9fb6fd9a0cd52369c82b1fae2885489ece,31,0x03c6e7fc4a328ffd0998f0b393d9e551cd6a837213295190a09c8be716d800c4b5,0x04c6e7fc4a328ffd0998f0b393d9e551cd6a837213295190a09c8be716d800c4b5e246e606d3cef3dda8df81d4b9f27dd2f059675f200fbac47d8a489dc642ccf7,0xcaf505354019815af888c0dd0e3f3842818de0527d3fbe326a372bbf35ee4153,ok
0x1acb0bd525b02e48fdbe96baf4ea366d7fd32aae,24,0x0349857ab5c6b960dc35a15faf1b7e49a0f2c5e08623538b1ed82c187dd80662fe,0x0449857ab5c6b960dc35a15faf1b7e49a0f2c5e08623538b1ed82c187dd80662fe3efb64fe041c6807a382010b065c9506ec52705a42375956627f0beb7909a47b,0x0ef7be8478c43962eafc447a6b1e17ef5d20dc79392a167b369c5296fc4e95de,ok
0x363deba39c26918594aa8c0319293fa50be031af,20,,,,contract
0x4d41e3565e5772ddbfe07fbec98013a688920806,20,0x0310e627304188055ff9131a6c76251ac55292d4023e5b5e44dc14d3ff4306c1e4,0x0410e627304188055ff9131a6c76251ac55292d4023e5b5e44dc14d3ff4306c1e4111ad4fd0146a76d8bcf42f0baa7315b815b2323769cf615ab83800e3d576615,0xf12ea86bef1b36569117ca450ad826bf351c38ad44fffef454126bc1281d41c4,ok
0x9eadb4c0e373404e89b8916aa295b9fd597a0d91,20,0x0301cb31e24750eadc6ef5a564f8e236b2f93d878a0c796dede81dcaf6fd4be7f3,0x0401cb31e24750eadc6ef5a564f8e236b2f93d878a0c796dede81dcaf6fd4be7f32910185b3e3765abc09fdb19088d0341c1c0833e75c896d5890e188b2040d541,0xe5a8e93ee5602394e4f56697792de0c7a14fe1d0ab9aedeacf4d26bd362a798e,ok
0xf1f08a5996e7790a58b251c5de3c78d755c103fe,20,0x03091b880d98cd1ab94e519884799df03f5c128d92a34d9b1867ed849704fd7838,0x04091b880d98cd1ab94e519884799df03f5c128d92a34d9b1867ed849704fd78386d51c957da9a945afcabcea56bbdd5576862e2d0a84e1ad3238c791419f7f5cf,0x0076648245ea00e7dffe0446c2e5a968ceebe3b2df6183b8e9947e43acd1b863,ok
0x5ebcb20bdea4364b3c127e919192f3734e44c132,16,,,,contract
0xb549e9891c7a2a5081305a003bbb02ac2ce308a6,15,0x035ba515eac7cf24109b272f85e73fae3a3614015f255e7ba0cfabadf57475a25e,0x045ba515eac7cf24109b272f85e73fae3a3614015f255e7ba0cfabadf57475a25e478a85b607bb8e6a64eea2c1e22e8767ece056c8ee00d3c89d422edfee2ff669,0xacd409cf645b63e4f2e89c03f58dcf7538d1e9ce40bdb2d419cd841be974b782,ok
0xdeb740e652bd1411bce53db7a9caa7b93c4a8a9b,14,0x0351f5ed823f6c8ffec8b56c7813cc943d00c575abc1efe028372edef5ecb1f6cb,0x0451f5ed823f6c8ffec8b56c7813cc943d00c575abc1efe028372edef5ecb1f6cb8f035aedba02835eb3788b55e8f1c16b2f30cd76c4b5157f7a8f45896d966b45,0xc49adb0d07e95e6e17e535949303633f67e65e783e88278f3dff8996aeb080f9,ok
0x6984abf56f07a9b77f9c86505662df02abd18ca9,12,0x038263ff4b97534078d0dff2f7a25f2354ed2c766a35a8385c2443076e040e8804,0x048263ff4b97534078d0dff2f7a25f2354ed2c766a35a8385c2443076e040e8804c5043006503d535ecb94ad5589a4264a7633026698b019ff6165fa50cd24e7d7,0xefeeaad789274fd738a341d9df6a711827e32a0ef61ce4af7ffc77620845773c,ok
0x1c0d75faa13ee79f746618833689dccf27081b0b,11,0x0374b55a59a5f15364c3ed7ecaffd9f630f288f3388b3351d46232aeb3ad96c099,0x0474b55a59a5f15364c3ed7ecaffd9f630f288f3388b3351d46232aeb3ad96c0998397f8ce32a929ced72060f4a184e04b2e960754b80ce8c4bca293426fefb6f1,0x9d2504c7c575f121e13588c324779cbd48e009d07141175f5ba655bdf8e3bcc2,ok
0x391b87b1e72d6743e09aeeac7972adf06e42e8c2,11,0x03fbb4fbffb0a94b5089aa9977a2178e00298bb772cf9883e304248a1da1594bd3,0x04fbb4fbffb0a94b5089aa9977a2178e00298bb772cf9883e304248a1da1594bd3e258fd790bf7e86baab5150f9f103e7a7a9c8bc90e4a2a5aab4ee5eaa8ff4561,0x3febfed8f99c2da81fd63ed8980a026b695e6e0bf6001909c6d3b980ba1c0337,ok
0xd7941ba4c875569f7730d28c22a7b3ce62a1d4d4,11,0x03dbdb21bba7d3efdba99c0303812c6edcad7464136a0edf0b9ae5a3ce8d95960b,0x04dbdb21bba7d3efdba99c0303812c6edcad7464136a0edf0b9ae5a3ce8d95960b364304784984ff9900361472b0c621e98b3ea173c23d803c408ebf345843f51f,0xaca49a35cb5587785fa0c450f68acb4955828cc10373e914f28e51ff72c85d0e,ok
0x1fde2e8657f0ef39f2fa599f8718ece16a750377,10,0x036099f1b12daadad324e7b9ed0ae8c6202e9d580fd455a64400610c616575bfb0,0x046099f1b12daadad324e7b9ed0ae8c6202e9d580fd455a64400610c616575bfb050e1eb05afc76c47f60ba8bfddc6267496daadb0ade4ee19ef20d2038bf55a01,0x5fd164473c233be3818d20d08b734678ffb217bc38f359ba81cb05c6978c4aa5,ok
0x2296604466f30e2f308c6945d6320a5b2636b2e0,10,,,,contract
0x28d97add070d26e55c5e4a5f863f1f5fee7621df,10,0x0352c7ef67c6a190df80319f1e64b13daabf601fa12154d852a262f9e8623594fe,0x0452c7ef67c6a190df80319f1e64b13daabf601fa12154d852a262f9e8623594fe4ee08d2c32844c2afaa2d7b29cd035302f65c3d9efb3d959366c9d1bfd5a54cf,0x2af3ad12bd3dc4d31fa9f75f985add1dc4f96cbbc5d0ad4d0542975c3d52b7ea,ok
0x32f1e28b7211ab43024c93fba05bf1b8a10f6a8a,10,0x02cc18e98c092c84239f625ca979245f72bdfaa6de40c65299bea8d294a5e22237,0x04cc18e98c092c84239f625ca979245f72bdfaa6de40c65299bea8d294a5e222375493176866f1aee95f48e868544a370ea835ecc19f0fcae249606f0bf8cc20e6,0x75a917d0fe2ea4048bab1e8f9c19d9e2c8463adccb4dc9cdb22743a0d73e7adc,ok
0x3eff592ba8a49f915e38b7274ea4ff0aabac8eff,10,0x03b5e260f5e4f0dc51ae035794017aca32272d9afa60a81ffeacc43a0733a19dfa,0x04b5e260f5e4f0dc51ae035794017aca32272d9afa60a81ffeacc43a0733a19dfa508d48fa6f2f890bdcc6a23b7057465b993cb7e61fb4c5133feb19407c0de67b,0x6e216fa28ce416af2e1387d5a09aa934853a73dca0bcc71bb6a1452ae314b5a9,ok
0x477dbec58bad6f6318ca70aff2d9953ba3b4dcbb,10,0x02cf57c05e15c4366e7dfb3dedca6f77d8f40ea220b03f41ac71982f0eb2ed45d1,0x04cf57c05e15c4366e7dfb3dedca6f77d8f40ea220b03f41ac71982f0eb2ed45d1a294c7451bd49c9881262a51eab784d0632d0fbef936e82607c730cd91422486,0xa46fde410ec9127395a192c1a8655e51335fb56c6ed675d204cc078ef9d00b9e,ok
0x5beb15bd30407742cf284d3061f6210319d58937,10,0x025cb815fd537c9c94b58b2efc64d707de420618e8f0645002c7bea2c7e0bc1569,0x045cb815fd537c9c94b58b2efc64d707de420618e8f0645002c7bea2c7e0bc15692c4e323ed7a511b1adbf4237b8433e07132c007a66573b76f3ae374df8b89f20,0xf4947075f3793bb7add614f3039b22d7598738da8d76ef451a3fdefc61235912,ok
0x6920baf4c25bb7ac405df8b2d3756dcd51272324,10,0x030efcea7adc80a6656f07af27b150a5087a1dfc62da87a36b21a61998066b2ec5,0x040efcea7adc80a6656f07af27b150a5087a1dfc62da87a36b21a61998066b2ec5a78c9d71de8342b93f127b3ed886d8c95f120ba8d4fe93e811697fe6e5aba2bb,0x9819888cccd2e7d16b9a90a47a2e5d175e43e4a8588c4e74e5a6d225248800fe,ok
0x6b993428cdb4162cac6d9749abb352442cec760b,10,0x024f3ca3b9ee272896d45c50dd1d70e2581479059fc547ca443ed2f5be8f7c1c39,0x044f3ca3b9ee272896d45c50dd1d70e2581479059fc547ca443ed2f5be8f7c1c393ab756828ea05424d69f147f3bd818132517e8518fa5d131e66e1b3a9f24bc22,0xfb1d159e0e48c4bdf4c67101d73cc82294cef099a8f94cf6ed04c73a06a190a8,ok
0x80cd06844cdddec53889ad845a08383751bd3320,10,0x028a1763d98e2049b05c31250a56f9413334dc472604b602f49eabd308cab80d01,0x048a1763d98e2049b05c31250a56f9413334dc472604b602f49eabd308cab80d01532c3366a055d7c0de22a925a68c9b53aefe0307978bcf7fa8554f227b78d512,0x83cc0ee04331ef61e7b4d6329e7559f84bbc2dd656dbe2f3e850a3bb681bd01c,ok
0x91db62bbb2a0361dbd65a0e9b2690dbee8b55b30,10,0x03b01522d9859ac0842bd6667692bf6a5f532c8013c86928a602182ccb9dba5ab4,0x04b01522d9859ac0842bd6667692bf6a5f532c8013c86928a602182ccb9dba5ab477e8f9df706de38218802d7ea328a6db49c12bd79e6e3f7cfd79de4857425b77,0x6e12227e70d0f72294ae2bb7c7165e3da2080474bc104b5af166ee26ec136c09,ok
0x972588106474dac0ae166a5ce335d6c8d1145766,10,0x02d4a0679ab222533fcb8c0c2173d527cd31ab75e6af67f214c01a6842d97bce5d,0x04d4a0679ab222533fcb8c0c2173d527cd31ab75e6af67f214c01a6842d97bce5d2ba4237e33832b4c43859d8030bf473610f8c72d3371030593128d6de3d8c5be,0x9bbb19b414f613aef8a1bc34d4b5e6919d7a7f9ccb985ba0d3a6bbe702b70539,ok
0x9fe24e47e1645708a57261dfe6719c54c0ea3fd6,10,0x030ad4263d9870bd2b7f39006ba055e194990f22ac12d768e490f19a493a03f245,0x040ad4263d9870bd2b7f39006ba055e194990f22ac12d768e490f19a493a03f24554fb7f1866817d0d7311959906b11803fbbf3ea20d6f2a007716a8ca45e2a471,0xf86c30916550c5e7749a7b730a55650410d6240631b38f81399a23d7b84032b1,ok
0xa019b8c19144fd14b61436ab3eb39642434a1a47,10,,,,contract
0xa9ebd285aed3e918507e1a15188f4986ffbbd1f2,10,0x0301bb4c52be8a5fb77f48947eeff665e24d64a062f004b1379141c7a6614145be,0x0401bb4c52be8a5fb77f48947eeff665e24d64a062f004b1379141c7a6614145bec192a405896be7e32a0475a33a314bbf33ecdf52d4f5d9a99b65af8846cb77f3,0x529fae18091688648cc4a65e48a663260f1b64e510ca8d44ee29ace8b3bd28da,ok
0xb1cc6e3750e6c9aeb5926fa579fabd9599d96a75,10,0x033a751ebb6603801a2397b03d967dba90519a411833ca4d5294dfe4ea36d6a2c9,0x043a751ebb6603801a2397b03d967dba90519a411833ca4d5294dfe4ea36d6a2c905b529852d621eefd8c3d398ab855d62cc8cc4a95d28bc036257a80e0ceae9fb,0x1cdfb5e22f318cf43867cab8319a4e11bbe610c789b6270c8716e3ca67dcd804,ok
0xb313d19a0df3ce833546305528738157ce9f05de,10,0x02860ddfebbd0bdb52e0ac33e8c3cfe9be248d15e2a4be7616cf7e70bfc7a8f154,0x04860ddfebbd0bdb52e0ac33e8c3cfe9be248d15e2a4be7616cf7e70bfc7a8f1547d4c271d39c8f0ca2e038d41ee30c45ff7b050cc657ca06daf08d0a3e58d04f8,0x4bdcf2a58105e649963455c8863d3f5340f61ce29df66332c3911164b1bd0219,ok
0xff0847bd6c84bb02bb0dc617e59def64e309c756,10,,,,contract
0x414128601a932e7dc45355183c8a08a46e6497af,9,0x0244476105f2971d6137362c40b6b5641fd855f530182c89d1cefc805900a59a39,0x0444476105f2971d6137362c40b6b5641fd855f530182c89d1cefc805900a59a39a0b0b38f4cdf3215d1c2ea6da04945af9f93442e6052de6b20799a11f0d9de96,0x55b667a490b6e763c5f52dccc3c556295fa43c2bd9cd5aa731007a270f29efb8,ok
0xc5e349c8b9b381e2e849edf2de38264e60d0c2f8,9,0x035f7abd5cf1bfd69d51f6c2d77f9eddf19c70e9aedee422ec8cc24b99d0f3f3eb,0x045f7abd5cf1bfd69d51f6c2d77f9eddf19c70e9aedee422ec8cc24b99d0f3f3eb17c9c5d08ebbc41c6e425e83d87f50f0069198e37aec2f4541864dc74ba62531,0xe9b9f011ca28d822a9e41f4fcabed8f95b565e66fbf45bbe518699447978f9bc,ok
0xab9fcac42ce5614c592426b80f3a34c3bdfde698,8,0x02c01377f1c572650c73a20e78ef96e3021e5dfd7eaa840243fffad1a5efd4fb15,0x04c01377f1c572650c73a20e78ef96e3021e5dfd7eaa840243fffad1a5efd4fb154e4301d0d7309b61337039617405ecbfa4a622ee4fae13a00aaaf67c56ff8924,0xb0d22a94244ec51ba2e9201b7adcc60666c89e69993244421d49531709ec72b6,ok
0xcdcd48f77a34dc3e1d12a0f93b77677c76993865,8,0x02072e24a7e46b67a939258b4ea48b9ea6da123e6734385a0a8eeca423ec9db41f,0x04072e24a7e46b67a939258b4ea48b9ea6da123e6734385a0a8eeca423ec9db41f594b666dab176195ac190f6f8a9d177e9c9aad481d1c067c0d894531f559aab0,0xaff4318f76aff36a4e4e29617177de9eff1314db5fa4d3a201bdd80339f25a82,ok
0x07d5e4470b13d8dddcb9d894789197e9366a953d,7,0x02d3459d78199f5ccb500fa5b2d87ae42bd308359d3a27d6e5dc9b3da2b06447d1,0x04d3459d78199f5ccb500fa5b2d87ae42bd308359d3a27d6e5dc9b3da2b06447d1e2f69c196ffca1811216e80ee419d401b73d257017c1975338fe38593155204c,0xf2ab54ce0e231652cd3a304850ea143f62d506e50dfaca7d7d0e9548d3848a25,ok
0x08d6191bf9548c41d1deb3b00ff70a7539b45841,7,0x033d4bcc2458bc5f6d5dcdbe224961ce5eb63d0843238493a5e3edc111a24ebe11,0x043d4bcc2458bc5f6d5dcdbe224961ce5eb63d0843238493a5e3edc111a24ebe1111482d3ffdf4c233e4125d7464c600ac91c52ad2fc6980fca648830610008503,0x7dcce660731d44b6150c80af09a79fbd62e482df8f0151029c9380e9bda9726d,ok
0x4a0010c14ae9c0e7cd07a10a8860ccc9929afa10,7,0x0320d6c2af0e684bf010cfb60689f48ae714fedf461119b7814de16b5b9333879c,0x0420d6c2af0e684bf010cfb60689f48ae714fedf461119b7814de16b5b9333879cf3d2126cf4039462a7e73997fa0fbaf59d68355ae905fe00d6691db1fa1bd2c3,0xbebef4243bcce1ebf0bbf20d51f7dfbed47e3991dee3afdbaaccc0730f8a0111,ok
0xa6bf3910ca1d6da87d180b3da6237a50633a4c72,7,0x028c639c5da9c6cab095c98fadaad225b1eb31612ed7e67bb36b5377791bd07449,0x048c639c5da9c6cab095c98fadaad225b1eb31612ed7e67bb36b5377791bd0744965208fdc1715b87325c8d450007578c0e57c8e659560d3d741711482cec62418,0xc04baf978488e41fe804ced78d488e2327a022dd0e30a8b2da5e63c469cb48a6,ok
0x0851885a2baec9be7b052fea94ff211e4207eef2,6,0x02183e6eebd212e9a70217d5d159329d1b17dd4ec34aeb1ee5eec556604212a8f9,0x04183e6eebd212e9a70217d5d159329d1b17dd4ec34aeb1ee5eec556604212a8f9dfe7e888b8403ba884d75a71d98131fec9cb6e766d44ffded0cadc04e2774156,0x037cb50115aa0a782509e0c630a021761232f32bdd8fa4a734cfccc7bc00fd7e,ok
0x131a6606ab4cf8ccf0f67caee009c04291fcb47b,6,0x03ce6686a8194578f9efa75395f752298b166877b5dd1ac99b46a78ed20d4a25c9,0x04ce6686a8194578f9efa75395f752298b166877b5dd1ac99b46a78ed20d4a25c99a1836ec486816b42a39ead3f0b2963c18f209ee00d104d2a67c325081256c25,0x221ed97eb1b808782f323c01202924f5e240d733191d5932a672b473fd2906e9,ok
0x1478e099f87c642547687080e8411f711d874929,6,0x03f2b493b3cafe8b031f4cfb48523caee31b3b15bb95d286b5799b040dd9b400e7,0x04f2b493b3cafe8b031f4cfb48523caee31b3b15bb95d286b5799b040dd9b400e757d644318b2d1fae7a4ee284927cadd1334f70f6c011da1e906ee6260934ff63,0xc37d362b2373ad5d4e735798de31fe8254ecd1d37e5ff07fd767904999b735a0,ok
0x2fb835ff22f0a648dbe6c1001590739ef365ee1d,6,0x02da573b8e32b0e678fee7573e152b5643df80d9a404218ba8c9ad862570a16d43,0x04da573b8e32b0e678fee7573e152b5643df80d9a404218ba8c9ad862570a16d433100d4d419ba6e56c843db7ad773a706c6f94c81788dd5021f12736b20999890,0x3c8ea6c7842dc7634c3e7527b00322b3a846ebec21ba431ae9230ad9a07d93b3,ok
0x45238161e909921a3829c402537a10416ef55f38,6,0x039789c603714cea9b56c0ec2628a3e32382eef8d6a13353e794906d6aa1ee89d9,0x049789c603714cea9b56c0ec2628a3e32382eef8d6a13353e794906d6aa1ee89d951f2a4268b4dc6a77e61d0cc7420ce981a7dd03f2f55734ee55b99a91a58da91,0x7875fe71fc09091b6738313d5a5091df2aa4276eecc1fe47d074b23cc5b6948e,ok
0x4a3e09669b55f0e935d962319301fae7cbd01524,6,0x02edf1aabf5150727f52286d61862e94d206ca3fe65c2352b51c7deda907ea4eab,0x04edf1aabf5150727f52286d61862e94d206ca3fe65c2352b51c7deda907ea4eab93cd1431adce9978df4e30e947c61459ea028e3b5beabe4b599ed167839f12d2,0x31a404f2a6a196f1fd6dcd987533042b578234bea1ffc83e282270f1e6e3bd9f,ok
0x5cbe213efdae55806f6e3d9c5f78e0bf863cb9ce,6,0x032b7e3ded56f07e4b65aaffe76c810c731ec324daea7a7df889fc86c3ae8acf37,0x042b7e3ded56f07e4b65aaffe76c810c731ec324daea7a7df889fc86c3ae8acf37d9e1ba7222b28803a199984a23ed6733b11d96b64b1ccca71a3e0b459878e5b5,0x0799b3209eed8e9b5fcdc049c35f2e8925b3542fb718bc9f233ddd32649b8bab,ok
0x5f3299c51e55cd781f9e74069055bacd3f086fcb,6,0x0338da7939b4ec2e62b1f55ee82b5bef8d0130a8351076385969aaaed0b2472b9a,0x0438da7939b4ec2e62b1f55ee82b5bef8d0130a8351076385969aaaed0b2472b9abbd348574624f57c4b90e9f9cba868b9a5ba0ae3437c2eba4a0b50a623f556b3,0x3f7999bdfe92e5726a83e61463fa84c0b6f7e5d77e604cf05b3f3c9610e4ba38,ok
0x67870f365138e90115047e949a452401e7420a63,6,0x0366b598c2274c54718b13f1d476e0295d9d63c9dc82ae0fd105ea241cb9d6ddc2,0x0466b598c2274c54718b13f1d476e0295d9d63c9dc82ae0fd105ea241cb9d6ddc27ed0cd649e533d986787c462113c07eed49fb10ec1b40deab545a16166c016c9,0x13acc4cb1d7629c9cf1a32895308fa6a5bf1450fe63ef29848ae7223bdce64a1,ok
0x9db68d2c65627f4510a49d70b527979a33c44812,6,0x03b67ada14eeba2303c83c2c9701322dab84c5173b87fad1740808bee7ffb296e6,0x04b67ada14eeba2303c83c2c9701322dab84c5173b87fad1740808bee7ffb296e63d2d066989150f3dcf252979c4ecb84ecd383e1b5917452a4e0adaa29305fb31,0xe6797f206e4b5252457fa0df9a3d415dac81dd9c891d12c0ca900e607c8f9729,ok
0xb079d24ba76df7208fb55a047275d1f8737654b6,6,,,,contract
0xc3fcb65dc4d78635b84a4ae58f0bbda180b96886,6,0x03bbb990738edd6a1377ef95e1408e22e064e8d791dae39a4d04210e82255ee2f9,0x04bbb990738edd6a1377ef95e1408e22e064e8d791dae39a4d04210e82255ee2f98a3c3f54d779f5dd968e87299a8f265bee917a358a2f88433331c4e6bbca12c3,0x473266614352107104486ec2c1b1ab8120909d6b878f40c25176d27356d246a7,ok
0xd200a85e8eb63db4bd38e19179c831543cb2d94e,6,0x038490deec7ca5db1e13b7721c6f1a3e6aa44d759bb01d6b91c4cd169ddd33cfca,0x048490deec7ca5db1e13b7721c6f1a3e6aa44d759bb01d6b91c4cd169ddd33cfca9dccb70b766e704ff25000aec21c9c5a82a934b86669b151e04f7bd3f7650b73,0xbb8f7d8edcadc31607be74399ea460f0c20e07a10398d4cd7cbad935c4d09a75,ok
0xdc53a5b3281f67ad261f04f4e0ec6dce03eee957,6,0x021728eb9e8a8adfaade8b4dd40f7e621f46a42cfc286ddd6ca6f2cd024d3bed0c,0x041728eb9e8a8adfaade8b4dd40f7e621f46a42cfc286ddd6ca6f2cd024d3bed0c2c5823bccf51e1141d3ce5099c642f99080296c1c7b133cb2938706cc8ad3ed0,0x2c1c774805f68edc32bb5a48132c6d1b01579a87aeefa85b67c0a1fd348ec2ca,ok
0xf3555d421c3f3a15091c508ed564bce3ed0b1f3d,6,0x0268c418cc30772ede9d88867f01946cb2d09d987e682acb9b352beb52c884760a,0x0468c418cc30772ede9d88867f01946cb2d09d987e682acb9b352beb52c884760accb90e68233667f3cbb7f9ecba48a4ffda80b65d839d41ebbfaa4bdcbe5bb27a,0xa75f1da785abbc8b7269336fc3a0dc5cd8dbc8799bbc17b6aa28bce32c161f04,ok
0x19f80171872b4545f419c2838278334b245773c3,5,0x034ff3d9406c9804ee10545becf19747bd2a70e3c84be9f24e1c300e26e95ac231,0x044ff3d9406c9804ee10545becf19747bd2a70e3c84be9f24e1c300e26e95ac231944d6970fffd25cba77eee71fa07828e07e9302174a98e67e418d96f478029f3,0xc6dc44d9452710ff9f40966ecca24e90d317c28f4b230f3757618d98da288281,ok
0x31c36f8488efaf972d4274a19e09bdb45b7b914f,5,0x030d6947de05976022fc7f54953b43c6fc899f956d75c704b3662ddc2c5b606d9c,0x040d6947de05976022fc7f54953b43c6fc899f956d75c704b3662ddc2c5b606d9c9de0239bfa94922ac4df31363484dccc030ff753d80b80a987fb3756eaf6bfbd,0x587dfc894ed8d44d5a55c4995369ada380f78aa5d7c2802aed788853f03f7863,ok
0x3d2f110f356ea3cbe501cbfd17ef12f17b198099,5,0x022da654d344afaae22f647af1a7092020fc15a9ec82971c483b0078dc6ddefc65,0x042da654d344afaae22f647af1a7092020fc15a9ec82971c483b0078dc6ddefc65b4e991b6f3173e294697b9cd2624f451160218bd5690ad2bcf3ec4f2e59e569e,0x314ce31255b73ea3e73e56c8b8c4595b5c8e545a56fc571754063f8d5ba1bc5d,ok
0x4d02f7f8d039e657360aee2557a59794dfef4172,5,0x03ade9f0cdbffbbfeb4f568e81079fe540b7724060c7e9e2935ad239d00a2a5ace,0x04ade9f0cdbffbbfeb4f568e81079fe540b7724060c7e9e2935ad239d00a2a5ace7559b84e75cfdc34f79562a3508adb9b5eaf854ce45ef3da773a0cbf98f17031,0xcead33af710f40b0fd1e4a25c97bdaac8a018d91afef2c03279638c5040d5bae,ok
0x59b1627d6c76bab46af2d4056a09e6161320c423,5,0x02e05b79460680a8bb89a97f0d869feaa73dfa5e70d0151048e15dcf505d6af79c,0x04e05b79460680a8bb89a97f0d869feaa73dfa5e70d0151048e15dcf505d6af79ce58989fac4ae67034086548e4cd8a408f4bab5d40ff8b7c7ef62f818b0eed906,0x5cdfdfa9289e3467d87e254c173e64de269bf6a4820025e6e50fecd2b910fb60,ok
0x69986d5af481c14ca1351c8f330a34a0afcd90bd,5,0x02a177dfaabc9a97b766c0045530e7b6579055c193d44331a5314498daa066d9d1,0x04a177dfaabc9a97b766c0045530e7b6579055c193d44331a5314498daa066d9d161a533ccb2c4a9abed62dab143109df0b4571c9b33062b955b7d2a7c90a41d20,0x627e45fbcfdae83086b29d39312926b4a1ebf3a517c6a503d2556bf5e6e5032a,ok
0x6ee52ddbc80aaeef68023d484cf7f9444d10ea21,5,0x02467f26121eb1e683c06b6912c8a3cd94785e4ada3b771e2c1425490022da905e,0x04467f26121eb1e683c06b6912c8a3cd94785e4ada3b771e2c1425490022da905ee96a27e1cb0dbac4b9c4321afa4591fdc47c0362c416d016e252a7ca3e42ac90,0x06571abdf9266f5e03f76b339c0f2126b52c1953a330efcac27e73764ee79660,ok
0x82809adeb2619765553c45abb7cd02ce5e6c933c,5,0x035cce473b3da8548fb763147e728ff1eb20b8dbe7272094c85efb38aa4e1d0da7,0x045cce473b3da8548fb763147e728ff1eb20b8dbe7272094c85efb38aa4e1d0da73dc27ebe7bba52bc9cdfce5c70b15e37f91472e3eecb5fe8ac0f261f851b88e7,0xf94d0400755686e97164deb805c0bab3268bcf87fbe167b0b1f74d3b87cc9568,ok
0x8c36aebc5dc85b88af2cf4cb674711516cbf879d,5,0x03d0706eae5c25731bdf4487b0081aefa1267b2fe06f92d7e31684f0e732f92ee4,0x04d0706eae5c25731bdf4487b0081aefa1267b2fe06f92d7e31684f0e732f92ee4ba4286cff9882832982cad63655a4d4cdbd1a030834e9988dfbd5e259ba57f6d,0x8119251eccd38c5513607d5858362d2e72c1b0b44b185afbbebce6558c0f407b,ok
0x9e08e4f318ff3633f1797f69e2afd77964abf781,5,0x03fbe6ff71dd138a1071c1c2bb172eed7afa4c480b1898f85b209460d6f2a335ae,0x04fbe6ff71dd138a1071c1c2bb172eed7afa4c480b1898f85b209460d6f2a335aed237d1f1c3e816cb25e70c8d22b5987861ccfb6e426eb923b0f42b7d33c8a221,0x96e9ada0f55bd96b9339389eeec6968b5b51462058c5aa3964004a75c9ffab4a,ok
0xabcd831eed69fe025aeee88a6a8770ef30303161,5,0x0231f7e9bf6adfef2880bda1673e1abcec61d5c1863825573ab96d8f02162f0624,0x0431f7e9bf6adfef2880bda1673e1abcec61d5c1863825573ab96d8f02162f0624562562f92c7b9eca88d2dd819a1f20280a10d2683b075fa34893619685abbe1a,0x9df59829fdf51ed61c92f34dda8c6cbf621e804537040d36899bc36e38614647,ok
0xad76b250d59eb8ad6b39094aa3eed9578e7ce111,5,0x0383472b3735f681e01cb1035e714f175be0e52ba20310487285f77ba5ceb90b3c,0x0483472b3735f681e01cb1035e714f175be0e52ba20310487285f77ba5ceb90b3cb61979e973ec3adca863b7d6bd7b265ae3b07f3cbf9fd26751125d7c84ca1161,0x1c04c4fc270f8317e64595d62946c26b7fc28d0ec975bfe82131c7856ba07de4,ok
0xaebc2677489fcd40f55f823736b391c2e1aca4a4,5,0x02e9c35d32122eba7e58b01e3eb8eb6bfb31fa755eb092ab3512392c01c6118ef3,0x04e9c35d32122eba7e58b01e3eb8eb6bfb31fa755eb092ab3512392c01c6118ef38b209fd5baf7e98ff294b847e9e07bc0d0af004cb5f5d8125af87ff8fe76f9cc,0x79524f3de1005bea348a9666e68df643f3b42299e52351f6f02589fefbb73e7c,ok
0xb1bd6e10f13ab9c4541bfec5b9f13e372aa34104,5,0x03356ffcf38049fb1f89ecdf4f0d13edf9fddfed275abb7c01fc788d650265aef7,0x04356ffcf38049fb1f89ecdf4f0d13edf9fddfed275abb7c01fc788d650265aef7912c9d5a805d07679d5723654ba89c536a6fb9793b3be8a9dc3a43c2ed379839,0xd3bd417def15457364493d1c5afc430519803fb1d4ff66956c09494695c2d9a4,ok
0xb718d1332bf366d5d27330e828ea85e6be5d2b54,5,0x03b333dd69f24939daa90cc991d93a219b2a8f0a3ef73e587d3791d74f107026df,0x04b333dd69f24939daa90cc991d93a219b2a8f0a3ef73e587d3791d74f107026dfa7656820194094f3bf0a8d33c927da2eda683564a706c1b142e62d9f90399033,0x8b196735a537b675c6552a0c17d460fa6f1b07289b61c2d30e49dbcf2830888f,ok
0xc6caf3e706973331524447158f20edc0c5700291,5,0x02d057a6d3b377505086cd81133976215fffab4bcf7a9dde1ce130855580f2b77f,0x04d057a6d3b377505086cd81133976215fffab4bcf7a9dde1ce130855580f2b77f991182892070da1a53267cb8cbfd98f9bab421c9a1a8ecaee6d668d953fd81e2,0xbc486694a0743110e18aecb46141e29cc676461f82d119df9703478572a85509,ok
0xcadb44cd5c22908896676b9b4cba0117a138abc7,5,0x0333eaa4d951f5c439862b20cbdfac44c05ca5d34ba1afa3cd5492d0f6a31a6e96,0x0433eaa4d951f5c439862b20cbdfac44c05ca5d34ba1afa3cd5492d0f6a31a6e96c8c4640f36ae04124f419fd3673d61f5724fb3c9167c11912b8a3a2c5e55f52f,0x3981d25f348b51e2a84b167dbbf5e438c512cf1a5d9d60876c014856461b5928,ok
0xd3e347bb97e7a36c1f0c356d796a3b92cb4d9a6a,5,0x025682feb5c9ade6811bf8a4448b0d8b52948efb29983f7a0ffd9fe5d8c591b7a5,0x045682feb5c9ade6811bf8a4448b0d8b52948efb29983f7a0ffd9fe5d8c591b7a5c624dfda680dc6552e1d11e70fcbc618ad2af93c0710542ca351508a97b21240,0x77c91eb708f080b28ec9f42c09ddf1df1f324fd009c79e941abf8a2194a5a9fd,ok
0xe869860e90214cc9cb221e14b83149bce6b15fb9,5,0x02803d06d6eba84e80dd14f7bf8edc72237967cfa73d726cedcdbd80b9bb3e2e2a,0x04803d06d6eba84e80dd14f7bf8edc72237967cfa73d726cedcdbd80b9bb3e2e2ad6181f78535d9d66788fdbb9cd99d8319568ac4ed66f5ce017424304cc0e3970,0xbf68bcdb718d89719afe033d732735025462d3c315e62cf0b474deae45a2a478,ok
0xf3f7b3ede0e1955dd011017ec038beddf30c0356,5,0x02522b461df418254769e35ce8ad46aaea87bf601bc7bda7dd6ed22b17cf5322dc,0x04522b461df418254769e35ce8ad46aaea87bf601bc7bda7dd6ed22b17cf5322dcee615969903ca3567c9890ef3bf9e8a90c8500fdf2321c429722430ba3023430,0xaf2f8bd9a24a58e6531f76ef2e1f7e9f41aa3e4882988751fabd9b3dd41727b1,ok
0x09846c9ed5d569b3c2429b03997ca9f7bc76393a,4,0x0359c8b7f06e00bfb4154bdbf1646ad35faee67fbae94cae6e801a1361d27e6624,0x0459c8b7f06e00bfb4154bdbf1646ad35faee67fbae94cae6e801a1361d27e6624f87d3ccbf309fc0a358ed1038a5f4d09bfce6a38ed0571ec50fcb4e2439be0cb,0xc16754469ca6f57a874f94153b9539a688f5b0aff0c0328ddce4670ff59ce4bd,ok
0x20903153d13ec240fb89faebc9ef65cbc6d80eb6,4,,,,contract
0x27f7062d8747046d4c367e19a999518d3e7e2ab1,4,0x029c3fb7661e056de19bd6757aa1770cc6393765cdaf5c1dc341fc52b3f525f024,0x049c3fb7661e056de19bd6757aa1770cc6393765cdaf5c1dc341fc52b3f525f024fd2636574cd3bc73dc1b20c34c4c2d79964aea97c68a234e429114b08cb45186,0x986bb59151431313d3448c1f574994ce310d05017a01434304bd9a50503e2419,ok
0x2d9cbc4ecfbd1b8f66aa798fd51585ae058daa8b,4,0x02908368c4b1850aeadd8dcb546969d962734bb35b680d13ae783943c52188a9b6,0x04908368c4b1850aeadd8dcb546969d962734bb35b680d13ae783943c52188a9b6039ecbc79aa866c0d4268ca9e35fbeb1f81eee6c83a616797a90d9b64daa90d0,0x84f5ccd5227aadb60f85bdc40e800696a0530d98978517e6671d7a9edb8f1eee,ok
0x34543aa177d10f4507014409126e499e28ac122d,4,0x02abae399e148a2137bf88b19050ca3e62e70f29ad901d234e2c348c13fec5985d,0x04abae399e148a2137bf88b19050ca3e62e70f29ad901d234e2c348c13fec5985d3b10e2512b817df84cc47ee40961792bf29d5ff73c7414728a4a60e271c07020,0x68a7c1cc6fe01f053ea5d40ee2d00e73706c92f78dfc1033d8ea22246f950f61,ok
0x42336c1dde2d35157147e34898286d36ec5c4b2d,4,0x0227de3d41375b9a07eb817ae4b2c5dc8a8cfe0dae14ba2661ff896e970b87c6be,0x0427de3d41375b9a07eb817ae4b2c5dc8a8cfe0dae14ba2661ff896e970b87c6be4e5fabdd12b0ce592e854ef69b91d6936d5cf43d07711de9dc4970daca1d4966,0x545918b82c0fa7dc8ad4d2cab14f97290dcfce8d316867a555d08035f01bf925,ok
0x51409bee46664b9044731824578b9d3213bfe647,4,0x0273cf16b0a0fb7f856c5ef995ef97da9326add45d1dcc9d2951d0869d48471294,0x0473cf16b0a0fb7f856c5ef995ef97da9326add45d1dcc9d2951d0869d48471294cd5b42d8be9ae351c8edbde3af3a7cfa8f7aacce7c381da5e262c0cd80bc19b4,0x47ac6bb0c8fa0a5085845f04bddc4d0b9a615cd164c1551831941024d2116241,ok
0x5c8762d3e00d60a2335220ca47dd5a7ee9f7f3d0,4,0x02ecd1e05120526f074352f397197e925889d8f265577cdc1d54b2a10a91097b15,0x04ecd1e05120526f074352f397197e925889d8f265577cdc1d54b2a10a91097b15d8a1e71801d9ae46c2171191e4ab846248fa88ce55f2dfedb63ff787ec1d4974,0x3b24370f3004e55c24681b207b6a67e687e4e893e1d179c154a51f0fc462f35f,ok
0x5d02f0d074b28c31697bf563c699c098532fb151,4,0x0250815968675bdddf7a7ad43194e2f465610cde289ce7695aa717f71647850c5e,0x0450815968675bdddf7a7ad43194e2f465610cde289ce7695aa717f71647850c5e1dfd18d05ecbc2498a88c83722c3669143b51ae259b6bea8b10169d5bd91225a,0x7b22094f31b74ff63c66f1c039599353c0361bd8ee9b445aa19f4f13e70bddc3,ok
0x5f92ee31e3b9791ae4cde737929794a5b83db695,4,0x0256dcb0468133915113fa610e89e4ae22a3c21e2647112147614aa1429491fa0a,0x0456dcb0468133915113fa610e89e4ae22a3c21e2647112147614aa1429491fa0a0059f3df48b62d249589a652fd90c4730b4693075886fd11a90d8bdd57b30182,0x7800299c4c5dade087a0fdfffc4fa0778c0fad696e4a1c5f140133322b09ba95,ok
0x62eded46a1afd3521529ca01a7d01ab3978213c6,4,0x0399ee4636105ef89b6078e8688874e86e8e14f0b496b3285b0587cf600cf4be63,0x0499ee4636105ef89b6078e8688874e86e8e14f0b496b3285b0587cf600cf4be638b8a8072bf069f63556fd702f9bea4e37b6ea9ffc22c1cf1c9461efa858f444d,0xddbd6da27df9edd0958398091d013f1b7c85fb5518f539a92c259dfbf6c6e58f,ok
0x6835c12ba1ec58709a54871c38aa43af7b0eb248,4,0x038f2a50c03c31e6a2dbc617faa980d2a4f41a71176873419a07e98fe015e23b7d,0x048f2a50c03c31e6a2dbc617faa980d2a4f41a71176873419a07e98fe015e23b7d529cb56825d5d91afda29c4946749706d0496586e2e322983f60b7cd7ff0cb0f,0xa52fd5a32367cdb8af17f41937f209d724bc4669bb8813d28441acedc7fb367f,ok
0x69f6fedb833b8a4e6b2206255a907e7c3e212c63,4,0x037f9c024702efedda321c54724f942d07806bfe50ad052cf50d127e7c096df443,0x047f9c024702efedda321c54724f942d07806bfe50ad052cf50d127e7c096df443f55d8d0b9c2a0c2223962a466b85c8cb0b1c5cec229fbb948f026a6c135a4225,0x919a9d3dd5e82277ad189f3f276036a528ae38e305c97b039a0bfae288b4bb06,ok
0x702085684b5b4229f1017ef1de1e774631e12865,4,0x036a8babffdf2dbbee8c7cc24eaa0a2b4aed4152a86e371b2653f0c50c6437d64b,0x046a8babffdf2dbbee8c7cc24eaa0a2b4aed4152a86e371b2653f0c50c6437d64b457feefc1b6f68a6db352110069f97cbee58e6f7c6520a83b99d1782ce484a65,0x977391f72daa75bdd0d51037870ac2c84fb859e20e3c02164e8baefcd803db67,ok
0x87dadaec173d4bc12fe94b7f47c66b6229084eff,4,0x0274645e082e80ca34df861260eddb08ed21a13dad4e0e5be9ecd26f14c3f27cbd,0x0474645e082e80ca34df861260eddb08ed21a13dad4e0e5be9ecd26f14c3f27cbd8aa72e781a363805fd1a1852044a337aebe0d8e0bfc3cff41d2260cc29cc0aa4,0xc682d5f8e77659b14db665b656d1758a06947c6d3e4e9b6473a2bd191cb099b2,ok
0x8f722655f3426938ee1897becfb392b27a742812,4,0x03831d6dafd62107c0957968e01a7396da1be8da5b55f2b7bddc5c3fdbf0e959ba,0x04831d6dafd62107c0957968e01a7396da1be8da5b55f2b7bddc5c3fdbf0e959ba253ce4b2ef67c57a3077ca4e4f0ff30358045f3e82b71981f37715eb32230b63,0xb5f8b9f44a8c433f2b640ca2499525c62d4f5345137bcdad31e25c38350bb2d5,ok
0x99427af6db508772aff31579f16aa72907ff0496,4,0x0231cfc22c9329027504f8c25f83548c9176999471eb2dac92b02f3533942d37a5,0x0431cfc22c9329027504f8c25f83548c9176999471eb2dac92b02f3533942d37a5f248b5ebaa1d7bcddee4184b3b76d02acd73367a7c8e86ea81904b208b4bc5ca,0x3a30bc04d067e5546e3f14c060f49b1ba39bd976d709194e6f821e2da4770a82,ok
0x9d3bd8c00fb68d94d7473a7e32bccf235f747cef,4,0x025c9147eb4f2b7283c015c8d988fcac5eea1c53839663ec4dc67f0e1ffa3e744b,0x045c9147eb4f2b7283c015c8d988fcac5eea1c53839663ec4dc67f0e1ffa3e744bb870de4ca74275d03efc25ea4b8404d6b784ccfc812e76973d6fdbbd5e96398c,0xbe6eef3716fc14666a176c151908e8877d4d54473724d343d0f8bc53082fd02e,ok
0xba55a4ad8b09c532fd5f330768a5c415e5cd689b,4,,,,contract
0xc6334cff18eed8b3d9c087af7397d2535927f7b2,4,0x024cfe4bf4810b8738b32b89c5459cabbec0c4ba01e1b5fa1935bb6eba054cde10,0x044cfe4bf4810b8738b32b89c5459cabbec0c4ba01e1b5fa1935bb6eba054cde102c1e8323d8c9e44a864959242a1de6c09d5732b9903d621b779bc36cea5832ac,0xc6d6a01ab6e1023119a82c670f8bb419a3d5428ae3d78fee2486329de1d0332c,ok
0xd4752bc48c04beddfe4ad2a1396ea233e5c4f3bd,4,0x03623789a7a8245524eb77566cc40e001eb989343b089f675520c00a5224790f90,0x04623789a7a8245524eb77566cc40e001eb989343b089f675520c00a5224790f90bc448763649b6f86f8af0fffb80f415103eeaebd0f03018dfe1ffe94982bfe1d,0xec29c15f8028b52912f5564bd39e946fd5865a9bab4ec3f69781d3ec25032d62,ok
0xddce1c53b307558af995a28245a279aabba4b37f,4,0x03d36038cea7e9c571cd326d1ee17a6b37a8d01e9b58a6e02ec1a1263be9320815,0x04d36038cea7e9c571cd326d1ee17a6b37a8d01e9b58a6e02ec1a1263be93208150eb4c816c8a941fcfb43ba4a74b88d2bb8cb60f64746e8e5f93303b0d8e609a7,0xb0d01782bc511af51e6a78249e0d727d201da4b209463d9a3d31a9dbc374b04b,ok
0xe35204e44a5cc128f2d3adbc75c0e17b7f6a93d3,4,0x031ec91ab070ec1b64a86d5b72c5954f8cca2dd7a23111d5c797ea65388739f2e1,0x041ec91ab070ec1b64a86d5b72c5954f8cca2dd7a23111d5c797ea65388739f2e125c0d725909c04447137616c43cc72bd2a232e953edc2f51dde522ca12395899,0x1e81f7e5a19c746e5b150a14d25b2c0b02713b93da342d988dfe31157a157d3a,ok
0xe874c776cf8aac61a6808e305f35e81063c99b2b,4,0x0273eedc7258b5b1e6e2eba02b77871843286f5664fdb2fc413d0dae1ce0abfb08,0x0473eedc7258b5b1e6e2eba02b77871843286f5664fdb2fc413d0dae1ce0abfb0845fbd5ed7c9756e645523d9973663e8b69def92033e61afc25dfd3ea732fc00a,0x8d253d1291f3f3c4ac7cb831e0728244ddbc11e077c16b40e8ad8e78f2772e57,ok
0xf699cac76cf3a92f4173f4f827adc7ba300b77c2,4,0x02e1a4d8b86af08d033a2d007266c311cf30fcd5b31be0aa1360ba065eb9dd13e6,0x04e1a4d8b86af08d033a2d007266c311cf30fcd5b31be0aa1360ba065eb9dd13e6f401dd4addc0095598060a09e2a85f60d57f6a41642a7d1da15361b4fb20ec9e,0xe0395d89868442361830ec9caf8a844f70d9f92ecd6b6b384c2112c08faebed4,ok
0x06e1ab8baa241b8a527dbc320573305c7ee80528,3,0x027d76d0ab831c15251f929cf5b5a2ab0ff219641a333e0c32bc56df7e736bf0f9,0x047d76d0ab831c15251f929cf5b5a2ab0ff219641a333e0c32bc56df7e736bf0f9599b5225df63743ad7bcecb4716b1c2a14a0bc976649b2d9f5728057019fa22a,0x2c60d40a89d8f45c2c4dd2484e45835a0594bade99c752e32cde92189f1334aa,ok
0x071132449370104f8cf2c2b15e65339fe10b2ae2,3,0x030255f613c050a395b6cafad4a1accbc93c432d8a156cdedce6f1e2ec15b7ba7c,0x040255f613c050a395b6cafad4a1accbc93c432d8a156cdedce6f1e2ec15b7ba7c4ccc0837b4482e7de2a3def967aea16c46399ce2faffbf168c54ea91ab935d17,0xb7a7e9f41a8d98fba5a7697d621f93c3355442c084a76e313162c9a08104e9b0,ok
0x077ac19ff94d46f7155ea660c92ab53bf8868763,3,0x02cd57edfb1e3cf4a197c6e0e6daeb1799897e009293abee8781830cd5eb1a0e77,0x04cd57edfb1e3cf4a197c6e0e6daeb1799897e009293abee8781830cd5eb1a0e779247f15295f9e889e3879df39858d0008bb36a2ace271c61dbae4bdb791cf1b6,0x1390bb82587494867b3a2c0ba8c3df70a1294d477af7713b720003735cdd3ce5,ok
0x078ff97b956203be7d6ab97d56e6e1e9756dcab0,3,0x02f5805360e475ca5e345fc0a60fd7895c09100995a3dbfce161ef6321f47e8b63,0x04f5805360e475ca5e345fc0a60fd7895c09100995a3dbfce161ef6321f47e8b63f0816b084d2214e0e6d5bd8720b305c3071451ba1b1cc41a1deb202265b7a3dc,0xc41812c18d9ff43fc2b53240d2c744e4ae74eb9a356dff7e75824444bf4d7203,ok
0x0e66a715078a09678b040aa654631eefdcc7d234,3,0x039b71f569e20fa3664aff7d1b14c00e4da69fadaa1d1e30b240a8a1bd54f620d2,0x049b71f569e20fa3664aff7d1b14c00e4da69fadaa1d1e30b240a8a1bd54f620d2ad8e0b63729b542f01653d21e9f4a95ad653841f96b4def27dca84b42d956dd9,0x96fc30296bc55b4e820a473fa6b405c66784c0c52f461bdf640a670c3ae1666d,ok
0x12255ebf6d31a153602a29da68d55cd0305adc47,3,0x03ba58e77ec78fef2956e90e12725fd6647e5bcf49bd9d9243732af61d464c0432,0x04ba58e77ec78fef2956e90e12725fd6647e5bcf49bd9d9243732af61d464c0432fe41126affd8242f1e9f8df71012d0505fa7d1572382938c3206a5316c71e489,0xd2f3a4614e4d37ce00aae6b52da3680626b4753467dfc5c2cb0b102a5e726796,ok
0x137a2129a8be4c080dd6584d3130276e141ca005,3,0x03bb5e1582a46e0503dcd5ce7b429054976058530f415a716c23dee01019de873e,0x04bb5e1582a46e0503dcd5ce7b429054976058530f415a716c23dee01019de873e7f0b5071f239707cde8c20351986a06e5fae4e51902886752f8e3d4d9b6fd79b,0x8564d0586742f014f448f0f330eaf9bfe7d916e490c377afdda5ab00f4ba7756,ok
0x14afd80fbea9c004e07fb8c60c1c8b4869b870bf,3,0x0317d2633ed6bb7cea8bb59327ed5aa35253041f6b0a4aa72f71823f5ac5792233,0x0417d2633ed6bb7cea8bb59327ed5aa35253041f6b0a4aa72f71823f5ac5792233ab622115b79349ea30dedf740fd6a615d8d488890c57a23688ee16d045058225,0xb712d237c54f58e708c04d67dc27d6e0bda4d03c2a9374e65584c284f7397b43,ok
0x17b448ad15dd8f53ca29249b9960f5ce2c9bd2a6,3,0x0354377a6270709027058bca9966329ab373a81b8a54f5e6f52ca636d983e0ef30,0x0454377a6270709027058bca9966329ab373a81b8a54f5e6f52ca636d983e0ef3057bdc658e1b854c69cc3bc18083f358ed2ba2ba887974e44982a35565eecf809,0x89895cb05348969c475890e6e33b84eeb412eceb79b086604688519622b7419e,ok
0x239e46a3843058a62a199d63752f788d132fd741,3,0x03b167b99feb1d7a6a530be9e2a13af09e6639033966e26f0d9e03005dced30ffe,0x04b167b99feb1d7a6a530be9e2a13af09e6639033966e26f0d9e03005dced30ffed5ed12966904fecc4fc47ebd99ed5ae53228352e1bccf3dec2b32ceb63529255,0x23931c5303519ba5c010aa0000b9d109f9db2ead1ce27d81c4957193debfe737,ok
0x24bb3fbba92b9697487b9ce7e216c03a7e6a38ce,3,,,,contract
0x29f4fe365338c828bae61230e849c156a433c15f,3,0x022de9cb069f2190ff2e2e2ab1c0ab06432181c760b8cf0128b7efb6a93465fd6e,0x042de9cb069f2190ff2e2e2ab1c0ab06432181c760b8cf0128b7efb6a93465fd6ed6fc79ce2c41ee57ffb41099d4bf3f94c1dd0b4058815d2489684480a44954b0,0x0b716897346cc727ac1b49f8ce1bf8155574b4b81b6b90ddcaf607613aed952b,ok
0x2b4e149e02a4dda35c977e2959f9a27ec9b57bf6,3,0x02525949395bc165500beb9fb406f8f09fbec089a72dd6d7c4866618b658836934,0x04525949395bc165500beb9fb406f8f09fbec089a72dd6d7c4866618b65883693450199222c72abd2bab9e2772c796229d7d478b94bd4d1084926c39025becfc18,0x36c6d1b2a62257e0a1620af795bc5e3e5119d1937e6e9a026c2b6dcf9ff095d7,ok
0x2b8151fe3f4fe70464276850b3bb6437af4a4a77,3,,,,contract
0x3b4db317b8150ddf1358fab34acbbc60f1099192,3,0x02cf28320fd32b40dda5efb7dab59da97f30cab823bc2228b7c0827fc044c08ed5,0x04cf28320fd32b40dda5efb7dab59da97f30cab823bc2228b7c0827fc044c08ed57201d5711f224756b488da9fc59a8a0b8897073237aeac6a9730e6342a724eda,0xaebd08cf8f291ee9c3537cb485734d87d5ecf8f1064a1ba34986f61ad2b58eed,ok
0x405f76aebafd61b3d44cfe12c61416ab37098c4f,3,0x0253b9c9c467cfd762669b13447752c09ee7eefbcec0526fb96072acf53d3717e4,0x0453b9c9c467cfd762669b13447752c09ee7eefbcec0526fb96072acf53d3717e46603ac1fb74aeb29d9e8e059c4b23ab92658722cf2415d4b32253adbe53172da,0xa033e0deaa59da47b1d52f4db1e19b108114447f3a1868295a788d1985fde430,ok
0x40c2e074e94672359a1d4ad0677666c514900efe,3,0x03f0fb8781b9e45af4270c4ac21e5822aa876c107595d786e99e2c3a5ad1a15302,0x04f0fb8781b9e45af4270c4ac21e5822aa876c107595d786e99e2c3a5ad1a153023e42dff4ef1bb45c57ddfe5191ac72a4553b55424cb8c5f4adb4bb43b370a48d,0xccfb063f3e8bb9b1d02864988926c2aec5ea52baa89d04f91f0ffd482e4eacc1,ok
0x48ec9d21018e9a8e70d26ac936e53ff4532ac8f8,3,0x039d2fb7ec9ce28a1270b48cca3595cdb157861ca9d3aa5244473a8180ba467b68,0x049d2fb7ec9ce28a1270b48cca3595cdb157861ca9d3aa5244473a8180ba467b681eaa07902ab5a39859e29c8868f12486026bd1b13afa419d7d38e144f30a5321,0x5925585aef2c4b9f0d6786e6a5c0ac8126c4750960aaa36477868564bc7d6fc2,ok
0x492376381366174e5358b75dd3fbbff56b2233c7,3,0x02fe07cc40543387f97fa56c7d62403beda1326cca031b033e0bfc1b6a5f871c6a,0x04fe07cc40543387f97fa56c7d62403beda1326cca031b033e0bfc1b6a5f871c6aa4c4950a494a198870b346e9e1a5fba02243e7b293433afafa22c2ff512a10c4,0xcb260dc308802ed3820e1daaa0269264a42f8478e9aa21af71fd9f4afa52eb94,ok
0x4e71fc7c6174fcab3d7b79d1f07ec6263cc3ef7c,3,0x038c870ac108b8ad582972fc86a7cd67086db1a5b017dd2e0ca06e747dd2274b1f,0x048c870ac108b8ad582972fc86a7cd67086db1a5b017dd2e0ca06e747dd2274b1f87c90392b9081ab8723d5a6d945448f3042ca362c7d5bf58c0ebd86552334413,0xd0193a5633edc2155608ae2c53e83426df546b29469da537bc1c228f2640090c,ok
0x4e937ecfa028e512645e25b9c1392f87a324a291,3,0x022e51aed49c8b9ba7a5df7943d7fe61bc2613e16be76b9ccb2ba358f95415382a,0x042e51aed49c8b9ba7a5df7943d7fe61bc2613e16be76b9ccb2ba358f95415382afa2c2d03e57aa98c3ed75432c7394def4cbae0e593a9523fde89607a7a59bd5e,0xff702cfd3098d1cc0899050fb04cc206120a71da75f6590c821bd2340817b8a8,ok
0x522608fdb35df2ebef8e2d3902b98b9c56e81b7e,3,0x0299858698a2ea42563125c8c4174b758e00a416b7bbae951d0223eee7129640a4,0x0499858698a2ea42563125c8c4174b758e00a416b7bbae951d0223eee7129640a43579e15fcce94d149bda255e040be4b85940e5d7ec78b3c33ab1955fcdb30184,0xf947246b320b4834187a7d01c755e92e92820701d68f0f53d4740e8d7151f16e,ok
0x57215145405cf086e9a5a0135199515987f7945b,3,0x03e3e5e65508340e6285124af320f74d433c7d9f2a11569a85ce34ebbeae8d6163,0x04e3e5e65508340e6285124af320f74d433c7d9f2a11569a85ce34ebbeae8d61639f07ebad283f42a5cad53a0758f86cc245c61684d23d9891914e22b74c3d783b,0x336d1a6189b8941408a1c46f0ae5e0de7291ac32921a619b9fca878b7c7a4b24,ok
0x5c79a96906acea87502b8bcb28fa30ba0ed29288,3,0x02932747a3a9cc26afd79d0dc67c3c860d8b0a126a83940c399842fe67b7dab769,0x04932747a3a9cc26afd79d0dc67c3c860d8b0a126a83940c399842fe67b7dab769e0db78ced76d0d17fa402064f4b3f5a94dbb893d0eda23d8c2a61caaf520a256,0x64c26164cb5089287923d7b578a06c29baa44c98bbf3937222fb89098f74ae67,ok
0x5e8bb171efb4ef1da79479c794d5b8ec550233f1,3,0x02841b127b466575f04102cfb6eda2230173296cb5affc9c7b396feb2f43db929c,0x04841b127b466575f04102cfb6eda2230173296cb5affc9c7b396feb2f43db929cc4d7c79053af308a0cb95ed13d3024cc411a47ffba0710ef035142e8e3f60134,0xc076d6ad0984b554e493487e23baf9f224df1f7377c458f6d61136a8c290e948,ok
0x694657e1652c7aff20240d5dcc9566a3a641148e,3,0x0239e5218859c04fa7eed24bd7826030122c51863a34b6915d9777003ade0b3eba,0x0439e5218859c04fa7eed24bd7826030122c51863a34b6915d9777003ade0b3eba89161c1a4a0e0baa2c901212000ed4f20e1b3fec3d5c3318c8ad8c1341937e04,0x76f6ba4a4447177530459c67928c890cece48df7dec415679d085266a9f81403,ok
0x6ebb90f9acbf280707c6ae4919c97dfc8d90c786,3,0x02468d553b161be8fd8410158f7f96d41826347aee2f08241d1d23cb4c826ff444,0x04468d553b161be8fd8410158f7f96d41826347aee2f08241d1d23cb4c826ff444a1952062d8b5f027cd2fd0e3c2f48a4d94871195d54607bc7d909f494481f644,0x8903f88c53391500e8c5020c36726e59e276f993f9dd67b4dad286b1855ad4df,ok
0x728537c54b19f1437ee4162d1578b7eb52665918,3,0x03f1041dc18e0a72c187ab0faca1084cce5f3a4991154b7c03986baa573a0951b1,0x04f1041dc18e0a72c187ab0faca1084cce5f3a4991154b7c03986baa573a0951b10a0c9cdd0d5bc7e3fff70837abd17bddb6a4214bcd4543c167fa7385ca12b4e7,0xf1498d3d12f0e89ffa74cbda48c97e7d8f42bad7020dfcb878e68dd6a87e8015,ok
0x741e7b4a449db1c0f34312716dd7ba46ae0b962a,3,0x033e9cf672a674c12309171e9ee29ad9d1e8a5e60c8d5a23a1f23ea83d3f0645e1,0x043e9cf672a674c12309171e9ee29ad9d1e8a5e60c8d5a23a1f23ea83d3f0645e1af242aabb5367040e505dab5a09cd6f0983cacd09f4af5876a6c0902a57f377d,0x7e74854d10df3054f50fae52d7d11fd9688252209cfe56f8aedd54a29f387970,ok
0x760105f66d34877c2bc43c6681a0e40ba2bd5a02,3,,,,contract
0x7635f317b8b365dbff2e87aace9a5569843f7699,3,0x0234d8609d2a19bd1dee6d519348f196ccac2f41dc019feab16dae66cd407c11b6,0x0434d8609d2a19bd1dee6d519348f196ccac2f41dc019feab16dae66cd407c11b6974c386222a9ee4381101694dc41562a467216a5f5493dcb7ad70620f832a830,0xc680b3378077754b7652ca82a260ecdaa2495cba31e19d072d6dc5b45e3679ae,ok
0x76effc94545b91ec0d104da0f8fb57bec77673a6,3,0x0234c28052fbfcadf22dbb7be30f47585e3310ef922cbbdd3231b622c4852f0a9f,0x0434c28052fbfcadf22dbb7be30f47585e3310ef922cbbdd3231b622c4852f0a9f0a7c36babf966b2a586be2d126b6abb5214e7c179bdf8f60a3987b26c2647812,0x882b5c7b1199f54c6b332eaab718882598e85f56d8d3e531c1a908d780d54f59,ok
0x792cad19a3580bd89d5767e0c40444b2c8b6a888,3,0x022af4eaae6bddcf0a6bdaabb01b14ba2f7f110155cba9661f98a0e48292737a71,0x042af4eaae6bddcf0a6bdaabb01b14ba2f7f110155cba9661f98a0e48292737a71e5f5a51bcf85867e3f2fdcb0080cf87c0d4bae52bb136f7618723afb8fd55dae,0x035055bee1d0f128295eafee9efeea992ae087204ddd37797be420c978dabb94,ok
0x7bcb7bd67648d9f3cb4d73c77ec6b91f5ce6441f,3,0x03422bdb3afdcce27fe86974db5a2c2e9b4e6d9ae232c527112d7ea56cb0bf0135,0x04422bdb3afdcce27fe86974db5a2c2e9b4e6d9ae232c527112d7ea56cb0bf0135332037162acf9acc2eb7f03f9b4f0baddba1ecf288234daa1d9c54efc7c665a7,0x73e181c197a5a2c9b254c9cea4efead5d2cdb0c9aa20dfa499a54a8caa7d8b51,ok
0x7f5af509de65c41f838ca41da71297b7e6e46a4d,3,0x036206cf296b81e7c46d43eabc3818ec10239123559544551693d0d65481a68b2e,0x046206cf296b81e7c46d43eabc3818ec10239123559544551693d0d65481a68b2e6184a8885a943d52a89bbae91e3c524bbffdc4c69d0c54b8231966ca47272df3,0x3e3fb1e52adb13c7fe9aeb5d1558821476ac9ecc404bc9a5bd375eedd5388f3d,ok
0x80c3ea7cdbe81fa33df114c69094e682247ebf00,3,0x029128dd0e610270b6f2e18c7f5a9ecbf710bb8113d7396bb07eba7a79e4d16f42,0x049128dd0e610270b6f2e18c7f5a9ecbf710bb8113d7396bb07eba7a79e4d16f421b20efb0b896447f0f5ee31496f53eb2b70a0ccfd1a572f96851787f66fbb120,0xba70d089ac6142856235201204319645b5442db9384e0116eb06128c6879581a,ok
0x80ee6671a09dae86c5f01fb67c94fa660070deec,3,0x02ecff7e1d391d7dd0d39754cd0ca153cf75fa9ba0c2ca52b214ae0741925205a4,0x04ecff7e1d391d7dd0d39754cd0ca153cf75fa9ba0c2ca52b214ae0741925205a4f4e6fe0b7d8eac657880f92d89257bb04f032beb18a6d13381dff6e8ff670b64,0xe811ae9a7b4ea4df692cf9dbc4e3585fd0ec3f3d2f93d30b0624cab007ff6ff3,ok
0x8348142049d036042056854db492dc20d3cf6583,3,0x02b049e5f69be41a66c5760618cfb8f3996d30aeb94b92ca7185e0b77e31ddcccf,0x04b049e5f69be41a66c5760618cfb8f3996d30aeb94b92ca7185e0b77e31ddcccfda0ded1439f14123defbf7f79267c767503e9edaed69d2686993beaeda49bd14,0xb3f3037a570defed5bc90000ae9f47ddf1a08acfd3328b702e438df0c6550efe,ok
0x89e044d3b45e2a7a30bda6933f38eac9a129ba41,3,0x025f295227d9441b5be8ded2df76f4cda8a0c007b568c3250f61434af430c4a8fb,0x045f295227d9441b5be8ded2df76f4cda8a0c007b568c3250f61434af430c4a8fbac984627859d33f6c89a5eb9344388cc8faf29252e91f5c92b8d021742904f9a,0x74452275dd3cd3df19684bc4fbbb12f52b9f1f681c5817a9ca11c699988eae48,ok
0x90640954810ab29ab0514dcf4b15dd5344ced86c,3,0x035ccd8263e10e378da838776c9b486e344d144eab62f53f29e4444d5547e9ee09,0x045ccd8263e10e378da838776c9b486e344d144eab62f53f29e4444d5547e9ee0913bb67ec1ebb62cad5d5cd24b540c2e38a4237cead1e273e621ca12140f76617,0x9e9f011a5eafcf66ee67c53af40cfd35a0d00c99ea04ea0cedc738ae682e9d60,ok
0x939b43b85a8b24f7c37e57db68fb80a3556ce3ed,3,0x02f83523c3d2527e7b2c411930badfeb9a1c57fdc1a3f9bac2a33915eeec21519b,0x04f83523c3d2527e7b2c411930badfeb9a1c57fdc1a3f9bac2a33915eeec21519b2840197671a12f62c7683bc753207216f66c47efcb385e8525c480e258b463a6,0xcd9e9e7763257ef0adbefc4f7b1def433768dfe5c9e327d517ac0c5c968e95d9,ok
0x9ea0d30e2c80171e1aece22d41f67c0b4aa02bf8,3,,,,contract
0xa1023b71ba67023dc0755b0a69ad49763ecd1a89,3,0x03b06ae19ad7b9f15e84316958f2461644b295fd30aa6ca30c27f1a98ff9f1b157,0x04b06ae19ad7b9f15e84316958f2461644b295fd30aa6ca30c27f1a98ff9f1b157291398190457ff7ba049397da29f2327504d813b3d213a127744cc29eb33d06d,0x978c8da370d83ab4ed9316039ba476343a828b16f272cbf0aa016852a0ef92b1,ok
0xa2e6fb5bc88fb29a857c5fa8d07500b135dc1d55,3,0x0233bec2a5f4bc1a3afab70dbc59bcf2813960b6e983718b8c1414849e24f73771,0x0433bec2a5f4bc1a3afab70dbc59bcf2813960b6e983718b8c1414849e24f73771b824dd5b6ae22f41cbf5e7f8d745d03e7df2b3b04d3e18692f6c02da05d4a182,0x468f78a082b87a5695a8f951368810e6eba204b86cf8d89e45923f1797fc2b3c,ok
0xa613e0c3d9a7d9b75b29c094569fd73e0c770d26,3,0x025c05373d86bef22eb9041206b1c9e351203b3c79c830e010a4c3957f6a2c4c3e,0x045c05373d86bef22eb9041206b1c9e351203b3c79c830e010a4c3957f6a2c4c3e2cedcb926fad23eb9f28f40788af6e14c68323402c92f7f1aedd305f88335a98,0xdf8e21125848f28d9510a058ab7cdc3b5b309629a526a229f6c8be6461977bae,ok
0xa98076c27df3dfe8af5d68d8be88fec50922c07e,3,0x02df1d06bce065f4896b00cee89910ee2b17b63efe387c5e5f999bc3b3e8d2c784,0x04df1d06bce065f4896b00cee89910ee2b17b63efe387c5e5f999bc3b3e8d2c784d34abf10734c28ce064c0a178dab321e5260b32e30ad83ef008fc2182e738320,0x9437bce693b1d0a0ac47118ad2b9d508ecd06512c21eda17a46cd5aa8c27c633,ok
0xab501997f3d9f929f0a5f5278ef7403b50693674,3,0x03ffb9496966dffc943483fbbcc0554257a392d7f80a4841ca97def642b3e7f22f,0x04ffb9496966dffc943483fbbcc0554257a392d7f80a4841ca97def642b3e7f22f387ba2c53fa115a14e3025821f70908ea4643953ed0654ade0c613e782171af7,0x6ec2cdcb00321011556f80b83d83f7e4e73282aef87f986a45f662c3ab465422,ok
0xadfa18e47a362ad034486ad5a7f815557a0070aa,3,,,,contract
0xb06b7777cc550624c15a0845609910c29c5b850a,3,0x031c32443a4ac5f642134129e6c25519a2c37be1f7b54a298df0d128ffcc19009d,0x041c32443a4ac5f642134129e6c25519a2c37be1f7b54a298df0d128ffcc19009dbf96db88eb6994f2ae1ce9c0dae5ae4a4d405219d0728f1bcfd50bf9c7b13185,0xee69548ce83320579f4231c4808f5c3431821cf4ffb026fca09b8c5ade9a1f6c,ok
0xb0987e408cf12202365b7733c6d870c2b91d01f7,3,0x02209552a4a73e07027e27013d0c4b6011a16e3c758c3f03d9a8a34cff19e8a81e,0x04209552a4a73e07027e27013d0c4b6011a16e3c758c3f03d9a8a34cff19e8a81e44099f023a8eb1381f5efac1ddf81b204e226872f4c4586eda44844e39630722,0x6daf8c04bcab9c7474f2b312151741eebc97761f38598f2a339e31d78d2704fa,ok
0xb45923280468f3d51c5d2841cc2dc1a74786a330,3,0x026ec629dfbb46480f9aa5406756a4858ede323de42a096069f482066a950a9d4c,0x046ec629dfbb46480f9aa5406756a4858ede323de42a096069f482066a950a9d4c6b77ba6db55437a09ed8bc1382e44492736b4bf5cf7884b4d0e1df46a9df9710,0xb87a5a7ce8840103033252a2755e72f8b15ec78abe66c0b4cc75678559ffedb8,ok
0xb6517c4cdaff29181ebe17a8a52238d5859d7db2,3,0x02d56d2395ab7375cfcdbf173b702ba82f86a5dc998bf97af96fb877170bc4c362,0x04d56d2395ab7375cfcdbf173b702ba82f86a5dc998bf97af96fb877170bc4c362d76088a1d717e3492858327eb4ca607270066816dc4780d87f08b56599f3f6b4,0x25142d9facdafc090fecf7e86d808ea3e2886e53ce1ffcff1fe261b3a603e65d,ok
0xb75a2be8b62fcf8f06f1b9c6328d6a0553086d8c,3,0x02d84f67e650474b630381ac814ab2e44cf977f4d5b8e93702cfc2562376eaf618,0x04d84f67e650474b630381ac814ab2e44cf977f4d5b8e93702cfc2562376eaf6189fa15e4e4f54e8af562a42f8544dd3e1006cffa6d31997af2b6e4650cf6ffb7e,0xf64bdaa9016fdabea88c057d70315e6aa61d6cf722af9a34835aceb7c7b56964,ok
0xc242ec6cfcc9d53efe7b8f9ed649583e1cb1e137,3,0x02549fc791f27f5d8a5e239c4dc3d0203123284a5141296c56928158c277ee2880,0x04549fc791f27f5d8a5e239c4dc3d0203123284a5141296c56928158c277ee2880148f7c587e366938caee20531cffa1f80dbe0b0a793b36df5432e9890b6cfac2,0x282184e9432a62f16e442939eb3fd45d3592c7a68098f2469fdf09406ff35f6b,ok
0xc3639c32cf14277ae6e9dc55f956826daa163fe6,3,0x03051227b420a264ff20bf0ea5b656a764e6c80a5549b5759d0a0d2b7d06679acd,0x04051227b420a264ff20bf0ea5b656a764e6c80a5549b5759d0a0d2b7d06679acd510b790a180d7a787308de7c59b87cbf6db83d4b7a0317e389d509b978c631bd,0xcead9cb20c707ad2439243eff5912c395a79a4ac4bb9907426132a55f0e87fa1,ok
0xc6dbf031790710e6d249121dc371d8575805515e,3,0x02e110750fed57dde87e678d5d58276b08660937f52c09064b860b0e4783de8f40,0x04e110750fed57dde87e678d5d58276b08660937f52c09064b860b0e4783de8f402691722934aa9fec83dedc8e40e8e40127f5aaa0b756a981a1d25c9e1fb11136,0xf81cb241b91e5c40611645ff11416e5c1319072b64359009c59d8000e9d66d34,ok
0xcba3d9d6df166f2c2d5b010c60081bd81109efd6,3,0x02a959ae0b1f90ac171ba33f1ea7f8c35b3560512e7aea5116ad16f878f2010af1,0x04a959ae0b1f90ac171ba33f1ea7f8c35b3560512e7aea5116ad16f878f2010af1c5786daf7278b6ecd0fc647a0c412e7395034dfdb6702896218346d6b3344a10,0x3507a42570c18265fee61a41984716ab7bd1438d5f00839c16705ff36a75b087,ok
0xcd46a5b5478b7cce47aaf139e3ab469f091fafe8,3,0x020f8c00217ba37674e74a80faaf0a530e5a8dddb36524849775420746aa308578,0x040f8c00217ba37674e74a80faaf0a530e5a8dddb36524849775420746aa308578a9f715a8c7896bfdfe67f38a08e0e9df8787d945acea890e681103358932bb42,0x938c8f0668c0e0d1dd858cd142a0f72ad9bf8e3062c14e43e20c443a4ad8f221,ok
0xd5fb9801199ecd9dd072244c7cdd50fd3607e3e0,3,0x020881310e361d9e344e1217613fc7563d861fc232e9b24a981366713b702c2408,0x040881310e361d9e344e1217613fc7563d861fc232e9b24a981366713b702c24084898313a7de4e232ac0a9b89668c635b2fc6e2b88966fe1b68668c1eb34eecc6,0x0e81d4a46f08ade4be51248fa4d22c34328ffa1c63b43a9756359d7d311f9c52,ok
0xd602900f5e73c9103a4f9d31729401f6a4d1dddd,3,0x03199e4eda83b009f0dde4b0a495e275c2b5028f71e3dad83fc51ac087634e4e4c,0x04199e4eda83b009f0dde4b0a495e275c2b5028f71e3dad83fc51ac087634e4e4c6a50a20a03be49096b690abf0d597ba291b1bf1f5ade5c7795cb5f91307cc271,0x8f4bc65a59ffe036e4a1c29f86f170ad1a9e222100779eb6649b281802a00b50,ok
0xddc6234aeaef5625954995fcd5d097d78c4431ee,3,0x029b212572ca2e8ff42e9395efd845ab2a340d38e5aa8276034e8d85ae8fffcb14,0x049b212572ca2e8ff42e9395efd845ab2a340d38e5aa8276034e8d85ae8fffcb1451e98a14dab8ee0a7123ca31b209344956c3184baf6dcce31a526d76d7169cf4,0xa006d6d9dbed116ebc15a161cc967a3578ab5e921a4d8ecaae5258715ee1d934,ok
0xdfac3142f75e9e83ee17865eed5bc7482e574f1c,3,0x02081a98cb84385141ff9667867a3c511c7ba407d335e4300038e5d183b8937ed6,0x04081a98cb84385141ff9667867a3c511c7ba407d335e4300038e5d183b8937ed60cda24895b01403b4b294a8d2eb3f79b10c2466298f8b48a0a48bd866ef20adc,0x8406ea67d9d7fba592429c51b5bbf2cd3ae28b1487d43c40bd5aece28c1c1794,ok
0xe0d6a1312f61029a3db62dd455c039195f7ab4e1,3,0x03999986be3b0cf147a295b2fff3aa93ab3954c396509f20fda399013517339bc6,0x04999986be3b0cf147a295b2fff3aa93ab3954c396509f20fda399013517339bc66dd7144f63bd44f666ac735b476081ba6a985ae3e08c888f24389743f296ac4d,0x853a32554f05dd80588cfa0ad6e0757a5e07f824be1bc71db34f093023400a9c,ok
0xe118b4f9cffbce9530831ce1ab8d426e6274ba47,3,0x0335ab2e84f3e413882a88fbe66721b3f5356ecce3a055f030db2b146a6b2e4d20,0x0435ab2e84f3e413882a88fbe66721b3f5356ecce3a055f030db2b146a6b2e4d2015d48cf9fa0f3c704d47c6eb88817ef7e5373c9ed7a56127e69141ccce0609a9,0x03740663513265931be42e85fe6909e703af57670210470a78f1e664df428935,ok
0xe4208e0c56ceb31ce65a442792b0928265ab97aa,3,0x0208ec7c0ccd99ae495ed2c5411c312b4fd088a77059400b54614e80bc10333ed0,0x0408ec7c0ccd99ae495ed2c5411c312b4fd088a77059400b54614e80bc10333ed00893a25129146af9f0e457b2778416453425c1d485e5db93c70be70ef16ba042,0x6637c8929d53740bea8cc8f5fef48b7105195061cdadcb0f5dd089f65ea9e392,ok
0xe5f45d4a5941819125cc72f2bff275d37f4a56f9,3,0x03eac6ed39106c08aeb1f20f52d354e494661bf37ad0096cbe6646b86237c9956e,0x04eac6ed39106c08aeb1f20f52d354e494661bf37ad0096cbe6646b86237c9956ea1d1ac03e7d2d60084db95e46b5685bb0bc8155235e71555508bcbd1bbd66c5d,0x1d2c5dce68538faa327f51f6439fe7efdba661fddcb2be4372d95cb8ef594bc2,ok
0xfb5be301df4fea08f72c253b4d80f606834b3572,3,0x0307ec4dab215bb68930efa18c79f5b1c8470d410a68f755e5b5f48b7f48692636,0x0407ec4dab215bb68930efa18c79f5b1c8470d410a68f755e5b5f48b7f48692636f8848593d6437ae1575dd3edb2f2d6dcce9bd53cde06199d1f23122f16742d39,0x4884f89e4a94f27bb09a6f159985ab8b6520adcf7df165522312a707965ae102,ok
0xfec96efee9f1752b5ba19dcfc8afdfb7bd25b977,3,0x03bcd904e04b1314e955d8be027ba9e6a5186088a2b0c6cfed352f27b69667c572,0x04bcd904e04b1314e955d8be027ba9e6a5186088a2b0c6cfed352f27b69667c57208355ba23c5b03cfc95694dfff72b0f903153b458c606e8d53e663710b86ed01,0x52598d1830182c954daef71feada1a2e674d167dc8e6e5009adef2420e6d5dc8,ok
0x06d143b42a3b314ece47b09e393e1713ef4f6e5c,2,0x03d0d64b19b77765d38747f0a4f40130e18a8d7174a16202c1d8c620632f0fd543,0x04d0d64b19b77765d38747f0a4f40130e18a8d7174a16202c1d8c620632f0fd54380ede1905d8bc11e4dc6339083f5ccdbca084182ee379288d09b61af122fe78f,0x75c7e7124b24f77d6a402ef353da1381c85264a1b2d04305690ab679078f7dd6,ok
0x0dd51fb6bcda54203056e9666299ab9cd453ef82,2,0x0326162445bd043cafa6f2b1aca6a3c56249bab4427c9752201df249f739675b44,0x0426162445bd043cafa6f2b1aca6a3c56249bab4427c9752201df249f739675b442be30803438b49c66bc1edba5658d9a9f4fc667b9d71e8b7a74f146417df0451,0x0a778cfc975fcb38ecbc5cccd3369ebe07e01f2f55f972d23491a00f412b63a5,ok
0x11bdea140cb111ed24110723a1577b03118936c6,2,0x038d1b21d089d37a5d994db3cad74d3ee23f4b7cb53a024bddc67da75ac6f14f22,0x048d1b21d089d37a5d994db3cad74d3ee23f4b7cb53a024bddc67da75ac6f14f2201a682bac57bb38ec3f25d8579fae1d814fbf5de6d86de9d756e1059d202455f,0x3b80ab85ebcd6ed3084f11254131d19729f4244de18b59560aa4e7afcab5bc0e,ok
0x14e3851602229456ce6945deac915c9b2a132508,2,0x034f9d2242c24c27003c21e9f1f167f4c7248b4fdb08c4be6dabc29f721ea26d86,0x044f9d2242c24c27003c21e9f1f167f4c7248b4fdb08c4be6dabc29f721ea26d8633e154030868accaff7e8d84677866ec9679d64b97318a2a878cc6a2e956cd95,0xee0e742db3f20f6ee6d4f68a407cf35529400a1b1ce822da6dd0b6d08120ccfb,ok
0x17e738d9056cf0926ffdb0ff15da4fe64661c867,2,0x034ea9a887d3110e4dc76df0343317d09508fbd21fde0fb6c47182845456090210,0x044ea9a887d3110e4dc76df0343317d09508fbd21fde0fb6c471828454560902104d5775222c5ac561570507f3ec78ae3841ba72e1b8f229857dd87b0cbcda7e99,0xe6e942ecaae1f0eda6fa62773d7c1032cc061c48b1e09fc78fceecbee8d59bd1,ok
0x1c5a1d2915a59436752d3519e5a39c8f454f5226,2,,,,contract
0x205005a3bd87763cdf8aa0f8ccf768222b977491,2,0x03f2def4d156b441a8daa6f61a066b0bf9a5401c0e22136a4d2806bafd9bbc333b,0x04f2def4d156b441a8daa6f61a066b0bf9a5401c0e22136a4d2806bafd9bbc333b0e6b3fc51177ed721d97539ac8c15cf7fb342b3481d63f7beeb9f6a5cc42347b,0x3539a742d85241b702f79308f34c230e0aae81a07ff2a98b5724bc98850f08a3,ok
0x35b984a79b760a771f92855603fdfdc583a83aeb,2,0x02fe1d0588280eb8c19014b6bb22f5fa8b576a05cedb6516ca8f5c1e536a27e740,0x04fe1d0588280eb8c19014b6bb22f5fa8b576a05cedb6516ca8f5c1e536a27e7404780c24e966fc929f43cc265f4d89f9c666574b61ccb6b85534b22b2bb26a8ee,0xc3e2340822edacebcda37ef1dd4a023df9c38e79db9f51acc8a353ab990e338d,ok
0x38af7644b120b56e2fece98b8a9a3de14f8fbf1d,2,,,,contract
0x3e1db2b97938424102fda608d587b0defd0c162f,2,0x0345222f79a4163de0186ceb1cdba7933902ad371408dd67c8525f050cbf2b64cd,0x0445222f79a4163de0186ceb1cdba7933902ad371408dd67c8525f050cbf2b64cde6f9574f157ca16ab67bab9ad79a450425c57b37c9dbe5038dd394067ed71e11,0xa0aa992be980301dbc062a230c929ee18a21b02841e0c66eb3b10cb0b3157e3c,ok
0x4235bf31d109eac8aa5c6083fd0b983f33c572cc,2,0x02acfde786d5f60d056fde721bac772c088dd8cee230c6d777d898c917e4ca5b9c,0x04acfde786d5f60d056fde721bac772c088dd8cee230c6d777d898c917e4ca5b9ca4824f258029f14a3a67c50661efdf8108cf968c053de77694fec56c339e1242,0x236508eef8f4d055a1cafaefb00f9b2980a13cdb5a689bec63f046f546dd4be3,ok
0x434f1c02a7d2023feaadeaa66deb12e8f1a8d136,2,0x02bcfece4191cd4c0e758b2e51bfbea4e1747fbc08e140605a744cfb5467a93fa5,0x04bcfece4191cd4c0e758b2e51bfbea4e1747fbc08e140605a744cfb5467a93fa5363bc897423a4cadff0dc74f03e8af5a68719b4d72c8c1a63f7bc053db1733e2,0x1f4bb132bfcf40cc9ef4f6da6955553949ef459ce1c401ec54026cb359b317fb,ok
0x452fd9833ca76ec5100bff9f8c2a05831ec9fa6c,2,,,,contract
0x45b3f409fc3fdc498ad8e7a2e94a2f679ac27aca,2,0x0269d15a4cc66f66ec6f1e0ed9ce6744fcc06625c1242fa2b9206b00cd1b725ef7,0x0469d15a4cc66f66ec6f1e0ed9ce6744fcc06625c1242fa2b9206b00cd1b725ef742c304e8b3f23a817f301b09e5e923e0b11de85ce20c37c2b0631c4b9ec3adac,0x074845d0324ce19009ddfc89dd16e9d948977dd0e2526f4368d57cd37c30937c,ok
0x4952631a64643a3eff9db923cb7d2e9d69101ed3,2,0x02b70feae3779f6bd158bb0bf8cf9d692ef1693c41b18c5fc9df89b32d69df095d,0x04b70feae3779f6bd158bb0bf8cf9d692ef1693c41b18c5fc9df89b32d69df095db5e9e32b453f72e87cd3814ebaccf2e4e138fc8ec8d518162cee97bace72642a,0xf21356e24ac42c4c9154055d5903a4a03762525047e61a63321c89634c7a8a8b,ok
0x4d191c7a781d1c7103c4050cea12c0b9c7234f75,2,,,,contract
0x5808f4ade3505b818d8abb54154d6224045dc1f7,2,0x021671526b1ed0ad2ffefe19f27c534fdb4efb5dc16f1789c8ce5887217fe84654,0x041671526b1ed0ad2ffefe19f27c534fdb4efb5dc16f1789c8ce5887217fe8465441211be80ca0c49c764a318decc479f4edace4b65fa98c55da78b801c83f5460,0xf89cd56cb285e726fa1cd9f31a6edf83667488f1c0fcf1d5b5cba7f3816e1a38,ok
0x583c201874d7db4e4f5cb99478da3e6ed12126fa,2,0x031c04cce20cb73e9a7756c9cf6da146adcab47950903ec54fe4950acef7fb4c7c,0x041c04cce20cb73e9a7756c9cf6da146adcab47950903ec54fe4950acef7fb4c7ccb5a5ef099d317b9425469b9992611e347b92a7da5df833e1110a0cf82704285,0x6561786562c54549542b2628223bb108cad57103ce4180a625a6c92fdac14340,ok
0x5b33ea8b7836ff4d14c75f0d461fc67a23d777f0,2,,,,contract
0x5ce5fb71545020263b962bac91983815c5faf900,2,0x03534f41386a921f0f8a21db81e39c7d11336d180651b4f160112c6666f601314f,0x04534f41386a921f0f8a21db81e39c7d11336d180651b4f160112c6666f601314fef5396a1e9e6297f097fdcbb8a64109f467ecf65e63651db22dcf481cbf67efd,0xc7c4eef4af1e18cf44d39b5445245b9638d660a7a6372330ca3628d0fb209188,ok
0x5d23dba47f5257a017e8a4504bbf45f72e93b795,2,0x03c43165493856f3b233cce6922c26919a07278a7bb32d3771b65d883d9334a71b,0x04c43165493856f3b233cce6922c26919a07278a7bb32d3771b65d883d9334a71b142d37ebd21f1dbc66d7e6cadbf22a7c8a6016229c59f67a1f06879ae0cbcab5,0x7ec732aa62dcba3965d4fcb741ac0fc2072ae63ddfd8f5b1b5f765d21ab8a420,ok
0x5d30dc36255ae4ad6022c7b8ba640e709993c4d4,2,0x03b0039e60dd22270e498f13bd954f6c40fc9aa9e3695a553b97c87a90447efdc1,0x04b0039e60dd22270e498f13bd954f6c40fc9aa9e3695a553b97c87a90447efdc1c2c5285bb25471eb267f986a2a0abd9b5be9755f89b934f059d50d95de7da27f,0x668804406885c0de2ab10d6b3a431003679e79803eae05375a2ab58fdcdf6fa6,ok
0x6218c88fa911c38f335cbda3b32205c8704fd721,2,0x0244847cdce1b2607ce82e6c638a1f700e79c7cfa118b5ca52be06c6708cba3777,0x0444847cdce1b2607ce82e6c638a1f700e79c7cfa118b5ca52be06c6708cba3777bcd8f24634ba792ad977cffbd023fb6b8c1bfd1326ef1f33dd7de6edd5485874,0x66dd54d401a12ebda2394893df410f69064749091dd2109cfe6359449332f05e,ok
0x797f62310412ca58149c439ca1a915bd3216cbcc,2,0x0382499bf23e5dbc12cf36c5343c8145be141c1881be61a058c7dde2121fcb9579,0x0482499bf23e5dbc12cf36c5343c8145be141c1881be61a058c7dde2121fcb9579dadfff99639185faec8cffa43c17f9a6b3dcf0e6794d1b39a237277f9d0b6acf,0xb75a77d35364d1994d3705c9001681b15b02f6802e2eb3858bfd0601b9c3a882,ok
0x7d31223da624e164036a27aba5add059b353ec9f,2,0x034b7e02b5cfe3065afd8678812154add708046be82d542d5ab3e7589dae7c6f22,0x044b7e02b5cfe3065afd8678812154add708046be82d542d5ab3e7589dae7c6f22394a607a19c5bf81d568035cec2a42c46d00bb726b6f6a9f60e253f306829f31,0x9fc5f290a3460763eebf5f0422a320718b4a3fb989524d706cc6aa1bbe2288ab,ok
0x7f1b9bd14a0cc46d45a938c481b1910d6584fcca,2,0x03882768b5467ba9139bd265cf7ad709ce43bde8d4f0f108ac5a4399416b70512d,0x04882768b5467ba9139bd265cf7ad709ce43bde8d4f0f108ac5a4399416b70512d53ffc2ec0b4dde6d58fafe70e9b008e0a70c2ab3a292f2eb4d690010ada1a4a3,0x7b3ad575e495c932244d58d4aedd81ac100ec6bf66ee428d015e1471586eeede,ok
0x86d8fbeb0ed3093aecfd76b8fb4b789dd7de2ee9,2,0x0374761d997c6f1988aa0fdbe71d1eebacaa22165cb6662038a481ae3be40c14b0,0x0474761d997c6f1988aa0fdbe71d1eebacaa22165cb6662038a481ae3be40c14b0ef48e72a95d81be182b8812e43f4cccca8ef73d57f520f6872e8c4cbf9928599,0xe717cff4423e91a143cad648474e6ebf10d3b4c51659144182a59226c35fe164,ok
0x896fed8b86eccf6e8fd9a98e325325716ea76e71,2,0x027a875cf14132bd477f027554b05b1ddc22a100e2d9c8c236ac2d8eb10b49401d,0x047a875cf14132bd477f027554b05b1ddc22a100e2d9c8c236ac2d8eb10b49401dc5a230ed80f4a2fc1d5a23457cdaa8109f1a89d7563248443d6b6e0ba2876a72,0x77df27d23385c6323af84201ca93a0bba74a0fabde31b9eb66d1ba3a80d772a0,ok
0xa3bd15f1c7e88e5df7c72930467bf162a0297a34,2,0x027332f7e1e73e0a98f4cfeb858ba14c4c97aaa00754bab9d1455c4fc29a721659,0x047332f7e1e73e0a98f4cfeb858ba14c4c97aaa00754bab9d1455c4fc29a721659322df7ee3afc082080ee3fb140b452eee2e1456239d80025f33800ae434e13e6,0x929e29591c9eb3f2d89b1108bc24d2835d29bdaa902e124d2e4bb4d0334ed339,ok
0xa63a25026e2d86fab7a23af924f425ac92a7fa24,2,0x02704bf36d0481ee48ead92b9a4ba25f06ff08c5949cf420f7e3538036a2571ddc,0x04704bf36d0481ee48ead92b9a4ba25f06ff08c5949cf420f7e3538036a2571ddc1f3851c97126b45663e7bb20da0b0fd075b4a84f7d8c06f26a0abc679fe62ff0,0x1380ca2e06eed850496772a0a3d881f69cc9e2bd543d5d1d3e20d70a65e060c2,ok
0xb23190aaec1050c2d85c4f8cfbd09d2b45c5a1dd,2,0x020386c085353052fa4243be888ff13fece69751fb3358cc9b1eb0206d62eae3a6,0x040386c085353052fa4243be888ff13fece69751fb3358cc9b1eb0206d62eae3a667796637cab20176e0b25a7c03b8c993c63ef1dd22ab1bf7cbdc9f5436eb00c2,0x97da3c118cb8340c7a278908a24896ed7a006dcc6f1f728790312edf8e7aef91,ok
0xb3d6c17dd4f7a7b6c061c8ebe74f56a818613a0c,2,,,,contract
0xc5ea2ffea98b1a26dce30a3e49e31432f70befa3,2,0x032eed2ea0e040e3bb4f179e84b433fafb3af0d321d77048ee60d16ca8d160cd3d,0x042eed2ea0e040e3bb4f179e84b433fafb3af0d321d77048ee60d16ca8d160cd3d80a9a9243ca4841d6ea4b8541e5b108f11b3e565b4b3b1091ef68d78ed2e954f,0x3224c38f60d3fa01d3683355cf93c8a65e32e69af037395760e88791910fd697,ok
0xc8d6bee318a867420b8f3e2032f058d80619b650,2,0x036844ed766ba681041545cd195658e8f41d9827229c1083a2b3b5996f8b9e7f20,0x046844ed766ba681041545cd195658e8f41d9827229c1083a2b3b5996f8b9e7f20cb1d6d19e9edb8c560b17aa5acf651a38ba6e876f2d39fde6a4b8267f3b7436b,0xf96e6f363007aad229379a334afa55418ab10f6355d043d34111365298cd4690,ok
0xcc23d9b859a24e1368e028aa5c64cb7caf919e06,2,0x02d7655460338808f6fe1629931ba03cba10b10520d6d6b2c25674efb70e296f2f,0x04d7655460338808f6fe1629931ba03cba10b10520d6d6b2c25674efb70e296f2fb4f4b494e8a002ac02b7eace4c818b3f96e16fb6626d0bc4ccb804c10e60b7fa,0xb6c1fb4751669c27a7ec099f96816d66a53d1e3bca96d9fcc06e11239e7bebac,ok
0xd3207414f8f0dc6436098660a95763f441abe83d,2,0x023a7a76d01506cd2cca3dee4cd1b832432032e1ad2b978f7a3fbff91b33bed799,0x043a7a76d01506cd2cca3dee4cd1b832432032e1ad2b978f7a3fbff91b33bed799b13956a469f4332d26cedcec6eb690f1e1a322d30957f39461411d8b1f72dec6,0x31e08a93a37cf6af080e4a11a5911c0be2a0d53cdbc39c9eb26e766e924686ea,ok
0xd3dbc9a15c2a2d3a6e9a816928b4b139409190ed,2,0x02f8f4c1cb3a34906e0a75ef0d7b2d4a31de47aaf6d8112678325ffcdd169f4dc0,0x04f8f4c1cb3a34906e0a75ef0d7b2d4a31de47aaf6d8112678325ffcdd169f4dc02e53a6270171fed5d2f2c379129a18ab4d5d3ba6c06c5887db24e0d606a2dd9a,0x79c6215db326ce87012a83aeacb911da37a0ed14d0265fd98b2538a155fb494d,ok
0xd5d6e598f59e4ca3c2dda5374ba7aa66f1cabac6,2,0x0341661bd218c6dbe75c68c24b484fa1cf7d2ec0e60ab6609ce67590eac107de48,0x0441661bd218c6dbe75c68c24b484fa1cf7d2ec0e60ab6609ce67590eac107de4843273e5871e2bef690d8fa828a7b9cecb3037640f19b4666d6d4863168376b63,0x35b75da18042e18268bd78225b4be085332323ae367ecebb44f4cf5af2154cfe,ok
0xd7c732c58449b3becc4827ea8cabf6f9d9ce46c6,2,0x035358e7b1e9d0e8af76660bf187e89429ccb4d3503a870625cf4ac8a18d4cad69,0x045358e7b1e9d0e8af76660bf187e89429ccb4d3503a870625cf4ac8a18d4cad6984ce4669d0319571ee9d6de7967b88619a30667e31fff16903b1dbb3395e652f,0x50a7fc9fa0337a8fec115b0d747bc601611d79d4845cd42adf3f3b755c060e1c,ok
0xe32e96ba2e9ed7b1d1ef980d60f3ea00fb6e6c41,2,0x02728c96414d91fd49f477aae52de9b11227c3b2319c42d966ccbd8daefea65b41,0x04728c96414d91fd49f477aae52de9b11227c3b2319c42d966ccbd8daefea65b4183fa35fb7385ac12fdaf726f5346741f4f949073ddfbb8fc93ee4950ccce1bea,0xa349c6c5dbf2f9b235b9c76c484fd4637da70b722aba6e86b7a0f9dfadb34547,ok
0xe9b9a41075a3d168180046fe01f07ffdcb05119b,2,0x02bf6347715ef537230d1755adf7f41f6906ffbfcee2eb51cb7d38aa4c3773a048,0x04bf6347715ef537230d1755adf7f41f6906ffbfcee2eb51cb7d38aa4c3773a048329a9fb3aac2fc9e925b88c2f9fa6937afb99df6ad0eb328b2e03ec5b1a2abb8,0x68bba8623f4dd734894628748817002cd311b7b19f83265f825b868ac2773ee4,ok
0xea8e50d517c6a4b7d1c1c68bfe6f7d241a8cd12f,2,,,,contract
0xecdff50dfbcc02ffd963286bc676c094b79c3381,2,0x02ccafb7340609d61c3ecbfcb97e8bdfa31594264b95220138b97c1c0e7c2c8b6f,0x04ccafb7340609d61c3ecbfcb97e8bdfa31594264b95220138b97c1c0e7c2c8b6fe17556f971985698317351cc4c0ffaf2d71e74c22af4f21f86b45fc2d4731de8,0xb1c297cc19949d7a34169a1b20325c84362da632e43a60441cfa5fda9072ada6,ok
0xee6c4c4bc8bc269f6380756b300a060b8d583c49,2,0x02023f415e1d5af78f1033365d8e027078a8069478697997a5f4ed57badf8056b3,0x04023f415e1d5af78f1033365d8e027078a8069478697997a5f4ed57badf8056b3b85199edcacf4cbc724d30644e45fc9dcd86ed9d5fb1011da2650694eced17b0,0x2265854975fd6558328cf8ccf9d9d64dffb5851f2fafb5e6effd4ca3684b2811,ok
0xf4485e8fae8e3295ec21d8a686e5f222284d2db8,2,0x038becb1b0b8205d62576fa8f353f528ce4d251ca5e8660f3e02bd83ea5a666f10,0x048becb1b0b8205d62576fa8f353f528ce4d251ca5e8660f3e02bd83ea5a666f108c3437c3961a44f809a9f6481256d55ea4d171719378a5236b5b37e33404ed09,0xbdb6ef0d44224bd0520b1511b6eac6c51ab639b3cea8d6a361cec47aa23bf6f4,ok
0x00033f420f318bd5b0b9eb2bb005a18818630b96,1,0x0348344bd187e7f579f842161ebcd47ded066638fbf4ac6dcfbb26d092d72a6b4f,0x0448344bd187e7f579f842161ebcd47ded066638fbf4ac6dcfbb26d092d72a6b4f7163978c22266d40595240285546e5d9f171fb58fb1521d5ed6b5ace9b053f4b,0x2aa3fd0dee703b90ab0c8e2daee96baa2578cb77fce612bd1d63efafef3dacd9,ok
0x0018dbc11b9dace64ffa15303ac2785e6234440f,1,0x02e35dcf09baa60df53b6d0ef8b6806f6db851832fe12e54b22f4bde9640d938b0,0x04e35dcf09baa60df53b6d0ef8b6806f6db851832fe12e54b22f4bde9640d938b0765415cbadc2d632e0b32205bc12689779b2187ab53fd9fad6b093615e93a812,0xcfb6b6df576b3e8a4c125f3353dd9a8d1edee54e6704c331a6d6743044c71a68,ok
0x02bfa1de8edbcb6236921d04b71512bbfe1971a6,1,0x02c6c489a61c37c9f6978bd2c03c9c9c6121de260790d2d2a6b9e3455e97e4d1ad,0x04c6c489a61c37c9f6978bd2c03c9c9c6121de260790d2d2a6b9e3455e97e4d1ad17aa2613b29e7e481e02cfbe332a277c6418fa8d8664b525c0feb90004c51714,0xb1e700de900117b740f65c9118958e480b6a3f1e9ec3c3fcaed2e07005f40c75,ok
0x03a507043314ef13a83afffbaf15d89055f64666,1,0x03cbf1453b556cc4d44283e8fe4290bd850e304c87d6b218d38b474112319cf16f,0x04cbf1453b556cc4d44283e8fe4290bd850e304c87d6b218d38b474112319cf16f360efc111f3626b06bdb8b2b97651e483c2561693f505017a9de8c1ab6565845,0xa4f4904184fbec5d1675705eb6904423d54ba327726cfeea3f368e9fad6bf61a,ok
0x045b5b8999df21cfa85a9f571b36bb5cc5afcacb,1,0x03d9834671c0ceb9d4df20e1b9e6f1cf893a4acee7cc95093360b7f51c547d5b20,0x04d9834671c0ceb9d4df20e1b9e6f1cf893a4acee7cc95093360b7f51c547d5b20f81c8c99c3f3ced099e4224bc11806a94fc80fe6272ee82dd1e573f4e052a26f,0x1de03b7339cc55944987b468c909c3740fe8caec859f78dc3817aaaf7fb856a1,ok
0x08d8676a8d729de31c3a85b2369191da7d3d40a4,1,0x03d5df82bb35ba7f68b2da95924861eb5f66f56e1774e1ffdc21228d9652b10212,0x04d5df82bb35ba7f68b2da95924861eb5f66f56e1774e1ffdc21228d9652b102127588d076c584606683332700e8ced6f742e7303a988893b6bccd3771fb6ac06b,0xf304effd14604883ba09c4e320223be17f6b00d2d9d760c5cf9576bf77e1d76b,ok
0x0a00175601827bf8094885310338b5186e1bdff8,1,0x02a25bfda3116d9c1af8e687f0499cab8f3c5bbc14cc18ef1c03bd7d31dd113c2f,0x04a25bfda3116d9c1af8e687f0499cab8f3c5bbc14cc18ef1c03bd7d31dd113c2ff31209fe48af76499fa732ae9dcb73a4ff8d3f53ff8d86c0df5b573ee5916f8e,0xadcce9fe90b67198a15b259ca4d21a2b2c19eb18f64e3ae355b0cb1839c13b4d,ok
0x0b3d84b4cbaf363a6eba9a85c2467428277abc26,1,,,,contract
0x0d322d8e46570346a2b2be71b243890867a48bfa,1,0x025b7d2ac7d244da8c090c90a62771712b7eab5b402a1b1393123c48b588992070,0x045b7d2ac7d244da8c090c90a62771712b7eab5b402a1b1393123c48b58899207090ecc9dd8fd8ab0a5c5e02cda31f8ce6feb2869fb6dfef9a994c99117cd1f668,0x871a5e4046c7bb1797b87166ba4511df68bc737c6145d46d3be675fce90cddac,ok
0x0d88697e0b6cb01fb49e0c3416e4413da70a8d6d,1,0x02708e8824e927bac654102fa106f5138fbf68dfdfbbe73368e51ef57c8b8a5161,0x04708e8824e927bac654102fa106f5138fbf68dfdfbbe73368e51ef57c8b8a51613b80d307ff8d1053715928e75dd73c89ef48132e4559a28da8a7b63a1f772d40,0x4122f2b76532eaae7372046d5391f8b31896b364623d96191af0ef1566ea2611,ok
0x10c163364fe153cadf6532a5b34481eefb99d96d,1,0x033668f33993d973612dd2c06797eeac3666f89f213c6486212e9a1de18481061a,0x043668f33993d973612dd2c06797eeac3666f89f213c6486212e9a1de18481061ad1786790a5e185a21b02b768e846bfd947fdf401b25cd07ac9e53f65fec0f357,0xd1c5ec64a1f1c1cb72c9185365551bccd4c2c64eb5dd97d37e58ee6d9b03529a,ok
0x11b963036d98f3b51170a7f445bebdc44a1c1cf5,1,0x02c72e2e440265d332952ab6f3afec44c0602af9ad50fdb1339b7bc26c9c33fff5,0x04c72e2e440265d332952ab6f3afec44c0602af9ad50fdb1339b7bc26c9c33fff502002892213344ed6d6cf325e6b089c0d715a61950710eeb232db8c3eae170fa,0x5df1eca238e838ad6ec34fca282387573e49fb187921ac87b78152941fcfa18f,ok
0x1827d3e38eeff09f349aaf2e1ee413ece15c0308,1,0x033d979296100249c670bef63ae9df25bef5ce5657a1974ee37e99806d678c8f61,0x043d979296100249c670bef63ae9df25bef5ce5657a1974ee37e99806d678c8f6147b604b40788d600c186ba732bb2d27e6666eb320ca225c0e2a8f12a057c62a7,0x3126acc5f40f2c95221fb1e5909a77f807ce6f275b0fcdfeae1075333dc5852a,ok
0x18fbe7878f4c447d97bac1ddf3523d5e4155fd21,1,0x03a4079a586e3b7c13e9936d50afda4d43c8d8a3ef3f8bde4b44c41bcc7edf5f86,0x04a4079a586e3b7c13e9936d50afda4d43c8d8a3ef3f8bde4b44c41bcc7edf5f8679b0b9e508f24df14ff3d4d36d0cf9811e11170f3fd67413e4b26a8bfe735a59,0x4717621bd6ac4d65dca5334f35c7034fdd14ac287a709a09935c8516a14f7d1f,ok
0x1ae95e5700184703a6bd67ec4337ccec56267358,1,0x03e0f519516ad97f4d66e0dc5a2041af48cbe387d9c0fa9eeab4d3fce43d6dd992,0x04e0f519516ad97f4d66e0dc5a2041af48cbe387d9c0fa9eeab4d3fce43d6dd99253dea6976ab6f0a62721b824b70dec0adf30640d987df4d6355695f44b7c43f3,0x2fe69616c14a88ea2104103a98aaadce8bdb75e9a033d6e6367b405b56207070,ok
0x1c88583c03a2e9277bf6043e595dd83b19dabf64,1,0x03e5bff520b8b63ad8514136c018fb03ae01f699b3ecdfc30812c0d41910799f74,0x04e5bff520b8b63ad8514136c018fb03ae01f699b3ecdfc30812c0d41910799f744c148eec26567ce9d9815af20ca2b0997cf0b346dd4cc1193fbbe99459b90d25,0x87c3bd9b9f15aa534504bdc4dbf27c0cef0ebd575c70d2d65b96cd6b955935c4,ok
0x1fa47ee12afbbb6081f80726d3093efd57eb6194,1,0x0336a88918ec5914e8e370542815e9cf1b4a191246ca3fb476fb2c3ee1daa6399a,0x0436a88918ec5914e8e370542815e9cf1b4a191246ca3fb476fb2c3ee1daa6399a5b7b71a3f97cb05baa66f917e7b95cf24957f86e93d25cf2698f493e93b61ceb,0x537604e7919adecc74d5acfea69c9f1ac1a810b9f60fbdeb349b7a8e40d1f9b9,ok
0x1fe8de7ccd3f690d839e76d935fdfc90faa2aadc,1,0x03ee403c2ad45fb055907c72ae316c0da84e989eb5d6d82c30d8e963800ec01d75,0x04ee403c2ad45fb055907c72ae316c0da84e989eb5d6d82c30d8e963800ec01d7582f5edd0c49c876cbadf081c7e82ae0d66dbe137e0f53194337ab439b1f5dacf,0x54089e764195855803750f3e224d3f6c3650115523ea60dd8f2f34536e61babd,ok
0x2316e34fee278571a4f45d81d8efa06371b3d735,1,0x035782df6004d18916bbe572fd8005d2da0514157218d837b637d7e03a5a5edddc,0x045782df6004d18916bbe572fd8005d2da0514157218d837b637d7e03a5a5edddcba25b01e833bde2e16bceccc3dba2a1b414207dc19ed90431f02b1f34b851a5d,0xc230572f884297a581bcbfd58cc73cb3621ec2b023e91b54ea556b608343b50f,ok
0x233d6e258cff7e30abb3c566143ad3ba99f7ca9e,1,0x03cfba569aba4831798f02ca4a372e617d60c27b30b231fb459558f1be765865ff,0x04cfba569aba4831798f02ca4a372e617d60c27b30b231fb459558f1be765865ffcb4e1163e9c86f230ac9e6f00b99afa2463cba06fe8c90977c41069d69a7af13,0x5dd1befc2ec395534cf60a3fa8aefe9f95a8d41bda1dfbc9ffaa1d1d0d0d5263,ok
0x2341912fdc39ab158cdf9f4c10b19ace5da6c4dd,1,0x03dad845dde4ddfffba191e42736cd559febad5317b44885bdc1f9540d65d0d634,0x04dad845dde4ddfffba191e42736cd559febad5317b44885bdc1f9540d65d0d6341fa865caface842baf85d69fb25d86546436a81f39cc1baf0aec571683ab709d,0xe2fc6b6481871003d58450fde59e55d0340558a8fd3ea7c8702281fbdeb3c26d,ok
0x24f5edb3135223b4bccbddad5928ba14600dc9f4,1,0x030884eeb3b194f24c9b8b5b78e8087c95515d45cae8366c0cf2b9f19b7fac4a78,0x040884eeb3b194f24c9b8b5b78e8087c95515d45cae8366c0cf2b9f19b7fac4a787c5dbbba492aab4348d801b67f482cc476a05d92b3788e57ea63a2470d4e5e21,0x1d064be083c5ad7750113c73904a44e396e53cd47cc3c9404e87cdf22e4800b1,ok
0x26a684a266ca87620ddb190293823fc2a6b2231f,1,0x035d80fd559186641f8c7940cdb9a8d336fae645aa12bc6c3dcc6f79ae755b0495,0x045d80fd559186641f8c7940cdb9a8d336fae645aa12bc6c3dcc6f79ae755b0495834d06a87098af04bd0852cf70d6b94f13670c7c0d35abc101a73d2d452b1c83,0xc0af8883cd4a092ad313f77bde462df5e90e1eb55764060a303d35162ea9b6cd,ok
0x294c0fa8a3d45782ca0dcef8c8216b5b3dd10aaf,1,0x03f737059187afbe2ed075f0a1e7f54f5f269c12b3f109f1bfcd28a73da575d5b7,0x04f737059187afbe2ed075f0a1e7f54f5f269c12b3f109f1bfcd28a73da575d5b78e6d45c34e1c4f7592106e3cf065f11b183f2305b02766a816bb1f1c68bd133f,0xe54ee760c318c0f712e99222eae838e8bc20f68900bfb2cbdffdff21465fd4aa,ok
0x2a5fe45808603a26d0d227e884ba7f5e72b81021,1,0x02115ec8ad5d3d5dbb892763e9aa9efb3bd60dff319de1cad39cd9d9b4de18b80c,0x04115ec8ad5d3d5dbb892763e9aa9efb3bd60dff319de1cad39cd9d9b4de18b80ccbc86568863c64d32a57921c92df96942a70dfc982c92c1e25a2b7ec3d2d40d8,0x625f548ead907b4bb40eb0983beb5148e9cb204b1154d92c74062a60ea84bb12,ok
0x2bf546648af2d883c7c468b409fe375ecaae8525,1,0x03c280a4914c1c85e1b9915722770670783b46da1878ffd4deddff395d72f27d97,0x04c280a4914c1c85e1b9915722770670783b46da1878ffd4deddff395d72f27d974c73d930c71e100cebd566d1ad9c3c80cbd069a2de53cf51a2fa8697d7db8631,0xe05ffaa47281e7835ad1a807f02193e417756e945a3781316f9370c9592592e9,ok
0x2d01867ec76e026f629cd0b3fbf1d91b31d2048e,1,0x02d1391acf3cb749a6d733e0d093691803a5fe6ffed220d679ef66a45c878cffb8,0x04d1391acf3cb749a6d733e0d093691803a5fe6ffed220d679ef66a45c878cffb8a293a25850d732d688c4144af54f599a3cf77d61ce21f05c1172cb83f1bad276,0xa8f3394d7250c6fc05569396eb0fc969bf1d947c7654efa31e3f26eaaea320be,ok
0x2f262bdfe6e355b3a884b5bfb0d55ffeec578fbb,1,0x02ac32545596c293afbace309c02984de5b9ffeede09d0b8d5031045304b5f0840,0x04ac32545596c293afbace309c02984de5b9ffeede09d0b8d5031045304b5f0840d9332965a948cadf80a756688a445161eb550dccc35fedcdb19fe176061adc0a,0x1aade4e9364cc38b46e12b500a79c68a312ad6c59436529664118050ca7559e8,ok
0x30697491092a1d54f5a037bc0b6f38d6e2b01833,1,0x030e55bd333a1dc015788f3946e061e28419f6bbfec21a99f720f48dd3a5e7d9e5,0x040e55bd333a1dc015788f3946e061e28419f6bbfec21a99f720f48dd3a5e7d9e519eae82d48e31a9115f02023e520e6334f6bbc101c50e1f7cbcee9886744ebe7,0x36de3cebaadaaad4a33e52bf887c145badb51222b84db672cc3576717fd562bc,ok
0x3196d0cdc10edf96085bb487f3452e4d70c3ba67,1,0x03e10aa9019352e7cb51782e46cba0b310e4e2cdd993e8c6c6f9d52a528bcd8d5b,0x04e10aa9019352e7cb51782e46cba0b310e4e2cdd993e8c6c6f9d52a528bcd8d5b51e8653cf5d6497301e20f9bb6a6eb22a302acc31a345137b4084bf2ad7d4419,0x297c214d99e3f324463a88666dce8899bad917cbdd80cea99cb7293d43b49ee6,ok
0x33777754e555adc3bffebefd833497bf6bdfb727,1,0x023148fdcc563fef804c0e9fa96f56fe124ee0951cac84ab99610d2128625f66f2,0x043148fdcc563fef804c0e9fa96f56fe124ee0951cac84ab99610d2128625f66f25dcc5910110d2a5e385356f16db82602521e31952ee7b011962d29c18cd9e6dc,0xdd5d5422557030695c9b18be44f1d12ca500f4499d39d4fac442a3bb6400dd45,ok
0x361fd522936786099d6820884315ff8d56777e3b,1,0x030c77c5a749e4098cb206ab9017d6a253e586144bf2d0fc2fc74adf0061cd2035,0x040c77c5a749e4098cb206ab9017d6a253e586144bf2d0fc2fc74adf0061cd20354eecced0c5788b3613650d205b9f10ad32a02dfe74ef7c545447ee0c58ae564f,0x7fc92eb7f3ebf1272e625d6f84fddaa9bb831a8b4af5068590d6dec4dbe4f20c,ok
0x363e739add909e69485b1bfbe75f30b1ce687049,1,0x027d53765dc6dbfd60ccd972cd8434a57137de279bead33b42d2193f63255e3b3c,0x047d53765dc6dbfd60ccd972cd8434a57137de279bead33b42d2193f63255e3b3cffc9dc79ebaab2e290a7b9a115f73d7368638930589de17eaedc9e6be0e1d0f8,0x5079fbc61caae1a4bef2b684a37d6eebff4328081c303574e04f7630dd43a5a3,ok
0x372c8ff76faa14ef10dc553340a60278548dd618,1,0x02e79eb9988abe546a5725f6017a322e0693146a8f8cb615a7ca7fd2757decb7a7,0x04e79eb9988abe546a5725f6017a322e0693146a8f8cb615a7ca7fd2757decb7a74e67d5e81cf265f0ede0397926f2a3382511fc6beb151f84e6ee278af49edd7e,0x77acd65f0cc0bc30ab3ccfa3a355dc6bc3cd97f68565de60a2b37e22c7dbcee1,ok
0x38276a7a400cca803986e99f023166dfe6c2c492,1,0x030b099d9e3e79d67502326e20489237b056c0094fa7f00703c43b933153146490,0x040b099d9e3e79d67502326e20489237b056c0094fa7f00703c43b9331531464903ebf8afe141b6c934e3d3810e3ebd440096be5935256fa08f468f625bce7982b,0x71ac85a70520269c852aed8f53475f1ddcbe9d77f4c1846d5360950ee78d9900,ok
0x39605f4b38801d963c505de0ccc1445c16e2d116,1,0x021fb1c8bf1dab25fd465333b7e580e3903dec4c9b29c0ab3f4e0b244502eba698,0x041fb1c8bf1dab25fd465333b7e580e3903dec4c9b29c0ab3f4e0b244502eba698ce00ec992693034a2bf2cda02b2a8a48de70f7e6e0629b23c3ca2ffd30715bce,0x5648fbbbe9668f475ac02d8e8562fa4dd213d6d26b4703e2adcfc458e52a7d25,ok
0x3a4cdba6d81c702a592f7683963a87f12cb946f1,1,0x02e863cdfe0f06a5076744bcede9e0f6cd8dc3b3cbb434db97227cd1a630a9ad71,0x04e863cdfe0f06a5076744bcede9e0f6cd8dc3b3cbb434db97227cd1a630a9ad71d3880cd75e834534f732220252a0a3cf623d906f119edcc8bd99a750354cdda0,0xbfbd20f933617954df72274b2795686a398074b109c05a2b8517b8bc18792511,ok
0x3b3c41758249c5d675d61775810bae93d35034e2,1,0x0395716739336afcc2deb72d11e50bde556ac694a4a9bc8cec7d73ad41a384fdeb,0x0495716739336afcc2deb72d11e50bde556ac694a4a9bc8cec7d73ad41a384fdebe0a67b0deddcfa6af855e785a59ade70844cbeb997817545c4dcdb3a5f35c093,0xe2dc50b75e2c107d0383b286b017eae0ff841c32f48245479806bcfea3bf97d9,ok
0x40cd1b8e97cc430a52ea1194e10f7843b00ba18e,1,0x027bb5a4d5bdf334e092480cbc890ed976dab6270046c801c04246729c4055e8bc,0x047bb5a4d5bdf334e092480cbc890ed976dab6270046c801c04246729c4055e8bcbc5bd07386a9e226abbc793bac72c3dbc16f33c31b6a0324d5b5b2b9cc6f40cc,0xb5a0aa91f2387126281d786f42021f9fe65fd577db865a40a316357210cb756d,ok
0x4466fdf8b168abc2aaf4c4869b7aa2f9e03bb6f1,1,0x03c47e138f6ff294adca55e11ff76cf2b06429b6d3070d31eed304b4d0b57f5174,0x04c47e138f6ff294adca55e11ff76cf2b06429b6d3070d31eed304b4d0b57f51749f6b3c7780fe821a5725282da868780fdae76a6f3c7bdb2daeff755b5e3573e3,0xd85f0736efc1f95b0290484ec57bed38abb152b500d1309002d1fa83b2c22dd2,ok
0x44cd1eb889948cdb00c2b18eb5d064acab745735,1,0x03fecdf4ce6c240c2482fae414ad1b5ae9e84d96935697ec496cc33142e588f3cc,0x04fecdf4ce6c240c2482fae414ad1b5ae9e84d96935697ec496cc33142e588f3cc1e0eef6e7630791be823afb380bc41dbfa90fb3cc2c753ae966efb0a0e7e2787,0x35b68a8f2351a17eae1457b2d9843c2dcf6e033e13a802966c703302fbce88ed,ok
0x4a7d2ef9f5a618c98089c60e23e461b4374701ce,1,0x03f2ac405aa23e864b1c65afc2af4e8118199d36b96160e6741953829fd603a07b,0x04f2ac405aa23e864b1c65afc2af4e8118199d36b96160e6741953829fd603a07b58d941c6e0736c2ff62a3adc37a1b8436b7089f3846a53c7e11384e8156da2fd,0xfbae86e210fb87aa7975c10db99d9116a1b2e59bffd4d54f0d206c678c5af2fb,ok
0x4a89987a01462a0a41cfa672a6bc600d32ee0a47,1,0x037bc7f1e35d00b6a2ee0d3f53dfe19530fcba8c62e4529eb50510801336099702,0x047bc7f1e35d00b6a2ee0d3f53dfe19530fcba8c62e4529eb50510801336099702bd21668ebf2679aad57aede60c5b4a65e8678e8ae01dbfa17b7ea85d7f4b9c55,0x3fb8a8850c7ad189048bf19f58c0d4548cb4d8227e2707b745e1b0799d9d2cd3,ok
0x4baef3190235c0ab06c2fa0f11408f69e9d611dd,1,0x0398fd8f57d8c937be69e425fe1bc348b5320621bb13ab8018efbfccbdc5188c90,0x0498fd8f57d8c937be69e425fe1bc348b5320621bb13ab8018efbfccbdc5188c90592bbc089bed6be31d94a83d0bf68efc32f7be42fcda6dd6f044f8b3f325d8dd,0x1345552e28860b5a9a8c741b7736ff575974d3b1506c43f8ec5d9a61852d574e,ok
0x4c900a390d7ce84eed0c8268aa0436280dd3b837,1,0x024ca5eece507a5518b4a5107adda9db46c1cd70bbbae888a275a544bd363f6b9c,0x044ca5eece507a5518b4a5107adda9db46c1cd70bbbae888a275a544bd363f6b9cc758da470b2cb01a05b9a53ad4a9fed6fd09cd9f222196ef05130890dbc6df1c,0xbc3ffff34eea5210836a4ab34986f3f49cdae43cc145da398c84054af78bcaf8,ok
0x50f7ece9183d1894e7aa9b6b770b6a4bb2b7455c,1,0x03b2d97e4b22a05fb57226d18d67ef0114136a611b68838b2f0c7aa047a5131f23,0x04b2d97e4b22a05fb57226d18d67ef0114136a611b68838b2f0c7aa047a5131f237b145392d45cb3ed9e68e95c624d250b97399db35db4a84dcbbcded4865b5757,0xa8e00aae44c475e57c41c0ca9acba01a1e71a8eee60a0416d2ebcf0521ae0eae,ok
0x53815b9b9eb106c8ee98e0cb32085f37cee9172b,1,0x0368f4f7fa5768c06bf40f4feaecb5e4864f465efd5fb0cad02861f4962e915230,0x0468f4f7fa5768c06bf40f4feaecb5e4864f465efd5fb0cad02861f4962e915230daa478e04db8906c34dd1a60e692c988c533d501c043b7781c4f58e3f2edb463,0x95b49753dbee98500a26310d5d7a6b18f1f404c9b539d759631e0fe044e1c556,ok
0x53965cd7992bc61b4807aa7ace3bec0062c90de2,1,,,,contract
0x54f9564392ced35edcf3e6554108c81f26dfae41,1,0x02224c98dde82bf3481d19c07ed433707663066bd42ef7c7c95471e48a8fb10166,0x04224c98dde82bf3481d19c07ed433707663066bd42ef7c7c95471e48a8fb10166c64f33747b7dd273e938be04fbb97bbf3cc02830e0974218f8531edf48181d88,0x8782fb21481e00b1c04bca0a20de075e95c7b53f12e8ca1c67ce4bb904fa637b,ok
0x564c52535e60652e77b1b4961a1e92848bfeba15,1,0x02e7b78e300ef6f3dc6c9588ba4d9eacdec2ab8488e09bc96c632b685ea4fcf5ba,0x04e7b78e300ef6f3dc6c9588ba4d9eacdec2ab8488e09bc96c632b685ea4fcf5ba426a470c1971b21306e287e6d67ea07d19229cfff400f72f842cd743ef3d0042,0x39d3e14e5b2dc4eb73e493513b392764183afcf3fd199ec860418f0267af24ab,ok
0x5960d61a0622fe7ee8bb332db1bfeb2c0ebde514,1,0x02cfd6a9b5d7e7920ecc9e5cf1b29cd70d66cc90c0905a4af56c15fe3f202a45e5,0x04cfd6a9b5d7e7920ecc9e5cf1b29cd70d66cc90c0905a4af56c15fe3f202a45e5826b2b0f69bfe38e8abb41cdcf7b45e5175941c5a4d49cd37586082425710b68,0x5f12a8ff03737630ccf8887ba2ddd22c99aae836cdb487da81d1c61b3c20af4b,ok
0x5bda332691bb533c42c3fa978b914b1479b01b2b,1,0x02535ee60d92e3667961fe105a0e2f6d75731da7f925efebf09c411b457ec761c6,0x04535ee60d92e3667961fe105a0e2f6d75731da7f925efebf09c411b457ec761c6d19dd50b1342d327f502d2e7abd37a5e9a800a2f3186b528c791340f2c7595b0,0x58638b9abc432b1e9b6c425d67eda4a62d6a1c096accd84eebcb499b75b1bbfc,ok
0x5d06bbd476deb800a1ae6a4a8eb12628580d837d,1,0x03310b726c2ac122ef3e934adca71c8555bd19f8c4b94514cffe6f2c5804ca85c0,0x04310b726c2ac122ef3e934adca71c8555bd19f8c4b94514cffe6f2c5804ca85c0b844d8eaf1fb8515c6569662fbb3f34b02eee4eabecc3bedc348dbcae9dd4403,0x5100fc59556968cc4b454c589ab913788247ace5670d3c120ba6b5f5f738f891,ok
0x6184f98f11c2b5631070aab65f3e15e932fe4340,1,0x0347dc84e00df8d88cf2cc263c22183a39ef3cbaaf01d827a39b6c3fd0e7ca95ba,0x0447dc84e00df8d88cf2cc263c22183a39ef3cbaaf01d827a39b6c3fd0e7ca95bafc488114e3db30c42d0825d8d65c401284b2c406d6e2b37d51c771ffd87a90b9,0x506932f60f6358e8b397c5454ad2e460d42f68acee8da205677696ee367ff1e2,ok
0x6210477b3025bf5ea50a35d39e7d2875dc11661c,1,,,,contract
0x668ca185c3cdfa625115b0a5b0d35bcdadfe0327,1,0x035c9b703b13b06c2a35b86fee432d54a2ddf9d353ec60f915fa08fab44731db44,0x045c9b703b13b06c2a35b86fee432d54a2ddf9d353ec60f915fa08fab44731db446eb212f37902547828daf4507ad0ec010aaf6cd8af0a56108d071245e79e3d73,0x0630cc48a96dbcfed6ee1cd4d6f5c224a2e5ee1c45484ae621a97dee0ffcbb4d,ok
0x66c6870e9d4ccdb68d38d9cf2beb23c791085e0d,1,0x037dec507e8ad3dc12312035494912c498053e446d641dd3705859e0b07ffe5257,0x047dec507e8ad3dc12312035494912c498053e446d641dd3705859e0b07ffe5257cbf630ff7f9a849a5c156238af258611a88535250fc23384ccf503016220acd3,0x46cd024e3ca10806a012815f7e8c3f16e5f93a47eeb2fef06ee129e94540d74f,ok
0x68376130d60cb27e0fb6e94a01ca77e4a8550872,1,0x032f93b783fa83cd5fd6a8c18e5e708f2069b5690896e20ee975d91bb858f79bb0,0x042f93b783fa83cd5fd6a8c18e5e708f2069b5690896e20ee975d91bb858f79bb04f6077bd09335d70d21b47976b68f4673cee86c74192de1b153fcae288acd969,0xbf8ea6f93568e39862d6c48827321a22d6d191cadce0be813bb7b22c34077197,ok
0x69bd9e7477fbee5e0d41a7d55f6b459ae4d7fb24,1,0x03b306849bc0bd8e95ce6952cf21ae4fa8550acaf861d5f9bdd7feca66469902b0,0x04b306849bc0bd8e95ce6952cf21ae4fa8550acaf861d5f9bdd7feca66469902b0a50a2eb595ce3338a2bf3942b829804ead728dda0f5de479d19fa1d1f193f9fd,0xdc2b44c7228cf421705c912019a48e1cdd200b8d83bfc38fb269a439e9a36161,ok
0x69db2e3b0421f159b18311151db9e3eaaa607cd1,1,0x0234d4809c966a6ef6ff3a0941b29260245004e274443dbac8d81593e903326e07,0x0434d4809c966a6ef6ff3a0941b29260245004e274443dbac8d81593e903326e07085451524a3f4449af4db09f158bd1dbda3ff789e67060f28139306fe73282b0,0x803cce8f4cc3104913df09fd17490f7de596a600e1a66ed8bfc7143f36088402,ok
0x6b85b562ed739c8c434dbf7c0b9602e3e37dd53b,1,0x0339ed29916ab32870928a5df9eee9b37a9ff43f06c80e6b97e4f652b171defa92,0x0439ed29916ab32870928a5df9eee9b37a9ff43f06c80e6b97e4f652b171defa92ccb84bc8156e6df4a2a4a0ed4f471ea157f96f888ff250ea5ce0bdd372ff4463,0x2de2f85b70d6f96c8f71873eaf69736a33b2b81a289e7796acb6b8b877e6bc7c,ok
0x6e777e0684841c590ae82df4105252b17e0e48a0,1,0x030b791ff15fdd59cb69c75ef182f4f1a69e24364b7b5922a9ee6456418d3e8172,0x040b791ff15fdd59cb69c75ef182f4f1a69e24364b7b5922a9ee6456418d3e817216176eb90b5a51595880d3144fa641c08701c3e1ea6dd70d313350c212c61353,0xc0cb03039ba6d2488f3cde0f0dd334b6fe459ccce1c1adb2d90340c08a36d02a,ok
0x700c80cba10801b020279820fca7fbe3b9e54928,1,0x03674d3a6746f75eb04ceab922e200084ecd7bcf02cc172c492add4407c159c2e4,0x04674d3a6746f75eb04ceab922e200084ecd7bcf02cc172c492add4407c159c2e48dc711a8337645c1b9bb18b80d92e8ac31c7a176865f6e45aa905517f4a751d9,0xc55f9dfd62a17e833e9ca93b442829d77b9725f0646334a76225a1950e66dee5,ok
0x7176624352ed1af51936cc76860da028c39c69e6,1,0x029957078bc0104ceb9f0d3a2c70e838beda86768dcb39a428a2d7470e26c15e00,0x049957078bc0104ceb9f0d3a2c70e838beda86768dcb39a428a2d7470e26c15e00271087f4748380173fb001d9a833111caf466f0754ee848777d5b21599db205a,0x8e2284d436648b56b9346ac508902d21b9a5269864613ccfefb097a2b10f5f7a,ok
0x71943096a0b5b0c0ca002b8598620aa71e142c25,1,0x037a90aa91d533902b530baf2585235b69cd38867a11f674dfaaaed04f3559747d,0x047a90aa91d533902b530baf2585235b69cd38867a11f674dfaaaed04f3559747d6aa93677a9bb124bff80fcafbda05891a777c35555a52d31f9d31934e5883cf9,0x3acaa3458ba4df7c556c59d090045c668df39caadb8917f09eff5e394f3b86c0,ok
0x74c238acbb6e8c0f1443a0524643c38047cc9cf4,1,0x02b833a5ccd4fc0e5a8fd9ce707b6c21a19fda9f67a67de84a26cd5ffe4741ac40,0x04b833a5ccd4fc0e5a8fd9ce707b6c21a19fda9f67a67de84a26cd5ffe4741ac40fdfbf8ad3122063424e5699813e13873fd0ede99362168fc77fcda8e2c2bdd2c,0x81b9025c6ff4887b8a50aec1b7e670ff1b616b98e307352fd119e45a48adc286,ok
0x7a26ce1f0aba6837c11da35bc6ae849de8524412,1,0x03f081e5022aa424b156abd7eabfb339065d59356d847fc99886d9682e0ad87802,0x04f081e5022aa424b156abd7eabfb339065d59356d847fc99886d9682e0ad87802346c4cba6165f90e8a7914288a19fc7112092f59cf057874dee11176f0c53bc3,0xf57862066a6b73966b4196bb9559a22c90edb41374a7d84e9f9eaa9e99cc8a38,ok
0x7a631b4a6b1d0a6b1e433d92690d7c8aba4f23b4,1,0x03abdd10ba1d4f2e0797230a3ec213c2fbda8aadfcfcff3ead1249443c3e18e185,0x04abdd10ba1d4f2e0797230a3ec213c2fbda8aadfcfcff3ead1249443c3e18e1855fb6dbb4665be9edda59fa5e16aac7802cee54eb936f5f72d8eced500b5c00eb,0x76671729927e4a7d874057373b51c12052409300ee89d12638117a185286cc13,ok
0x7c15c86f4aab4596a38dcaa081dc1203352d9e42,1,0x021adc540327ced9e61414528528fd4e53385afd362d7e7d5e259a1870df4f3d51,0x041adc540327ced9e61414528528fd4e53385afd362d7e7d5e259a1870df4f3d51b5ed38501fd6a2d2df75ed914dfa4187d74090fc3666e101cd44e62d1300374c,0xecf882623d94da7e1f76059fe24fe64b1efd156aff3b871e742770b67a742381,ok
0x7e54b69600341571d671f6c3e10c27f83233e481,1,,,,contract
0x841c60e01f596f91f2f12c1a24544219eb10bfec,1,0x03e6723c34acf6e270897afcf4640514a976879890658b95a09ea3b9d3d6ecd56b,0x04e6723c34acf6e270897afcf4640514a976879890658b95a09ea3b9d3d6ecd56b30168f0e46ce75e79035a1bfab2e2fbe4a0cb572b330ce41066d230040f01e03,0x92f7965c11f22e0243c16f671d94ad162e745135588751bc4c0a607825e93607,ok
0x84891e81ba863c299b782f03cdcaf8aa4a2b0999,1,0x024fa5a2c54ff03345febd797d397a4df1066463b4833b6bbad04c0ebae690feaa,0x044fa5a2c54ff03345febd797d397a4df1066463b4833b6bbad04c0ebae690feaaaa7a36b967ab399fbd691acc37149bcdda08f5dae805c6bd2a5399ee3a620e70,0xade7319014d848b5cc95bc1cae0336508b0b64b3218dc7f5dd6689a51919b5ed,ok
0x86143d0113655d688c1c4e92a49fac1b32268087,1,0x0295bea7f462bb7ee66d0a4049ac8db69b40b67f4a4a72af683c34860f429177e5,0x0495bea7f462bb7ee66d0a4049ac8db69b40b67f4a4a72af683c34860f429177e5f1e5b02c7e8933a1609dd7c6cd35e382d4dc11783f89528e9b2a1a2bc0e6aaa4,0xc7e932713715864022daef800c83fe4cb0ec1877f8d1cc855e4ac51415626e83,ok
0x875f46b18781b5ff03e02e264eceec0c6c61e56b,1,0x020e30fccb1ce5c92f8743cb382b350940453461f4db4be0ce7713d15639ad19cf,0x040e30fccb1ce5c92f8743cb382b350940453461f4db4be0ce7713d15639ad19cf93ec14fcdaf567b645ead9e5746bec6e29ec3bf8cdbee47310b21f705041f3d6,0x3b72c22dd5b61aed93180c63d762bfaa43ede09edf7052284bd683d00d5fdf3a,ok
0x8bb2b6a1d0b57d1833b87cd1b9fb88541eb77c34,1,0x020eb3b1c9df35586affd32b0072bc80b9cb1ffb4cd257bb70712dc2f36a6539b1,0x040eb3b1c9df35586affd32b0072bc80b9cb1ffb4cd257bb70712dc2f36a6539b10f8071269c79e0d03dd4c7deeeb55c5f0527168326726637764781e090b5b1e0,0xbf088d1c03c0ec705d3d9f9b0dccab871a350e93922ca3cf97194392553bd600,ok
0x8d2f6743938a439ba9d4ef1619e5566bf935033a,1,,,,contract
0x8d39c1f5081bbc71241a15d58699767fa13d4ec6,1,0x02300be22f49de96eb6f73f40bbd0324bf77c2a2ed4a93967a8fe4446769c5810b,0x04300be22f49de96eb6f73f40bbd0324bf77c2a2ed4a93967a8fe4446769c5810bad1de4bc57b9889b5efba25c98602262314260473aca9bc6da3e68203f644cf8,0x7c4f8e177cdbc8031d15a1412b0160c346776c961465750d446a647adc531de6,ok
0x909c98be61808b1545f439c0e0976fbb2229ef0e,1,0x02bf70cd452932e58cc59b4c6b47a79550f03c07be4cb68cbff766648b89715306,0x04bf70cd452932e58cc59b4c6b47a79550f03c07be4cb68cbff766648b89715306c2c1fcc9f7902d88534b0f189f8e594a0ee25a38044304d8c43b3eb23c8742aa,0x3623a82ffc62c62fffab5d6ae7db2ae8b34798216a6767ddd04beaa14b22c2a4,ok
0x98593125193c4c66003948d19a5800d2729dd909,1,0x036917ac32dbe84186d2706bbfe44867069ea1bf7007663f1b420e7a3fba145776,0x046917ac32dbe84186d2706bbfe44867069ea1bf7007663f1b420e7a3fba145776c5f8fd5db996cd103dbd460584e222001625f8ba8f95f9a5aaa55ab65ca47c21,0x7be39be438e7ca27ad6e7e4efb41d6baf6cbc984484d219b116cd2161d1e7965,ok
0x9941241fb469024a5cc9cb94db1e5866a70694b9,1,0x03120f1f5bf295f77ef0b9e801f440b84cd12864744c58d0000d1ab77d6b42f95d,0x04120f1f5bf295f77ef0b9e801f440b84cd12864744c58d0000d1ab77d6b42f95d03f9ee66cdf50b0959eaff28055394cc94c1ccc7d1832fe271ceb6cce0cbccdb,0xac8dd2b20b5142a710fa90f8643ec6fa368a1462cea9c0e4532b7ee63ba55b71,ok
0x9974c0bd5be697c45b659ae9cf4fafe2cce73566,1,0x02e79fa4b9d8dbaa466d8d7c5a4e3e680795ddaa98d688e36c9f61004503515a8b,0x04e79fa4b9d8dbaa466d8d7c5a4e3e680795ddaa98d688e36c9f61004503515a8b672b109ab016e8374e5797b5c171fadd0d37223f57dfef6c8edaca132e0581a2,0x4cb4cea6389f2da00f28989d5ac889774e11ef79de31531c114966088f36b72c,ok
0x9a3694eaf539b403e9e96ac9eee76508f52e1856,1,0x0249a79818c301f25d3bda8db18396466b7fbe3467e86a36ec61b667e66b8b37cd,0x0449a79818c301f25d3bda8db18396466b7fbe3467e86a36ec61b667e66b8b37cda3cd4aa922e205d775c18e6e46b5767eb3322e0eaf50228b1853e826da6dae76,0xd6ca8ee1d02b709626349613848046ce040467f21b97651b803b12f77bb25257,ok
0x9aa26ddfa477983fbc00aefc05d4fb1a67907207,1,0x030612351b5b19341b6bb14b1d4d6a732666e081d8a6d4ee4ad834258d867960c6,0x040612351b5b19341b6bb14b1d4d6a732666e081d8a6d4ee4ad834258d867960c6bddc84885644e094b52a6bae0ce32e6b845a624a217c1385b2fbfe9545a3c89b,0xc3e47fcff13bc62277b1ffad8108445176c56179650905ac84a383b284b1a550,ok
0xa23fe66186b3fbcea56e4b3cb26197ebc2eee87e,1,0x0230894680b88b5ea0eac39cab1a73fa16ebc82658b6f10b1b2fe12d790497b31f,0x0430894680b88b5ea0eac39cab1a73fa16ebc82658b6f10b1b2fe12d790497b31f93154325ff5a94498da698159ed10578ba6836535d082c394c5eb64098b01948,0x8f8b8ebe7cbdfa0ba8618e45f84098704ed424e8ace300aa9c1480f9cdf230a7,ok
0xa4e617acf30db8de68e9f54f1c9bc628f93c41c2,1,0x02534feb5eb22faa0f9540663bccc1759b76d02b671ac8605facb24e1034e28270,0x04534feb5eb22faa0f9540663bccc1759b76d02b671ac8605facb24e1034e2827039bde11b30ed4291b5aab45c3d1d6b378ad9a1cac19c80dfc3b3619208242dae,0xfbfa32afa1af6817f5f25e1a0b3076deb963602512c917265ac3880952297849,ok
0xa789526733085d9cf663162ac02578040c949446,1,0x020bb575167b73339f1fe0b3b22871b50d836a17bd6589e6c39be94d2c1d7cac56,0x040bb575167b73339f1fe0b3b22871b50d836a17bd6589e6c39be94d2c1d7cac565b470ec1fe270312b39634ed3d9770d753a498e02d68399ed22deeae210db01c,0x87b48d2feecdcddecb4a8af68ffd68594caa3dbfc6f00aabb68b8dcbfdc4d6fb,ok
0xa9dea8bec24233b274a50867f50b801b0042abfd,1,0x03b99b2c6c5c818b93ef821419e9f2df1f2507cdc922020cd7e5e252b75700660f,0x04b99b2c6c5c818b93ef821419e9f2df1f2507cdc922020cd7e5e252b75700660fc5836bf565c1f06b74b7424eaf0b1f16ba509fa1da5d04d1882af05729fa0e15,0xe72461b4eaccfb5e1378f560ff3b498a82e9057f5840443766867f05a3b4a4ed,ok
0xaa3c6c95d1aa9bb27e0c98fb268702d9bda87611,1,0x02906b7a16c4f01d98fee38dacbfa19a4c4753231bb490d6b676d565510715f262,0x04906b7a16c4f01d98fee38dacbfa19a4c4753231bb490d6b676d565510715f26217fb280c71330d511df13613719d4f391c3c39dada522a708d4c94a316195624,0x50bf87bb914aca97ef0a69ddb4a4fd88fb5701ddb58057eec914b146875c1e1c,ok
0xab036ec63d96c6ad9b7fb465294e3a4d36b0bc2b,1,0x0378a8e8ff7f78b7747c3650c0ba05fe401a66f86a834f44c2454f8ce8ebb5f944,0x0478a8e8ff7f78b7747c3650c0ba05fe401a66f86a834f44c2454f8ce8ebb5f944909ec0ad3d6a071a4577716ea0af20826f90896f0fca0debf4258f2ee8273a2b,0xe8345e56757b6cde805a267ad1ce5cd626cd6420d490df04fddcd3c1a4bddacb,ok
0xacb818130ac9cd4484848848a0ca3e7dda4bb265,1,0x039013de9d705b9f86c21c68c63ff8d72a4777bb9687a7f54195de46325878167a,0x049013de9d705b9f86c21c68c63ff8d72a4777bb9687a7f54195de46325878167ade7c00072cbbe47839e9f2b93fd332e39500b844b4c41a7084a756b832b7a0ad,0x978e78cfb367106b02c5d36c93891bbf2347bac68c6f33d67f5b0f7a39bd39f6,ok
0xae0fd81b40ab4da7c8e0bbdc5e26e6341c1d62bf,1,0x022cc38baaa34a824156914bbaa7d7c2459c5b35989d3e19ab749ac82a413f0183,0x042cc38baaa34a824156914bbaa7d7c2459c5b35989d3e19ab749ac82a413f01830adb1c47a4e273dca43b84c35d8f75f53ef6f0a35384c5a86a6198a6b7f6b6ee,0xa4f9047931821ac8494cd5b891a2c9c87ff2b01480e34139b53bfb8800d0a2f3,ok
0xb2c4e87b89a837c72482d1571f7a7e5435a3be8c,1,,,,contract
0xb3e7e854a309e1d693929b3c8321424ed6016753,1,0x02defa35fae91ad9552c2e57adff8b30c3f43f3076f361406a2c88cde4a192e397,0x04defa35fae91ad9552c2e57adff8b30c3f43f3076f361406a2c88cde4a192e397e92e4f8602f756a73808cf9022c263e383da51a8e70da377e3ce6d0432d4aaa6,0x77a4deb13f67007685d263a9d1e61cd581af3f8400b443913e78513f8eff20ca,ok
0xb93c7e668f74352066e297e4e3184d088da22b01,1,,,,contract
0xbbd22e74deb5e394895d8819f40c80fb6f4b3962,1,0x02a35e08a2714c3e38d3fe6764489b7b15e4f9b13ae31002b39610fa4b6474799c,0x04a35e08a2714c3e38d3fe6764489b7b15e4f9b13ae31002b39610fa4b6474799c1951d06d756e186f68559e14ccec6b4e2298399f4f3e01f1ca369d70185fb830,0x6e6dade0f095cbcb7ced029e64b7469929b71db8d6b401f0f97c4bf78ba12dd2,ok
0xbc25ec02b37c3cc3b71b25cc6b53aa83db4731c6,1,0x02f80d44df26aef7ff33dd4d4c310425a2afc56774e14c329999bb3e9cc74f4d4c,0x04f80d44df26aef7ff33dd4d4c310425a2afc56774e14c329999bb3e9cc74f4d4cea73a4b5121e5b7400978b66e20879b3758daedf642f6a0f23959f51a7a95b2a,0x8ee2b8c33106084782defef2521f4caf01817a510fa0571ffd33655c8a72b5c6,ok
0xbf100008094a3dc5818bd80e2ca40ddb6daddf7a,1,0x036513581df4af2bb0613f5a1c3791e71ba04405fdf94425848a6bda8d5bd7f3d1,0x046513581df4af2bb0613f5a1c3791e71ba04405fdf94425848a6bda8d5bd7f3d1a85dcb50cfdb1b6412c79f9fd01cf82a6a7e88e15fe0f98f8d37cadf5994ad27,0x568fcbae58c7a479622837f4325b3ceecf3d054c574a948bbb764b3c32f04f8f,ok
0xc23a1d93e58df770577e2fb6d2e20dd8856b43d3,1,0x03bea0de5c6100ef181d1aea4fddeb6235f28eb81490cdea398001343ed946c5d5,0x04bea0de5c6100ef181d1aea4fddeb6235f28eb81490cdea398001343ed946c5d5e3815f369d76512535369d4dbb2b6a43ed8628fe881de323908979758a25ba57,0x3c0fe9021dad3c7c245ba88189eebb2f45ac88288b78102f5a9263ff450bf719,ok
0xc4508a37239dc0e56fc850e47e79c3353878d295,1,0x03d4b63c13058e02161b41f3126b41229ee4d4caabd84dc3909430e059a02af965,0x04d4b63c13058e02161b41f3126b41229ee4d4caabd84dc3909430e059a02af9653903ce2662d6eb37b54ed5aafa0161080ae78a46311b87c366275376102a8ca9,0x850be249f6f27a956af923e451a6b31c3b6ca25c552ff4271bf9ad4a2589b26b,ok
0xc492c9ac8e9ea32e9082726f43e01220618318ee,1,0x03218497a7448121775eb1a954141b39648ad8f18844fc4c78af5a77fcca87271f,0x04218497a7448121775eb1a954141b39648ad8f18844fc4c78af5a77fcca87271f295a54387e7808922bf27808c07e3bab966e8bb264a80dff27865e36935433c5,0x85cf8aad0890cefa08290d645cc0cca4a43d7498a2bd5ce6f489ed57d99da1ab,ok
0xcba76f016808ddec083eb8bc0de93efce96572ea,1,0x02a587c4196d58befec15f32098ad9f6e20f7440eab9f2b08d9a65888858ae40fb,0x04a587c4196d58befec15f32098ad9f6e20f7440eab9f2b08d9a65888858ae40fbdf06f12f7085a3935c779b74cb9b33516bc4e9c1915b1e799736d590757f08aa,0xad24a0b4457d829c15773c7a213cf22803b583d79b2c6c93a4e28791b6c3b1f4,ok
0xcdbaec32ee867e7bd329fbba630348c37235d453,1,0x03b8a9f321cc7ac599132bc9e7c30dcce01a9a3b5f9dcc95ab61b66cb8e943d869,0x04b8a9f321cc7ac599132bc9e7c30dcce01a9a3b5f9dcc95ab61b66cb8e943d869ef2acf500c32c0f7c1d9d1961119fec56ef8be52a26a616c7f8031d2818c0d11,0xe9c37f1428a00e4a5ddd493838db22bd8013d6e125d732ecc0b48aef5b7d57f0,ok
0xd02ae0f2687f47cc74e37a81e9df85a12130d772,1,0x03ac8caa8ecf8507d3a51256941b8795f7b1278bf287a43a00f6f0d124339aaf7f,0x04ac8caa8ecf8507d3a51256941b8795f7b1278bf287a43a00f6f0d124339aaf7fe73a3f495692bc1a7e6a0d22e74580eb83c3c66e1d12da8fade4b6be1f657779,0x3f791bd7e7d61575ea7a5ee971fae196f9e291a238cbb6a4ee9cceb454b37ebd,ok
0xd0819fe2461d359a2743677212013ea6a12283c2,1,0x030ef18eb18eeab8adc6d3c0d4f837cfe70bc747f087d2a73be0806b110ecb564f,0x040ef18eb18eeab8adc6d3c0d4f837cfe70bc747f087d2a73be0806b110ecb564f823c10119c4fafd17bf153c1156fe16748a6984b37d7bb010e886887bd58f62b,0xf22cd8b7d8a304716fc4beada5b4bd92d4e5326882c00ccb0b293fcf5554004f,ok
0xd41308f50858da2b7cc641e493fbddf34775393a,1,0x033ed689f5399752d434b8740e59f1e1b9fc9baff81b8e94914de7ab5cce2df693,0x043ed689f5399752d434b8740e59f1e1b9fc9baff81b8e94914de7ab5cce2df6935606bd6bcdaa8d987fd2dc3de479244b0f41c965484221d88db8805687d3ea83,0x8802310143be728ff2da502d94c5a9721672f7ab0c0b8e7405462244cede1b97,ok
0xd5a5699041a118b889f5e76c7dc21044633a2712,1,0x02aa2cbafec5ee9bcb5f82d865c7da0327befbe054cd664a94c412d900e58f96f4,0x04aa2cbafec5ee9bcb5f82d865c7da0327befbe054cd664a94c412d900e58f96f4364984c98b9b28c26905a4d74744aca438bb17d742c1a03def882f934d0180dc,0x98834b3a6b4a5a496109417fdc38105fd8e21661aa1c79758cae6875fb8dc456,ok
0xd5bfc2bd9eea4c70d5be199477ff720329fdcafa,1,0x0241a9273b002e96817c79a4570a2ffcbd11dd752011fcf7d58b0838f911f909d4,0x0441a9273b002e96817c79a4570a2ffcbd11dd752011fcf7d58b0838f911f909d48f08fbdee8d98fb5624dbadf5de5ca355cb77a2c14f081d9a1d771406d03f0f8,0xa192eea7ce9c13bb100310989aa86ea4cea71c54bfbe4e1ec53396959a078fae,ok
0xd8072c8c4f96a17e9dc4e38252814fc0e90b7269,1,,,,contract
0xe0724d8eeeb0fb81ea6bbfa279edb76cbc9afbff,1,0x03ca300ce94bbd75ae4b0a3575c88c884ed68f07fb878a48932957631982df2483,0x04ca300ce94bbd75ae4b0a3575c88c884ed68f07fb878a48932957631982df248365d5b4368db908c3e0e4ccbdeadfdb39b6ff17a75d8854dd2c8dcc55edbc5297,0x8dcc5ac786668e6c22afee397ebb040b3618c6b42de72b52a98edb98cc5b4e08,ok
0xe27d3dcede99d513f9062b46a2d19905717b0589,1,0x033c13af57b15579414bc3b7f223698b856d3f3f5d399d9b95c9bf4379851cabda,0x043c13af57b15579414bc3b7f223698b856d3f3f5d399d9b95c9bf4379851cabda820704331c965f22e989b3ef2abf108613494775b91149591281e5e6906c0179,0x15e1a0c14b79a1660d626840b2e552d79eee9f677b6200ff6699ac024099c7bc,ok
0xe481bcf528c6bd442a52fcc9d25af9db1cff732a,1,0x02e75bafb80d79e4f8f7507212968e535c9787e8ea2c8a475763490a5b3a301c85,0x04e75bafb80d79e4f8f7507212968e535c9787e8ea2c8a475763490a5b3a301c8557124bc2677f5f40be5edbdfc7d1a7613ae3c342ff836effd3f9e9a870a38068,0x35938f1c6bea9fb5479f9d8fe219196a838fabef6a8f4023430ca7b904f0875c,ok
0xe67a6e8d685d59efa25310d6cccead619f835291,1,0x0371c63aec0d656a7a5882ae1c9b9f2c077dafaacea4554e656b4df2206979fb25,0x0471c63aec0d656a7a5882ae1c9b9f2c077dafaacea4554e656b4df2206979fb25fa185f35719d54f24c9cfcb899f4c5f7e6e6df6660d5f637311aecdff29d55a3,0xf344a8d8935d13d6206ddf4ed434dc8907b20549cc53d54a29440ffabd08100d,ok
0xe777da688e03fa5e4656a67e0b93ea45109f7a90,1,0x03a29dad6658a5a8c00b2560f13463efc51a476981a4295961e9a71f7806ed5791,0x04a29dad6658a5a8c00b2560f13463efc51a476981a4295961e9a71f7806ed57913be6241ae636669ae3f2c21175f722acf982591a395d888d2c396411061c01e3,0x50487ec98bdbce172c2bdbb619c0e7ba71d9d1dc93faa2ff186a59d6e8cd881c,ok
0xeac88e10dd8267bc5b0f02804c6243d3eba64e0a,1,0x0271a6362bb5f9f6c597cf7688d80f74d8499a8cd9ed9b1ec5462ff58859fddc7c,0x0471a6362bb5f9f6c597cf7688d80f74d8499a8cd9ed9b1ec5462ff58859fddc7c28025114c3ad21b00fc49d7cd1519563e253d8eb8f3559d467ebd4a177572fa2,0x66e85580bf696ea56314f389e8d75934fea3bd01628adce01ee093adf5ae7fca,ok
0xed1b51094fd4df3a4fb8007a43a37e123b5e387c,1,0x025743faf69e6cbb5ea102ff23cc604228fcd4c60d8002cea42904186f158c77dd,0x045743faf69e6cbb5ea102ff23cc604228fcd4c60d8002cea42904186f158c77dddb13ddd6f9ab92f74856835242da854a621301a76ca421e227aecabb90c4cc62,0xf8e060ceb3b94a45342723cb904986c10de3894ae049202f188fb53063c53043,ok
0xeec21715c69fe1140c16e756f91bca467327f0c3,1,0x0373c89d6551d1a65d6834a2d1ac30d78df79b73b5f52da973a1eb19295dee6d3f,0x0473c89d6551d1a65d6834a2d1ac30d78df79b73b5f52da973a1eb19295dee6d3faf332ff74dfa77670c93c7d37ac86002602f11f3c934c57dd11edb6e2466e5db,0xdc7a3878486e16deed7b5bfe9b4ad96235b302fb0257006842385a86e7f55f4a,ok
0xef5c844e19cb25fd1ef82e58867732b00cadd29f,1,,,,contract
0xef7258d4af180247bd938681ca2fae04e16e4526,1,0x032a6f804c0f5a27b70ac190fbc985a7d9180af3e53a38858fccac4559abbba11e,0x042a6f804c0f5a27b70ac190fbc985a7d9180af3e53a38858fccac4559abbba11e071b8b09dcd4b76aacc6fa1a2e3db729aa7cc935fcf316d6837150798389e87b,0xcc14306f0f7a34c6572ed6f42aa4c87260d61a7394c6aee8c6b5fe6d4860fe18,ok
0xefcf5c850fa6cfaa21af6564afd425d600999f39,1,0x027a6afd9abec44c7d7b33f1151d4aa6f77ee99056dd6265985c7cb67b134c1ced,0x047a6afd9abec44c7d7b33f1151d4aa6f77ee99056dd6265985c7cb67b134c1ced6311ffab81c82ffa6a1ded6624c00227de83a18f9f07cc4e2dd3485a1c47dedc,0xb4957b38ce72148737d2948922b6e33c6f6023abed5e62ed353082d095a4462d,ok
0xf12a5e8ba083bf5621ddb1f8287fa3d52d079ac6,1,0x02d4f28d69eec1a4448ca8785f7fad3c9a7dfd8402784098e8b7bc1597465c6a46,0x04d4f28d69eec1a4448ca8785f7fad3c9a7dfd8402784098e8b7bc1597465c6a46256a9549477458bb3ca80e0202b8cd4bb9532c36e1f5998a941c43da1a15d488,0xb28ee653da759fb6c6a45fabb7a0908cd82a1f04b5c4635fd9d56eca142e0e0d,ok
0xf4ef07b9cb8488f99571d626790055efa8287278,1,0x024c93dd42ae9d8597771c49833c4a7ab2f60de73ed8a6d68654bff26b1ec3d388,0x044c93dd42ae9d8597771c49833c4a7ab2f60de73ed8a6d68654bff26b1ec3d3888b7bca28a5479cb0515cfa88a6fae2c99629883ef769a1438c23360237616b86,0xa3edbd80545a1ed60efde77fc843207725a0f1c9d9d41d0b7bf48569c403cf9d,ok
0xf5544d177592111d3105595ca49037be4adbd0db,1,0x02d546241e505bbb0626b9950749438d9367f8e8902c743f182987feb84d6c188e,0x04d546241e505bbb0626b9950749438d9367f8e8902c743f182987feb84d6c188e2c000d7aa42deb93406bfb4764a8b1481a79d90756c309c646215dcf03b6453a,0x9f838d3d0ae3ea140d4c8aa42a4ee36303162b3d44a12eb1576737a815deafae,ok
0xf863929e18f0fd8a012bace28b2e0927390145d9,1,0x02cae1b050b99aeb4546dd6821a320d4df4731e2289b485cd23dfffbf4319d6cfb,0x04cae1b050b99aeb4546dd6821a320d4df4731e2289b485cd23dfffbf4319d6cfb4102b00815f93b24573d7875624d4479806a26cb1f7de0a8701a5c40aa783ed8,0x9e5b166426431bef7c5e3e6e92103e8108ee361ac00dcd399a840ed52af276d9,ok
0xfacdec64baeffd9d06128d29d52f2bb7a2df8085,1,0x03d5b14b389c46cdb061ffeb6a4051eb6999ace478d1f3fbb828198bfeb8ec27dc,0x04d5b14b389c46cdb061ffeb6a4051eb6999ace478d1f3fbb828198bfeb8ec27dca9d14218e9e8db32647e17f59fa989974f5d100d74922597019348b4aac02e33,0x06f3c208b400b5ba979f12e4f6481831c61dca50dcfd4f03994720a4ecaaf132,ok
0xfb0beb6f95c8baea9e282608056d2f2ea342f421,1,0x030049e177c2cacc63659daf30bb667ef41994d2388614b26888bf883d31bb5718,0x040049e177c2cacc63659daf30bb667ef41994d2388614b26888bf883d31bb5718fc7f07955637404bddba8afe7176523c7e885827d2f217ab70c3449121d28b43,0x7b53f6a62073f39a8c8ee9e433fe4136893cfc596cd8c73ae9cb00a043d9eeb0,ok
0xfb110791ed67ea32f8884fd6d960e44480ad6429,1,0x02dbf485a41d1f0b1df7ad28fca6279418fe844e527cbbdb8e0acb945a9fea4fd7,0x04dbf485a41d1f0b1df7ad28fca6279418fe844e527cbbdb8e0acb945a9fea4fd79e422e98aef3eff6a8c096988aa1a3157516a804ae47340013cb16aae98a6468,0x0b5cf88f952d1b324cf72b61acabe7a51ad7acc33cdc2029ca8d50933afde7ca,ok
0xfcdccfea679758e438411362fed4e8cfd200ce23,1,,,,contract
0xff85dbf504d656592c3942816e12adc5fbb5c46e,1,0x02a36c0690746cf76eda20084e2603dfd4e52946986f6b2f32bddedc88e6bc06de,0x04a36c0690746cf76eda20084e2603dfd4e52946986f6b2f32bddedc88e6bc06de9d4fa3d739ba2149a30134aa17e646cbf01d0d4d7c2b6cc0dc2861dbe7823de4,0x530c5f986289e3f17c4b0fb543302535e15d8ec429c5be052e2c5f7a52463171,ok
