addr,amount,pubkey_compressed,pubkey_uncompressed,tx,pubkey_status
0xb45e2f1b1854e68716a198922dce63b8566d2128,66,0x0293f4b8956c13b0dd9395ee266135ccd67e1ae4f2d8b7573abaa4ef7736728f5f,0x0493f4b8956c13b0dd9395ee266135ccd67e1ae4f2d8b7573abaa4ef7736728f5f9ebce6f6ec32aa188faa6cb9b83888e8fad90c92b8fe47513ac61275b815135a,0x0260885258542900230fb2a585a3febed4dbd5722570bb53efe071bb13aa3392,ok
0x99f4242e7f95ffc83151d86cfe7db78630bde49e,53,0x03852617004083bdd57370a9c137b7f29580c08c71f9211982e9f186f690247c2a,0x04852617004083bdd57370a9c137b7f29580c08c71f9211982e9f186f690247c2ad6dc8ae8750ae50fe5cf7e280460060e3236126177911ac892e5a020c38ee315,0xdd7945fc5db55f66dfcb1b5064bf542ecac0d23c6bed1dfba6a58d671d4975c4,ok
0x058d55e9bdbdc42637f9fac4f4f86d7002d5cd4c,52,0x023a67f009a596cf73574fb11111a5869092d2b65c0b7087f511ec4bf6e659b1c9,0x043a67f009a596cf73574fb11111a5869092d2b65c0b7087f511ec4bf6e659b1c9fd9fd56407c7e2115810d4dc45f09c3c739fcd53de4418fdd7580075c04232ac,0x18140afa92d2e115244df155c4552b3e4b98809480d2a1261de371fe28fea4cd,ok
0xe0268949232a2fb9099f31faca947c12ffb54f89,48,0x02acdce16ddb2e9bf258e644219a51fcb7cba1e45dfd96a98f256b5800759ca839,0x04acdce16ddb2e9bf258e644219a51fcb7cba1e45dfd96a98f256b5800759ca839bd3f8ee1fcbde5532e2b4bee43f3a33998f621163befc4453ede9feb691b4fc4,0x6d8590a6c7d5dac63458596e2324df543c4eef89695154aae050712352739246,ok
0x4562fb470f02198315e77cdeae0a8c6c0434a57d,44,0x03d8a6f93c585792353a3280bc20620d8bd48a799807f9570f02c6c290e8e25942,0x04d8a6f93c585792353a3280bc20620d8bd48a799807f9570f02c6c290e8e259428691fb184591f0ff7962655b9999042470432d015c3a47c81f99940993978fc3,0x041184bb342c0235ce84b9aad4a3f3fd60d03a934506c8f31f88c45c3c06aa06,ok
0xf7ee6c2f811b52c72efd167a1bb3f4adaa1e0f89,36,0x02abb2f00e7d76934a1eef934d60002f45965147c825444c998f2e1eb410347438,0x04abb2f00e7d76934a1eef934d60002f45965147c825444c998f2e1eb41034743829c7efb60644d70aaf9576d8c347878a6d1052702b22e33132b8bf5faef9568a,0xa7d5d4edfa442d60a2b76e0d561c803e022de809a1f76cdf72da9ce4a978bd00,ok
0xdfa46ca527c502f6ec459d6fc98de2017bbe4511,34,0x023751ea1f63ff5445c8b8bde0adbf3d56dc5d23bce9831dca3daaed459f31e6e7,0x043751ea1f63ff5445c8b8bde0adbf3d56dc5d23bce9831dca3daaed459f31e6e7853cf51b2f63fe13f675a2c52730016eaac756832ee60328c6273f6fdbfa95a8,0x8b26e0297c7eca87ea358dc16dfaf3861e9a9303fc39ea556754598c25c77ede,ok
0x46a1f4c003a1cafacfe63c60f21ab874a9e13705,33,0x02e5b06a5ec8ce3644c29c8fc9afca00b4c7a9d2f74f1c3164cdd3867684a81a9e,0x04e5b06a5ec8ce3644c29c8fc9afca00b4c7a9d2f74f1c3164cdd3867684a81a9e3597d02483b40f5105c8351e043f40e73027758f8a745c55b3a33d3896965482,0xbb50baa3396ff081fcbf27e681b40476e8eb0c869e16785c25cd5e0a3a9eb5e1,ok
0x6a160fb296cec7f849e37817839f4a229d83a21d,27,0x020f26e12d1f60afbdba1d2e88c9d0abe0429a1ba5191dc36644021bdd54782ce7,0x040f26e12d1f60afbdba1d2e88c9d0abe0429a1ba5191dc36644021bdd54782ce70ae87cb6a1c09f6e3668fdb1b99c947b296f1b1af230e7b37b85537048a179ac,0x46bd6d298f67935c21a05ad459db03858bd4c077d4f3fa82a80acc1ad2400235,ok
0x52e72e4e210a2a5999e2fc3d14c134b8a1d55fe8,27,0x03a3be72c5693b8468b8813c48640d9b0025a5e8303794d1fab11d0cabb4659d91,0x04a3be72c5693b8468b8813c48640d9b0025a5e8303794d1fab11d0cabb4659d916ff9e0534b3ee3fe21ae31dabe46767fb87ad1bafbdc6d92b9652ebfca7b2bc7,0x812de25431bad6571e5fb70e8cd30fbefff95edf5fc7387eae1c8ceb6ea74202,ok
0x5bc4134ab3e945da2d853663e8963b4a0cb38535,23,0x03218018031c7a44ea5235bea103bbe008e665da630de852d5cb63128c9510202e,0x04218018031c7a44ea5235bea103bbe008e665da630de852d5cb63128c9510202e7a8796037ce9e75ec81e95c936bd814cf2a67d14b531a9f3b224b695d49117bb,0x1aa2f6ec2f5d1334751f176acff4a8d63cf896040758f9d3972344db7b6f94ca,ok
0x0ea142441af0e36e3402f737a356133843035f36,23,0x0324f55dc1f1aeaa7a5309d2cbe56538433e8c3ed3ceca779d2cb968f93b5a97b4,0x0424f55dc1f1aeaa7a5309d2cbe56538433e8c3ed3ceca779d2cb968f93b5a97b4688db42e44a87f328cd750f26f4dd6d30a54b88dd3ac86cda7c44ac07874b5cf,0x84affcf4e958f1d287412cc5633263b2f31f1e3795e2181f387c00653a90ee4f,ok
0x4673174468a9438c8c3ce45b99558790f68d002d,23,0x022ada2de1bfd7bb9106b3244b792b9323d94c2754e1f6a26c0d05d8f4e46ad0bb,0x042ada2de1bfd7bb9106b3244b792b9323d94c2754e1f6a26c0d05d8f4e46ad0bbf1e930a2c5aac3992abba15b5f0b595b45fb0ac7473e8746805349b0d9a68ed2,0xc4c16409f971a32029c5655a61bc9018478752a3c29a5c9d3b3d4490afd8e524,ok
0x7f8df7a5d72e88ea27798ff604959d235aab5090,22,0x02c942bdb492f1659b57d6e50aba2d3a048ebe89f4c4eb7ee5d089d085b0ab0edd,0x04c942bdb492f1659b57d6e50aba2d3a048ebe89f4c4eb7ee5d089d085b0ab0eddd92ce7756f5d1b58b54d9cb2b7b731bdc9f7bb402fd3064980feafa19b191ad8,0x2345458e4638099c28f673367d12f3253409f2b2ea7929dfbda1ab1b3bc94fea,ok
0xfc2918ee0d5c7b3b7ef51b576a853e1d832d4bbf,21,0x03e0aaf408f30c5a8fd5e642da3bb7b4cf0960d3627a5bcd6ab28827d577523877,0x04e0aaf408f30c5a8fd5e642da3bb7b4cf0960d3627a5bcd6ab28827d577523877a644073eda3b73dee7c079bfc07a6ae9ccb31bfc06e866de4e3a917c396de7b5,0x4c4aac535a5a35b982a13ba6fe53fd4803ace7b3c2688d09bb58e9e900e326a4,ok
0xdfdec88a797b8855b40dfe21d2f31e0140e6a1f9,20,0x035ab5c0e0c2316916a97e88c84b5fd4a864948b1b9dc6e01c131a42784d87145b,0x045ab5c0e0c2316916a97e88c84b5fd4a864948b1b9dc6e01c131a42784d87145b6816601ccd69047acf9794d0001b8e74b585ac1570158b7cd5ae17defc3f5075,0xa884c2a44af309269407885a67d30ffb817e8e9dc1c263549f065d41d07f379e,ok
0x783c72467a2aab6c083b89c5b8b1edcf939d1321,19,0x03ed1d986c2454a646a14e69ce77793ff4266131fc85bb98ddbf1c1c54fb42f019,0x04ed1d986c2454a646a14e69ce77793ff4266131fc85bb98ddbf1c1c54fb42f0197b21446a17461cb0cae3553c96fa758af3603a1169ed5f42721fa50432d35fc7,0x7652c318d854e680f3b50c24ad3ced1415b662542a6adfe4ea7675d578915ba7,ok
0x3dac22ed25519610456c8474c86e5fe320ad6828,18,0x0263551dc12d87d29cc8b2415b8b538106aec3924404bc073f2aa1aafb0a31b267,0x0463551dc12d87d29cc8b2415b8b538106aec3924404bc073f2aa1aafb0a31b2677d86a1f89436c4db5a0074e3a4f991e4cbab2a01fa33891608f5bb6b5c47c710,0x2b41bd50505b7b59f3be225edfbf56668b9865825b72e9ab3c8542b44af8dc4e,ok
0xda7d81f16d82d42c98648207f62aeb47799e8b04,18,0x03aac2a68a49d1e789fc1134ed556095fb781ca600a5e05b68ee19bfcfa6f26e67,0x04aac2a68a49d1e789fc1134ed556095fb781ca600a5e05b68ee19bfcfa6f26e670308276c67386eb22641f1f22f40308b1d2dac2eaf374fe6b07657fbb42619ab,0x694248ec0ebc1b912edc387b672f310fd97fb1d956e9455d1b0a48bd2f25a67f,ok
0x015ca88023a79b62f72e9f4fdc04ee890053e03c,18,0x02f5f15d09a323e55a47af3f272e109bd15233128e74257f0884a0fbeee42a8b72,0x04f5f15d09a323e55a47af3f272e109bd15233128e74257f0884a0fbeee42a8b72d00e04e001d096c02015382752538578689ab152ed691220c8930778a82cc60c,0x22bc287a761c01374237d8bcb1430bff40de2352c523a614228c9cfb4028cf0c,ok
0x0c86fe69fa22ff01e7d435694547ac601a066db5,17,0x03fdc898caf834986f1611be3d587d12da1a17af95e3eae1ad9b0d8140810f3ea0,0x04fdc898caf834986f1611be3d587d12da1a17af95e3eae1ad9b0d8140810f3ea0e5cfe57b61c037ea9854f1ff7562e5ce65cc210c72e580e538cc39db74154175,0x0fab2ad1edaba51753560b995598b98200d9f71b91847ed67e9992680aa6b319,ok
0xfa3269147f830b603ee0b444d9e85f611156387e,17,0x024064b357b883510f4e5867d12ee402d701abe69359578f14521c51f8e28d949e,0x044064b357b883510f4e5867d12ee402d701abe69359578f14521c51f8e28d949e17a8eab31e64867c996657f340f1d01dc99cecf6774dc61951a545773eff99da,0xa7801767b0a0c978c68a093a5bbd79d02d4de1383c605f84060b98f8ee7444e9,ok
0x598a6a1b562286236248eac59385a00f3682e8c8,17,0x03ccb401b1d546e063ab03b868c36a55f46c985ceed5aa4ffd48b69deaf1675d75,0x04ccb401b1d546e063ab03b868c36a55f46c985ceed5aa4ffd48b69deaf1675d75531fdcf8f9f71176df5f8512059e293a7a8f2f3f3ebbb2641d08443f45b32a01,0xf57c5bfb30cbe51e5db3fa9ff6b5d7f5e6dd86ee10ef66d6ee040cb077fb20b7,ok
0xb825152e9f34b4c8e3f1721d60cc7650277ca441,17,0x038fedf07d3ab1a66899a0c6aea00fe1137bf89cc39967f8726adb8fc8b57ad7e7,0x048fedf07d3ab1a66899a0c6aea00fe1137bf89cc39967f8726adb8fc8b57ad7e7540e3f4d25ff7691f5bcf8e2e84720c70b6e6ff55df700e585ffe8590270527b,0xef04cf32677e66aa6327e463167e7c8dc4673a45b63070422be052523792c50b,ok
0xc324b07a386b38c2443c9afbbe20eb97b57b7e7a,17,0x03239e3922d29060c511a14dfb23c8f3ef81a9c368bb87a0a5408592bf52c1303e,0x04239e3922d29060c511a14dfb23c8f3ef81a9c368bb87a0a5408592bf52c1303e7cdf72bdd90f8eb1a346e2cd23da9db40a180bf5a1a9011010a91f664ecdad8f,0x33b567fb492a2415de69aad851f3d0cba765a660eacd031686a8e019f724bc94,ok
0xb023f9bcd39fb497467b1891648842e9bf206278,15,0x03f3824434eadd6d495bf8f28b43df7839c137ad78ca87efa530d3d186ca40c7f8,0x04f3824434eadd6d495bf8f28b43df7839c137ad78ca87efa530d3d186ca40c7f8473722e5b957b6c3aecd3cb7a9c03a35984c280fef39395924a7d03e3a9c062b,0x820b784b3e00aae0ad9bd6d3316b92161914b99565f7627c89e5233ae4458f84,ok
0x8f11a50844ea912d8526d8a150edeb8edf7215ff,15,,,,contract
0x9bb0a03c1f3ea549b4556e5fac5763e512d0e4dd,15,0x03d017c375cd3f2197f97b73b7f54fd86375f21c0e5e521aea86e0b5892486a96d,0x04d017c375cd3f2197f97b73b7f54fd86375f21c0e5e521aea86e0b5892486a96d79c35e7b7f38594efdc3d4ebed73a84c06bd1a3343cde38d2fc9222f837493a5,0xca6a73042cdf41b28ae4f2f5d93a15239ce0eac416030ca41f5c01c4ddce3c47,ok
0x21897e7ee89a8189986920a87a2b8c5bad505a3f,14,,,,contract
0xef512beb56b5b52ce07cda4c5ac243dc9da20849,14,0x02dce13ab5798707dd691c266cd578bc2e9084b03596b3ecc49ff3887c1dd7e97b,0x04dce13ab5798707dd691c266cd578bc2e9084b03596b3ecc49ff3887c1dd7e97b9e4dea6b59f993cbd6acd2914ee2ff21be75dc870953b371630b475e63ab197e,0x09ad86efedc9f0a0f1302961d5e60c734d245b706989cc1ae6fef7a701dddb57,ok
0xeadabef15c49f367a88f87e11bd94bd44a02ba5f,14,0x03e143369d4419618418568de8ea397fe6aa6637b46fb230de05dd5030a0eff91d,0x04e143369d4419618418568de8ea397fe6aa6637b46fb230de05dd5030a0eff91df1c42a1335e91e6dc8215d87eeba3e07f2c33e29cb827cde65527491d7240573,0x53c06a0b7b02da11b3538579f4b6f7c179f5e9c70ff120ddf3cbb526b05c586b,ok
0xf5656fd37b1d30b96493ac543260c66e4df44b1a,14,0x02825d4f05c9be4277d574d098b138bb227d13a23e4f9be2f5a5be1d2815438996,0x04825d4f05c9be4277d574d098b138bb227d13a23e4f9be2f5a5be1d2815438996e631509315520ffd8293723dad47fc195c7b1dd99f725fdc45007f53ac2604c6,0x54094f7fc7339ef16ab3475fd1ce171157bf110efde6e07b1f70c920f7d383ad,ok
0xbbd69820d5fd3df42ddde84e26b2a72225ef21b2,13,0x02c7ce1037a7ea3c18fc9cc13aa5501cd18cf44244a5279876f7c70bc473d22b5c,0x04c7ce1037a7ea3c18fc9cc13aa5501cd18cf44244a5279876f7c70bc473d22b5c1a6eb446b87d4a2c683c2f31f23b0f65d3e56c68d9ba5bf4729b3b260f97fdc0,0x085e0fce199b01ee9c808f7fa80980553f1dc0fdbf4e98c6cf710deb78dba96c,ok
0x2889d7820e5c277dafb7223d4cf0040fccfec3b4,13,0x027ff05342c1719bf061622e1af9d7b3aae35f9f889a8f39cf2afcb6f31c83a708,0x047ff05342c1719bf061622e1af9d7b3aae35f9f889a8f39cf2afcb6f31c83a708f643913309d1c929463ff70f54b628751653e448fb205656e1332960caa2b010,0x8684f938ab781171a63bda41a1c71494a64aff880e962166501c8af517ac394e,ok
0xeaae0d9cda5aeb9ba96450a33cde0664e6d88c61,12,0x0327df6607da10c2381dcaf423b0a158b3533b0bd3eae1a5f157e2ed8689102b3a,0x0427df6607da10c2381dcaf423b0a158b3533b0bd3eae1a5f157e2ed8689102b3a8f1996a6eac13bc29bcda545579a3c8829463910d0f0498ddff16d2b8c7396c1,0xa6ba714eabfcbe12a39151e773cc516b287e645ee1b3769084bcf16ce174a6c2,ok
0x27c1ea76c391351896275c71f4cd00b5c01454f2,11,0x028be24bbf2feab0798820839af0bff61ca887f462540c7f3f0ad0098181431430,0x048be24bbf2feab0798820839af0bff61ca887f462540c7f3f0ad0098181431430686c0401e96308c80aef1aa3435e93a5e40a74fcdce0e053af5d6c41d256e312,0x42b6033a735d8fa4885e36161bdd05489d373bb0bec1fd7801ce405108870029,ok
0x223e6eef8aab98a8c7701df307771f4e1a979d28,11,,,,contract
0x838c39443b4955bb1608af0d2d5f316133f8b55c,11,,,,contract
0x40d775827365ae4d54cbc08a1a1c4f586b2c1d0a,11,0x02890521073df47d224432670842f026e71fb303491371140d7913aae28b2952e0,0x04890521073df47d224432670842f026e71fb303491371140d7913aae28b2952e0d1366d5a85cf881da0ce5d83d253fb251eede4ec25f6e03439205920563f8102,0x654edf73531ad2f8e33932551c7efc044a170f2b47cef44689bd431b68da518f,ok
0xcd51e184e472521db731cc05684b3cedc7298e61,10,0x035876549c6278befdd1a7f4840451d02d8f2c7ccc1f2ac91155a5fdf5943d3dda,0x045876549c6278befdd1a7f4840451d02d8f2c7ccc1f2ac91155a5fdf5943d3dda87bf275bea57b53249dda60f33fff7fa0522bd60770633b0769eab9e75978d71,0x121024720207c696a612648df3d986ed81d168f82515a8fbfec6ded9d69bfad4,ok
0xb89ef9c7a2394f8814b78500ac19d26bf5644bce,10,0x02236cb188f7222038ebf01f616ce06976f1fe0bacccd7509113ebbe553eca16c9,0x04236cb188f7222038ebf01f616ce06976f1fe0bacccd7509113ebbe553eca16c990fc89bb37afb3007be4088e472afa1d9868b81d57c52aa6986de25746e957ba,0xd801df660dd1b15676c83ff4226ca20900fc68e874231d23f264ebc1c59f9270,ok
0x3752b9e1e01148274642d59a7717133f1a37a2c1,10,0x02386acaeab8da21819d11d5ed3c7e0359dd438d8e9b49a276649b32438087d109,0x04386acaeab8da21819d11d5ed3c7e0359dd438d8e9b49a276649b32438087d109a10a36f4ca523d6d0dc562c2a377b6e5a8df782150102068468f299b7e47ec32,0x76efdbdb3410700664103818cf266a7bbe81dffb5c6643dc2c16451977ca68e3,ok
0x8da2eb2f2409400c1397dee39b761fb6022c7241,10,0x032ef19697042df04f3b91a7fe0697845d0249c457943634c3255463d2633c98f2,0x042ef19697042df04f3b91a7fe0697845d0249c457943634c3255463d2633c98f28533d47ed761af9174def730f412c2b3bdec5845f17e9d8104200f935f20cb5d,0x25c45f676c4814fd3d5e317f646dd0ab9c320d75f77dfb54ca3c8a360afc376e,ok
0x8c1d452c33706ebead3308400edd4e6a23cd4f32,10,0x02c93bb7cfc0ac1b53ebba3409c595cb0a8590a826c6b83f262bfea1e1358efb3a,0x04c93bb7cfc0ac1b53ebba3409c595cb0a8590a826c6b83f262bfea1e1358efb3a56301a3641e1be93737d68c6d2c7e21bbb8693e0b176cfe323fafbdbfcd374b8,0x2022248a3bb3ee5a76c4233c8b09d9f01fb08ce151d9dbd9612cd9c6be4dfd05,ok
0xac248e36e949c9fb99d140034b8d75db15aa5b09,10,0x033c6d6793ae28a92f098dfdddaf468a6d90bb3cd328d91ce490704fbce9f259c4,0x043c6d6793ae28a92f098dfdddaf468a6d90bb3cd328d91ce490704fbce9f259c43d94b856273ce87fbc0d70df6b716d74925ecfc17249783d82fe67cb7fafcfa5,0xb322964fa5cf20e8ded46ce774721a188047dbe2ce907821fe6b01933ee0495b,ok
0xf9f9f32fcf6c47b1d4cefa9b3d2bb90da92e5d46,10,,,,contract
0xd6c68726a0f1bdebe4d658b2c092126fdcc7379b,10,,,,contract
0x820997eae97a4200e398aa307ff7b097a711264e,10,,,,contract
0xb0796ebcf58e986923415a1ad67e4e753411da0a,10,0x03367b85506bc8250856333fe08a1d744f3615c9cb7a60be850c0ee26b0beb51e5,0x04367b85506bc8250856333fe08a1d744f3615c9cb7a60be850c0ee26b0beb51e5efccde6c94e90020e9b32d1b9f3675669a27c6f06828f61daba37aaa3ec44e4f,0xb8f97baef7ca576440a82e66155b6908f69748ddd01514bdbe7e6a88750fd3ba,ok
0x7f8b0457941ea2dfa8d806c008935a1c0dcdf3ec,10,0x03338a5641938ce4d66de55a7eb1894efd5060439dc74b5c91ad1b6e9b751c538c,0x04338a5641938ce4d66de55a7eb1894efd5060439dc74b5c91ad1b6e9b751c538cdda5718d8c12e95539bb2708123a0834642d94d9791619a4a2af1c478c6647c9,0x840f01c847c412c6adad4e599832eed219669400990eda6034c2707aa81552f3,ok
0xa5fedba481e3836aebed0dc7ca2f183948c4acdc,10,0x02ff8379520044611a0b2b019ee03fc2a47a302fdac9707373d35f26876cfafbde,0x04ff8379520044611a0b2b019ee03fc2a47a302fdac9707373d35f26876cfafbde5a596ee2c07474c025a5764073aee52410f16d97afbda69c431c134a5b2b75f4,0x978349dd28e0802ecdc3a1ffbb57ce42a0ebc61ef8aecc0261e29f19c6d3e598,ok
0xe19383a1389751bc31f4b25dbc9429e953749a0b,10,0x0293048e9557c39e44f3171239059eccbb53d5d2ef7427ba0d45c88441002c9d55,0x0493048e9557c39e44f3171239059eccbb53d5d2ef7427ba0d45c88441002c9d55e03d5eec731a2a40ddcbf1c6fe7f593a1174344d0e13768907300761a94c952c,0xbc52f2dfa1734330f97693b800f9d433ef258842c38e30f3542a756e0f4ed490,ok
0x9b0d0ee22fa6858dd2791858139ae885686793cf,10,0x035ae7a74e4be5482412c81b4b5d8f0a167e4e174c1c4693279dd739c3ffe94ad1,0x045ae7a74e4be5482412c81b4b5d8f0a167e4e174c1c4693279dd739c3ffe94ad16c35be217690dcbbcd163d0e754d16ea7a87252791c97196a3b1edb283de78d3,0x8c61ae3b018594ee9020e3c02c7ea9745d451703da4c226731d7b515d7437d02,ok
0x7a60a141b7389280a9680647a3b23690a2b9b8af,10,0x0225ab1d4137ddb1886075f07e00cf1344b0a2ceb187a74ac0ea138eec3915b0b7,0x0425ab1d4137ddb1886075f07e00cf1344b0a2ceb187a74ac0ea138eec3915b0b7ca30f01ff9af83bd0e5bbc7aa999f9e051345720deb48d2afe56c2e16fb1b23a,0x103ab655f19f4e2d69d664a4f80a889d30c96acef044f5075a7829f051a2f3f0,ok
0x4de61016cf648522804818039579642452299b04,10,0x039b094fe02405e8c07c577ea6e647525f965444b463a0618fe8849a5795f47df8,0x049b094fe02405e8c07c577ea6e647525f965444b463a0618fe8849a5795f47df802097c2ec0970a2f599ed34586f3cf6a1c55415e9a7c3d7bbf4a733e8a930323,0x62d1c3867cb18859abc5d3911de531d003fbc947c4862f7b50620b432303bb0a,ok
0x9440dbb5a2f114d3f04958f4437b531ea025af7e,10,0x02d6f7f05323adb0979e0f9dcfef5ecdafb3d94fa619c8d4c5f9bcab6b0551aab6,0x04d6f7f05323adb0979e0f9dcfef5ecdafb3d94fa619c8d4c5f9bcab6b0551aab644f3376df3b080e4a224cd6b65df8f0ead65601c7f02fb828de3792bdb2628b0,0x86584fcd2f2d665c0639aeac0255b4c2f7ff6b84408dcbee1c1f5cca92fe2893,ok
0xa31322446260f58338435bd519f3a00a0d158091,10,0x023eb0f6d82ca44b2787f698ecf5c024cef65c0b9d8813ba1bdcda21231434d872,0x043eb0f6d82ca44b2787f698ecf5c024cef65c0b9d8813ba1bdcda21231434d8725cf84fde3c01cef2d92302f9b90049a561983a3ac69e193e9f2425496b6713b4,0xa714f97d2101bb5835dd67c51437635e9928a30034da238bc4c8b1e90581ceba,ok
0x99b1c566522b93a88cb7d282af247cb4f5dd32fe,10,0x022d8b61d47f9471939324648a8789465af9a0868431aebc1c18593c89eb8c8d32,0x042d8b61d47f9471939324648a8789465af9a0868431aebc1c18593c89eb8c8d32406a2ee13d5dac9a7650e2d7ffa16b3cdb0e64b1c7b846ed2a9b95f241c868da,0x7751b87864125d4e69037f39e3770372b43e301ac5626c8f46910a3b653379bd,ok
0x0aaaac358f29ca7290f78651ae9b08285b5e16d4,10,0x021a4058ef100bd8c62f4003c5769d41c4e581029e3886eb89be48bb2ab5b4b51f,0x041a4058ef100bd8c62f4003c5769d41c4e581029e3886eb89be48bb2ab5b4b51fbb3cc9b54719b9b1244bc67eea000f57e337dd0eb16fd4007b96f2ea549dd638,0x939b6f78ca31469f0f0575648bc7d972abdf64d90c099b6a3b84cf6fc822da6c,ok
0xc83c1c0ec641c55b2a74968d66d0a493690205a0,9,0x0241aa963b243d96f8db1f885dd1e33631c63ac4317087bac3d969a93001594698,0x0441aa963b243d96f8db1f885dd1e33631c63ac4317087bac3d969a9300159469825c14fd6ae1dcd638fef83b3f3f10e3ace35fbd074a12c1c2dcf1eb93efafdd4,0xf8df0360d41559dc3c03020064dffcf021f0b0e2f7cf3da1caf5b5dc272f986d,ok
0x622b2aeb27596910f90d4e6248f796dbad1fc99e,9,0x025be215c58953621f5fb194c0899b961d33de64e328ddce842d7ed1b7e3ea7314,0x045be215c58953621f5fb194c0899b961d33de64e328ddce842d7ed1b7e3ea731410b8567cbd1fc48f54c4b55e6c4a96b3f403d9860a67188d01d60834b84dcc24,0x7a05bbdebf991f0c32e7187fcad8e8d15a1d3e15f025f0735be0a1e01b611670,ok
0x36e10f7bb46a7e8a9000e20ac6bdc20721d15f1a,9,0x029789723639f2314860b1eba48839546d74a034e323041e6b1233fc04de92b072,0x049789723639f2314860b1eba48839546d74a034e323041e6b1233fc04de92b072b1a7d263332c9461adcbf7b0e045bc996e4e829c2fdb9ed23a9e7f1d386ff8e8,0x1174ee7a8ed067ce7f96ac8837c599212236a91dff992ece21f6a7583c6bd1b1,ok
0xea2ad92161e43a96e3dd1f4f133758f319b9c9e0,9,0x02dfe8f2ba1c100daae29d5153abc0042ca53eba08f7450997481508f59cb4f50b,0x04dfe8f2ba1c100daae29d5153abc0042ca53eba08f7450997481508f59cb4f50bdf1fca13afdb3320f0a819ee9d46c0437c52f106ea7a8e7c9eb5a9cef94749ca,0xd396ed56af5f1df96d41e32fd0fadda3b038405435dada01b3d106ecf92d1b6a,ok
0x1acfc7818b5b02329f9680ce6f2a6c33947b841d,9,0x023b896e22119a1c97f0e8a4701e34e9fdbfa8965bc7d4673e59bda03e0138537a,0x043b896e22119a1c97f0e8a4701e34e9fdbfa8965bc7d4673e59bda03e0138537a995480a4e0275e3862e9b9049f032fcf8053cd7a07a4a2758f2d6cb90da66826,0xc26a6db4dddc97507f373c0fd159f3bf9344b2f7d4c9c71345e3632befeb4f9f,ok
0x8620f8676c61ddc91bf4f7981dd00dd0905042e7,9,0x02b6fa56ea404e4330ef8c2be9af0b05786f5f64954cdee9f10932b814b49bd684,0x04b6fa56ea404e4330ef8c2be9af0b05786f5f64954cdee9f10932b814b49bd684b102147def2c1d033867ceba21c7d31e8686cb566c57152af86bbc626c587384,0x4d2f8e336b2bb6cdb2a3530b7821be9c83d323ee22cb6fedb9ec938e4b3f09c3,ok
0xe0e4b5f6c98207fcbc761476de28859541c842b7,9,0x023392e937ab33adf13b148cfc3ddf7e8f97d912acd19a668524394ce6244d516d,0x043392e937ab33adf13b148cfc3ddf7e8f97d912acd19a668524394ce6244d516db76250f3545269b01564faa6675b438a42332a78e957829237693510003178ca,0x2dcd05ff9e1651d077f1a395c01c362a3e25d2c35a63985a7da825e133f51c6a,ok
0x29f905bd1593d471407f07a2bdbc5cf928558a8e,9,0x036b08c5d20fb8c7a2c0cd6f4f34edb11ee95b8666aa892c8845e5c0aae5c4f84f,0x046b08c5d20fb8c7a2c0cd6f4f34edb11ee95b8666aa892c8845e5c0aae5c4f84f2b3ac918d71a4bbcb915019092584425ac590c24b0cda47d6aae4153805969df,0x4a1f576482fde91fadc7fbd60f987dcc38aa3ac8dfe8018359bfca1bc04f9c0c,ok
0x482c741b0711624d1f462e56ee5d8f776d5970dc,9,0x021919f056abc461d3afdaa16723623a1377d53f21de51a46215da9537dd4ddb82,0x041919f056abc461d3afdaa16723623a1377d53f21de51a46215da9537dd4ddb821088aa6c395fb7327244a0e4b87f14dd1b857e9c12b6950dce2f96edbad32274,0x8312bbd690f30547d1b46ed2b638e5cdd13cfc962e4bd0670e67a7e245ce7419,ok
0xe336b85bf8c89479ebf0eedc2819a0abbd6bce36,9,0x02bda6d21de8d91f01f1e909a0590c3f40a760e03d80620b90dfa1b4622deec492,0x04bda6d21de8d91f01f1e909a0590c3f40a760e03d80620b90dfa1b4622deec492984a64bb37dc1dc5ea3a1586d1eeb315a18c77deffff4856b76bb37a361f68c2,0x917dde72de98a71dbdcaba22e1b8af606a472d8376c119f74d34a399b7710b11,ok
0x8061fea6516bc87f3219dcba464a1b50378ec3dc,9,0x02f0891f9a22b5831fa983d62927413abd86c758a23c9fea2c117769b640c0bc82,0x04f0891f9a22b5831fa983d62927413abd86c758a23c9fea2c117769b640c0bc82777f45f4165a2d73a3bc20173f7114fcb82dec520ac4655840b05f6867706e76,0x22d41d5be830152fb92e86d8b4c769fcf8344246ce11b61e4f074dde1c83b04c,ok
0x89d32b5593b6349858f248965926be98eacf621f,9,0x0264f02378a74bf95c81d751ff047e5855acf542bad07c411412adb7109f83d114,0x0464f02378a74bf95c81d751ff047e5855acf542bad07c411412adb7109f83d114fc5e19efc3cf2fc324ce07e27d0680bde6bc8bffe63ec9716b24030077a6cf64,0xa25a43e1f6e16a494b81a6f3c2bb84ab42a195714f779fe7f5c17b1cf58b2d8a,ok
0x07a6d58cac8d98af26508635815ce1e56458c5a2,9,0x029a1e452d04f884c67785bd53ec2f13d4acafaa0b0fbc05fab9685aef2269cdd9,0x049a1e452d04f884c67785bd53ec2f13d4acafaa0b0fbc05fab9685aef2269cdd9051c8160474575141b07820e0ffd48528094f8dd22ebb4b812a055bd2778307e,0xf5d44ea48da93108e0b4a392c1feffb628fc76352894df470c7d7cc9ba18a579,ok
0x277cb97399e69b6fb99e0fd93c88a7cb1a6d4d16,9,0x0313c758573e7576b71433973154fdc45c9809f143568e13aecd0ed8f1a80959db,0x0413c758573e7576b71433973154fdc45c9809f143568e13aecd0ed8f1a80959db222ff727e91e38182e0ef619cc62cd39a081fd2c8c50f1a91a0f809b5ad70935,0x73b0b0edb00b870466d8effe22d977edf647e39f1d3c1e4df0bd4765a6eb68b7,ok
0xf3dc235ff7025cef31e76c65c7fa7151f3343874,9,0x039588c101433c8bed8c0cd97cc3e92a100fea0d12f242f75c840c1d6c737bf42c,0x049588c101433c8bed8c0cd97cc3e92a100fea0d12f242f75c840c1d6c737bf42c9dd95340a3dbcb1b2fe7e0a898d9f609d71db9349e6efba02a728f967ab0b32b,0x6998c72b9ccd2315f71b0fc1e56518e3897860a2e8fd55bf79e22d338ea32dd7,ok
0xa6e950aa70ebaaf99686a5d95afe8aca8b5e353b,9,0x02153cf919e2d66b7b2c0934db4a87979947600eaa5e3d30b0384ded559cdaa02e,0x04153cf919e2d66b7b2c0934db4a87979947600eaa5e3d30b0384ded559cdaa02efcd22f4cd90699573c2585eeaebd5cd341274c59eff8a0c7e9f463d398205e1c,0x252e98af6dc1c7e4260a31abca363118a25eb27c8e5442e2cf215fbd4750707f,ok
0x1df9a5aaf1eeb1bec44aeefa667fc04d5ad2ebc7,9,0x02f8819318f91610463da1f97e47e59d1a08ff62a70f7f290c670fb15884b3f25f,0x04f8819318f91610463da1f97e47e59d1a08ff62a70f7f290c670fb15884b3f25fbe5605e64577aa50f1920a61d8b15cfa85a5007319e05fe1928e6c4c43e9716e,0x3d8a28078dc4eb9a09aa59f96e2aeef710382532a0218bd934cfa6a3cbf1459d,ok
0x566dd107de9857cdfa11bfa26ca8f610bc40a0ae,9,0x0314656fa382e06e5ce8c00b6e12b4ebde89494c6f3c6255e86584fbd72a325f8f,0x0414656fa382e06e5ce8c00b6e12b4ebde89494c6f3c6255e86584fbd72a325f8f4100e8e756ed2f439613850ad0009dd747ee6f3ab93bbc20e75b889b9560c2eb,0xf3347ceea73d4c8d356e5471a0d963a7b565a8eea23a429f36f82b19e6cdfcad,ok
0x42f3f76ba5202d7a4c48fd428b5613c657689bcc,9,0x0396aab74b5c218b6d99fbf52866a0348215588c185f67c843628fe149993dd0fe,0x0496aab74b5c218b6d99fbf52866a0348215588c185f67c843628fe149993dd0fe8293ed9e5cbee2c2120785e21fb554028a48a060e039f6b81bc6db60d7ba6445,0xc522fb51758663f938d14ab97d689551c13838667547f881c052ccb1ff9d8a1f,ok
0xa28e586e24e6d78d05e822188ddc118ac2fb034b,9,0x02b0fad749ecc868aac53627263afed06347b5c471d42e67882bddac86c0f33f8e,0x04b0fad749ecc868aac53627263afed06347b5c471d42e67882bddac86c0f33f8eb208d6840066c76068481b9f4d5e5bd848fcc9772c50ba57bf10f0f7b406b5e2,0xb76153ea5f44c99672dbd8a62e36391dc33fa36edaee6364d93e17b457a5f394,ok
0xc4e9e5310d90b5cc782e900b316bc3b595e9c2f0,9,0x0326fb4fcd94a3426166aca410641bdc7e3a6ff6ea5a75e3fb800eed4cdcc8a3fb,0x0426fb4fcd94a3426166aca410641bdc7e3a6ff6ea5a75e3fb800eed4cdcc8a3fb5d0c317a3ffc1f34f05f1903f1e535920a761ccd3763f851789f159015afef93,0xb8aa4b632a4c5cf26de4054d0c891901b20ab3cdd8adc6b3476359fae3478fba,ok
0x18799f860f9adb26e076d581603037f79342e0c0,9,0x021de0f3aadd9fe8d107d234aaced269d441f3f1e2dba4a5651f7295b85ef2eb25,0x041de0f3aadd9fe8d107d234aaced269d441f3f1e2dba4a5651f7295b85ef2eb25e8702c48fbdd1cbecad3ef8d2433a4703c00d0c887f7cd7e5ebcdbd599a17e44,0x584d6430473a1efca8ba349d4ba82736f4f982b78be27a61bb249880e637615d,ok
0xf5a8ac14c00ec8e14237005749a69154df743203,9,0x029f4a95844bbc6b6d44c58be1cb8c29ab28b7927a8e2e880507524ce4d253290f,0x049f4a95844bbc6b6d44c58be1cb8c29ab28b7927a8e2e880507524ce4d253290f2ecbd6afb3dbb0ea339a1f109445e51b51cc2b767f4e1b572129ce406b8ff7b4,0x65579ff5cad0fd8c532d0062f5a7cce728fd72aa132bbe3013bf7c76b10cc206,ok
0x70737e350082cb50428c0ed17988cc904347f3fa,8,0x02f3c702795cd455bc82429c08db8fb943d2120b5b1bde12043573c1693b8fcc92,0x04f3c702795cd455bc82429c08db8fb943d2120b5b1bde12043573c1693b8fcc92bbc27ea47944ae096405a1e4ceeb44083da04bd3ff0cca341c13297121c9cf24,0x95706b7307b357c3ec6139c466e9479e8f0b1c38b7c419a235a6daaef5412647,ok
0x91e0d232c14cb5a680ccab63134629efeb26cf39,8,0x0352a930b65706b7cbc2fb93788d190de55b68fb017f770d160d23d3edcf1005f9,0x0452a930b65706b7cbc2fb93788d190de55b68fb017f770d160d23d3edcf1005f9e68606226b20eb5671639af24898efc21683574243cac45975dc44abd6bd359b,0xe5a708c8cc8de812a16c38b27c77c811f7a07ca82fd4f8202af5c4f6f0c2cc73,ok
0xe508ca502ab7cec51aaf87c6e5111935884d2bb1,8,0x021ef9a76fe5000b603bce528073a9e47c67844e39d2613604c2eda9a831d0b2bc,0x041ef9a76fe5000b603bce528073a9e47c67844e39d2613604c2eda9a831d0b2bc3c2501d2c1fa73bac7647e86f6c72f9addd7bb4695df3553a8f2d635b44fb3de,0x4b538d23acb5490bfad040f058e1dd0e6975fd6a2b4c236c1de1897fbdc52015,ok
0x3ef9f11226f24d239eaf63c142f4f212ecd37b04,8,0x02a1250fca72455ff6629822035a381ca997970778028b6586212f985fa5264ac4,0x04a1250fca72455ff6629822035a381ca997970778028b6586212f985fa5264ac4fda5abc29e01003213952da61185a3741a330fd54b3fd69a01e25081808004c0,0x1a52c58103d51bf83ac936d66a41393bf7a336779e6cc883d82a51b0c7e4c12a,ok
0x2d17c4472c38029af27a0ea75b4186175e7436a4,8,0x031467a74ab8a43756ec5a688057180bd5c471a5dcdbf57a4b9711113a6ad2ea46,0x041467a74ab8a43756ec5a688057180bd5c471a5dcdbf57a4b9711113a6ad2ea46c7bb671acf71101c7a64bd8afb2564acd59d3f3027c55f0437e302301c1988a9,0x5c88ef52d02e4b7e8a8562a7e409b0fcbd98e2477d8c888ef260f78dc17ed4d6,ok
0x7024dc438ee59a7b2fd406b13721f5abb0e423db,8,0x024c78f68d9aa57d87584602d0b0286bc152a8421c36feceb4d47cc7bc74d8cd1d,0x044c78f68d9aa57d87584602d0b0286bc152a8421c36feceb4d47cc7bc74d8cd1d0f290668abfa754fedc99ad0d74b487e69d483ec2d53ecff48162989735d9a84,0xb2c9d327a1caf575ab406b366aa4bbe211242bcd4bbb6bcc848bf1431dfef9e1,ok
0x5db60d88755ebb70d05073d6b41f0f8d0122823a,8,0x0367b10778dd4d0ef2d572ae3a91ffc90f3f4d6c2a403b006b155e49ea77076bf4,0x0467b10778dd4d0ef2d572ae3a91ffc90f3f4d6c2a403b006b155e49ea77076bf459bf0ea4f0b61f22f7b1ae2ce2cea8905caa264237c17667a74b46681e0c92f9,0x40fdd511f2cbbc75e780ea9e9f13c194a3b2514ddf4110761c4ffb09941e52fa,ok
0xaf53b814e16a1d68e704c41f6ea27b1cafa6e3d7,8,0x02d0581eb8776dc2cd9e4b06398a236ff57b655fef45ef86ea1642e25b06e7a3c7,0x04d0581eb8776dc2cd9e4b06398a236ff57b655fef45ef86ea1642e25b06e7a3c7be4aec16e7b9edffb0e7b373eae60ad8f5a2294af771b1dcc35c98ccd8f63150,0x991e308098f1bc2fe45788d5bbad0c0cfa6eaaa901ee9cfc7cf11b0a49d41318,ok
0x4d72d4269ab46962713ca19cab8161a87684a163,8,0x027f4fb8324a8a0ffe26879746f82a1c9b6018f1d3d3ba1581eda610863796d2f1,0x047f4fb8324a8a0ffe26879746f82a1c9b6018f1d3d3ba1581eda610863796d2f19b530cf91e808bd14688d4ede94fb8bc3f03228acfc7e97db62c21643926ce26,0x53db63ecaf67a0d3c6345a3874e74bf6b241f71567ac32f73ea07fd50e8fd4c9,ok
0xf2739ef0556253677337295ca49a7a11499f01d1,8,0x027916786fd13c29dbdc4ae6187f64f10d7b85ae6450e79ef23c245c93f4cf7efe,0x047916786fd13c29dbdc4ae6187f64f10d7b85ae6450e79ef23c245c93f4cf7efea8ad8ed937543792eb37de23beeaaf7182ce2d5346c1693bf6763f99c95c8276,0xa8cecf6f7e12d6232ebdc4d307668cf385cbcb1e58340b2c69e2fc0f21e46e6a,ok
0x2d3c7d7827fc6269519a24e6f5edbd58b2aadbb3,8,0x03a4ad8ee5588df6f8cb69e1e32862d3e68ba4f79ae99aa23c1a2220f2aaf36ff6,0x04a4ad8ee5588df6f8cb69e1e32862d3e68ba4f79ae99aa23c1a2220f2aaf36ff60e01416f0357cf5ef0a656f8d0b89f3210f09372c49204e951b3dfff59210509,0xab78de025373b0f87107fa02a3dcd86e13d4045055638c7fa35b7aee7a1a406d,ok
0x31e8f645be07584c3c62690258eb4ea11e6cb95b,7,0x0331cac3eadccbef7a47676a0fddee2d5d58c6dcd0d350f9030dd3ab71c8961ab3,0x0431cac3eadccbef7a47676a0fddee2d5d58c6dcd0d350f9030dd3ab71c8961ab3ee79ac82cbf9fc3ffdad3c86a64e873d5fa4ebd91aeb7116c1db14e5bb6685df,0xd78701e8fa7a0a2e125862c94d417d9b83c9cd996a5ecc57204be3214717b348,ok
0xc5ce9a7524df197560cc04a74fefdb3feb075c68,7,0x03698141bfbe5477dd45eeaf0325784d1a27f0d167e852a4b4d415e2cc32498980,0x04698141bfbe5477dd45eeaf0325784d1a27f0d167e852a4b4d415e2cc32498980a38d0059ee72beea8ff62ef91184c761f2398c159001f8ebc1bd631a82a49cd1,0x6339af99c2866fc18864a874aca15563dd10676037f3e266c14b813b47ce4c93,ok
0xefa5b2600dba10b03d9e6967582dd24bf02193fc,7,0x02c45eadd5d7e0bc23038cb58c23389602f5868ddd6b8369a3294cd892f8f36638,0x04c45eadd5d7e0bc23038cb58c23389602f5868ddd6b8369a3294cd892f8f36638ce6ce8c80d719ec6d2872dd76d464fa41034e0db3c27270ea290e19d0d0daf72,0x8e2fedefa018b6c357c10c71cd64a80149fdcbd042e8d5abcb0eef4d89f2a7b5,ok
0x730b2c4709f387a29d718a74ecb973fc73c29070,7,0x025f676be2b18a2f08e7db8bfc320d7919905b9921bfdf559b3c06ee6353a2153b,0x045f676be2b18a2f08e7db8bfc320d7919905b9921bfdf559b3c06ee6353a2153baa34623153b81a38d2592587508b7b865feddeec56170790106969c555ac334c,0x1a94324fbde38787eda61405fbc3ca061a493c9a365a149bb22042e9319fdb40,ok
0x3fe2bd23148bda8648313899b49b47f7d7cdf764,7,0x03b99a3f694eac015ed9cdeebf24fe35b5683d71a59581219a528e89421f0d9639,0x04b99a3f694eac015ed9cdeebf24fe35b5683d71a59581219a528e89421f0d9639a6a4c00c0da2ab5f0acb4241055825f41c487875a8c08db50289656746be24c7,0x528008c59ef4f7793bdc6843a8889e049b34cbce751385422c36d04899914542,ok
0xb5f347c5b5ca9046742640d4aa26cce02a6f355d,7,0x02b4499f9d35350ef37b1654de83a5fe997dbfde5d27dff478405b66cf1d5f053d,0x04b4499f9d35350ef37b1654de83a5fe997dbfde5d27dff478405b66cf1d5f053d45e19e0e07620c94d0b489d537eb14563aadbd694e5fdfebd72880a7aeb07800,0xfa506ab58ee91ad4fe8151ad90a40bdddf32e1b0ed9bd1e544fa7d58fb9fb811,ok
0x47d7de1d52c92516f51ab5b00f2abeb0ebbde692,7,0x02444efad071b3f355827d8f1989a14af8b824371a83a8703da18a3b129b85d10e,0x04444efad071b3f355827d8f1989a14af8b824371a83a8703da18a3b129b85d10e2b3252ba4e40e88cdb538dd703b5c3b76da9ca4db1f44c384d9cca40197c769a,0xff73ab8e115dd72a971a4a95700bff0dd08756c3c21bdd20249159809b0a421f,ok
0x4239d789d1479c7c0d085d1864abdfd8b4fe0ea1,7,0x021d9a097f33be2fa25fa15e37f41337701a0d58ddc0f7c91663af0b3654ed5748,0x041d9a097f33be2fa25fa15e37f41337701a0d58ddc0f7c91663af0b3654ed57483811a065e3a87a9be1fe08eefe5c14473106a28ae94c6149e8853c0b742585a6,0x6f6b5cf9952945c2e032040a74617f13954c7c1d1dfd67d5659192e134d6c165,ok
0x1313cd5847a2256d73e290e23fcf9836110d76f5,7,0x02fb7323f0369c7bf9fb572fc7cc6787b1e66f27e6f0a565d55f1333edc36ac260,0x04fb7323f0369c7bf9fb572fc7cc6787b1e66f27e6f0a565d55f1333edc36ac260d48f175415134e8583026616253063485a01fcc97d2554e9443071f916003eac,0x9d994f1fa2d6fb1cbcb94d5512be49e9d47841bfbb3e1a262be24be6d2a2777b,ok
0x19bebe4d8c466d75de20ebeec726f274de264e0a,7,0x03f58a764ef69d2b2845a9ad57a78cf6d018b8fc8a2438a612c56a757e102ad26d,0x04f58a764ef69d2b2845a9ad57a78cf6d018b8fc8a2438a612c56a757e102ad26de7e39c2b715f2b10270827b0aef313840581f4497e46142ba5cf675ed070c64b,0x33c2f7bf3bf6a655dadc8f2bcd69d3a03e7822b55285fc98a35d5181e212286f,ok
0x91bd42dc8eae70f507751b978e0c2aa349d9fe32,7,0x026e4802d825c5c3eed5105abab4471c83b85b8c4d50e55bfbedadf37042a5580c,0x046e4802d825c5c3eed5105abab4471c83b85b8c4d50e55bfbedadf37042a5580cc32f9d8afe41d6f53b1b45cb922176953f8f7f99611c61938fc88205e4afd3ee,0x2e096ede0bd030cc4a1c631f4456b3f76207c04f4e01a31b246b6b5c8df20b89,ok
0x73ab5ebbdea34ccdd9a87ba512b3ee54a061e4f9,7,0x023be529c27a0922e96cfee6f1a0c989fa1766cac234f13180ef8afe8fe320135b,0x043be529c27a0922e96cfee6f1a0c989fa1766cac234f13180ef8afe8fe320135bc7e1b87e1fe10f4a5c3e59c4b6737a7592af83c1cc48f48241f4c7e76b1186e4,0x4d043a32d1fe68fc2197b8eadc2a5507457d5a05575fc582a5a003abb2bc44d4,ok
0x65566631ac1d57ac717c5eedd562c27c5a8c9d6f,7,0x029a14e9cd36a02fdb69d85f5f4e66ad0922706a9e739f8d84ddb05a446f986d4d,0x049a14e9cd36a02fdb69d85f5f4e66ad0922706a9e739f8d84ddb05a446f986d4d7380b3e87917aef4350a5b2c26c51f4055199e6853e368a55ddc62ccd80271aa,0xc3ee25a4fa1d5e04e63ed94f6473aeb4e0368ed2c7a76814c58accd6dd3b8c81,ok
0x37f91c9a7d0bbf939d77e33441ebeff1d6187615,7,0x02df0253f9d12dbb88104cf036b7b616a07342bcf0b775a5e89f6cf1ebf79b05b7,0x04df0253f9d12dbb88104cf036b7b616a07342bcf0b775a5e89f6cf1ebf79b05b7e513df908766f930d8f349dbf251fd9f7b5ff43a3d9736a98f6427eeb0673530,0xad52015aa2230dd5505f08f1af09889b1b82f6440acb562e2a54059e05548d78,ok
0xdbef0d40188c6e68c443cd5d71e2d7737119db23,7,0x030887cdc82441f3c11e2bbd6aa76ab1e510fe48dead3e1c963355eb8e06018f27,0x040887cdc82441f3c11e2bbd6aa76ab1e510fe48dead3e1c963355eb8e06018f27e971c36b37eadae128f946efeeeec46e05d0fbcec8757ad2e25d3e05341eef71,0x6849ac09e386cd7d741b4ec6408358495d0cf87db6b4b4c38458adb09c48277a,ok
0x1846f080015ab53c7a16ab463b5e6aad61b0ab5d,7,0x02cbedb99cd3c0f21b6dc7d3079a6a9880379cc68e34556e15659dbb02706fe8bc,0x04cbedb99cd3c0f21b6dc7d3079a6a9880379cc68e34556e15659dbb02706fe8bceb4fe8cb1e07102a593217939414576a12af75ea7f92dd5b0f6a91ea796884e6,0x7317a7d09fe43406c9c8fc580f22d7d96dc9540ca0187721ebb4b565a4c60bd7,ok
0xb431a216ba015a1e2db5bb3ffec335a272d90b2c,7,,,,contract
0x5d7bcc9a89775293fe70eea769562602a48a12b6,7,,,,contract
0x61da46095a7061bdd2c4b5401bd53e58e3588012,7,0x02e5c26c65ad9430bccbe6a59abf0141a195b2cbae755c910228fd9e7aeef5cb2b,0x04e5c26c65ad9430bccbe6a59abf0141a195b2cbae755c910228fd9e7aeef5cb2b08ebada81f487c8c76a54d29f163ed1704675e7b620089d62788dafb600fa2f4,0x89521f89cf5d7a27dc97e4cac9039b3a039bea31ecda38d7cd0d39dadc73a816,ok
0x5703f5d81da197d82d9bc90c155e0656fcd4b737,7,0x03b30cce56ba746bf8f31dbdb4cf84cf8a33c8554940a3aa8bfe1a8768fa5a677b,0x04b30cce56ba746bf8f31dbdb4cf84cf8a33c8554940a3aa8bfe1a8768fa5a677b871f8f3105a4e016467999010adff6ad3e87986d959cd011ce51232c3e0f9679,0x8cfbf9312d9a17a739a272ebc2062db4d9e3902664ebe5ca2850284bbf5b2051,ok
0x0f607e317e6e1534e0c6eba4620ca4bccbd20ca5,7,0x03f2d6bc1686247cca7d4cce8a0712edbe20fb39ffaf2175a28b89aa69c34f5a4f,0x04f2d6bc1686247cca7d4cce8a0712edbe20fb39ffaf2175a28b89aa69c34f5a4f28881821af066f962ae9245727d721df10fc212a58af1af04431b04acc8a94c7,0x60fc86b89c0d0f5c206d7018405b99c0b66da2ce3cde1ae83a25248896eb0779,ok
0xcc0d0b539c5c08f4ca11bb15cb79758a034ac38f,7,0x023badd90b600326cd9e427c8a2dd882a0c2d1532159541956b3c797d574d7caca,0x043badd90b600326cd9e427c8a2dd882a0c2d1532159541956b3c797d574d7cacaa000e12fae440e1e564ccebc81f072508e8e0629ff5315cab01a0494d412e9e6,0x0611590b495c3fcbfb22855490524f0442fecb7e41e0307a651c22c2a571449e,ok
0x19925d32ea737de44562b6b6f6daef9b257d5eb2,7,0x03c318e6a46f89ab94f6ffe017dc456d4e2ecd6d81247791192b2395c66849b349,0x04c318e6a46f89ab94f6ffe017dc456d4e2ecd6d81247791192b2395c66849b3492e4b757ecaec2e569f29a2a2201b4ce34ace52d7c4c4fb4d666878683bbd9547,0xaa4642bce068dffda12be55c996b6b53ac273f41ab64a5ce651a3aab35989331,ok
0xc330e99c16420ad690fc2ca47ff608a72410aa23,7,0x03c56c7d5391ef205c5e8c7a0ca976c414dcff420b05311a5658aae7b37629ffac,0x04c56c7d5391ef205c5e8c7a0ca976c414dcff420b05311a5658aae7b37629ffac60729badde05cea114136549142a687253f0e0ca223f787f441e63da97d65425,0x23212e80ff57e037e208d9c0b654b41ccdeb85e7fcc916d9b8b7317003833365,ok
0x61bd20ccba182213e24223b1d3a9b4d0df5cea46,7,0x03d7adc95f7995e9987947f6b7dd20ab132272b7cebb99ddb71f8ce95a0e193154,0x04d7adc95f7995e9987947f6b7dd20ab132272b7cebb99ddb71f8ce95a0e1931543ad86a180ffd8d4c2b8c9322fccb7d2c80b5f62f8646e39c1033faa023646479,0xd891fa1f55e28552031d935ace58c327d9bdd0d2831539f05bf23edc6ffa4c29,ok
0x8c90ebc60c71038b91827e2d58d6779c6af98010,7,0x027d5e1456bfbf05b73f37c151844fabd24eafe8000450e6f6519f4b51a879e8da,0x047d5e1456bfbf05b73f37c151844fabd24eafe8000450e6f6519f4b51a879e8da56a43cc2ed3c389f633c4843892fe7d8950a05a61fe21f1ded252a22471e6192,0x9e5ca3e1338feadf9b849f5b6f152bbbad6faae6ad543c76226df478cc5c351d,ok
0x91364516d3cad16e1666261dbdbb39c881dbe9ee,7,0x02c869fc4c5337795cf1eb13d0e1dfc4cb200e197f374a31fbeac87dd3fbce9f3c,0x04c869fc4c5337795cf1eb13d0e1dfc4cb200e197f374a31fbeac87dd3fbce9f3cb38bd17a5ad2437ee9feea1729ed9992e4dda1d93ce0c07465db60583a8602f8,0x59d1bae611048efd9d222e94e2ab5f57739449d07fe86dbe842343cfe50a700a,ok
0x3e27638518db964a71a0971c1f5bc7be6b6db77e,7,,,,contract
0x4b95e82077ca2e771ae021d9660882c1f421e29b,6,0x02b9453a1a91efaf5ebd3606b389f0cbdf1f6c5775d765bbf3f86a7fcc35f0779f,0x04b9453a1a91efaf5ebd3606b389f0cbdf1f6c5775d765bbf3f86a7fcc35f0779f9bb58a1179d886ab73071499101600547891cf7024aedc28c05809c228c3bb72,0x5851fab1a0a83869ac0975ecd4c7d9b6e8e8caf321b57a6eac14402f9b761558,ok
0xc5cd331c0919209cd98bc47b20fb18ee0d49f562,6,0x03ac8de1f586c6ebf1e77c3d97c3778492b1e3411ce2c09412717b4b6ea5401792,0x04ac8de1f586c6ebf1e77c3d97c3778492b1e3411ce2c09412717b4b6ea5401792ebe403906c39f067411d26bcaeb2988c225f8e3356010e10fe4dc7e6fda35e87,0x0fd44487c4c574bf2cd4fb601328bcefc43605fd55ed7bd154c3081f513940e0,ok
0xa75bffaa06349623195a6e4c2f46f9e42a1a3343,6,0x033b588f385e4bd7cc240166591a4e8276b64a63f94f70c97365006db0ef8b36b3,0x043b588f385e4bd7cc240166591a4e8276b64a63f94f70c97365006db0ef8b36b395d2691e2951bb6ffac3a8a6cf6dec223dab6fa0a6836c6c49e8610bedf4cc4d,0x44fb1b1178ff0a38d766e0c0cbd47b40b543b185ce769d65f621e67986d261ed,ok
0xc46db2d89327d4c41eb81c43ed5e3dff111f9a8f,6,0x0348885f0d7e7596808db24f25a92e8b7dcb5ed05abdda0a0fb9410ad804df8423,0x0448885f0d7e7596808db24f25a92e8b7dcb5ed05abdda0a0fb9410ad804df842377d184dae3b1c78519de4a05b718dd4211164d3fcbcf1a4791876265c3562317,0x8da493038952ee4dcc74b0fd1942e4e5b1ca723edc0a8aa7a661c4a6a0dd7f9a,ok
0x2858ce589592be3dbc4e65e653da10b73d7c42f2,6,0x034ec352769ab557ed696731e0dbaa5b0978275027d5acf51db200aa93ee89de56,0x044ec352769ab557ed696731e0dbaa5b0978275027d5acf51db200aa93ee89de56b88634ea33b096d16c85c6164565ef3fb89ce54db65c3da8dfb1cb8ff20bc1db,0x03467307d1420abb96a4fb14e5fb8c93df3eb1f6664002cb5cae7f024f4a556c,ok
0xb527787c366f7b4eaf6a1c9a229e52061dde9094,6,0x03a91805fdaae525bff412ceac137f64675c888a32f88ed13bebb708549162bf63,0x04a91805fdaae525bff412ceac137f64675c888a32f88ed13bebb708549162bf632e7fec5bd4b708dc11d548bfc3346d6ccb9e6d4ffb2732772fc6158467daebcd,0xb6baa094c631d81f6a6b09c7685e235fe6747cd2bfc1dfcb00c5b2bb85f62357,ok
0x796bbedb76f07d51e6e9f416ea288b701a8078b6,6,0x02417411fcdb174b1f19f780328f8d4e1c6efabccfd039756a13fa22385cceeab0,0x04417411fcdb174b1f19f780328f8d4e1c6efabccfd039756a13fa22385cceeab0b521899f166c7dd871ae187ce56dc9e6d4f8eea323f75ccd3f0507af19db6246,0xf2e20fd00d61ba124c91afb6731ff0cb983354d010b78c1423db7469d3cf4465,ok
0xf6ba9e07f27150cafac85226279f2e32e26fd477,6,0x03b8107f1afa7f8d47cf7a22ecf00019d670a5fe50747d60daa69f8ae66d152254,0x04b8107f1afa7f8d47cf7a22ecf00019d670a5fe50747d60daa69f8ae66d152254dbdeca69f0d7841c3cb97e0c7088da826af8f398bb91d336f6c679f45cd746d5,0xc47ec70dd169a179735179a419ac34b840ef3dc0cdcb29842d0c26176eac080c,ok
0x9b0252108e88bc82404c98cf5cb02e8a8267082b,6,0x02f3b777e0a863930c14317efb3dd9c00afb0213eb39be85c664ac70c1f6916fc6,0x04f3b777e0a863930c14317efb3dd9c00afb0213eb39be85c664ac70c1f6916fc6be660756ec9b4da17ee786ce874f45ab2a2842a95cd632e29d753277d7310556,0xda901ca6e12d1d4e11115e791918b447e521ab44ed068d725c81a201d0d08355,ok
0x1b1f056e26d9b7bc09dacead39b2e902f1301508,6,0x0206c5b2508a3022e9d9b1ce59bf51a54e48f30bf193de67f7efb64c9bbb07c658,0x0406c5b2508a3022e9d9b1ce59bf51a54e48f30bf193de67f7efb64c9bbb07c658cddfffefca0b72bd86bd82f520ec72becba0a93a834fb58aa49d07b750a4ea64,0x782899854d9364531a33e3a8943113ace210b2d11742b4c3b910f51c46a2f819,ok
0xcd71beb74eaafb7b1c4477d3be679146263481be,6,0x02c838908be7e09faf159d27b2ceff4e29469c4aa183a4b9ad8247eae5c6b869fd,0x04c838908be7e09faf159d27b2ceff4e29469c4aa183a4b9ad8247eae5c6b869fd209cbcc39ddd1acd685fa87afcca8901ad7ff12ea3f8ca32f0e66f328f4c9470,0x26f61dbf0a2ee9c1004bc4fe8a00e45becbbfe75047935caa2e9ab6d71126b7e,ok
0x7f6c39c81438a70a8c8e624102861dc2fb8903fa,6,0x021dce8d35cade9e23e5591877c0d3a4282f592eeca8261d7db31efbe331a7b7b7,0x041dce8d35cade9e23e5591877c0d3a4282f592eeca8261d7db31efbe331a7b7b725c16021687e899fdd145d8ca0ca8f78318dd69868165f2672b1195d4fd54f08,0x7f687183df9e756e302d7b868708df923dfe63c655df35fe9fbc1fa1695cdba9,ok
0xea8edabdba21f16db0f49ea3183e4c1b173b6fdc,6,0x03f83f871a516870afc769e25a896c4a74e88e3c1be6dc019a42a6bc13cfa333ff,0x04f83f871a516870afc769e25a896c4a74e88e3c1be6dc019a42a6bc13cfa333ff69ee322d00c43eec2859f26d144ec704db4612dac83bee3f55583b0e48d22df1,0xb262aa2c0cbac76d652fe256f783d03aa4e4e96f080c5e2d7864c34705e1ff9f,ok
0xcbf6443a48d3e5696dfebe4c916bea211af342b4,6,0x03f4b77929336523d90cb981c7a2a97b3e26dfdf300eb0e5bb99abc8040662c967,0x04f4b77929336523d90cb981c7a2a97b3e26dfdf300eb0e5bb99abc8040662c967343a80e1b83d9fd4b76e208009fd3cea5f4eb7aff3d75ab334e25ad3407f456d,0xf42bc821140fbc2b5b544f02a27f296700efd91d422dc3dab13a4a82c33b8a1c,ok
0x9d19fdbc6f5760e72f31b1d3fc32733b50c89080,6,0x02d1d24a39ab1f7ada5297ea88d71d20a9ca57208f68f1a2f5363ac03e42e507f0,0x04d1d24a39ab1f7ada5297ea88d71d20a9ca57208f68f1a2f5363ac03e42e507f05ac0dfea159f0cac3e4f994e8e9b515274c2f1aef940088249fa82346c8be026,0x58384196fb5287e6cd58d446b6fbfc20d160238da48a1880671bbf5a21c3646b,ok
0x1c70af2b86df6b0046643c3193db8da1ac1e508a,6,0x02156472b2c51cf5d5979ba9a756b7875c2ace7e86af5aa33dc8f1420a65203f08,0x04156472b2c51cf5d5979ba9a756b7875c2ace7e86af5aa33dc8f1420a65203f08ea1e05b23486321cf9397ef54b859b58bb75bfa763ddae6685c38225e6441de8,0x7c0c005c61b934003cd7bf0591ecda1abae3f9f10ca070f4cff9a5704e477cc9,ok
0xfcc9ee2ab1291a5635d5eb7fef4ab9eacc20daf3,6,,,,contract
0x32606c4aa95ea78d7c5b1e0e347e3e9ae451434e,6,0x02614fa8415f897dd687d71cc40e3d70f7e4eb51de3685d79d9e9acf5a48f46673,0x04614fa8415f897dd687d71cc40e3d70f7e4eb51de3685d79d9e9acf5a48f466731eb3cc6f3e6062466021dd6bc1463c21013621d33ba2e24002d3b7ab7feab280,0x6a582ed134aca949e45483cbec0f35fb5d3750a70f40ed13915b2ed5ada5f822,ok
0x8e53755655387ac6a7c7fbd2758cc370f51f6e87,6,0x038f99b34e69da3d8b85c09ae7c546e3929223cd086cb5d97ea0f68e49336c9190,0x048f99b34e69da3d8b85c09ae7c546e3929223cd086cb5d97ea0f68e49336c9190840dab85debca009bf10af8be89086d2d8388f6b474da86f1a1a673ae84b4d03,0x88cfd46bf958c44e2404af6c745a545ef48a2a99cf4772158303b324a53ed321,ok
0xa00321a1e6d63806447f752dcd597575635f181f,6,0x02d8690c742da9559816235d9c835686a95d7541ba41062576ddafa36cda470855,0x04d8690c742da9559816235d9c835686a95d7541ba41062576ddafa36cda470855a006ca53e18f8f5d3f7d0b32bbfbb08d5e259b6879d82bc9cee40933ccfc4eea,0x157591468ee31d3c85aba0f887b7be8c2fb1b3ce88aa5704da9c3faa035a5185,ok
0x20c6c90839bb78e17bd7ac67734b416dff633256,6,0x03c7eea3855d7b5b74a56d6ed7f7129fcb1e9b3e14dcacb3bc64fab1e0445724df,0x04c7eea3855d7b5b74a56d6ed7f7129fcb1e9b3e14dcacb3bc64fab1e0445724df0aa1955e2276f4f58b420f0d4684e8454dc89999047398021863752b95bcca91,0x1a654782e5e239b4a7fd556aa63cc1ea1b37a459844026698822e1b0434377b2,ok
0xafabe2fb2a70e31444a82e6faf43a67d5bc5d4a5,6,0x032b46f7ceb19c320aaa18f36d3c1dea2e289e9debeaf738d2f96084b93dcf94cd,0x042b46f7ceb19c320aaa18f36d3c1dea2e289e9debeaf738d2f96084b93dcf94cda5e7f60cd257bcc378e7409adc49604abd8424fb1e6bb72969d84ff299668205,0x5353ec95eeb34d2cf0dbfbaa0c2c5c2448ebc850a4b11f432d7cb3844eeed10c,ok
0x9a42d11c654207c729a1431e23dcc67611651acf,6,0x0313a86e00e07cc6e0509db9d1a891e2eae777935921e94c77c7a439c114480e38,0x0413a86e00e07cc6e0509db9d1a891e2eae777935921e94c77c7a439c114480e38e71af4e849ef4d85b76bcea1f68a78664647afaa2231c83e9c9bc10ae5877887,0x36562adc38e9fc41625aad948482f99e165cd2384a3c782732fa8f3457000e66,ok
0xb3b873b45b002d19149acd69a2dbe19aeb7de0af,6,0x024b7fa23c6a4b0f15620649645c89bd89ba40883dc16cd8db53db08e2bedea1af,0x044b7fa23c6a4b0f15620649645c89bd89ba40883dc16cd8db53db08e2bedea1afecfe66f9320717ee9984f58d82295dff00d3da5f609b423c5bbc013c20f55ed0,0xf1e28b3fb2a6479b394a1d2a5529275f01c0bfe7bf10e59585eb1b53d7006af3,ok
0x28e9eb009ba89740ddab3d7545f25d3fefc77242,6,0x03eecf99bde35cd31573e7ba2239f45f5ccffddd6956e971750dce0dc5e71294b8,0x04eecf99bde35cd31573e7ba2239f45f5ccffddd6956e971750dce0dc5e71294b888753dc351689d044ee5e1fce6b02bd4d0e24adf08a63a4e661d63488d2b667d,0xcd5656dc069b7bf582bcca63f3dbff71ebe5f6bbf0fb5b3473900f718d9509db,ok
0x954ed86b5c304d7ba760802b70f0d807f4a8d3f7,6,0x02d296d085a25979ad5c21891c83d51b799ab46988c160e61b3859d5a740db8b02,0x04d296d085a25979ad5c21891c83d51b799ab46988c160e61b3859d5a740db8b026a8399a8a665811d33ccdd2a52c9924c3feadfa11b2354718f42eb108ffc6576,0x93e82d729474d224528cf60bef90e840af3a5a05b391c173c66648f53051ff38,ok
0x6d29803c2acddc6b9b1ff44b2226ffd70817d276,6,0x0396e4ee7265b956b55023ad54b646232caae84f7759784cde92a9c9843fd1ea03,0x0496e4ee7265b956b55023ad54b646232caae84f7759784cde92a9c9843fd1ea034b6df7afedbb45b8a91c01acdeaccee0a8dfefd563ca539f3ba7a86ca61e96cd,0xa46d25b8c89bcc8b9a51ec7ab76c9020aa7fe34f0e7453b06d114dae44a70d2f,ok
0xce2a22b4b52fc18e4343cc075e9fd8e6c438286f,5,0x02c0ebbd9120af815f813098792788e3427655b49701b7a0ad3efd51163ae81f00,0x04c0ebbd9120af815f813098792788e3427655b49701b7a0ad3efd51163ae81f00b041742a5564ee51ad05a13321cde90267eb2c117ec08c129e7ebee40f76eeb0,0x4c9a34cbf3b3ddcf74b1753e92582e001c534b688e9729d20fc10b2f59c49953,ok
0x2d76d141eb8456ee18f49f48287fdd357162c5aa,5,0x03e9d6055b24d7fc23a7a21cf52993fb399d38f865860fda12204ea55c4e47b52f,0x04e9d6055b24d7fc23a7a21cf52993fb399d38f865860fda12204ea55c4e47b52f3d655415f26e171b387695d71c6b8b828731d96cbd279c65cdc6163009e3d6d1,0x414331e13f78213ddb27670c3871def709a56511511463d8a0655d25a981e5ac,ok
0xb7159f2a8380c8c84a6664916b59b1588670e6ec,5,0x02b66746a1bfaef9684af26c62dc210fef12ce5a457e1d8d45cc68bab0e6966f43,0x04b66746a1bfaef9684af26c62dc210fef12ce5a457e1d8d45cc68bab0e6966f431b797d0eb1d5af2cc3b41a63526442fa134a087ce5bb78737b9bf353725f070e,0x6fa888938b71c8a48d354de5ac99ef8af72a1a678e5cb59f339b3ab2be01d9bb,ok
0xffb7000ba44cbd619be0527136b4fd002ccd5292,5,0x035f861d52ced086b5e58133c899825b6e272ec22c68f62c7c8b7776001a9f5052,0x045f861d52ced086b5e58133c899825b6e272ec22c68f62c7c8b7776001a9f50526716d8fad6328e81c6749e238d8c50e7f67c73971a11f3a1f6e56ce55495ae9d,0xeed31b4fc3301bccb7a9c8b24c1ece52e3089a044de31df4a70794848ea3f582,ok
0xf7fe024f8c4069f4003e3f452ebb6da04fbe656c,5,0x02f8fd907e39eef3e05a689747ab4e70ee0b786e96b6f295271f67afba6f5b412b,0x04f8fd907e39eef3e05a689747ab4e70ee0b786e96b6f295271f67afba6f5b412b1890df83c4cc3d4bab51f7f1e5a5667aaa034bb4540b113e86cb348cad54838a,0x310c7dad794950463f1a90d63506ede4ac927bd050d46b290756fedae7f3ed5d,ok
0x0477463312558bbfc34323a33bd838c278898cba,5,0x032ca1e096de198dfc41f6c931960c1140083d78ebabc6bd847ccece7387812fe4,0x042ca1e096de198dfc41f6c931960c1140083d78ebabc6bd847ccece7387812fe4bb6acb198e60473a51eeb69c383f06d0d63c50c79ddb1e1a1dec8ffbfdab4ccd,0xd7e6c9a4162a474a2b2eaf9de2a32f456e74b47129d0e74137c7e6606a2318f7,ok
0xbd8c79740bf625f5054e86a2ce4e73879382f923,5,,,,contract
0xd12258a19168f9383eabbe3d2a61dda3cb0088d4,5,0x0274b328c5ed8cc24afa6b8a0f52ae15dbdc9ca4c131b7c095df64d3dbaaa1beed,0x0474b328c5ed8cc24afa6b8a0f52ae15dbdc9ca4c131b7c095df64d3dbaaa1beedd555b941dc3acaa2a7caf561911db245c6fbd539cec4c8fb78665f7de9b4c3f2,0x8e82427a142887c14df0efee824b0602e83b4da1a92adb1623dbd31e60e02d7a,ok
0x092b8a56946f993896f300e6302a84c04b8e7781,5,0x03a4c60781ff740bbbec24c1601f05eb8531f5d8b2ee913e62d34703d9bea4d840,0x04a4c60781ff740bbbec24c1601f05eb8531f5d8b2ee913e62d34703d9bea4d840ef6490acc8c1806a3f330f544c45e0e91810ad77012505baf1ce5bd70b2a21c3,0x4322224a7dce343e33c91f6467a8d23834f38a8d94d965ff6cb3d52f8b03f688,ok
0xf7da35b4c01ca338d44dba3a88b50d642de0f319,5,0x02627bfb4a40052fe42f492936f7b7de22d754512e4aa09682fd8200053eee4b37,0x04627bfb4a40052fe42f492936f7b7de22d754512e4aa09682fd8200053eee4b37d6aff80e49ffa14e33c189c6532d87ce12c943aeb03e8151b5275913431235ea,0x68bc62b97d40a31ae1652b6a00ab41bca66732f3fda341fdd01b7054f5877afa,ok
0x19c3a650e519da6d0c6b9565b2537ea9cba7be72,5,0x02cb9e0ab901feeba12a917b282ee9eaa5573db3228b69e08eae4fff3172861fa2,0x04cb9e0ab901feeba12a917b282ee9eaa5573db3228b69e08eae4fff3172861fa2ddcbd950dc95c5960eb70e844b80c7aa5dd1de59c80fc4d7e7db9591910c12e6,0xc7e7709def9c3380e27da109405856c9017a64a3cabeb4738a7518ad21533894,ok
0xbd50fb86bc870b5d76b3b10ebd9df77ae247e21c,5,0x021ce5f1297505af7d409dd00a6ff9736ff267a9a2c41ea4adc58f8c21f23f8991,0x041ce5f1297505af7d409dd00a6ff9736ff267a9a2c41ea4adc58f8c21f23f899195668dbc329b9ac6e73debb613bd7b786caab4ccc5e177794067cf24bf55e6c6,0xd5bd2f1398b2c1d61bf034a9cdeccede582cbac86fcca317865b3f0ae9cb449d,ok
0x31ec61c0fd16d3c7a0479eedb900d2898460716f,5,0x02989caf70b99a5b732cb01014d5e8380215187e29ed6f5dd2f7c1c809b6def493,0x04989caf70b99a5b732cb01014d5e8380215187e29ed6f5dd2f7c1c809b6def493f4bdbd8086768affd588c8f5cf9239063017c558a4a531c5e6cfe22f384223e4,0xee5dc46b6450b3efa840b893e168306510e78b2ef4fb931098be4a9137d0b0ba,ok
0x4f764a08c66251e13bdd85b4bb0652b739736328,5,,,,contract
0xd7492ae646cb1cd1b57f57fb6dc88446586b1186,5,,,,contract
0x2e9ec84be79701e2355624df15eb2c76c04a636f,5,0x0286966682e68298a82f3a2f60a486e8fd8b097895682a2afc03c0e7a12c7730c3,0x0486966682e68298a82f3a2f60a486e8fd8b097895682a2afc03c0e7a12c7730c3d4df5db6bcaaff8a52e5fb5519bd61a29d08707f8baf0ac434d8d970253407f0,0xc08f4cbd225e413e1c805b053916c670bf56fe16a98f3531166c02fb063b7733,ok
0x7900305835bf7384db76190d5d3b0bba33d97fc0,5,0x030ba61e493be9924a531d2ca16ad405d333aa9d36e18d3f0c87a767772942c503,0x040ba61e493be9924a531d2ca16ad405d333aa9d36e18d3f0c87a767772942c5034204a8ba1b1bca8bf9904be9998134e243c667065b61a03f3517c52ee1390d67,0xd69f75600aa4b37fb413036259ec0dbbfe244f258398c90b7f073ca3f13ad924,ok
0xd1785136d0f049a037d4c6e14836ec92f8ade29d,5,0x021c73caec72e85a69f92960f49cb863b3561a28cc27814a6ced0200246be22ee6,0x041c73caec72e85a69f92960f49cb863b3561a28cc27814a6ced0200246be22ee65f47b5d5039cd3afd80a927e5475b4b9fd61f3880eaaa65ec06879b0774ece52,0x2c3f0dc66887cc9fea943fea00e87cd35da6366ff52af156d7c0970210270efd,ok
0x5ce574a747cb8a6ef14311cf19eb22fa0c58226b,5,0x02f47d3357ee83812725339513440f99f5df67556b83b1334c5eacbf9937a91792,0x04f47d3357ee83812725339513440f99f5df67556b83b1334c5eacbf9937a917929fdf45c41620dcd406c9c00657b01fe5fbc4ee0905e3631ef375ec0f86e0207a,0x559c03a47c1fa37bfa0395064334ce841e9b966bdcd7b84ffd38d1bfbf6ed131,ok
0x49f5ac8dace13d75bf08e57168d8bbd4d7dbc0c6,5,0x03dcefd1fad613d03e0c9031b749ec147713ae84b39f85532aae9a3488644d4199,0x04dcefd1fad613d03e0c9031b749ec147713ae84b39f85532aae9a3488644d419995d94e1325f41c33c8f992ca2e7d806cd9601c64a9a9ff62e57d7374a46fc829,0x7e91da67c041ced8385de1d3bd1b00b1f4242200d8dc1e65889a045c32239ab8,ok
0x5ae0b622d18491e4d121b7491dfb91013e9208fc,5,0x0249544b4285a35d28560a613326f30ca07cb451e44cad439ca2b00db7b0e684fa,0x0449544b4285a35d28560a613326f30ca07cb451e44cad439ca2b00db7b0e684fa39011908ef3e56442bb3e971699f56e917d4188a55cd06fd09bff70d57cb4144,0x0167a9db895268ab2055e30f17209858a03b65e2bd94aaab88038fc397d093e6,ok
0x59510c1c5a5b9db77c3755692291b892bf342d1e,5,0x0395182335a54c8b698e167166a537e2e92b2d96f50113339017a598d72de31480,0x0495182335a54c8b698e167166a537e2e92b2d96f50113339017a598d72de3148028f5dc378d41dbce946fdb6772681b414b405a1715690f0b7d236f5272d95121,0x1ead2a5cdc3d84fd51280ea37ac8c8738cbe50dc5405e30bbe6a46983cc9699f,ok
0x93e886c1fe12627bb02c111e9529a6698be72d64,5,0x0207f3c7c6520a5ad2be73d8fc5f3092a70f1254d367f9e2bf64cddc45bf96b61a,0x0407f3c7c6520a5ad2be73d8fc5f3092a70f1254d367f9e2bf64cddc45bf96b61a058b336f685b205681fe8465d5ae5900b33b284d0343e364b437b38b22a09b8a,0xf248a889aeacde041adefabf2c7047ac13eff1425c607d5199ec6a66c3e01a53,ok
0xa87a421b6830b92d27eab323b3a2aaa571e5c4ff,5,0x030246cafc8558488088a9bc5a64237a6be57504ee05a99ad9c73c0b9a8126f3be,0x040246cafc8558488088a9bc5a64237a6be57504ee05a99ad9c73c0b9a8126f3be375567f6f8f9e91015f5d1d021294a54e9418629666ddeb6ae9c229d8fbad187,0xc45c7fb6e10378365f32fb844efd6d2d6845bca94ca301911e99828099cac343,ok
0x546f236713ffba75c81ebf3ca3d8e77ef81be125,5,0x03d1ee3d0d506135c931d82109404f1f3d322432e11aaa08ead7d6340d3d7a4f9e,0x04d1ee3d0d506135c931d82109404f1f3d322432e11aaa08ead7d6340d3d7a4f9e509a229e4a6567fda820ab37150a85fbe0a193a76592247b60cd21b8328cd32b,0x9d310c709bb17a44b49bbae1c31dfd6ae921625c75e5b1f280f067e946483511,ok
0x997f4ec4a5c88db4736b95c692f27d5822f198e6,5,0x03935e100afcef39e01fdc57c8ca925eb232ad88e202d3afb2d30888c7d0421082,0x04935e100afcef39e01fdc57c8ca925eb232ad88e202d3afb2d30888c7d0421082ed5f520445c244765bf8a19c461fa7161edb94b817280a35c26662e98ad1f571,0x2a9677ad64766999524d10f43c7967146af546f0ba66f1c6db3f1c5a1e09610d,ok
0x4e0ad2dd94ae7447a24e824c46061dbe983e0a1f,5,0x02d27a067d60d8d1f568b752f1eb8464850ad9640a6fabfa19c8eb9a040622632c,0x04d27a067d60d8d1f568b752f1eb8464850ad9640a6fabfa19c8eb9a040622632c3eb23a142e1c1273a5a7d45a0f1010aaf8d6694a7436d2baa8a9bbcb280829ee,0xc01c73031c511242cc9eeabfc601e427e99cf0d7123f203fd40b8a3b9684e46f,ok
0x27073cd0d709d89c391af9767595d91c78ed43a7,5,0x0356b8c4efa4fb9a02dc3f190acf72384a98d41277ca3ebeb40e977e677ffaa125,0x0456b8c4efa4fb9a02dc3f190acf72384a98d41277ca3ebeb40e977e677ffaa125dc43bd5f17d7e23c443e67c0eee2a3ca0581059b4cdbb2b9aecaf1b46a1d2923,0x349d5cfafe7e2b4d648cc49de871a01ee4a9f0d34969174857c967582b5af4f7,ok
0xf288b48050a4317941b69c4d7716263fbbe4265d,5,0x0297caba4d8b4ef403afa6af5401518b68ffcea481bec7823f3085d4f9f5893574,0x0497caba4d8b4ef403afa6af5401518b68ffcea481bec7823f3085d4f9f5893574a6ce31e942bdab5c0ad390e21b1ecbb373741c9bcc1fbb221ad9d12aa712479e,0x86784a31fbe4bbb9d10fa96afbe06d41176f70a20201ed8b0d508137c8daf25c,ok
0x542895af4ec50cd2a659648d9918b60de0dce01c,5,0x03bfe9fb130277a0f2d3ee7b05edb283f1c48c9bf6d74dbfc2c8a8cde0e44cf9c9,0x04bfe9fb130277a0f2d3ee7b05edb283f1c48c9bf6d74dbfc2c8a8cde0e44cf9c9a1a7c3a1b4f81c8989b5519b57b76513146685db24beccbcb193739bf79bc9e1,0x33510e0df569566e00011fc4c00dae93cf44c7c1c46c634ab65cfb98bf95fe79,ok
0xf8b4b932305f196f34d63cd05d7376a258f22666,5,0x0270dc05888799e02bc2d0ea828b54aeba22edfef43e05f6daaf54d3794c42452c,0x0470dc05888799e02bc2d0ea828b54aeba22edfef43e05f6daaf54d3794c42452ccf743854db621abde01dfee7ee1f6079bc36ed796981c2ccdd9ea88ef2542e46,0x6ab649834c89d2380f24e560ebd1fada566b7ec266c0b687421390f76495d551,ok
0x294ae4c4007b3a109b108ed0133648a73d3b8b1c,5,0x03ebf24fd0135683bb83cdfe0e0d32b5538a128755258055b0da1acdeb083c8bce,0x04ebf24fd0135683bb83cdfe0e0d32b5538a128755258055b0da1acdeb083c8bcea5d55fd6aa3d69f4ed61a0a54fb213fbfd9578b2bb21a0b60b147e70099f75bb,0xbccfb36b0ae3cc6c4de198ec1fc7ce2bead67d2d504df787edbce86cf0aaaae5,ok
0x3c0147890b88e3e87b42deeb3f8d646c50be0db5,5,0x03a43d02010cbf764cd0ab6678a87bbc6a09e51f48dab16cd4b9ccac4a22d92777,0x04a43d02010cbf764cd0ab6678a87bbc6a09e51f48dab16cd4b9ccac4a22d92777403e076abab18f8c7a5ef2e1e5a46bb97df787b747f04ed10180441475f243ed,0xbe3b6f7c26608a3f747bce2cb9b9b0ebaf5e15afcd5ac275eb1b48fd13e52803,ok
0x33ba3aa6ebf9b8f69142f6251a66819899f46cb3,5,0x03440d8ae6816fde82ff90559d6cfdc6c56a1dca8d3b2ac91fcb7189f95730ba52,0x04440d8ae6816fde82ff90559d6cfdc6c56a1dca8d3b2ac91fcb7189f95730ba52ee604854092f31dc3d5a47642929c8ffdf1d1a1df14b9032f6284bce3e7833af,0x1e3e73e4c65b6de550719aabafae6c1b87f3a6f5988c61548b06ec7df4f09897,ok
0x1ece09b936922ca9c98657433744dc8411f3a497,5,0x03867fa86f583f0aaf9b5ccb66328b4cc80e535d74f6784f1956814a7ed1231386,0x04867fa86f583f0aaf9b5ccb66328b4cc80e535d74f6784f1956814a7ed123138642a3e8c69353860edb9c02e12dbf2c24a385039508347e354d6f73a9fc7de4f9,0xe92243ed98894d5f30496d61cb9d0a9dfb0950228360fa631008e2e6435075fe,ok
0x00c432be312c7326b983c19760d07bc76b9bc68f,5,0x038e3228ae42c11909d8a1b95177dbc569b2fdd0cd720a785a3b1e9ff62431105a,0x048e3228ae42c11909d8a1b95177dbc569b2fdd0cd720a785a3b1e9ff62431105a682d522527cb17c6e572c7d6211e421bda145a44ceab06069102430886509033,0x52df0f2748bf3b79f4e9e193c196c83c8bae55ddccdcb9f7c562e05853fe847e,ok
0xaf7c1f5faf53b58e333d28af3b548273c534d6dd,5,0x033e01a43def43f0f26ad5ed7851a47c11e6eec4af01c8ddf39a06c6b4c66f209f,0x043e01a43def43f0f26ad5ed7851a47c11e6eec4af01c8ddf39a06c6b4c66f209fa33bc54bd2c15d7240d8afcd0482f1018696819b6e4520df39eacfc88c0a6b6b,0x8d09f5dbe6ecf3aa6ef0c787c6b826d9d33d376aadbaa1eb69267059d8a99866,ok
0x6f68bbe0f66095e20d6c9bd1e70e2855db7da9c0,5,0x022dd3157b05d85b24a1aa120933d798c55be80d086f8fc0169ac7af6aa87abb34,0x042dd3157b05d85b24a1aa120933d798c55be80d086f8fc0169ac7af6aa87abb3419192166d7f8bdbc1aefcd8cc5918b78765f8cabf1ca2c5575f7e90b3e69f130,0xcae1d764eb5fffb843d11fd201618b193d2ecd96bd2dae5d5f592ba3893a1144,ok
0xf05e8e7f299b2e3c12e629d214334fb63b6c3896,5,0x02c8649ed78849df33d90266b7846b402ab6f803c8c36d947b88614171cbdb7e65,0x04c8649ed78849df33d90266b7846b402ab6f803c8c36d947b88614171cbdb7e654ab646b53e9bf5cdbbd01ea289b4dbabd72b11d8dfd14f90dfdf75140d7e1778,0xeae08fbf684e64b35ee2634e66b7a9f54c1b509b2b2c314500b191839fbde9b6,ok
0x8667b6ebfeb87e697571870f85a06b7fb9146be9,5,0x03fb68b3fe140eef1eaa5efc61fa73c195bf1afcbb80261757b8c04993431ef56e,0x04fb68b3fe140eef1eaa5efc61fa73c195bf1afcbb80261757b8c04993431ef56e6478dd1a5b6a0a21280d2e27288b5f5698acfdc077dc8f774f67316dbe52d531,0x7ae258c96744f25b089295a35be553b138285a0897643c4e51f977a4b00073ee,ok
0x107bd02dcb7bf79b679e1d0ce5e2b871ced1db51,5,0x0266748fdf054ac3b5d3ffd55ec97471f00ff7c35411ca434384838e04e37e682d,0x0466748fdf054ac3b5d3ffd55ec97471f00ff7c35411ca434384838e04e37e682de52bd70d4383c526f59975c86922981a83f15c0e40823859b483fde4c74630be,0xdd3ceb70760595f2d781246d27409b40733909bdd19b6edfeb04f6993da914b3,ok
0x71d4e450fa22009ae1e09b7e91bab1e3551dc1ec,5,0x02d6589b80065469e7d3c972465ce0e228391aacbeb51ef7619fb240d888063b70,0x04d6589b80065469e7d3c972465ce0e228391aacbeb51ef7619fb240d888063b70d005b8d0bb1f4ee6dd4b00d73e57f41bf79af4e0922e78e106ec405131d85a98,0x21040f4fb74f5b3fa550356664839330f13cfa5facb93841fa669f5bf6e03968,ok
0x5488d9881cbbf84ee0a53c9874c6b0a6e6758a28,5,0x023b289a4ac8878e90609da3d2cda41fe2b9a41c1797ecbb5ffe123bc9f5e3184a,0x043b289a4ac8878e90609da3d2cda41fe2b9a41c1797ecbb5ffe123bc9f5e3184a7891f9b6e761d1ed9d05009cff4cc4c3f2d585a630ec5eb081c349c19ee0c238,0xe23e4fbfd83cce4cb73fe05e0e695e8b24cd85e11c9790e6e516192304c52c1d,ok
0xeb8403366443ff0ec62c93ed88cb12fb01d4be76,5,0x03205eeff0146f5896f2fe07a653bc8f91fcc89c872ee8d9aefa4a5832205e1103,0x04205eeff0146f5896f2fe07a653bc8f91fcc89c872ee8d9aefa4a5832205e110391f243aa1a80a12b6c82f97c454a8abd853e874d89588f55ab7ff279d951ce63,0x25a6cb1f49ca3ea1101dfd5f0f7a5a10904403c716778626ba93c14e903c14c0,ok
0x8b60e4c0f7089d2a3e85b6132216bd14233973f0,5,0x03780edf08e9f2e697d051435781ff505e1ccf648a22ba8280a406a28e23bb4c1e,0x04780edf08e9f2e697d051435781ff505e1ccf648a22ba8280a406a28e23bb4c1e506dd4accf717238a9c639dc1bcaf383aa3158af7e2c99d04639984dbb1cedbd,0xd170a75df9726fd8c2105d67176fe3d9d50926b2d39af9a3fdb87fb37fd34bf8,ok
0xbf746bdc7b7386d989ce254884d50465efacabd3,5,0x03e95a550459ee635efbac0564ee79cdd71c24993c4f9cc0e0849f9762e554f620,0x04e95a550459ee635efbac0564ee79cdd71c24993c4f9cc0e0849f9762e554f620ee7896b9c59f302714d729241e17a0312dd637344f32fdd9b0e1b4f2027b1e9b,0xd8f8c9cf64c047f55efd971158aa51d7e5fec58141067cb77eeb0df295a8b6c3,ok
0x18b2b4dc29fc2242887470cfaa4b3a1adc437d8f,5,0x0349d49ab036b03b97e1179b03d19c0b9550a69198edaab5b067a6665014f349d1,0x0449d49ab036b03b97e1179b03d19c0b9550a69198edaab5b067a6665014f349d15fabddbfe422794622ccff10d8ec58ec2d99c474a6ddcacf00b8fd3563d26c4f,0xce7608be08fb111a98e9f9657d8d0e543d01571908e278c0c0ab8b080abe7398,ok
0x74c9bab3669fbc5fe5c5f4475ab600bb7f11c47e,5,0x02a0d82bfc7141c16df45ac038474a756c195b196d00bf5879383e935df5369770,0x04a0d82bfc7141c16df45ac038474a756c195b196d00bf5879383e935df53697706646b6d6e048931b9616de7ed4a4540a67f0c9488a4173c5d945ae7460362a1e,0xf35836182577099f400b96d4d37c6d3b67394f346e9c174e02f5a36040a5f2f8,ok
0x8820807256c96b0938ba7e26720a4f53411bcaf0,5,0x024f193bcec5decbc29ad52889b7caa824631730766ed736e4f3443ca93a6c5cd1,0x044f193bcec5decbc29ad52889b7caa824631730766ed736e4f3443ca93a6c5cd199b22f8fc70a433c73e8d1055c295c2a6d0d3ee24594c523d4eaa4b1acbe087c,0x987c503b91e88b10fc99ccc858c70ca4e40e20f69e14d67ebc55258b25454775,ok
0x3c07fd7df33dc84056e54262156d1dfa6c440a9f,5,0x02df1bf69ac594e52a2ef3bddb5d5f4d34d7822064ead873bd2df455628f3b25ad,0x04df1bf69ac594e52a2ef3bddb5d5f4d34d7822064ead873bd2df455628f3b25ad635dddef453df8f8819735a7cc85a52fbc8cc3bafc954cf2d956ca3efb507f60,0x0c118fed54e64841a199817c61ac40cc505ad7105ece9fff649db996e4c3824a,ok
0xbdfd36a3f70861de3f4de16d0f87c6e92451b7b0,5,0x035e5819b9c941c23238709c030d1b83b3d9a445d79cc775df728a287a3a29b106,0x045e5819b9c941c23238709c030d1b83b3d9a445d79cc775df728a287a3a29b106bd148e6e077d33e6175473ee71685fbafded764dd61647fd8f4037cdc6b5d97d,0x65807414ac9e420ae4e7bd92cc98f2c7006914be4d26ee584b1d9e1cfae65a67,ok
0x355185e3eafff8fcfce0421c560303b706c8cf68,5,0x02f66afc360fbf8578a515efaf51ddc1e45ac9a0382a7ed30fe2db36ad7e63e1b0,0x04f66afc360fbf8578a515efaf51ddc1e45ac9a0382a7ed30fe2db36ad7e63e1b0e4087806c8870b8b67b49809501eef8b80e9ead6fe8a267b5067288419661992,0xd4878f41f2a395e128510f0628415ce776f5836957317810a93140938b3d435f,ok
0x10b6d83b1acca229c93bdfb6d5363960576d0795,5,0x039765164fa81318e192773ff52d263cddb3c2c8c2f288b4bff4f4d7d6f817b9e8,0x049765164fa81318e192773ff52d263cddb3c2c8c2f288b4bff4f4d7d6f817b9e8637cbec513f3e189a8f732c350588e3f0a54cf0ece24b2925e62b49114d8f181,0x9794a5adfabfd1b9e8a454ef82424c1e2a43cbb8244f45f9700e0cc3e648ab59,ok
0x40f0b23a24071f5f44b363deafcf3c6cbcea0946,5,0x034d645de42788bfc9bf1dc80b84db60e663a7a5c65d82caabe77f4d9bfa56539c,0x044d645de42788bfc9bf1dc80b84db60e663a7a5c65d82caabe77f4d9bfa56539c24abe1fb73fa175a3245b96c46b2d6f89be8d90448eaf95b629192aca9579a7d,0x31edcfca99dabe38509cba21dad49e926d0d157c1846635f406a02ebf188c909,ok
0xf5d4a3b9fb77d1d5600a10e0e1c4efd12f9be751,5,0x0360a7be7cb35042ab4a57bee780e86f286d9e4d3da8f7bbe42623e5d94b4891a2,0x0460a7be7cb35042ab4a57bee780e86f286d9e4d3da8f7bbe42623e5d94b4891a2a65121ab390a71a60305cbf82c00e1b974bbd84733ee107807fc548226d8c817,0x0dece8209f26d8d941b34a4415adc08d65af25193cabde556a9b7961e1544f3d,ok
0xa4c8bb4658bc44bac430699c8b7b13dab28e0f4e,5,0x02e1e57c63f2be558e9937f795f9f17519975d2522a0148ffa28455ec52d21483d,0x04e1e57c63f2be558e9937f795f9f17519975d2522a0148ffa28455ec52d21483dace1018e8bc319e79c1f63dcfb3ec1f4d1cb62a41dcb376596b4e76adb1e5844,0x57720e20658e5a531e9ae4ae4ed4fb7b485fdba50a54350ba80934b2dc2fffd0,ok
0x972f8495f12a9d70785c34ca836e995067994d7e,5,0x02ceec9cd8fb3b283d714d94699e93687230ab5d92e27eefc071939f2567601345,0x04ceec9cd8fb3b283d714d94699e93687230ab5d92e27eefc071939f25676013456df69d3ff256613c3ca8e61ca2187fa67835d20b0195b9438806128857e28e60,0x9caa42639c1be5316d88e5d71ab2865ba40bffbbd80dbd9ce7c1701c176588f5,ok
0x7c6553933a471b43ce3a76a02245c5162c82522c,5,0x030b89e45fc7881d9a5db8f3e04b9dcd881516f8feceee6db4ee7be4101b1c6f9c,0x040b89e45fc7881d9a5db8f3e04b9dcd881516f8feceee6db4ee7be4101b1c6f9c61e24242af57bef000a1a35fc7b1c58a84a4930fd3fdd2d9a05463f40c96ac93,0x48dbf0b655ccfda7f5b39f67fc78d3bfe66e8eff57cfd893a0019d394d3ef723,ok
0xf7a4e695d5b0486a0c03ba0490ad9ed8bf79e9cd,5,0x0372e7b3b441719a444fec035d8b6f3a3d9f451ca47b642c5beed1453d9e0429f1,0x0472e7b3b441719a444fec035d8b6f3a3d9f451ca47b642c5beed1453d9e0429f11d65c1458ae08ea233acdf61af744154b3523720bf5fb7696a2a4047803ca56d,0xde3d33ceb20754b1d3caa03439b020418cf0c2f8856e80af9c611f40f928f72f,ok
0x7a005d77d8ca59bb2c9fbf5792d57b29d1114d89,5,0x034f15f51ca69077c6497b4b2857b8d67ced27d55b5b9b882ebb5796a18380e63d,0x044f15f51ca69077c6497b4b2857b8d67ced27d55b5b9b882ebb5796a18380e63d6c179cca7f6e8ba763797c1dc32452dc4a3275f4e33e497ef02a3c050d7d0e43,0xade6ab021a1ac1a0b8559db6a60ce47da4697ae7ff489fecc1cc800e6e0fa39b,ok
0xb630cb13adb127ae4ad667976f20f449225d1e8b,5,,,,contract
0x9074d355fdad4288d95825474ccc754cf3cb616c,5,0x03eb90b691319844613190d462bfcd5d9a62621267e330c8fa37342df1968e375f,0x04eb90b691319844613190d462bfcd5d9a62621267e330c8fa37342df1968e375fa1f4b8e90a533a70b8f865d466d816912e38c88bd3302cd19f093b01ffd33a49,0xb0057fcc74a05031bf2ba9fccc98d1a73cb059b75e3d037d500376a4478550a7,ok
0x5d931c7560122b2e657d189ccc20cbac6fc80ff8,5,0x03713c33841574bcf6a8226730742a4d80c6bf06c6af2c34bd535dd9fbef242fda,0x04713c33841574bcf6a8226730742a4d80c6bf06c6af2c34bd535dd9fbef242fda0caace1703cedb40622579524959d90006069f3be0c62b50d4847c8c52dc76bd,0x4850993b1169847f66e796ee2f7fdede18f111db4aa817206e8037034282d7a9,ok
0x23f94c9b10ac61b257c0b1e0bb34b240c4b917b1,5,0x0208d1b70597000532fcb8c4a5d56b87aaa9f69e1376d35928c6894a30b7abf384,0x0408d1b70597000532fcb8c4a5d56b87aaa9f69e1376d35928c6894a30b7abf3847b5fadeb672b9889e1472680dfde048b4c9ea94b6c2c47157542087a7753fc76,0x2226a93b06efda2b106b917f95afebe39ffbd3b565ac1a073ea100b0b7328155,ok
0xf76b78ff77c51f2ce37631c60082966cf86818e2,5,,,,contract
0x27604f8977476d56011b3daba5b4aaabda98a413,5,0x03a6cefc1b1b7e74cad931139faad0372354a8e6da1be327e4c5429b77b9bc1e33,0x04a6cefc1b1b7e74cad931139faad0372354a8e6da1be327e4c5429b77b9bc1e33a3319dbcf6b86930bb261c652f4dc9bd08eb459b4ab9d1ae971d1418306ead6d,0xca91d0edf5b22dfe1d3685f541bd8c51ea19e05382cbd4b902f23d687c443340,ok
0x2ddc237af7b1472aabe73cf6278a6f89226684ec,5,0x0374915438d9cc01239d9c4bd66b5dac8b1ec1081faf7a350e733c5bd35e7aee12,0x0474915438d9cc01239d9c4bd66b5dac8b1ec1081faf7a350e733c5bd35e7aee12e0a0c2553fdae2148d64297d3202bfd0889e1cfbda93fda88fbe5fbcbcdb6d47,0xc6f3f321578d8a8825a143c9bdc96ad6cf6d76ae570a1ecfe1a35663919aedde,ok
0xffcf112e3164b88c19a111021e34fc9ddb1690e1,5,0x02c87dc6dc21f7606b5f6e0c3f205ee02fa0d674d49397e04ce4108451092eece6,0x04c87dc6dc21f7606b5f6e0c3f205ee02fa0d674d49397e04ce4108451092eece6830eb3226247efaf1cbcc511311ae88440b33f3ede5e32a61fdf53975a567180,0x155487f38b8da7bf0f53a6febb770af6b0835402a7a13d730477fa6a93e004d1,ok
0x3f6a881cc8aab6b200d14b84e16af1ff1efe4b0a,5,0x031d2e16e10ef45fe7e260ee02bbb0a2ae8940307a34eb9922927cdc7008bad91d,0x041d2e16e10ef45fe7e260ee02bbb0a2ae8940307a34eb9922927cdc7008bad91de505bb9fa2d84bf3cc71bcf409f0f69ed4d61892d915a6ca88a6c80e69051237,0x5f4c03f890a6f270fc3000cda057edf6dc6d10b9cdc89796d253661759e9df11,ok
0x83074bbcb13a6f5d22402b7d2dbff64e89a3cf25,5,0x02caaee73d41922a7b5bc10c2e0a6bc4f18fd3bb607529f4e6de37e522e7445b56,0x04caaee73d41922a7b5bc10c2e0a6bc4f18fd3bb607529f4e6de37e522e7445b5684ac6d78490119e2e3c1b40ebefd540608f7a1a9168c8d855fd6e433fb6153ba,0x6739414bacc6a1904f6454ab8d2fedc2f6c35b2ee0cf5d84ef1088f9fb530016,ok
0xccc600f36682c5c963cadd04802a8996c380d1c8,5,0x021cd8e81ec69377040e9e326627f6831dbb90e16443434c656a5cc466099c18e6,0x041cd8e81ec69377040e9e326627f6831dbb90e16443434c656a5cc466099c18e636f9dc6b834541a8e86f94a12e2aeb38e7140081b3ce744afb737adc96003262,0x35115cc29d9b049c465397997cfcea162c12cc0612821eecd3bccfda061f802a,ok
0xeec3c0081c941001a59d3ef01b124d794a20db3f,5,0x02f1d351ebed0ec837f1bd6fb6e1ce8511a0118c04baaedf593d74aa9cfb519a40,0x04f1d351ebed0ec837f1bd6fb6e1ce8511a0118c04baaedf593d74aa9cfb519a40ae0f94bd646cc398ec07707ac0a0da2a76c42ffb52dc5b356efcd5255d8d1748,0x6b487c8b9b45b624c44a613fd6d9d380269fc6f17cbbc51e065b37af1dcb72ce,ok
0x3833197d48c697455eec36d82e9917c9cc8d0c55,4,0x023d9ab7a53ec16fc4a0ce403b4fdd424fa194479e12fc4909035f078a7b1a6dd6,0x043d9ab7a53ec16fc4a0ce403b4fdd424fa194479e12fc4909035f078a7b1a6dd662ecafebb970b77e85541494ab580665e378067bde27841a57a4ce217db5dc14,0x1e48f34cbcc8df2148dca5708d9b01400a4a1445a110a5ef6978a25a83d46b7b,ok
0x0372082fb4022bb6d23dab9612afaa6f6a88ca87,4,0x0341d3e671fe6a950e37f499a5ea5805a4779e04a1588c534c10546ce6aa687e24,0x0441d3e671fe6a950e37f499a5ea5805a4779e04a1588c534c10546ce6aa687e24f53e1b449f6b417824102add6224ed124a538cd1c7191fda3e0d7f896eea4a3f,0x460f8f24bc6e808edbfe0062a4c7f52ae21c7854402576e2e3d25d2153ea6634,ok
0x6bc29c5d17976959cc7a38bca2ead5f15110dd99,4,0x036b0bcc9b4f7ed619de5aa778ecd8010354368c30337c890b9b22bc6b002e5117,0x046b0bcc9b4f7ed619de5aa778ecd8010354368c30337c890b9b22bc6b002e5117a37068644a57aa40de53c0376b0c7fbd2672352a80ac0b6ca6ceaec8fc890385,0x9f09e6dadffce38b40da90cfaa0a8c657e5fac7b42374f65dffa233d642513d5,ok
0x616d44878c745ebccdfeb759305564b232c1431a,4,0x0299421fdd95eeea013e1fd85ca078a522ca872844df560db5599429cbab1761e9,0x0499421fdd95eeea013e1fd85ca078a522ca872844df560db5599429cbab1761e9db23810e6e20a4ae9946a443e9ed78c00fb1179412d1c79be636ba3c4190ab0a,0x5b6dd50ba4492ac71ac82191ebcbc7b306d9c38eb1a1b631b991f26978d50ee2,ok
0x525d4afe04716f23a9261df0d191d39e9496f54b,4,0x035f626a9d001aa3417ffa5e915c49ce2fedb3a9aaa71ffcf550ca3d591b424a6d,0x045f626a9d001aa3417ffa5e915c49ce2fedb3a9aaa71ffcf550ca3d591b424a6d2d065e4da353b917d4182019bea79db5f746b23c859eaaa7e34088e4116a7cfd,0xbaac5ffbebe765e7aee113eff6afa05cfe382d62f878dec920b46f50a4594597,ok
0xa607353ef9c3ab9081305118a64c2b1d8350f9ae,4,0x039d8dc84489412ac9877aabb934589eff75a746557340c9b7fe441c988234deb3,0x049d8dc84489412ac9877aabb934589eff75a746557340c9b7fe441c988234deb305214807255731a91d7e6391efc83ca598e07db645022ed248b9b86d4b85b737,0x11232e573ffc15b7b10ade51447c0dda7ecbf9c06e07aeed5d6a532e5b243f24,ok
0x589124027f2637cab0686def556bfd1617302672,4,0x035954abc947f5bca7397ed901b86356c2a7c1e31af4bb0cc0b664ac0129731eb6,0x045954abc947f5bca7397ed901b86356c2a7c1e31af4bb0cc0b664ac0129731eb64884fe82b31598724d89ece6c7cbebaf44c92a5c914a5ae8eeb3d0b365886d4b,0x8dd6517e1596ba2315c75737189de6a54479b025b9b4cef033bf1c93476050d7,ok
0x13a37fea8b4a55d7e9bd7b61ac80dda496f9ec56,4,0x02ca8cb979418c70ab3761d184466b50c2509f2554c4433f4751efd5601ffaafb9,0x04ca8cb979418c70ab3761d184466b50c2509f2554c4433f4751efd5601ffaafb9d97e2fe865e13c5d147fee636b2dcfffdde3e3e388d9f5cd5705229f905d8b14,0x2e4ae5045114a1d4fb795206a8b049051bbeca3336431fdd89f61ca2c3341a91,ok
0x283c27705af410fee8aa0f76f6cc8c3d27afe559,4,0x0350c48d108cbbfbd50b96bf810cf5d0e9a18c7f52e1ea1684a3260a92939d0302,0x0450c48d108cbbfbd50b96bf810cf5d0e9a18c7f52e1ea1684a3260a92939d0302fdfe537b6beb781e2d0a36ff875c6bcefb9123d9a052fe30fc60a8310aa54b37,0xa33ce881dea98ad10992cf2aa1f70ff95ae6b217f1bec6c9654d977b96c26df2,ok
0xd3a15ffebea117ad00d65bd74057b1b7041244a0,4,0x030d7d903bc96424342c99392bdb7d38a30abc1d4431c6ef5a0273f27b0324cdb4,0x040d7d903bc96424342c99392bdb7d38a30abc1d4431c6ef5a0273f27b0324cdb4d01caa700c083e5fb522b169a0cdf82f3310999d42d5f2e0057947df1bf75bbd,0x24d11d511ebf4a2c70906ffea3587fe89ce98b73960fb51c88620efc50cbc663,ok
0x9021748b9fb35d7d9e82cad87d09c535f8f389da,4,0x027945bddf745e665b29ae895318089139422072088f4194ca748419af55f0b72a,0x047945bddf745e665b29ae895318089139422072088f4194ca748419af55f0b72ab7644cc8c04b06b14e37f9b1359a4ec4d09430b3329989aed401ea4b71489c24,0x27da77640792cdeee9aa77dfce22acd828fc048e7c8a6cbcc1090ed35f145e4b,ok
0x64e455b205abd81f01fc3e491ff19030c397e466,4,0x03818131060220dac9090540efecab1441ebf05473735daa7c1cb7273f8099871f,0x04818131060220dac9090540efecab1441ebf05473735daa7c1cb7273f8099871ff4025ab35b55cd3e53f7a94a7417de8b88b1e0d0aa5f69b603c42b527f46d32b,0xfa9bcd53c113db695d2c10fa154f1e2a9fcc7b4c181facf61b4a05bfc421649a,ok
0x1d861a8e5f295a7ae9381f9bbf5f1c6d70a67298,4,0x03f6a7c9b47869258d3e420743e5e60676aa13da91f1d95f0fc3f957353e08fd75,0x04f6a7c9b47869258d3e420743e5e60676aa13da91f1d95f0fc3f957353e08fd75b4c0ce0d18b78d0c9013a02d56ee1c276b832f1d4a43a49fa388014874f14fd1,0x6906b940447f78289d76f0188fc5b4e5e701c58cb325d439917f0a43299e9669,ok
0x3b88b4260b538073b061f86184fc1b84ead7a8ee,4,0x03f6f27e3bf5f4a20da5f1d213be0ad8c020c1c73f39357922480abf259b70aa9b,0x04f6f27e3bf5f4a20da5f1d213be0ad8c020c1c73f39357922480abf259b70aa9b7b7d5f9d85d299439520bd937d3767f21f28deff062ec6aeadf00ca30b500c33,0xb2de80d56a73cd409c38879c8bc188bfb2711f953a4c09f5c55b70ea82206656,ok
0xc6e56268caf48f25d261d6698ee2a7e81f5ae2eb,4,0x020680fbfe9c01748d8c584e0bf0deb773bcd8e16162d5616f6f1454fa46c052d4,0x040680fbfe9c01748d8c584e0bf0deb773bcd8e16162d5616f6f1454fa46c052d4e398e0a15d2ba30ddcf653300a2448ab25a74758dc495974cf98b66cd5a4a820,0xd93966772e80df467161ef61640dd775f214b8330a08b3dad533701365ad8247,ok
0xba15e64df1bc50c249f7de8ef1ac8b2a9bfc87ba,4,0x025c6c20ecd109898eb52c0741c582e0d3bd1f69fa2b5532bb4c6192654c490667,0x045c6c20ecd109898eb52c0741c582e0d3bd1f69fa2b5532bb4c6192654c49066766a4f0577f65c40de1d2a69e9c956311f89780e6b2de6a0c45732a433b8241bc,0xf77f49a8af329d48e18e8bc4dde027aaa897ca968e0147831cbf2655233616e2,ok
0x6a11bbcd712d807d7c61eb456b2156e4e067b9ed,4,0x02c650d7c0f1818cc2ea320548b63a3f9a9ba0518a8ada09a645c2e457c6b57c7e,0x04c650d7c0f1818cc2ea320548b63a3f9a9ba0518a8ada09a645c2e457c6b57c7e2664bc7ccaa4f6bcdb16a5aaafd26f4f04204996a97da78d7219c4978035a704,0x2905be51d22eed7a7cf774c8788c007e5493afe4719719b2a4476d8ef91a1e02,ok
0x2084bda155279f88cc579bcb6d9bacfc9fe05998,4,0x0361be35da97fe1110bd64d4d21ab116b932a8d5ae86d180a65c7cc83d4bb30730,0x0461be35da97fe1110bd64d4d21ab116b932a8d5ae86d180a65c7cc83d4bb3073088bba74c07cafa3dd7fdec789d3fa4080d5c1abdf1b6610b27df09381b92de7f,0xd397e5a712c113bf8bc861cc8333a881f9b26f3b4ed7cfde228eecd53f6ec075,ok
0x1642c8b161bc2a6929c6a38fafda12130f0f7780,4,0x0369f44dc12b8a4f03dc8ceb437f695503dcfcc54aa439b635cbcd965308713d18,0x0469f44dc12b8a4f03dc8ceb437f695503dcfcc54aa439b635cbcd965308713d181e40086e5da0d752c367ddea7845bf3c47c384a871c02d7890f051daced91fc7,0xc57f2ada45f2ad73db2e8b04035689713a2d0d07d8195fbcaaa101baf93f10f0,ok
0x96fd61202a698ee3eac21e247a6b209ea5ffeb91,4,0x03c483cea2d80fd3908cf48475650276740a0b6c886a675882f39b20fba1396b1e,0x04c483cea2d80fd3908cf48475650276740a0b6c886a675882f39b20fba1396b1e2d8cfed5db6a0022e5f34893438d7176e610c011fae0f5ab875a6e3b008924e9,0x5a4b9183b1144a30bf3f871b5be740987db1d4e023137acf61d5f68ca355db9b,ok
0x9ea235b9cbd523353fa79e67c788f034ba94e889,4,0x0297a477c8849d88742e452f7f642ebc1f7aebc5d0f190ca57164fc2aff93dcb88,0x0497a477c8849d88742e452f7f642ebc1f7aebc5d0f190ca57164fc2aff93dcb88b6ef6233c5cf9730fad0d7fb515afb7a622dfc5627c7233a12020d5654f74d40,0x4610f36b4e6d3b9f07e285bd54acd540af43c9b0f1e1ad49ef7fb6739eae78e9,ok
0x0bebc821cdfc0776cd5bd79bd8a99247ba1164f2,4,0x02a507c90700a2b4d131539c0fbb9d67a7970a113d376407aab0eb1a6fb2efe08d,0x04a507c90700a2b4d131539c0fbb9d67a7970a113d376407aab0eb1a6fb2efe08d6f771a5642692e98b27559757f4c86d04d2e574add5880b565887c3a8a3f7a1e,0xa0f3e8027b1706e79e4693733b0494286d4e54235ef333a56f4c62be7085b794,ok
0xa2040d6b10595ecba2f751737b4a931a868f0655,4,0x02c62ecef13b1195a540033304dbb7973983badb46e0f2478d856c73016d34e7de,0x04c62ecef13b1195a540033304dbb7973983badb46e0f2478d856c73016d34e7deabd2db4302c9c04d00872047bab110b53ca1355a8bb77d83dfd8bc26b7dfbd76,0xd955a37504f69a934a100a240ba7b7fdda1637d6033e208a0a5558f2060ec31e,ok
0x864098f67cbd6af5b178b8768bb702a22b8b1b21,4,0x02846e5b5ab19f12bd705efbb2cc1b64a301797c45487e7d2e94a3da34dae0d9d4,0x04846e5b5ab19f12bd705efbb2cc1b64a301797c45487e7d2e94a3da34dae0d9d45f328a03db24b4642b48fe9d4a5d0e7cea558a326d7ef181bcd8a97b1eb9bda6,0x636cbd8b7f1f9d01157cf87e98cb06201555d5e4ee94f0408969254b48f8eb2c,ok
0x05e0124b7acc95a7a3932051939fe2d0211f3de9,4,0x02db2d4752f5609df81ebbffb90b04cdba3aae670675f8dbff93035236ccde520c,0x04db2d4752f5609df81ebbffb90b04cdba3aae670675f8dbff93035236ccde520c2dfc31a607be1f2003d21194b781201025ec6379564a80fa93ab585588340574,0x89e0c3f826d1d09aac0a50e24df0be3cb35cd9f65e0b017689da1b166654d89e,ok
0x28583f507bdcc78296bbae0f5fb7b1ea7a49eab3,4,0x0293edc17bf4c8056ed8bf2eb8c3e13815e84ae0e6d7d75d542c10f32e7747b910,0x0493edc17bf4c8056ed8bf2eb8c3e13815e84ae0e6d7d75d542c10f32e7747b9104c92d328e1f0af1e4f57503ddd23d106cb78dd6ec9089c9f5dd15f9f58bee0c6,0x5e446780244e8be770f226c6a0ba911df61c52316bcbb461618b89c7694d38aa,ok
0xe495459c945141f78dc6d2e2b8cde7fce6de4bcd,4,0x0290572defc8fdade12cbfe02c827489f88b9aacb3c9bbc616b8d3f17a71e66a92,0x0490572defc8fdade12cbfe02c827489f88b9aacb3c9bbc616b8d3f17a71e66a927a31fb992a39aae32172daf98ae8b0d0b6525a5293df12bbd4bb7184490ed78e,0x9da1136b5499cca999fca9558fa23d4618661ab6f5d8f265be7b7f020b2f3b40,ok
0x7498afb52e25e303f231ce48fbb54c6c70e2ce7d,4,0x0334bc8b8f65805c34aa4b6549fcad39f23500eaf737834ee466c6a7caacb7a45c,0x0434bc8b8f65805c34aa4b6549fcad39f23500eaf737834ee466c6a7caacb7a45cfe06a5f7e8848b460a21bed148a36f7080fc8db3b04c1e1e9360be078e223295,0xaa6528dd778d7413761699b95d56025c7ca90f8a6b2fdb60ee0a7c7df58d4405,ok
0x80894c9c28918626dd9a2cab6387cc032cc38d8d,4,0x0324359b4d536d0ae87fe91194938b2ffe98a47549fcc625212a06d518d677490d,0x0424359b4d536d0ae87fe91194938b2ffe98a47549fcc625212a06d518d677490d8455396bba9c3939b43a64300cfd0becc8421b28b2bac8c4bbead130b3fe99a7,0x7c55f8f9fdb01653a87f1c159453280539476c31ae0972fb2c14759c0e85b172,ok
0x2a357c6bc693cd8b95d04ed8888f27356acb4aa1,4,0x02f77465e8eee4cfe0cdf045cf667214b262285ebc43f875689ddf7acd889c8149,0x04f77465e8eee4cfe0cdf045cf667214b262285ebc43f875689ddf7acd889c8149349d35acd3d2c4e605200fb53ed81759882cdbc1953d95188fc05f892b901cb0,0x9e1f614807fd15dcb24975065adb314d9e00f28269de27d87805b2815c8e88a6,ok
0x4a922320b7df82d4b282003813ba7857ab26b676,4,0x03775d4cb1c75feb5e1dbb07213bef358480fd247f7894187635f6f3d9aaf95150,0x04775d4cb1c75feb5e1dbb07213bef358480fd247f7894187635f6f3d9aaf951501d548d7c05370a2b9d82583eea29e043a0b74e114458ccd7ccbefc733afa306d,0x1a3c74ad8fedf189ff1edc2624f968d5aee3eea497f871a858d92ff9e45af337,ok
0x131bd365299fc00a9b0fa2b9ca3d4c51f365c1bf,4,0x02dad3f7a650682ba10151185297ced725706c6759802c44766236c9355b6bc9d7,0x04dad3f7a650682ba10151185297ced725706c6759802c44766236c9355b6bc9d72d654cabcd11b08715537b77469b58178c02e431643542477ec691209fd106c8,0x7fcdbbac0413299f8719d60f34a7744626bbec8dcaf3be8464359d196720feea,ok
0x572c2b7aa6cf579b3958fd8ec518c9f8132ff6cf,4,0x0394527676c8c2bdd7ab9d040e5d3da9656972f659ea74090ecd3f888ac6d75750,0x0494527676c8c2bdd7ab9d040e5d3da9656972f659ea74090ecd3f888ac6d757503aec3ff1ba2545b5aa27d97068b167540a6538516af9a909d156464430772ff7,0xce354f5698cb2994c4ef07e74286eaee33a6367f83ac93b2b77cdb2c87c136a7,ok
0x4ce509ce68bfbcf7caebd63bbec0998d44371d9f,4,0x0368a208128ac9cb43fb2981ed8c0812baeb1ec0e898dd6f2156b2bdf50e970969,0x0468a208128ac9cb43fb2981ed8c0812baeb1ec0e898dd6f2156b2bdf50e97096964202af445b6349b2eb0286a0451b710341efbf444da8e9c2ea1325646cf3291,0xc99eec6b468c2c4dd0b927a26e41d431d013ecba88ddaed0a3a0a34e104aac4b,ok
0x88266282cc2814db2c721cbd63851d88a3bf316c,4,0x0367c894226bfe103b827c44a48f2dd2b276d3eb720da834dc09010ee3ca680a71,0x0467c894226bfe103b827c44a48f2dd2b276d3eb720da834dc09010ee3ca680a7114c302dd23063c831829743732a51b845b99f412400f38cf5f9486c2b939e685,0x22ae4c4342c46ea8a8feee3ff3b1196eae903f783893ba2505c5db64d7a59814,ok
0xa65e18e6307802d7600b822e7d2459e294aac875,4,0x0243bdb7e65e4b9f5807150fca566eeb3088d11af81c80582e24a68e94f55df2dc,0x0443bdb7e65e4b9f5807150fca566eeb3088d11af81c80582e24a68e94f55df2dc41ee1f28962bb7e8739736ee3d60f619dd9493dcacf6ec5ce4e0b399c0fa557c,0x88cfec28bad3786afd3c222233de80c130bac71600a2a32384278afe37155529,ok
0x7772881a615cd2d326ebe0475a78f9d2963074b7,4,0x0295182f4d530974ff3e021ec4e25cee46735e207f878f603aaabaca7f4b9a0b8e,0x0495182f4d530974ff3e021ec4e25cee46735e207f878f603aaabaca7f4b9a0b8e76da6ce4d439e45b3618c0abdb2da66fc2fa8a79f551dea61c8b3b601ac25e48,0xb07a23b7a810b2a1a00291d56439b675a325f915693628c2eae030a5d3a165d5,ok
0x578241ed8b42d4a539651d5ceb942ccc4e61318a,4,0x028219d099b0d1f75d915ca6f5a961bd49899c03aca43c539e9ce7f5d078598e6e,0x048219d099b0d1f75d915ca6f5a961bd49899c03aca43c539e9ce7f5d078598e6e188f6477028581f36a9808ca2d2160b50937aec6f24b91e302c1cbd32fb08716,0xe3c5fb677c055951e958fdcdda3d9aca072a39ca3cdd626dffb1a3d43c7279ba,ok
0x325f3e565e17b7cbc1161d0890f91921a4285dd0,4,0x0235e6ae5c90368ce60b19226b0b50a99a218c3d77b0749baab91153a93b6630f5,0x0435e6ae5c90368ce60b19226b0b50a99a218c3d77b0749baab91153a93b6630f5d1e0b4d77181e8db1517e65b2968aaa70d3bbc97a12c7fd775099a56a75a3358,0xb725b0a5483e8e77c69dfd4f703207d58992effeb2a0dbe102040965a00d9e39,ok
0x5cbf0e5f6810f26f803af12ffbcf6b039fbea06e,4,0x0374f743915921dc3e50888f0478c97886d37de495b713de91afb833f1f2714ca9,0x0474f743915921dc3e50888f0478c97886d37de495b713de91afb833f1f2714ca9444b44f850305a7b2673bff2af7bede825f4a276d3c8ba78ad5f9983144ec50f,0x63e485081912e1a086c6215002731cbf606f64fb8c020ca2d98c3e5221accc05,ok
0x7588661dd5a0c891faa3bd680023d4b835b082a5,4,0x03da4015e738f132a8b83ff8f1458978c59c3edadca8f941617b177a575003e504,0x04da4015e738f132a8b83ff8f1458978c59c3edadca8f941617b177a575003e504fe018704662993e06568dbda42ab41e581b44a315defa63a5daa43f8a01d89ed,0x2067058cfe8afce8b25431c580e8496518515130ca3eff1b82280ce2a6a143aa,ok
0x6c0f73a620da46b845a2ef66ef511b7dd999e866,4,0x02b250b9a1eafefb90e2167de4ea0481e9703816d5e725144910796070afe3f0b0,0x04b250b9a1eafefb90e2167de4ea0481e9703816d5e725144910796070afe3f0b0c774b5f8480a6b3e54e8436a5b854d52b9ba59463e48d33b83830115921d1f08,0x91b9cce2393590a23cfea76e6b068076fb8a9b115f381f98563d7c83f223d362,ok
0xa26ad9cf5d06602bb8ee694773a7adbc935c9e06,4,0x0321b347a462e3ee6777cf8a5f5396e7bd2a765608e2ceade788a32649698c5e03,0x0421b347a462e3ee6777cf8a5f5396e7bd2a765608e2ceade788a32649698c5e0395907c177b5f55259a0a2e4d8d43e40780f05b3f98e2834b4d66410133370287,0x70c2f251175dcb1699f5d9d30b555c12d89f17fcc2d70980a9d9ae63b52cfd81,ok
0x3fbcb5e201976840e984acb3c8df0967431c2964,4,0x02caf34c16479c4b19b8d34e457b84ab9b40d41078d6f1affb389ddaef29e7b194,0x04caf34c16479c4b19b8d34e457b84ab9b40d41078d6f1affb389ddaef29e7b194c4628d83c2934ea3e725784f1e89bb33cacfb726f17b565b9ef3274ba33bee0c,0xcf1c248221cbfe081e6c50cb7eb6f9cec2783702203dfbba228e678b18addf5f,ok
0x410154de3c7deab3ab5d9edc5324ef49a8fe8461,4,0x02c2f0dfc010563cb4b24b36c0887bd5be20f1b3ebc67c0438f29a0d07841b0b3a,0x04c2f0dfc010563cb4b24b36c0887bd5be20f1b3ebc67c0438f29a0d07841b0b3ad549b68d8efc5e88ad0c567ed9ab007675aea98a6bdc091a96e906d43b136ad8,0x6e8b80c64836e987579be0257849043be37d82c737a617649b81c9554afc409b,ok
0xc2079e5b077eae969dbeca3747bb855ae9df8f3f,4,0x020c28a57d0d06e4db0a64a6364354480cd8261437fdb87b6d91121b741329013e,0x040c28a57d0d06e4db0a64a6364354480cd8261437fdb87b6d91121b741329013e4e43a7398f3e830e2cbfe36efbf238997bf0b04fa6c99ce01a7c1d8a415a45e6,0xbc42554a99e275f9e7875b26e651de39c16f99f0bf7613f7746f027cccb99646,ok
0xa752ff930461aaf03c52af57afeaec75d4cf4e4a,4,0x03a02045acaa771e3534ae26d5cc00938ad4f29e035c2aca745e1a98a7c028f640,0x04a02045acaa771e3534ae26d5cc00938ad4f29e035c2aca745e1a98a7c028f6406c3aa25db981ceb3619cf807211d21e662362235be00e0ee27d3f3fc1cdd4153,0xa4b7e8efe367c7e70ace47c28c57f822a4b37891e3c430741df1005819f1bbbc,ok
0x14be9b6098b0a924cab4be5fb1a572f5d312d85c,4,0x0307b36d30b93e3f22d6741f2e67cc19216989c71c9877948a85a58e4c998b4165,0x0407b36d30b93e3f22d6741f2e67cc19216989c71c9877948a85a58e4c998b4165efde14ae3be3b644210ccb00420ecb10e94d6add38eb8927ebf60c8c896f663b,0x90d88d5d7d108e57afadb3a55ac0ffb7f40ccec397792975a5553c494d38c3a0,ok
0x895d1b625c05862751c6a5d9de5475b040b3068a,4,0x030c1b24eae31e433d7576db4234e9386f98e467949b4c02fdc5ecd924df699255,0x040c1b24eae31e433d7576db4234e9386f98e467949b4c02fdc5ecd924df6992552838a9fe697bc074b3a079a0abeece4ab86bdef54796dac562a8219dbbc55261,0x3b23070b0380225fa164f41c6de24c3233a558b69a490deee5d555a341de978a,ok
0x15ee8953d78bd40b964691a537436fe029a9a2ba,4,0x022e129fc9138f4c0b1470649aedb961ad6f9f7404704e4872b1b567e3d3503baf,0x042e129fc9138f4c0b1470649aedb961ad6f9f7404704e4872b1b567e3d3503bafdce82fdfc2513f9b3c81cead0f971e5979853b48c3ba0e251315b03d639c4a80,0xeae5e549785c78ae946b30b847f17bfe80a1f2d39c20423aefe58a889a622599,ok
0xac30e0dd01419e54a47bfdb0b6b5cce77d52ef55,4,0x02a03441973ea8f089a6c7d4feb4dd665b119f4fae88432dd0585cd34ac665c1f3,0x04a03441973ea8f089a6c7d4feb4dd665b119f4fae88432dd0585cd34ac665c1f3d9d02b68b088e009e21147110c4ba928cbc82399be17428f5f8b823b5e7b8bc8,0x3592a08a77e33a23fbb7a57cb73df092070c3551342f6e2a87450ed1a2a9b77e,ok
0x092a4dadbd81cb100675ff3e3e3bb9a2e1a51345,4,0x02a461e04d073547dbcde1100207bd24ef92ff9aa26fb613350d7c119597a7a313,0x04a461e04d073547dbcde1100207bd24ef92ff9aa26fb613350d7c119597a7a3133fa0f75aa88c7f84725c0f51d1ad9811017e6c5cfde5eea6c9f4f88244c61a86,0xb32ed61e2c764e83399e2969421be36d839814d1ab341bb10ffb7e709d41ec3f,ok
0xe32ab2bd406f3b89a2180152f4c8b33794b92994,4,0x02099b63f5bf856baba1e688b3b396b9d038d274a975aaca2529fbb8e1a2a7bc65,0x04099b63f5bf856baba1e688b3b396b9d038d274a975aaca2529fbb8e1a2a7bc656616fef78309dfc821d79f735a805c8802a81260e4be76214ef12eedc5f4305c,0xeead2710bad33825a281574312a9e065646ed7c3ec39dca4a2fd9a74a541f45d,ok
0xd8810a7da2107c75e4116663ecffc163551a25c0,4,0x03e46cadd100a3b65dc40ea0b79c6bfd2f6204735787fb44287b3fa4df6be5e743,0x04e46cadd100a3b65dc40ea0b79c6bfd2f6204735787fb44287b3fa4df6be5e74331cd1ca2f9d37c4baba9df2d20f41823277a8b331493cc42aa8e449312b47ca3,0x71adf7d3fa38abb839de289147b0a8903186031332b85a668701295b7e018282,ok
0x5845e23f4d83a52ab4a686e64d1dd80b7ed3e0af,4,0x034870969b1ced21146e16b86e1cf0b1ca6ff29a68a6879e48535aa0dafa88451b,0x044870969b1ced21146e16b86e1cf0b1ca6ff29a68a6879e48535aa0dafa88451bb74ac2b091de8e0d5963264b83d97a174833ce97d2a308a4c28c432ad522a249,0xf7e0b0e1774ac1bcb47a42f9ffff5a12f58f67b777df6a709736657d4daa6b23,ok
0xae88f6a642bcdc56169ef1cc3d2a1b8215935348,4,0x0375b70dd34aff0ed60258f6a0665059cc8d735d51f14d408128f1d5f838e1743b,0x0475b70dd34aff0ed60258f6a0665059cc8d735d51f14d408128f1d5f838e1743bee21d5c48410036c79edcbd3ac43f1cde24d243339e40ac9dc0634d1b105e50d,0xc7884b76a835236d778d61df078975e265b6c4811802e18bdfdfa89c74c7a339,ok
0x952cd4dbfccd554946f36583bdfaecf24e1185cb,4,0x02e368d1cf681ce4fc4dd8775e5e7da506ead4cb703c54c16f27a5fc636a12e81d,0x04e368d1cf681ce4fc4dd8775e5e7da506ead4cb703c54c16f27a5fc636a12e81d96a156ad0b940219b1a528129884d63184cef3bb4886494531d2c37a6e57c378,0xdc8e85bbb37a72551f53a0c3019822514c7427d26728850ca49605dbae62fc2c,ok
0x662d5d79849113a5403af776210307a7c82a5267,4,,,,contract
0xa2a78ae7397a8c307aefc30987e1b2c2bb6f7f81,4,0x027e891caceabb5253e078d010297bf6d72a3a0b3bc5e6820a6b3ef6fa021b64fc,0x047e891caceabb5253e078d010297bf6d72a3a0b3bc5e6820a6b3ef6fa021b64fcb43fd14b62cf94241b005534695eee7e02847d56fa52966309e7467898b12cec,0x33f77d18db4048142f5d03101a1043e2b07af849d40efbc7d2254fc596aa9462,ok
0xbd5d037d13579fb4525ca8a1db36fb10d77db95a,4,0x034faa94705300ce4fc1a17bf65f315e4d32f73d40b69362fd34a660c675cfdcce,0x044faa94705300ce4fc1a17bf65f315e4d32f73d40b69362fd34a660c675cfdcce6f7d125eb980a8660f69aa3e80315b07da570c8e27d54dc1776d7796ea677437,0xba024cd66cda270f6a0eee7cf8c49c6f829bb662068a46de71ed25d78da4b8f8,ok
0xdc4b80ca6f031876a953a7c3554b95ee5aef4cff,4,0x0315c52460709b2328f87f5a58a1dd298ff3f88908322b06dd929522fe4e4b059d,0x0415c52460709b2328f87f5a58a1dd298ff3f88908322b06dd929522fe4e4b059da2ca94aa21853cbcd7aef151ccf9f672ffbccec5997a3eb336702cf52a2dcb15,0xec2f150819487be8746946eaa27ed446b4b9544597f0f3206ea92fdbee82aef4,ok
0x965a47130a64204d9937f8a772eb572fe319e040,4,0x03093099891352e4610282a250a9def547feaf9ed79f263142039d7be77b5f3f53,0x04093099891352e4610282a250a9def547feaf9ed79f263142039d7be77b5f3f53d6883e08a07ce59d21efbcb46162e21beeea12c94f90e2eed51bdfd2a70c594f,0xbcbb514b442f5ffc10ea211de7857305ce038bb86f16d64dcb19d9a12e9b3b4b,ok
0x12c9e47c6cd4f9a26c5511941d1092fb4ab7b794,4,,,,contract
0x66a51d2248588269696654f3f2de33c878b5f1fe,4,0x03e948e5e50a4c2c8680beafd161a0f2edb546f5be7d7bfd0b41272087faefbecc,0x04e948e5e50a4c2c8680beafd161a0f2edb546f5be7d7bfd0b41272087faefbecc8405763fc52b5525e96103a6c15f6af96719992d0d47de9e81582642f6629257,0xa62c0e0fc5b5ee83424ffd93fb7c0bf46d4e76a8217c16e41e34e5ac142c27f0,ok
0x3d1c7dcbf883c0717bbec30aed5a616bd9002b01,4,0x03d97fc0e4cab8d6654dcc72b57812aedcd918a2ec9ced390e72c29c00b893eb2a,0x04d97fc0e4cab8d6654dcc72b57812aedcd918a2ec9ced390e72c29c00b893eb2ab056356568f327bc1ba13ef5c45df324f08330390d2ea04ec0174c360867d2c1,0x48da3e6fca9249f9e64c6b5d177e5a77e5c404a45dbb4865e238641529042a28,ok
0x57129022f2aa3b0305a039cf5d85c980a36c4841,4,0x0307583f1f662ae7a9546175a329a920d1466e0c16471c6919312c5a0b810156c9,0x0407583f1f662ae7a9546175a329a920d1466e0c16471c6919312c5a0b810156c9e2268c1c0c1a41f0c0694d7469af6c14dbe9e818761be2da169dc32ded763a23,0xb99a70a4cf3e62d01f74aafc67324869a13879dda5764c9e9fa2e14f8d59d1a5,ok
0xc5c08107950750c24861758671846959205b495b,4,0x0281bdf86243d28b3dd086d8e61d5f23e19051fbf04de8fe8aa9502947eafc5ef4,0x0481bdf86243d28b3dd086d8e61d5f23e19051fbf04de8fe8aa9502947eafc5ef4e042654e60e074a8bb3be201ba2d0910a85d49d7f6e12255be4d8674b99f751a,0xb6548bf456e4329bfd2a531b4984444b097de9e0d9b42aa6518fd1948fbf0159,ok
0xe49adb1720eb49e585600b42009ae958767aa569,4,0x0236870afb58456acce02155aa65c88bb4447161ab54ee5dd6450c794f97ea3be9,0x0436870afb58456acce02155aa65c88bb4447161ab54ee5dd6450c794f97ea3be902d6170c5ffdb13d2fa3746bfcc2eab80bc437183cc06942e87921a185739dee,0x957c5e3ed2b3dec77f656c06f7316fde005d936401d0cd5464cf986155079b25,ok
0x0d4178564cbf36e7eb7166bd9292080d2f7484c2,4,0x02c62e28ec90d1283595f12c9259aa11103141458a8c67ef0f2c4abd0c5995f1c5,0x04c62e28ec90d1283595f12c9259aa11103141458a8c67ef0f2c4abd0c5995f1c5eb18469f57b944f0d5a0c8da0ee2c04835614dddfd0f15541b8a2b3d79641e5a,0x019824064e0bf8744b3544a225f27e7b278d63a2546be9f912fa1e57f8ea3d62,ok
0x75ddb7ab958135bbe2dab48d6286826f6aa5e3b4,4,0x026a6850caea29bb5cd772ac31bba2f66d35543308a66811b03b5209baaaac800c,0x046a6850caea29bb5cd772ac31bba2f66d35543308a66811b03b5209baaaac800c5d32fcd4b1df7295609bfe67e892ffc1a57b4ec37e157acb9770b041c08a4758,0x8b0faf0b94e543d1efdb47836190274ad5cd005251e46420dc7d244c8b9bff82,ok
0x2658b7a45fef1983bccdb0e0a0e3f2a6420c6ea2,4,0x037522b8b7b5d513ec2c0b168396669220304a532779f6bb7801e350bfaea557f3,0x047522b8b7b5d513ec2c0b168396669220304a532779f6bb7801e350bfaea557f3ed7785b397f51dbca72cc854625f1769658f3aa2edea93c50e40c1d8390386ab,0x2f9edc8ba516a497c791cba2961b352565347ca299f0409c8399a7f3ee6aaa7b,ok
0xdef7d28c6307f16120a3e0b44013ee62ab6517d1,4,0x0364ded65c88dce309110290ac6173ce591dee1806be8b61c298dfc6068299be32,0x0464ded65c88dce309110290ac6173ce591dee1806be8b61c298dfc6068299be327b1e719321f483df4966ebb2e84e2f19a22994f42b8c4d225cfeec5271790285,0x811d8a7a074423a36ad2390cf0ce9fb5512b74a118ea8c37971e291bc861febc,ok
0x7ce5039a2383ba2cdf57df1a8bd353e021c37492,4,0x02178a8b18e24ba1583e7f80165843fa167f92faf20c51098da6bf567d2dbdd6d0,0x04178a8b18e24ba1583e7f80165843fa167f92faf20c51098da6bf567d2dbdd6d0a088e6f447836ca493d3b72890ab07808aa53c3fff63edd1b684af29ff64b704,0x7b52347843b4f581803f5421963178796d62710683c16678f8aa55bb95c95f82,ok
0x4249591c8bf2277f990153b4326e5321821ec353,4,0x0262c3209b43b97938e1e3eb47a1e9537f89a216aaa8bc57183ec23048bc45499f,0x0462c3209b43b97938e1e3eb47a1e9537f89a216aaa8bc57183ec23048bc45499ffdc74165df9fccdf2c3336a35b0e8f72f334bc36ff875861d92d0fba47b173fa,0xc0ca88aed22e45cd28f23b10af7c54fa24e3568899bb2dc60248280b4aa8f009,ok
0x1108f57e2cded45ae83f2bae0c7299fd4a213f20,4,,,,contract
0x2eb2d66c929ade69ed7908a88c6965810a7c6d7e,4,0x02548488ad5c6c4ee07f33193fe1dd7ba9a927a3825cffd451265e77a16c860fd5,0x04548488ad5c6c4ee07f33193fe1dd7ba9a927a3825cffd451265e77a16c860fd5a758b6ad8a6c1a36ffa7feedbc8b64841326049f6687a34e74e4619ca1c92b96,0xdf17c2d0fd3fec291039095d77117909a379b908adc820b30c359366e3196014,ok
0x64b250f20852cd6abed687750ccceb9fcf0532fe,4,0x035377a419b8be99883b0d965a7f39bebb2dacfb5b2b49a781dc5effd7a2693445,0x045377a419b8be99883b0d965a7f39bebb2dacfb5b2b49a781dc5effd7a2693445ce2c168e4aec51f4cb2cedf13be0ecda6ac210165281871a12b72ac491c899bd,0x8f5f8ba0a9039bbc632cfec031507c3662a534b4438b9e4e1e501ffda660d208,ok
0x6cad4ffcccbb244e478547f15561f1a3ed43d297,4,0x033dab1aca44b21f1245346b0f35fc1b87bd8bafcb4b26fcedb436934ac21e30d9,0x043dab1aca44b21f1245346b0f35fc1b87bd8bafcb4b26fcedb436934ac21e30d9be7ea38399515d69677c95c82a7174239db3680e1638b01f9419d2641b33e6c7,0x8e01d75334b8edfc2430c446fb9b088661884bf363ad34b0a4bbb23d155b1be1,ok
0x456580b040808a70cc320a477a47e6bb793fdb5a,4,0x026ae4905411f5ec927ff1d701799acb7029bbf8753f6b2cb4e5223fe1a071df59,0x046ae4905411f5ec927ff1d701799acb7029bbf8753f6b2cb4e5223fe1a071df597c47ef00f35bfff7ac15a9c3e2e4754527f62996aa952d4677419cca9aa58cec,0x86f6b58c1eaa7bdcecfcd23b32c0e025f74724f71e022f40953c8ca4822ccc3f,ok
0x35eef2e74ddc0c1446e486b1b16523b43118fb16,4,0x03fc4538a08671243ba8e65370f75a15f5e5b58bc3bdc40a412d9a5344d8d80cce,0x04fc4538a08671243ba8e65370f75a15f5e5b58bc3bdc40a412d9a5344d8d80cce9aab471482027bc223796f9effd4ef9992b783693aeaf86bb87e0578a57c5607,0xee99e8c010b4c455845d6d2109cf952dc3692ad9c52424e8fe4234fbdda64607,ok
0xa672d5b91e8695ea9803c696a32d90537a274a63,4,0x02245096f5d7c55bc9dadf8845d532252f38840b2fdfb695e368ad441308f357f5,0x04245096f5d7c55bc9dadf8845d532252f38840b2fdfb695e368ad441308f357f5709dbd38ff4957bb70f64d73e5ee8fd734b568c9b2757ce86165c4c7bdc33f54,0x96509bd10a2928f80ca70cb2e98548a96cd0f06badcf014d2bacfbc5ade79336,ok
0x824de5d1236c5285914f4a3929f917d03c95096b,4,0x03686b5f892d04fa863ea9315e3ff3aeceb21048c35d926b27b7198a9f27a6d509,0x04686b5f892d04fa863ea9315e3ff3aeceb21048c35d926b27b7198a9f27a6d50999ab694707c3b46d0c21aca15c8ab2349a28cff704726334ec7ce3840289a199,0x0b0c0951a0c24ef0770ee9b5b2d08b6c8534bef64c0066c04768655b70e6d720,ok
0x128b0331d28ef527994e8a705484017697d025d1,4,0x03be6ad26779831f5954eec4dffea2f900db7a3ce848a069a7076d878ad417945d,0x04be6ad26779831f5954eec4dffea2f900db7a3ce848a069a7076d878ad417945d63dc3753c9fd3a7e7410970a2f8c1a34482c22280676e42600aa99343f90b567,0x2f8977eb5feacfc322dc321cd0a736daf90daeb89ea7175919de3c1ff78ac988,ok
0x3a6f996e0d052cd61a9bfa0af8fbf53ab4b214d6,4,0x02593bf9f020beae2723570a5b6b88e536808ded4390ef67b59a27b4f84596c5ec,0x04593bf9f020beae2723570a5b6b88e536808ded4390ef67b59a27b4f84596c5ece67a506303bfb8b45d51b9b9392f3e67feb86e369a1674972aa510924b8325b2,0xd32ee9016063acb1fd994660a205abc1fad418ea9df55d5d7c93d1d62e51f45d,ok
0xd537413a3651fe87443526c38977b9ce86448696,4,0x03c11c7c6347169eda45f54d54d87625411df7e49764f197d525d68931db5d4c59,0x04c11c7c6347169eda45f54d54d87625411df7e49764f197d525d68931db5d4c59c91d9b048e25c7f2e877450ff3d976f7d41dfaad894387011d9560c25f6069b9,0x33f3d5896c67f3327945a95d5af1314a3e6efef9494e12648a71a6aff2945fd9,ok
0x894c0ae2ae192e2d315245ec60498e73fc671eeb,3,0x03b08d51b6025a6d8f4648f1829cd34442863e4608796c5ea66063704495eb231d,0x04b08d51b6025a6d8f4648f1829cd34442863e4608796c5ea66063704495eb231d9b9618c07f479324be68a8609a30264a4b376c6cf8d072779063d525fa7afb1b,0x22fc81532b46415b5b65ec81d25f97d4a3251394502b660e02d3aed6c2ebaf0f,ok
0xf95d1b96319583be65a67ac51aa0695941573bd0,3,0x0315d015596195cde503afe9637d794e1d4e4e6c230cf2dcc7a7d9630c866f46d9,0x0415d015596195cde503afe9637d794e1d4e4e6c230cf2dcc7a7d9630c866f46d9700f70078011a8b75807e4bdb9ad1ca941afa13a0ea4a466ab1cc5500b4689eb,0x7797c919eb1ac288188d14c28c08701e28f69dcdde69e77e7bc4b2837d64d7e5,ok
0x7d355113ce55db91963c7c49d162edf70fc3449a,3,0x027f41009cf14ba8f876c8780384cdf7e307524749ace79767ce0fcae760555891,0x047f41009cf14ba8f876c8780384cdf7e307524749ace79767ce0fcae760555891ac9255a4f7d42292a7ac120012a61d62b89f2f8a41fc34cc54109b7a10ae28b4,0x39ccf89487f7e2e56597c72d7f484a8f0157886a34c59d6633dc709d254f5722,ok
0x785c49be9ac1c552d3615e0ea826cc443a6c36dc,3,0x02fe07fd182b9b3a80b13cbdb6daf1c4db38ec77ef33ddf5df90bf73294bbe823b,0x04fe07fd182b9b3a80b13cbdb6daf1c4db38ec77ef33ddf5df90bf73294bbe823bc48bb3ca4baad13a47b4ab22aa508e827a159cd9d7bea7ed6a5abe773fada83e,0x9d3e6b7ed51d464f298b9a7e7aeeaca941148c3264fb41cc96be0dbf75a6dc6e,ok
0x963352d2cb9ca570c673e5f43219dc4ae09ad0ae,3,0x033bbb96dc52798195c225613e73ad1a8d68ae12cb43b3c5ded84d9c287887ad60,0x043bbb96dc52798195c225613e73ad1a8d68ae12cb43b3c5ded84d9c287887ad60964cc6f746ac7356eaa99611bf5ea8ed46c8ad2ddc0505a28c8dda66735a22db,0x494646ce6a77d8d17e2d6b068eaec2b2f64d34d77d80a6e821a949795aa07da5,ok
0x7a55332ad75498f3f9329c41064ea9102b65b8c7,3,0x03092edff2e41695fb473e0007aa974060b3c239d632bba54eea1cd21e48da7e98,0x04092edff2e41695fb473e0007aa974060b3c239d632bba54eea1cd21e48da7e984f5a24a15189ffaf4d79a935b9b442075ca33bf060c0d976c15c9a448fbc143f,0x80374e9ee8861eea47e5cb6098a88d7e6898d6e323725d9ffcfc2c6872dfe197,ok
0x377f9142b91a6232496cf5504b6671346ea37f51,3,0x0327f91368f371f062486afbb651604783c3faf4e7b3686edd8c83255540ab0dfc,0x0427f91368f371f062486afbb651604783c3faf4e7b3686edd8c83255540ab0dfc10196102d8c17c126a919fd7ca4db284125341d4c1fbeb55fa6c8f4c43c930df,0x1b01d09c8a9936129e3df705e2890e1857e09c2d1080db08dfe834530e1eaddc,ok
0x7f10bd16029a2a79a7f869df23da412a4b5e8fe4,3,0x02824b519d0ffc6dae5f4a5e3dee5f2bb79fc26365f19396abbb1035652dec7e41,0x04824b519d0ffc6dae5f4a5e3dee5f2bb79fc26365f19396abbb1035652dec7e413865b96d98883914133b1a82247824e0f2b0df702467f40dcdd5d73684bc3da2,0x7f40fa4677f7e4ea3215985a6157f6f26ea59c690d94d6d163a72419e704f97c,ok
0xbfb38c787fd043e3aeecea7d7ed0282ccf8c48e2,3,0x025c6990ad98f04cedc60563aa361a8aeff9020a7d56ca4705e011754c2d2fb680,0x045c6990ad98f04cedc60563aa361a8aeff9020a7d56ca4705e011754c2d2fb6800baa13b2c8522eee7dce0a1d962b203a2aeeba13711ec1fb0421baf42534179c,0xd5ea89a063d087037f080e5582ec2924137c88e391261e8b4bda8a6d47d72fd3,ok
0x005ff202c271d2419fb03ec873dedfe163a5ce36,3,0x03c838af43bdc7a5ca1aff777c6319d4fa1ea9d012dc41d92e388aab5dfd0d5460,0x04c838af43bdc7a5ca1aff777c6319d4fa1ea9d012dc41d92e388aab5dfd0d546022ee67d1bff54f66fd7868cd35dd266da5355998e76286a8cab6fd08e77ad66d,0xf29626fa369f6b4dee0450d88c6d8ddd836f96581c7c7b731d3a3945f059423d,ok
0x9d8af3a59887293b83d52f0ce9d0874d6fca41e6,3,0x027455d43fe3f06943ab7bf9973724251e7c026cdaaf1c8745431ce7b7a9202beb,0x047455d43fe3f06943ab7bf9973724251e7c026cdaaf1c8745431ce7b7a9202bebe7453e8c3153b11db8407f866227f9a2cf2b879cecb24b60ca202c123d51fc20,0xc4fa55867ffba5f4a97e83eb61672e13278ae203fdc71003cd3a638a10244f30,ok
0x1e0fd4f9fa3fef4a5a32d4daa14be6d3a95fec13,3,0x0350ecf1e561539c7f6d7222c7f7bf296234f83207775110598b971c86c79ab9bb,0x0450ecf1e561539c7f6d7222c7f7bf296234f83207775110598b971c86c79ab9bbebcfb78e7dcaa53b3f9fd0dd8f298fb52fc3c4c360c42eaf1ff09b9d5cae9b19,0x64e6d456842978b77959fd9420801d9ef9c8a4da7ce0ba4e739ee981b106a749,ok
0xae099730dfc04c086acd0ad9881f86ac62ad0b7a,3,0x038934109015315190511669cd5608999accd20f96d166d42b3151e93a5040bef7,0x048934109015315190511669cd5608999accd20f96d166d42b3151e93a5040bef7c3dd19337e47835317008217fe444a24861522a0276ce12c097336c3c8b5d1e1,0xc8e01c7c800f314eec77e0f7ef2647b0e66e096f72b31107a50d68e8880e0fad,ok
0x8c1ccc12125a2d5ce2e06cfec24724d23e561ae0,3,0x025847cb2e7191d56d44cf488fddd21fcfa9b559bfbda2869ab2d076a148666f13,0x045847cb2e7191d56d44cf488fddd21fcfa9b559bfbda2869ab2d076a148666f134acad87f31ab5d2a77328c17ca03a3670043a5d0e05b3573b122d5dc7a27d74e,0x2d9d9509c4a851986df78ac3af14c2376f423f92646f3b595ed25ca30ad7b25b,ok
0xef8b51deb653b6527a0cf2f614f1563875df4f4d,3,0x02f99b0ffe9f1626e95c516aecb06747abcd71caac7a304857f57e3bfafbde7ab8,0x04f99b0ffe9f1626e95c516aecb06747abcd71caac7a304857f57e3bfafbde7ab89c5a562bc2544e620d5336b30a48961c71c291662697a9a6491c9593691414b8,0xbc925b0c91ee747da114b54f8ab51b2f95882b33a28eefb7bfdebc2fef478a4e,ok
0x2ab9974659ffd76f605b67859537778ea62482a2,3,0x02db8d2d5d5d7f5f7c0615af0a70ab2ca00bede45a48b2fb68633e43a1e2891ec1,0x04db8d2d5d5d7f5f7c0615af0a70ab2ca00bede45a48b2fb68633e43a1e2891ec129ad372baf16c17262910bc4ad807f02cc7f497bf3754eba626ec9c212bf092a,0x794e7f9e9282b13e3e3b565f1ab741ec47548b20367c5664ead2a3b88b156ff9,ok
0x9c465314f682cc0173fc289eff5a250191744fd6,3,0x03871dc51db8861fa1fe351c0bcf1031e210fb06c7df505f0ee417b1c4de228fd7,0x04871dc51db8861fa1fe351c0bcf1031e210fb06c7df505f0ee417b1c4de228fd79860696cbf52a354491185d5713888d73e6f53d2017cec18eb3d9009d1ea7221,0x0f367e977030f4db0af3dfd6927572b20519af2bc865dd0b34ff336efa570c4f,ok
0x21918521ec3ad70543997f2ee30df78af8acdee6,3,0x03d8a63e5e9c200376e792e2379b72f660e45e9b4ee0b8fd652c0ea97185ac3a46,0x04d8a63e5e9c200376e792e2379b72f660e45e9b4ee0b8fd652c0ea97185ac3a46e6d69c5db2adf4bc41439414aef09c3c64abf187d0119304fd946ffb7c471431,0x5ccf698ccdd741d2f6abcb44344c7aab6cc02f8cd45ae07b4a8e834213b1573c,ok
0xc897916429792e60d746af786a098d84c6802139,3,0x02c88707d1dc12b884035f44aee8c00d15695662fdfd5489b55f0d99ebcc760fb0,0x04c88707d1dc12b884035f44aee8c00d15695662fdfd5489b55f0d99ebcc760fb0e191db17e9713bdd78e2615a96010a8ab80f969646d5586f919661c61616ac0a,0x2cbeea9fc86e1cd239abfb816d05e09c7bcfedb2c8d67d28de5be90d1e441f48,ok
0x54296fe0c5eb70ba5d893e744733ebb9846ece72,3,0x02c7bec6e4afa44cf8aeb8bb0856af30da97747efd49b09ffcb2bfccbc1016e99c,0x04c7bec6e4afa44cf8aeb8bb0856af30da97747efd49b09ffcb2bfccbc1016e99c726dd2ee016b47b06319ff1a84c1a58e5875d0746e7c7b32d864e8e8c327801e,0x3aa7ee43484b1014347d20f7b631b0d0e8ff181831a719cb8753828a86066066,ok
0x031f584479760bf6a0e6e3246cceadb6e4d66bc0,3,0x02f009b6d93a568c2965cf97c270c811fe62ef6437c5384cebfc4dbc1c23c7392e,0x04f009b6d93a568c2965cf97c270c811fe62ef6437c5384cebfc4dbc1c23c7392e2d246064cafd8486e0d02259628fa73e1b9dab293b5104bcff8bdafe4f2d78f6,0xfcc9dc1912bd172e09b5ae30ecaeea5fbc1ef67d0dd0d3448a5272eb70bcebcb,ok
0x799f55040101bfdf90a5eb3c1c1729f7f362fefb,3,0x024f93819fd4da43f0b55eb7deb02bc9e76385221648043f2914e181e3514adb27,0x044f93819fd4da43f0b55eb7deb02bc9e76385221648043f2914e181e3514adb2756db37160eda8c8723ffe3fc3d739c7e96fb21c5d9715e5baadfd5b6243d160c,0x4cc978ed10a64d73c8d95bb217f30e359d04b2efa9a94547d59c63b2b4c05f5b,ok
0xecad117bcbc78eb8679724317cfad498a0ad716b,3,0x02530038d41107a85cae99e3e902cc7ad055a79361830e9ec845b33137bf27023f,0x04530038d41107a85cae99e3e902cc7ad055a79361830e9ec845b33137bf27023fdc6607a1121299d9862f19e1de92870f28cc106f02ae57a4e98e05b86cdab2f6,0xaf4d2a70ffc1fa3e1fce740a42b6ea3e866cfeb39fece398a13894f1719cf632,ok
0xef78ed9b7d811978bfa1ab220380d6ee1f08ff8f,3,,,,contract
0xe36297fdb05fe351d616fbd7c44c667e63bf6092,3,0x03c5f2fc050935c886c75ca53b27aaec8357d883798e04d4615d6b87fba6e6f771,0x04c5f2fc050935c886c75ca53b27aaec8357d883798e04d4615d6b87fba6e6f7713b3f848edb67c28d99e81c3e4a373f7128dc0b8f5a09f96a351eb51d67a0b529,0x79f36e83eba4c21c4582f1cb3afe85c4c75232dd0fcecd48218f8a932103f39d,ok
0x178797f54ab24d7b75e25de0c04051a6e36cc1b5,3,0x028eeb721ecdda112ac9fbe00adc433299278c1d9217dd0aa8b73289e5bef1789b,0x048eeb721ecdda112ac9fbe00adc433299278c1d9217dd0aa8b73289e5bef1789bf40a31e654302c1645afb737c296ed29dba39f62d7270269bb8cf9f6c2de9150,0x92569c46560720c17b6bd5d4c90b6fab4bd31ab7c1339d83ca6a7d594ff40019,ok
0x857d5884fc42cea646bd62cc84f806aeb9a2ae6f,3,0x03ceb973e719a3da16e687e2926e34de92d1a8c42eae33e464cd7681de00597c49,0x04ceb973e719a3da16e687e2926e34de92d1a8c42eae33e464cd7681de00597c49f30bf828d85f3489a084bdcdf1a2fc94f68efe39d4b8d29f60fdccafba6c7749,0xdc34901017e505dd240215a8884246aa4fed2f02addbe74f6065ad74bb0bbcfa,ok
0xee3dd252a1691ca12ed60e0a3df50f8ee4e420b7,3,0x03b70403cabb3a17788ca87ca744ee4ff66213994f2759674751b85f291f6671e7,0x04b70403cabb3a17788ca87ca744ee4ff66213994f2759674751b85f291f6671e745959eeb494d06dba19699d765dfebb94e770c26ba936755bcd967f04644a801,0xb033fad70f55aeae48e336df22a7721b20e7eedaf14c32c17e69667df73a8a0d,ok
0xe9a0dfa349bd7af1bfd68dcb6f39c93cbfe541c0,3,,,,contract
0x551e75b7f324f7c4fce863db2898ffbd85e379ff,3,0x0244b5f023b2a054974205850d7a0c3512252de49a65d2f68ae19e79e6dd60d047,0x0444b5f023b2a054974205850d7a0c3512252de49a65d2f68ae19e79e6dd60d04705fc702419c63be9c49378430f33a2fe63770af978483b95a6237214e7d3835c,0xb1e2c84208f29fd50e0472ddfd68bc668e080e3ed9f700f20dd84288a9e126f6,ok
0x7ee72ba89de8d67736319f445636495fb52dc063,3,0x0206686b454669028ac9c5251bf2d20ade32606c0a2df2d6a218f908cd9ac34911,0x0406686b454669028ac9c5251bf2d20ade32606c0a2df2d6a218f908cd9ac349118e2a3acc11eeea6cc58a53d1cda784ff37458b494fcc605da76ccda0f31fb296,0xfb8bbdf8a2d1a7752bcb8a1951329a179aa03c81170eca66053b2028d5605480,ok
0x2cf4553b684b64f4b2e66201768df3fda8d0c7b0,3,0x03326457211576f72f1238acbac5130895db3af3ffc4c026a46548c00c44b69b4d,0x04326457211576f72f1238acbac5130895db3af3ffc4c026a46548c00c44b69b4dfcc0d558256c48e0eac4ff08411c768519e28bba61599688b3734e05c58f89fb,0xeea2482f729e4ff614f50c99440a7d633afddfc0bbd4c7720ebeb53e58726d38,ok
0x3ed44949a90d06b6c3349f9e1b2c3b6df2fa39c8,3,0x021cd1d477953494968bfa5f4ea99a35a90613cdc00c6d63e382756763efc2e176,0x041cd1d477953494968bfa5f4ea99a35a90613cdc00c6d63e382756763efc2e176fb6e2c519be274c349b1982f64be5ee6298d0477568e07fa5ed1cb5ced785512,0x44ea140105bd52979a75af16177bde2582d686c9085bac18699fc8b570c3471f,ok
0xfcb4ca2e553eccc923bb40b4adaeadb32d4d4904,3,0x02c2a4f618d1ca39c8b8e6b6ba089056dac679fccbbbeef6c305770839a09ad03a,0x04c2a4f618d1ca39c8b8e6b6ba089056dac679fccbbbeef6c305770839a09ad03a16260569eb4c5cd059fa84ee36f7d8482a4a6a306a02a568fac0eed2e16e1e8a,0x075751704ae30cc3a0b02936d1ccbf5aae6d122671b3ab5ad660b5bd74579f05,ok
0x2683fd74d76fabfa96b3f71f291adb461af82c8c,3,0x0359e30e6c8e4510cb7394621e362c4ba7fde5d506fd60a5d6f1a80c991e0f6f95,0x0459e30e6c8e4510cb7394621e362c4ba7fde5d506fd60a5d6f1a80c991e0f6f9589706e7a03a80d57e9039d8bb6c5ce52169bb51ed4a826d1b24f96055b974ded,0x2960e5a719a583a9b3f2a61a9a056763062bb2ef528da02ae80b884d387b59cc,ok
0xe3cba791a2d84e5b7c918ecd7545eb4413f0f1ed,3,0x031ed99bb6e26c5b58cfc7c6a9a08e3341d335245fb1cdca04ccff2d0bc695ae86,0x041ed99bb6e26c5b58cfc7c6a9a08e3341d335245fb1cdca04ccff2d0bc695ae86b4caa4b4dc3f8bc91c05801b7d34c5f97b1f84419aa097faf378001bb52d7b9f,0x3a0e8cada227a13b75bdc11ada1d4e546cf4ce8b44091550b00a7eb49afd923f,ok
0xc685bb1b5a41faafa2828518b9d2d5e5d3eebe0b,3,0x0217a165ca1fec284103ff05ace980b8a614b6b227dbd58c797e51f55b7c723074,0x0417a165ca1fec284103ff05ace980b8a614b6b227dbd58c797e51f55b7c7230746c1423510bdebf9812451db8155b406853ac2f6f71b6641daa3050eaf4e2572e,0x8508838d098219008755aaccd02d01c812a1c5a1dae1886f744bb7a36a7021a6,ok
0x25e25ba87a86767b738a19084d6d38cffed2a5ee,3,0x029f12ed82700da336d93e183bc07a3402de8d64e62e63a9d691e7c98eeed3d5d5,0x049f12ed82700da336d93e183bc07a3402de8d64e62e63a9d691e7c98eeed3d5d53a2af7b825c539871c34b95c8afa7327f2472bfc208e751669a0d985e83fa2d6,0xd4dadf92ac470c734f9c34b0b231763ab2cb68836cb0ba43b9b384dd9d7db272,ok
0xd657c0a2a4775595f41a9c84800db841a9b1cd5d,3,0x0303fb4b6045c992a4d1d5fd59999a30c203164d4f2718df9372342d30bded425d,0x0403fb4b6045c992a4d1d5fd59999a30c203164d4f2718df9372342d30bded425d78f61976ed9f4a157b5de5a5df5428ad787a6f3729e8d54a11722a8590375dbb,0xd7f59bf12297d51ba3f3c6606143163ed52985151a2f848f71092f1a6d89f9f0,ok
0x8e4c50bd203e1678858808dc747615a544f4fc98,3,0x0368e1ad34c80159602744c6e6ea50087d567c1217cb74c5e275eeed8dd8bd3b81,0x0468e1ad34c80159602744c6e6ea50087d567c1217cb74c5e275eeed8dd8bd3b8125d4ba67e63f931ab94e4d6bd52de937aaf377c190d214fb52732fced0c02d9f,0xa07c1fefda761b807e3b6a74a2699ee46d6c24635ddcf2580b2ba485d61271ef,ok
0x31a3f45b960367860e3e56dc7545a65479bd0311,3,0x020171969f5abf6796c9eec024235c5d805d26875c8f68e0b7f157390cc70cc8d0,0x040171969f5abf6796c9eec024235c5d805d26875c8f68e0b7f157390cc70cc8d09a3b4551a06fdb5abd739add20996c9530440e5cf24ef6c015a2fc7e489077d8,0xe2d61c6a0ac0469584f8078d89f0f5ff8f007062f2ae9d8e55c56a50b1f116ec,ok
0x76ed176df46efcd9540c3dff138964afd7f0e874,3,0x03776b0d436b21e22f072309be06028618b9ef044fd6c6e07bea31cf9a12b2e321,0x04776b0d436b21e22f072309be06028618b9ef044fd6c6e07bea31cf9a12b2e32100f93bd7cc4d2abdf0adc9d4317ac12a8c6be34e611e601dd6cdc311f86442d3,0x3e72c883593ba6b32bd4df74420e3e893e15d94dc78bad3d00aa6ec7312ac308,ok
0x0cdd65d3e6e80da2e5a11f7c1cedace730372d7e,3,0x033bbf09973a97b211bfbcc60c04b0cbc0d51e6005a54352df5022c80e652bc204,0x043bbf09973a97b211bfbcc60c04b0cbc0d51e6005a54352df5022c80e652bc2043d1b477e9d55315199b6d153e255535421dc2ac5d5464174d1c1a2e6d6f24867,0xf28386e707ebf8060e4fde61eb41cf55ce31675dc965f4df84368ee421174e09,ok
0x00167777e0daf9dc2d3a76195ab56e857ec67ab2,3,0x02c9ea60f4bb7590cce9cb40036039d0f830bc15c1a7fc27495564887b0ad46186,0x04c9ea60f4bb7590cce9cb40036039d0f830bc15c1a7fc27495564887b0ad461866eda4525da0ead23332b663d2d24b39ca6686e787fd866792fadde42a07364fa,0xff7dee3d4e0659642036072afa683c7d10dd27f7ee9751a96ab72722f5160ae2,ok
0x01572de0e62e6d3e689a9d9ed93579749fb991e4,3,0x0264279343fe3b1be5400beaa708a2c16d94f8a66cc2609e0584dbec7a9ae8ffda,0x0464279343fe3b1be5400beaa708a2c16d94f8a66cc2609e0584dbec7a9ae8ffda7ceb76e350a9d9aa848779e8b0d2f41f6bb94ee096293760a4ee8aad2ddf2ce0,0xae39c1f9e435207929dfcb58489ce8a7d5dae655384ec4a0046d6b642978f3d0,ok
0x15bc0008e906c2fc4e3d32967960e5fe98ac08e3,3,0x022a7305e2d317f3e13c8b6efefc62a63a2812ce54aecee6d8ec2999fe46a1b421,0x042a7305e2d317f3e13c8b6efefc62a63a2812ce54aecee6d8ec2999fe46a1b4214ee7de280eac76bea789ad12af18ed6aa40a072e001e068d41bd0201d856e476,0x5e03ab733de2a2b7475e766a6be0ac4892fabb0b2d79e99afbe4ff8afbb9d6b1,ok
0x4c7c3d053c41065993c57d09ac015cb39431dce0,3,0x02880b71f384e655f18f5d2b116ac75f81f474e4ce7fb3bacaf4a1e58df676b9b9,0x04880b71f384e655f18f5d2b116ac75f81f474e4ce7fb3bacaf4a1e58df676b9b977945a0a8b9f394f0108e844be91b52980287e8566b2163f5fab71b31093ac5e,0x63152d18a6543fe43365d2a495f655198378180d60037554c8538889d79e6461,ok
0x67979f4c85b72786df0c382189285c33e3d22fa4,3,0x0315f7bbd90d4199dbb480a2e2415143440285238fc25f8d7c9fe1bdd3a270039b,0x0415f7bbd90d4199dbb480a2e2415143440285238fc25f8d7c9fe1bdd3a270039b226193e9c16c177ec275fe9f92f27929225aadc77633c7dd37e2e5aecd65abfb,0xc38a1f23590705cc5fc786d5bb6342135b4a85f3336c1a6d5cfcc81f68971330,ok
0x9a71ee60d7e69860f7e4c05a6a8f91b77a0494f7,3,0x0215352fbd935103ef58107ce91ba8cad0d7d367e66446d7cf8c3578f4086d9ba7,0x0415352fbd935103ef58107ce91ba8cad0d7d367e66446d7cf8c3578f4086d9ba717401c6114b2478c7dbd2f8dbec567c0cee02546988436e3f617aa152474ff0e,0x57af7caf8a56b83e1a8c4b349b888f64238059ed7a579c4d4f30e758a12ef29a,ok
0x663e6556f519942a4b679b810cac7cf7b29e6197,3,0x03a221e356271164134df85cd4730dd2aff5112fa587f355f01b32bb5ccfa09871,0x04a221e356271164134df85cd4730dd2aff5112fa587f355f01b32bb5ccfa09871d4339b3105b593a341f7f856af3d105ace9fd4934013aa85d7cb78013bd5b3c9,0x3dc974b0f17dd222ad4cf0d77c9c0a2df31af8572fc62812015a38282d5ed161,ok
0x56e773b0a620205e9f72265b6013b65b84c2c4af,3,0x0361d85835e4baf4b56bd086bff5cd81c43442db59ce3f0680cd67986165d7a9bf,0x0461d85835e4baf4b56bd086bff5cd81c43442db59ce3f0680cd67986165d7a9bf162b71873d89e74181193ddf3c2e97b1ebc600d9916d96b05b1906ee521f490b,0x766570cf8cc0426af47555f9cffeb1fa56381ebaa530e7e2be0a6fca2076ad6d,ok
0xb692845ba589757cbc2982c2e32656ccf0080e9e,3,0x02d5f2d3e78b8a4c6b29205a0c994ce8fd7c784aa6e1576840df71e649bd5dd4b9,0x04d5f2d3e78b8a4c6b29205a0c994ce8fd7c784aa6e1576840df71e649bd5dd4b9bc17b024d4a0b88939b930d594c5f95440cdbfc4e7bf9224a34423ffc32bd18e,0xd815ba3ff2e9dc29347e8d452a313e0d91bfcaf4435bc00371fff1ade6afd498,ok
0xf208a854d8dd608ad95644e7ca3a59a31aacde9e,3,0x030991032015283f15f282c5a192582746df591c50bf7145c47db993de09881996,0x040991032015283f15f282c5a192582746df591c50bf7145c47db993de09881996aed797ff5890dd0c69e85691c60a361941d0f46aecf5d91c4ccc8e24c8726ce7,0xbb0150ee4832eab989962f5b18406fc2b3bc42f38d52a33fa7191f3f71702e8d,ok
0x3d57adfbf9691a70a46df1abeaba45cf8f1a2b7a,3,0x021c95bcbab9c905f68f82329e7fc023792ac753c0ef0df08a95b555f636af8ed2,0x041c95bcbab9c905f68f82329e7fc023792ac753c0ef0df08a95b555f636af8ed25b262bac224284553c3ac8177158f33ee5a8d2f1888233f7bc10ed0856e32ac4,0xc54dfd5d87dbe69cde091cfc36ead8c98d579f89bd00f147b3f05b1d8199a2dc,ok
0x330afedd6c1c40e42a01a5f57708fee766242582,3,0x039a990309eed1412a50ca9d772eae7e2c3ef208646a00e7e0e4dfe58777faa4fa,0x049a990309eed1412a50ca9d772eae7e2c3ef208646a00e7e0e4dfe58777faa4fa8559aab9665075e10d55cfd94449cdf4b2258dda378f9b8a0f71eff98699052d,0x64267c548caccd6b6f4ecce838e4c4134ce5f4bd1ecd4a461653f1721177c763,ok
0xe1108780c0b44a0dc8890ff32761f1b4887fb851,3,0x0246ad027a1ec70703f8e01917edf24f30b7117b0b355d5451d2949a55511c12e5,0x0446ad027a1ec70703f8e01917edf24f30b7117b0b355d5451d2949a55511c12e502690bea6a1aed994d14e5b1f1f57f5bcc108f8768841da6b38e9c19e86e0700,0xea35a4e662626549a44c18e4f80cb2ffdef264d7fd40c65189c74a7a9daf15fc,ok
0xd50daa26f556538562ba308dc0ed45cface885fe,3,0x035c6c70e33dae895d68a7d5e9aae6fcc18313cde792bfc0d49bc9d329d507a4be,0x045c6c70e33dae895d68a7d5e9aae6fcc18313cde792bfc0d49bc9d329d507a4be48124aed95a258854d14d68613382a3c595ce229c0eb50c389947cd15ce660cf,0x605261392ce4a6233abe1fb60492e117450c3a47540466800e892ff44bab18b2,ok
0x365c066774cfbf9659c38a43869ada887eaffd61,3,0x03d0097a5e48a6d5f4c275e1c8c659f745a929e432dea3bb1a8e48e61cc2ed7d03,0x04d0097a5e48a6d5f4c275e1c8c659f745a929e432dea3bb1a8e48e61cc2ed7d032eb34f307efeca022c4922538caabff8b58c25bcce9429630427ed06d66b82f3,0xf0935bdd64c46ac6080411076d8e7fe1ed2f428c2d0b5cbc6ba209eaa73a1b6f,ok
0x28cab2455d1d1b8f816e94badc446ca04a98581b,3,0x034108409952b1e0582c5a56d4736d963c9d7c91f74afe4f5a118aad2ff4d1f2ec,0x044108409952b1e0582c5a56d4736d963c9d7c91f74afe4f5a118aad2ff4d1f2ecb36476d44814bcb2069d09acec662d0e0425d557012e2655bcb4887583fc3745,0xaa364db83d32b752af1bd262611a59b551b5413ffb87b771aa10c6f5cdd40705,ok
0x4e8c7c35eb79d34db345cb04f4bc20ab6566c0b1,3,0x02ab55ffc4c6ce7e63c6944152cb9576d8d246e1e091870a60bdb91ae61d6d90c5,0x04ab55ffc4c6ce7e63c6944152cb9576d8d246e1e091870a60bdb91ae61d6d90c5d611d2bc32a3a1b62d3a0aefdc4384eaa3cf35a0d890f94fd3f4714d92ac2908,0x554ba72a5f6ecdc90356c6bd81c1ed5c052442ebce2c8a10874a4a417ec0493e,ok
0xe7769e9c195c58de50b8453c76cff98e4c87c50c,3,0x02707b5c373cf5f54007e9ec618cef9c9b9281d50942ee50b63e4ba3b75fb60771,0x04707b5c373cf5f54007e9ec618cef9c9b9281d50942ee50b63e4ba3b75fb6077192f0ac9bee6802bfaa455c6cc730ba3005fc41e3d6d57b034eaed7c2ec093fdc,0xdc4c15c3869b692e5959c04bb83794d3a250060177bc04695708d82afd09ea62,ok
0x4782dc6a55e7d7f96314807d9d5513d565eef948,3,0x035ea39e4a6efa61c1270e5a6eea289f3731380fa016256a1588182d236644f346,0x045ea39e4a6efa61c1270e5a6eea289f3731380fa016256a1588182d236644f3462be77b20ae4ae968bf7b880706dd7878149dc588aa810965312c376af5f87495,0xa3252e865b83a340b21ca0290a5c50f0281824a21928561e55677326a4c39c29,ok
0x72e8656dc46954c53debe1ce5b018819e53ed709,3,0x02473fba6f4a6c5df6d3e9115e5f795b63335dbbaf35658fc39c9b6036e65f1ee6,0x04473fba6f4a6c5df6d3e9115e5f795b63335dbbaf35658fc39c9b6036e65f1ee6055d9217109a2de773a5fc9b0d134dcab2e9f761d2e444e42a0e91cb47bbcaae,0xc8c57b31d5d0c8fbf3cb25606af70aa4732b561ef512385b1b5790ee12c8b274,ok
0x17b1cb1ad28e8e8b038139e95cf6223ee7e8b572,3,0x0289daa1f0530ca0a7f37c0bb0d8e5cdb8a82ef8c5b73a7875a9bb36cbdeb75786,0x0489daa1f0530ca0a7f37c0bb0d8e5cdb8a82ef8c5b73a7875a9bb36cbdeb7578643e333bfaf54896817a6ccff653cd4b1deb890a7cdafb0b39e2202ca3c91792a,0x7ca8f18d694ce44875e4583e17f391ce09847cc289b39b59c76de49e9e970c92,ok
0x3a49309413793b32f6a308769220147fedbffa5f,3,0x02aab59001556f514fee8db09263556496b170be8e9974b81543caafba4a0794e8,0x04aab59001556f514fee8db09263556496b170be8e9974b81543caafba4a0794e8ee5e0fb2a0b765e4b5e540d27c74f31fcd7730353985d48fad04ba665932a87a,0x4e2c4fc056a62efc1250a558e2d1c624533ecdcd9b14fb3f0514fb0528dce04c,ok
0xc8dd40ba1bdb6a3f956904f02b14db24013b8b5d,3,0x02bb75aa7b27faf0ad1fa6e8288261b03c3803bc0156035e28d0e89ed7539c4306,0x04bb75aa7b27faf0ad1fa6e8288261b03c3803bc0156035e28d0e89ed7539c4306905c3239de5db4659b8f8d2480504eca9098a023606cae66af17640ac67c499e,0x56ce3d53caa96e35d9246a4e01b4b7fe66d8ce341b60515556b658d4f98c4dea,ok
0x403802ae6ee64251f3c6c873b47a41031e3c1879,3,0x02d8be80b47d9c7b1b2b41b904be26890c43d5f4809c02f0f85f199b8193f28d77,0x04d8be80b47d9c7b1b2b41b904be26890c43d5f4809c02f0f85f199b8193f28d7737a2e5b07b56b0683c62b437b6debb6b8a617e508284e3bc0ad4521239237fb4,0x634898720fe76a381cfe4f6c335ff71fa5c55dab5a7d16cc016a017e3dd7009b,ok
0x2f9d0e4aec075e3305e734b7549ccb7328b2aaed,3,0x03d69af33b8b14583af48215e214dc93254bf1fdf9209f739e9dd983b823ebcb3d,0x04d69af33b8b14583af48215e214dc93254bf1fdf9209f739e9dd983b823ebcb3d3a694251c274602af04820037e5835d215aa7521d2d4c202e11f94442e9cb1e3,0x1e0509269298e05a951fceb557c7805b4d3f9a61222fdeac409a6efc202d63d0,ok
0x37ee21f7c37fce696e9fa286831580bf6bdeac19,3,0x034ee887b06d35ba61412ba2197916cac5e8efa020e953c932842a4745a31cc013,0x044ee887b06d35ba61412ba2197916cac5e8efa020e953c932842a4745a31cc01352ef94491ff7645fc00a19357565128bf49fee3c818dea25b1c803ab02b1ce6d,0xadee2f43f4ce0f02b89bea7f61c47c0bbb36f31565a88db892ae1f6cb5c2fc9f,ok
0xfcea932ce672b998d3d06eaf140a3ef29336c30e,3,0x0290183b37355310b8374557da8130d54a03479dccc0b2ac3334e5062d95b8d555,0x0490183b37355310b8374557da8130d54a03479dccc0b2ac3334e5062d95b8d555e11fceba2afca882b301f3fcfee73b7354e5e254dce8d613cddedfea9e5e34e2,0x75d8b71104c800ffd3b337b06375ba7792a7774bdddcbf8f96abc79f80eeba09,ok
0x7703e55f30b0d295f04797de0f8c290b69f831d9,3,0x024b72ece5e996e7158b88325879c31ab751c3417721ba73a7ecc2a3db11cde101,0x044b72ece5e996e7158b88325879c31ab751c3417721ba73a7ecc2a3db11cde10199f599490790de60188a3e87dd67c110e51868d08ad41f56bef66ca760529c10,0x301d00778cd057245de5d3c01d7989c5ac40ea307b784c42309367dec8d0c5c6,ok
0x7d636749537d3488d02169c2a988653c95b35d46,3,0x02778c0331f127199448de3fb51eaf0d29129db832ce8a00f44c626909c5c3a42e,0x04778c0331f127199448de3fb51eaf0d29129db832ce8a00f44c626909c5c3a42e87466d6587a4294cfd8827580c57ca6d9ffbd19de1e2d34c355db78cf5b0577e,0x93822858c8945e98d3e14f3dc00d30d40537d0fc2ba2517b4b6beaa90cee743b,ok
0x6f0afdf97bf823649f0482799eb094ddbceb1416,3,0x036d994405bea79e98c6909ba78a29631a34cb7abb60b79c458b66e65335037349,0x046d994405bea79e98c6909ba78a29631a34cb7abb60b79c458b66e65335037349b5586ae770558303a6d15f7d30605160fe2e8d8e3f6409a0e9a6b3f623137ac7,0x394a1221c789114666b6e5a316b571260a16db62adb651842f4ad40565d5332e,ok
0xc6503fb7c752d28ce022cca884d7c9e45c380659,3,0x03294c6257dc4f787d47e94d03e5da9cd450944f557f8a7f01a22e08ec9bf65599,0x04294c6257dc4f787d47e94d03e5da9cd450944f557f8a7f01a22e08ec9bf65599b22db33e87e6e3aa8be9cef878045e4f89af5bb6100adc61c14a5451379c84a1,0x85efe46ec6d574e8c596fa32f9182f2f88ee4fa07d807bc04b74eb75c958ec32,ok
0x9563270b085e7ab23ec3bbe146914bc9ae733b6b,3,0x0319fb957d13ca4a299bcfaa1edee7991ec714e87c375a5a31f555004cfa756e47,0x0419fb957d13ca4a299bcfaa1edee7991ec714e87c375a5a31f555004cfa756e47d6688f33cff371502dfd02197ccc2e70052a377e868b46d5eefbd693424c8fef,0x0930f25d903150b2c05d4cbc3574b80e0297416b791b613f673a94aeadb80fb6,ok
0x86a083a6c89c46fc244549243cd4342a7566f80f,3,0x02b6179aae4ef47aa752472d5520d0200920ff31b024a2ccefc59479837befb8dc,0x04b6179aae4ef47aa752472d5520d0200920ff31b024a2ccefc59479837befb8dc3d511e8b26de004ee0122db1b9bfb1c6714e7515cb8e70e1b4e56f9231bb115c,0x7d082e188d874c774ce74a24c0d56aee47c53da381acc692dd53e4f519d4776d,ok
0x7218f254d79e612cbefb93c9c3dad295eaaf9501,3,0x024682b223a3846d26d0bb34b4f5d840375645a04fb7f9846576d6edc3963f36ac,0x044682b223a3846d26d0bb34b4f5d840375645a04fb7f9846576d6edc3963f36accb1e95dd4c29020d60f9fd8b5d88de7e18b92bb442e76e7afd9ad216f77e206c,0xb5e2057e97cc13f71d4d50527dfc40fe79486b47930607db5100d8a2e4514783,ok
0x69d7cf0ce35779098f0356ec56b03b9ebebf4c14,3,0x0270c7b5b96b01e704665e5f9f4d2bfdb044749f5f671d29c64985b84539704612,0x0470c7b5b96b01e704665e5f9f4d2bfdb044749f5f671d29c64985b845397046122be266e9affd2ebd8e47485bfc991b48e5abceaea1f7937091a8af4113cdf0b8,0xf4fcb338f890eee99a9567c88477481652b3687c9889a282340a1060cb0e0949,ok
0x4f95534b4371a4781ece981b03d73b584a995b05,3,0x03e2f3ff2deffbf6b883a5caef78ce49912c75d1c5b4c8822bf454e45c8d3ef807,0x04e2f3ff2deffbf6b883a5caef78ce49912c75d1c5b4c8822bf454e45c8d3ef807c4e4a72926a49933b2907230de176386f9cf8bcf946ea70a322f8641b241e3f7,0xf47dd2432980ff6611be5e9b448948fb9977da53c34d11254fef1ed01b42fe43,ok
0x7629c01686e48282e7a4f1146e1abdfe00d4162e,3,0x033783d6c032874c5981dc4540c733a79224ce15b51b3e2f5abe2c45c407d6d07c,0x043783d6c032874c5981dc4540c733a79224ce15b51b3e2f5abe2c45c407d6d07cd89e54968d0e40a8458f3170408f42d22cd404936c4e2995ab64efd5557365f3,0x010d0920c90fb5ad46da38b76a330c60b10fd31b238eb58dfc02adb9ec2f713c,ok
0xe70a57b0cf1970a9cefabf4669e43822d5196b80,3,0x03df88d1fde82785fe31b975bc1628b177fc3b90883529e50377e5b8c3a9bceacc,0x04df88d1fde82785fe31b975bc1628b177fc3b90883529e50377e5b8c3a9bceaccde9f18b78c62a7920abbbfbe00e095a5be789cd99ae48fbf84f86ff960ec49c1,0xa7dd5132cfa010d6ee74e93b5981d3ea5b6b0debecde9dc3f83695b58d33e2a2,ok
0xd859d03b22b16691733473a1488ed4810f62ebd1,3,0x03f5a5d1ce61a151d1cf0515664cc47f9294af83619a79a6ee7fa328dbe6bd0294,0x04f5a5d1ce61a151d1cf0515664cc47f9294af83619a79a6ee7fa328dbe6bd029419b8a8ea800294d1a0baca71e5604ff3a7ac9309eb3305c6a12f8e516ba643c7,0x648dfef4d3b2ef9730547afb37ecc6655b3499bc50735bc018a670caeb13f29f,ok
0xabc4556fab927b0768aceda31ef47268b8ff2499,3,0x02a9555f95f38535ff40f73782f292b6775376e1a419fe94830da84c73dcb79156,0x04a9555f95f38535ff40f73782f292b6775376e1a419fe94830da84c73dcb7915699f5e4eb1e98002828bc13a238e27e9154fc7f5004c4b8d926f9f205732fe322,0xd28d6be8ccc6fce5f49fc1d22a0a620ddd3b63ee7598ce24de0012136ef936ce,ok
0x8381176d4f288ef45754f0226689554d4000dcad,3,0x033614e3fff8012f95d2dc484d03ab45ce0f8e112e475b4ef85622896d7a0df4ad,0x043614e3fff8012f95d2dc484d03ab45ce0f8e112e475b4ef85622896d7a0df4ad92bb9159f76295bd9850259f3d6ea3f63837cd7432e3affbf4f045ccc459dd2b,0x1642132c11f9d676509e3b11bf39f9ffe9de376b3eb7c1e69172ecd41fea0a69,ok
0xce54b77cef1f53e968406d1d87b145a840f3ccfc,3,0x023ab66c269c404220afea18c1361eae25215722da1a31bd9f9a4cb29d6aa91d43,0x043ab66c269c404220afea18c1361eae25215722da1a31bd9f9a4cb29d6aa91d4335ac5071173173a1643de5753b6dcaf4daa964ed15ff864a16d5a952697728de,0xd20126b788fce50947688a70c0650bcd789ca9515e0016b413ff6016af2339db,ok
0xda007a8dfb10cf1855a6b054b5ad515914a5adc4,3,0x021adc61287192088c8c29917b39b0bfa10c1279e4d429e6628180a6db890911b1,0x041adc61287192088c8c29917b39b0bfa10c1279e4d429e6628180a6db890911b166e5e3ae329ab22ae55bfc0323266d1a02c809c055bf6835d8879cfde9deda1a,0x21622fea2eabac0c1c3df3a190290f30032cdb012c8503919497a7c7ab14b5dd,ok
0x366457456f7dcbd9c2ab3ae30068033bf8d600c9,3,0x036ca1b5e62efd2d938fd5b6add263611ed7691b4d98880d0da174c75bf59d2a1c,0x046ca1b5e62efd2d938fd5b6add263611ed7691b4d98880d0da174c75bf59d2a1cb550b0e15cac8c4340dcd81c1ce2d83834e121a06511aba4bbdd6d3f1c0c2c89,0x9b70e8346f53064d3dd623425c6aad4efc8a8b4acaf8328c435887fbf24828d0,ok
0xb6ed8218eed72fa69f28ee64f9237d4b2b56c334,3,0x03478b42b07b803c009de33c224a61be3498e347af83ab0b890769a03cc71830c5,0x04478b42b07b803c009de33c224a61be3498e347af83ab0b890769a03cc71830c5b2dd1de8eaa924cb803250b9b8a3d6ff03536cd454fb157fe665d628397038d5,0x0cc775a81b936e5a6a269c0a4a23612eaee4972594acf75f04c2d6198e8aff12,ok
0xeb2560b6226b45e9d460c8cfa074a85ef9f8da31,3,0x03dee545a14c5adea92dcdc06fe7a5ead9030a00f7cb399b22e13567e3399febb6,0x04dee545a14c5adea92dcdc06fe7a5ead9030a00f7cb399b22e13567e3399febb6ed3f338ec780a58d6e4e0611dc1e427d700af96dfa189b3dce6edb525f5d1421,0xc53d26108885504d9bd019850f4628baf44789eeffd0ef7b8ece0eaf6da03b62,ok
0x1d197fd4e7975efd21add0ce3128c488bbd70b83,3,0x031f1bfe8b5d7b6bd716db6910b05e8e82c2ddd63c3b32d8bffb6727c84b62648c,0x041f1bfe8b5d7b6bd716db6910b05e8e82c2ddd63c3b32d8bffb6727c84b62648c243aef920a37def5aef4a5c426828765a1a6f90e8264fa4dc2efd23ce367b411,0xc4af2b2a349baa99bf82ac015bc6df93a700b120ced8963e91665b327189dd09,ok
0x6d90a2fa563c1c4dc9f5fd8f3618797bdc48675e,3,0x027f9d2dceb584a869f069297c9eb6b46f8ce6c0736e31fdb65c062b551e0ab355,0x047f9d2dceb584a869f069297c9eb6b46f8ce6c0736e31fdb65c062b551e0ab355ae3b2b3f7be87b0e4f5e36b1e3ed67dfed7033ef88545199eb64745fc1132890,0xa8906e0be0f4289f45ce0fcaea2b2962001d04662d23ba5de8a10a24d8c3a7a2,ok
0xe6d073b5ecb661f829cbb5d7aa319f19c1b102b0,3,0x027ed9455e0aca7062f8ba7e12878556ac5fbac5e263ec93340d61e9c1aaad1d42,0x047ed9455e0aca7062f8ba7e12878556ac5fbac5e263ec93340d61e9c1aaad1d42b43ea702341c66a32dc62ea5a8db645b9e7a5abf2f59e6ec6aa901f8d14d0ace,0xf968a04e9fbf027bd15a392648365969257f22e7fe3902c3b542cbe7b9a1f9bc,ok
0xa6fc12d81662d1e2986d6ee163d2624fab94d879,3,0x03ee69cd9024453cc4afe8012085537e4c9a30d0e1db49be35178d88ae261e8c54,0x04ee69cd9024453cc4afe8012085537e4c9a30d0e1db49be35178d88ae261e8c5451dab7d232f817166217884c9ca79ee4d6bc066eb90b4355e04a172491999ec7,0xa58b3a435879f808d23be787a1afcc67f2282ad93a7c38219aede102be535355,ok
0x7f441f4506f2dec506a52f338be68c9b029a5eed,3,0x02bf89bf3d14ec0eca91333b422d8ca9ad6c7ce24da725062435f790b61b031f4b,0x04bf89bf3d14ec0eca91333b422d8ca9ad6c7ce24da725062435f790b61b031f4bb94baf5747c5269f3853672ab431fe7d63675d3224349c052736bc38f51feaa0,0x78278076fc1a1c64582f8fc754f9e0e06862f8d6a100b61e128c17e56bd6fcea,ok
0xcaab814f380df2a628ee9523312a9587518e256b,3,0x033401adc1aa0020af45cc1e089bb992552822e1534109c2140c201f309bcceb43,0x043401adc1aa0020af45cc1e089bb992552822e1534109c2140c201f309bcceb431a39d0a64f44005ee6a8882d992efe3bf6afd42c92600dccf72d4558764661f9,0x0a180258a52e0b325f5366a0dbc8d795a2aa5a5d50957adcfcf6124cc18e8d1e,ok
0xbc8897b712985ba45a58197fd31688c0e65e8b85,3,0x0282bfc779f93b0e9db73f0553d17407824316afa8077828600791d4127fc65b90,0x0482bfc779f93b0e9db73f0553d17407824316afa8077828600791d4127fc65b905f34943520a6b7b58d00005a27a2160c25905e11f5a8dc6667e111b6c5c2bb62,0xf727e622407d3d1bfa4f721695b948d918520a678d37fd916a1e9ed5a4f4e66a,ok
0x6866b9b6ee721f37b161501c56f457de38796d0c,3,0x034c1daa7551dd89e349f3af8dd36944d51c7381322aca74e5674eb5cb4f7d09b8,0x044c1daa7551dd89e349f3af8dd36944d51c7381322aca74e5674eb5cb4f7d09b8394d5764cf45eb976d480e64d2fae57b5d7deb12012e495effd0dfb68fe4d71b,0x2a35e8d8a280cd502178e2ed70839d56e59e52035a1ee8dbb13159bc5bb3be15,ok
0xa273e60cf517b656a0ced3932d5be2d84bbec1a3,3,0x03a3ae9ca58fbfcec8fad992676d2ea2307bd007939651481da27eaa1f42ac0354,0x04a3ae9ca58fbfcec8fad992676d2ea2307bd007939651481da27eaa1f42ac0354d0ddc560dd9f300f31c866cd1f864c2ec280e6d5672a79694dc1db01989ed0b1,0x412bdd7c0e476955fd581c0ebced20c8fb3ca5199702c5b253ebcd36df787781,ok
0x7885811c1bf44f43e68624bf15df8c0b5155dc4d,3,0x02e74b9a2b480218a0c4c3053d89b8bc29a4587e6195c9d38fd827e628ed3012c0,0x04e74b9a2b480218a0c4c3053d89b8bc29a4587e6195c9d38fd827e628ed3012c04a5b910d7bf113bbdf20cac66e1ef5556029e9be9abdabcee385d351eea58776,0xc526195816f4cb600e39b1fb5b8c3075b3ed59dbc7ad06115273c37ba585f082,ok
0xf5116c846bba3a3b025f4762f09a2e36e2ba2c93,3,0x03e431329dde5d512fdec63e8af02c905cde6b936dd8bc9834e206651ba1aa543c,0x04e431329dde5d512fdec63e8af02c905cde6b936dd8bc9834e206651ba1aa543c33e87ab9ebf5f28c7534966cfcf8a2f404f815337e6d6098cb07d8fc381d6227,0xb2a0a8f3007e2256a1ca0e2677471aa5576a38aa77e85063084afb04b3b94b0c,ok
0x792efe6e2029037be6d9072b85bd2310f6cfbcb1,3,0x0258f98b15f66e39eb6adf1476f93784dc755990e69c8311cd81de33ed32d51be0,0x0458f98b15f66e39eb6adf1476f93784dc755990e69c8311cd81de33ed32d51be08cc7f32a091e26c9046da6a602de269c873c2f50034082dc3f1503ac4e176c6a,0x7155ddc369161215b1329b036d33d52cfd84c7c2299fe032755b876d97a50b3c,ok
0x9f5eb697c22a1e0bb3f36f3cc01718890ebd7a70,3,0x031defec3bc41a466ae6284ddeaf458b1697a896e3f3e9657ed7170f21ff85aa94,0x041defec3bc41a466ae6284ddeaf458b1697a896e3f3e9657ed7170f21ff85aa94459407d5b36fca86052dc49ceab917b1a4db01f2b883223f886b5f25e6cc2277,0x8af5c0060438c0956db2aec9541c4597a93d0840a72be5119f56198dcc7a7fa7,ok
0xac9eb11e6a9f8b64d6269821705ef3573ac21035,3,0x02af422aaaa379053a0220b560f50dae5f31d0d716a7efe45608f4b5997c1f8e15,0x04af422aaaa379053a0220b560f50dae5f31d0d716a7efe45608f4b5997c1f8e157cddde30674578f7657370ef4c4e9c75800d992828258dfa3344eb0083ff22c0,0x9c4dfb4d579e6896993dada142be9e89cd3e0ec9c1b778d8f12589d8fb60466d,ok
0x4eea5f8f0a7e8eebec69dc0b2fce64560158fe0b,3,0x02266d7f8b3e65a6cdc7c40dd2c6254e42d840dc0aadad92faa5113ad09df527d7,0x04266d7f8b3e65a6cdc7c40dd2c6254e42d840dc0aadad92faa5113ad09df527d7909fec95428edd4155804b4552b6e3f7991c289d298a8ec1f751b2dd4523e17e,0x1bc83c2aaa95580bab5d5bfe496bd49f3d3d9260e15c9a18a3af41da5cb76717,ok
0xfe481d61f52e8683a121069883622d811c057d9e,3,0x031a7187d1f8340295e5324bbbbbd6b6b6ef030b7400611c8daaa3b6479a5b6203,0x041a7187d1f8340295e5324bbbbbd6b6b6ef030b7400611c8daaa3b6479a5b6203ea8e035ef427e0572e72123b832d5df7d3f4d51b88a3621295de858fa7fbab0d,0xf853fbc8771fec77e46848e1f688319965c47265166d13d8b90f4db81c05c88a,ok
0xdcfe9e4f45944f7e3d7d29a07fec252625dbce42,3,0x03e2612eee351adbb08f35e8442e27ccfbbc24bf8b76d90d8d06f13f2f40e87323,0x04e2612eee351adbb08f35e8442e27ccfbbc24bf8b76d90d8d06f13f2f40e87323b49b27283ff2710ba63bfb8d8c5c188d7c5f4bcd94a88dc7646df913bef15e5d,0x36d39d4600a4acbfced5ccea8e8bc521b7e567de4ebae39d0c24c8ae944fe439,ok
0xc2f49df29a2859064646e93c0941d4c096a9b082,3,0x02cbf0cc5f4e8b11ebf75bab2bf58bc2ff2e2559afda15928947587f0b7967e964,0x04cbf0cc5f4e8b11ebf75bab2bf58bc2ff2e2559afda15928947587f0b7967e964f6ebbcaf9a254b0dc7a7e8a561e3f71a6c0cea36d4812be734c967b4bd904f10,0xf694cc6d23d4baefead4294508c8138e19bbfa3bc233f23bf5b5e2774dd2a75f,ok
0x5b47261b018acf3ce25907ffebb9988f4cc8fea4,3,0x03e67f1f65702ed7568d7906a238f15c229c38675a691b558388c22961aa82adcf,0x04e67f1f65702ed7568d7906a238f15c229c38675a691b558388c22961aa82adcf776f43796a5b32ed3fdc7e893eaf436b56cd0f97e4dcd9189b1f38cbfca33cf7,0xa6086e569d32a98dfcec3d4799f31245570a2fd3e50968d0f14b61cdb909b950,ok
0x947e62edaf9a36313782a8d0ae4e5737d01cb869,3,0x031dd075096077f9402ff3610f0b96f88b6126e52309969285341e0e741ab3c2bd,0x041dd075096077f9402ff3610f0b96f88b6126e52309969285341e0e741ab3c2bd70406514047d9bd449dba02ed00193ed78dc259c4c05c721c18a6ccf70ea8467,0x27ee18a2e8f85c4fc52e5bc3cc582960067a47476aeb9a4cd07a55fc5d8949e9,ok
0xc49124c2a543e4793fcb086ebf1274ccdf3a8b5a,3,0x03a3a970111aa3b28bb16e6a29201b7396ed02e5a09a2cc0dd0767645d738e4afe,0x04a3a970111aa3b28bb16e6a29201b7396ed02e5a09a2cc0dd0767645d738e4afea4172e6570202c5bfc0c02de2f28d49731f08f1f4b484369b29fb9f0c79e6563,0x2fc3eb31720e43c866b1f9a7e57be181f4ff942962e6f74d0779b50fe486b721,ok
0xd87dffef1178ec502ec74668c30742129948d872,3,0x031ed1f8a10236b3e2ffa1887fd73080f33d4a76ce10a7bdf9326a1a7246fc9e0a,0x041ed1f8a10236b3e2ffa1887fd73080f33d4a76ce10a7bdf9326a1a7246fc9e0a718e1eff1e14af5ae675222d2d38c32a593aaa36798097031beb3ff0d60b6d29,0xf9e0eeb070d043d903b4770587d31a9e659f81a9776351716a2db4811453c5f7,ok
0x1ab7ad4d4a9664a91c3a372f01866db4048af5bd,3,0x0366bc3c36eba911208c7adcbb4126a58df84427b40869f70fdd14cf059802dea6,0x0466bc3c36eba911208c7adcbb4126a58df84427b40869f70fdd14cf059802dea60ed1d350d160eaef5c12d9ef5a8735fbf83edfb28039c14c5db14a66aea6e9b9,0x09a1b596c5ed0484ee30859820fe05fbda8d9a5c96412265cd8c9309b648fca9,ok
0xd4c1ed7099ecda01fb59fe1081c5706b0ed51fc0,3,0x0304d81806acc5e65c7c4ceb5a3ce4cf6cde39c5cf28e8de4421576ffcc30f7395,0x0404d81806acc5e65c7c4ceb5a3ce4cf6cde39c5cf28e8de4421576ffcc30f739575d7416fe69541aff50854324cb59aa5c564e5a7627b261d92dad3dfba346dd9,0x7adfbb21dc0db2b34f4aadeb3cc707f79304a14e74bfc7a80d3f8650cf049e61,ok
0x97db0e57b1c315a08cc889ed405adb100d7f137d,3,0x03ceca7a4bca404982f88b31dbf2ce98888aa9a67851d9dc95f3163dedda80a9db,0x04ceca7a4bca404982f88b31dbf2ce98888aa9a67851d9dc95f3163dedda80a9db59a29e025fbea938010f587037cdffa26ef46759357e36db976ec829935f758b,0xfb6e7516321b4e47af7203a60fc4e9b313e7ca5134e67adf79fb2d08a172b548,ok
0x96e57150058c769a6e6c5176a9433e30f3326cd9,3,0x0245a1355cb2afa34a122e74690e10f81cfb5f5f1f2abcf93330c01980209ce1df,0x0445a1355cb2afa34a122e74690e10f81cfb5f5f1f2abcf93330c01980209ce1dfc80c446396db72b79e90f9291a97c26873733aa00b8be9864d86ab3fe31a8696,0xd079067b55f4d4e268d6782c75b9295582ddc0b63454d1e52d3bd104f2578c47,ok
0xe0d07d4460b6c6990eb731673124c9840dfce89a,3,0x02095d14340253756630ad9b6fc1ba722db9bd7d5e22b594708565bc6edf978b4f,0x04095d14340253756630ad9b6fc1ba722db9bd7d5e22b594708565bc6edf978b4f2d0312a54d2c311c0e740f11a048a8d8c3076d63a03df7895bb63982452f4058,0xc0f28700cbe0d7a0fc442bfdd3de353165fd512d527edc6104e1231a869685c3,ok
0x8399fcc99346d409fa6a304521b0051629c5987f,3,0x028c141ed3075a35f78c92e50ab9cd4a3ea208131cc3d5dcf9021a75de8f68f218,0x048c141ed3075a35f78c92e50ab9cd4a3ea208131cc3d5dcf9021a75de8f68f218d007074aeb38ae5d064482defeb2f4475ca3cc86b375de6731a565f130023b96,0x8fe1474e8f1da3304696aebd2cfdb6dd699549b1a427e2778707c01245b42f83,ok
0x7283922a628154751f53019500a5156e09402b1a,3,0x02a45b179dde1ac3f9e4be6d0e5cb519b1282020ec049645334ceed0c404b462a1,0x04a45b179dde1ac3f9e4be6d0e5cb519b1282020ec049645334ceed0c404b462a1d69390080e769013af45570f9329cf277f9c44789987722a189bcc78ce99b8ec,0xcc0b4bfa529a98461f542919d4dffbbb46372af18fffd1e06343ff50302310ee,ok
0xde923df474661ddf3727c913ebfee3df0b37beb8,3,0x02cf2bd21212dc7dafe63b902449cf4559ed87be25eb3931d614ff781aced42be0,0x04cf2bd21212dc7dafe63b902449cf4559ed87be25eb3931d614ff781aced42be066daa07b9abbb0d943b53b01ed62640893dd4ac996308fdb35a3fcc7d3544a8e,0xfc3aba4a62e4af600260f2d445b568ab3bc9fab470e5a9b7ae050a41fe11f46c,ok
0x814d60499bd401eca426c86ee9b4167967dff8dd,3,0x03435821587449961b83f24f9c7ef85037ce8607def36df0597aa3eb9fdfbbeed8,0x04435821587449961b83f24f9c7ef85037ce8607def36df0597aa3eb9fdfbbeed8ed63d96d0341ce6492b8cc0f870fbbbf9658b28b5176f1f491a23f60dcefdf0b,0x818c9bfd71b8f0a7505ffbc28d046290b30df5f2f0df129562fa9d7eafba1dc1,ok
0x1dfd24205aa1e1aa0c1a43e1d3e058f306d206be,3,0x0323f9162a609592559282ac382ae9d09e750ca768f5f395da2e1cf317ab48a214,0x0423f9162a609592559282ac382ae9d09e750ca768f5f395da2e1cf317ab48a214399adae66f494743c2485668d924c95d74266bbfeafb16e8ff035dcc12183da5,0x7d7ce36d1e0974968e8338c401527454522267b0fd6ba6692cb8f17716ac2853,ok
0x90c41319d32b488b0d27b022c553755d9785d3d4,3,0x026d1f5827a5b710e533b6c1e0a235285e3b61b06f7c2970a30009edde9bea67a8,0x046d1f5827a5b710e533b6c1e0a235285e3b61b06f7c2970a30009edde9bea67a89199e9058903e68d4b3cdc1d9bd3595366d4e7ff77984db33601bdd27cb04508,0xcae12cc7555ae881d76ac79a2089950f2431e1f85ef14290f16a54a3ed2d289a,ok
0x7a47c5bc8cbbe6db4c092f96f8133112ae5561b8,3,0x023f0ea2f4dccf76a5daaa831a50ecbd9bdee327a25544632863faa0f949c52248,0x043f0ea2f4dccf76a5daaa831a50ecbd9bdee327a25544632863faa0f949c5224837d6bbe91e9364402e329277be88d34a30f4890f4cc85afb7773fe1f8180cf96,0xf1852452c3ccc1adf90f37edc339d4d1e16416063af5f76d01fdd62865127692,ok
0xe36d7c7b9d5ad9120e5599a28d2d5efc8790d5df,3,0x03a58aeba7b7b7237d528b29896901fe832a0dfe4e80d571b4dacbe65d36a478c1,0x04a58aeba7b7b7237d528b29896901fe832a0dfe4e80d571b4dacbe65d36a478c129da17c2e95f5d64534b3d18967780dd452fefd0f1559d7d69f9f104191e6233,0x280ffefad668b45a7e88a6104d973e6b59c4541e007dc1755f3a479c43d19808,ok
0x4e00299a05a69e0237589c1530df7c0151291174,3,0x0221cdea8a3a054c0edf0ae61cdf6c542e4a23769742540aaa030c598fb74d94dc,0x0421cdea8a3a054c0edf0ae61cdf6c542e4a23769742540aaa030c598fb74d94dc4718b469897de4d4db38447c0a677f98abb1945352ea2a963a1039c6e1f9ab98,0x15a1d068a850c2069c7b449c7e0dac7f8b57319b9fe42d454406c9f97ba1f54e,ok
0x4260b3a2c3dd17c3a40e368753396b1e6eab73c1,3,0x02df81320336da80e325f4a8886cf9f739eac7745bc003a4e262b60f0760bba03e,0x04df81320336da80e325f4a8886cf9f739eac7745bc003a4e262b60f0760bba03ea2ce82e87751445837dd8acdbe82d380548f96fd8250b9da6d1dc256b5a7fb30,0xfc4276bc70966cd5bb0d3e1e8baa12a4488a043ecf4d4eb6122cc7b34de37b0b,ok
0xc2065e8c845448b6fd7a3ad168918f2ba6e9d45f,3,,,,contract
0x1c466a398658100890db7296d11a2a23072f176f,3,0x02a7e811da0c6e5929477adc3dd5eb372d51745319b49d570fea1818b39b6c988a,0x04a7e811da0c6e5929477adc3dd5eb372d51745319b49d570fea1818b39b6c988aa4e1d1ab8e83ea9574346fec8dc6a1eae141ac1ec208af9754cff873a727f450,0x09958e0c4c7907b3ccfe954c8d44a9388fdfdca713488f680ff261a98a7a6792,ok
0xddc86fbb738860c7d3e4b7130acaed8cd958711b,3,0x02ef4f7da43c61a4bf15c3a42245aef38cdc1f5bfb29af0fab54b7fbf377eb22c4,0x04ef4f7da43c61a4bf15c3a42245aef38cdc1f5bfb29af0fab54b7fbf377eb22c4202d92f070ec475c08ed4bd2aad2b9d6c34eda824e0c74bbef5c1a2e29cbf926,0x873a7c7a43473839a1719f0bd68475cde9020831f5f7dbfd34d5b9dbcff89ede,ok
0x349927a09a06428fb44da1cd8cbedb0a5aaa2ae1,3,0x022110326bea267e6dface0070fb4ebeddaae1edc7dd001894e1fcbdae31bb9b6d,0x042110326bea267e6dface0070fb4ebeddaae1edc7dd001894e1fcbdae31bb9b6d3ad6022a09ba3d79e6551db62c3cc40b65a546893a24400a98d0b6af034ec66a,0x480815e0ae5567d567903b4546fa66bfd9c8f6dc04220746dfd05d65e8c5fac7,ok
0x5afe16a6e8676cf4460da4f59bb8a196d15ae33d,3,,,,contract
0x69542358fed24ba6ba1d6121f859ab4eb1ea5875,3,0x03788aed54ce4b14e3062e428168cb940f021d4b103420ac518199dafb9dff589c,0x04788aed54ce4b14e3062e428168cb940f021d4b103420ac518199dafb9dff589c7a95d3c86595236b171a299ea4f8b6a34f1ec66f71dff99b6e26dc2608a0bd8b,0x343d44d610a0fbddea43b26d124349a543cb11e5a1884675629622cd39dbb40d,ok
0x588d988d2c01b5ac3e00044f5ca4afd97e6ca9c3,3,0x0318bf1129dabf836368d1edec94ad7d16bb2b656b33eaee48a58a65a06580650c,0x0418bf1129dabf836368d1edec94ad7d16bb2b656b33eaee48a58a65a06580650cf4de500ce41660913686d689d7802f5f78bf7251245098ec73df8511c0ce5d4d,0x55a0931c8c3f75b926a2e38512fdca2f3a3236f9156810b977747b9016f46727,ok
0x43115dc0aca3a728ce49d7f6459d103caddfa164,3,0x037897acec825982c7fcff89f2726af6fedfe63b5311ee7d90d200a66e495d81fb,0x047897acec825982c7fcff89f2726af6fedfe63b5311ee7d90d200a66e495d81fb2d975834452a646ab85d998794007a9b7e1ebae2e89e9002df791cca38faa215,0x279ff54d343c09bc3ecff3329ff073c3340937328db03728520caa9d73aecf74,ok
0x4a14a0e054f13ec44338578fe65d1080686697ad,3,0x0313adda451efbdec7283e40f1f716c52f46410920b09c69148fcd84831888eefe,0x0413adda451efbdec7283e40f1f716c52f46410920b09c69148fcd84831888eefe2f40280d29ff0b3740839600cfc28fa13682d518fd04bb1f0055487ebcab304d,0xfb882a5efe96631cf64c7e7dc11fc9ce8a50b92f0b8c44a4e299c5376946958d,ok
0xe0c0a67871cc836c6958acc09cd4a2488efa1cd8,3,0x02dd51caae34d19a428b02b9b551b89103ae985edc9f52a07855d1b78902637f8d,0x04dd51caae34d19a428b02b9b551b89103ae985edc9f52a07855d1b78902637f8d8852be117b968202318c5c0d5f76eaf3f8725ef4f3f5779d44d4c76064453a82,0x44c82ab17a9d8811d2a7c4d680a5239e89ec0fc3eb463a9a03645039de0496eb,ok
0x9e9c0431eafe5addf548bacfea974ccb550dad45,3,0x029923051c61266a36f2e9fc255e14bf86f36a542d73213751a8b4fe03f387db8d,0x049923051c61266a36f2e9fc255e14bf86f36a542d73213751a8b4fe03f387db8d0d31013bc0291c32439ae58330ee2b4c648e3fe48134004e9642e395a8d54fa8,0x1ad2c2d97a948a5e34abc881a9ff055794e20633020f32f40d3dbc8bcf16b3ad,ok
0x88eaaa05be950878821ec9a53d28af36b5e680fd,3,0x0373946247ea16efaf3e492ae49b87544b40a092da07b95c7d50bd825d1d4ca60c,0x0473946247ea16efaf3e492ae49b87544b40a092da07b95c7d50bd825d1d4ca60ca9ca99315f940bceef78e27454a9d09e41161e8efa2aac82e7ab6a1fe75f2877,0xaa152df778891f84d57233e197687e9408b40ba9461d340cc3ae0b2797bdc8e9,ok
0x5370b3ca55bb561e7bc050c81848873b9bcebbec,3,0x037e009d1ff54150d68e22852eacb3577086bf3530f11fdfdbd5d92c7e61deacbb,0x047e009d1ff54150d68e22852eacb3577086bf3530f11fdfdbd5d92c7e61deacbb7271fb99ad29a9ee4717dc6b69ca59329ebd86a2dadd3628c3100558a09fa233,0x790ef91bd3c0d2cb72e74fa113e9011816ffbfe8474756bbcff470255df23d13,ok
0x0cf7de031b6d8407bf7b8fa9f91cd53417ba0181,3,0x03609dfe684cc25717ae75b745f6c1047de98ccfceffbb7309a3b46fab474e3d77,0x04609dfe684cc25717ae75b745f6c1047de98ccfceffbb7309a3b46fab474e3d77884f2f87037a9d9b69575878c44c83ef12cd832d1087671361a49d5dbdd30863,0x7fdb4e9d1daa84979660fabac13b4a30f170662f023c27c09f29196d3afebfd9,ok
0x1725ddb2547bfc9afb52e4e341cf70e2817744cc,3,0x03f3e22ed7fc3c21ab2b21882080c6905b1ca2a6b1356e6d3c6e3cfa9f7e187dad,0x04f3e22ed7fc3c21ab2b21882080c6905b1ca2a6b1356e6d3c6e3cfa9f7e187dadef6316cd89e88cae52574c33a4ca5cb0e4313dcac241d4203ca6005d09f32e3d,0xb0c9c05cba200cddfc66c05dd6ae6e1fc0f8fedfa501fbca1e4686b8cbee565a,ok
0x590dcfd47e973bcbc028ccef5ad4ad76e0902d6d,3,0x02a63c640f35448aa15f0c738906a5ea0e757dca9cbf243e4f9671184be815ccea,0x04a63c640f35448aa15f0c738906a5ea0e757dca9cbf243e4f9671184be815ccea9a1392de8360bad4d65fbc726d747c2b7204ce902cf52ee39e24505a472cb37c,0x494c3c5139c53ed479d303d1d75fe30e6e53c0d881bf491f722273a3180db427,ok
0x85db21364ba325cfd3719ea60bc952b86d3b5484,3,0x03fcf0817d7d9a49abe83b1493a2cc5a22577cfbc663865928bd989a4d5f5282f8,0x04fcf0817d7d9a49abe83b1493a2cc5a22577cfbc663865928bd989a4d5f5282f826de2a23139ec3735da81a958aad30d52f6409b52979cff3638515923ba586cf,0xa63695498c09cff641e538ab9eb77fd9b4b42747da8bbae80592b1d5252fbfb7,ok
0xc31c333af5d5acda308146a2a8523b3106e6163c,3,0x024b5aef7223ce84c5268966379d2f47a68c03fec93b0af628128aef2d57b40b3d,0x044b5aef7223ce84c5268966379d2f47a68c03fec93b0af628128aef2d57b40b3db5643a52eb6c9c8f3d2241d6a01cc6432d076de97f98966bb6766ceff74dfbe4,0x268c5fe6888efe1c9ee65e53d6ca6ca8e8f75bff8d8c0a53b3b50ffa1b599049,ok
0x0e1f8708bfbfc3c9986bf6e393dd29d6885c66db,3,0x02b3ff057b10889182af8368478bd1510b701b89b7c2da7f079c6788ff55402fc1,0x04b3ff057b10889182af8368478bd1510b701b89b7c2da7f079c6788ff55402fc1aee232a08d70357b6d935259caf4babcd14125e3b39e01951e81cb73e421f3ec,0xddfed7ba0793ff8393ee2e3bc96e76207b8dea36af67142aee14b912af60c050,ok
0xfc18d1e3f3968e11dba72c58133c852d04aca10e,3,0x02ae796eca918c89d576a91a3eb787fd3018e107f48d345c2edaa3863e229c974b,0x04ae796eca918c89d576a91a3eb787fd3018e107f48d345c2edaa3863e229c974b03ec9975cfab4eba439418ef024ae9e8bc81cf0061c154a047f9d2418a83574a,0xa90b9d86868bb99bac261f7679466a43c2fbbb0e72a880d426198cccac24aaa2,ok
0xf818df532be7104b1f898dd1fa3e6b42008afc22,3,0x02811e93fd31b532390f01f4f0100b08ae8d67506303ea338dffe498804258ab96,0x04811e93fd31b532390f01f4f0100b08ae8d67506303ea338dffe498804258ab968e50fa91d53468b97f956e4b533331af65954bd66d0df9d04e39c782285d7cac,0x37e0597528c41ecac38f08ec2d43092299cfc1039d8d36ab744379c03fb222b9,ok
0xf62a49324b9d01e19cee5114175156723ae9691c,3,0x0245e3a108c2800873ded91be0691d58257ddeb973f13f2f9687a6ab7406988845,0x0445e3a108c2800873ded91be0691d58257ddeb973f13f2f9687a6ab7406988845c9ba4609684d6800323fd848fd06f939ab439e892fc895d951a5be38f1d1a2fc,0x277299ffa93cdd443435835fca2e67d328fa86e36104c2aff5f0fdfc51a507dc,ok
0x5a8a2b03354647f0fa332248f89f3c52f176e103,3,0x035f45e732cf937ef80cdbda7ac7fc5fb1e548516d2024d26ac765c7cd56426c1c,0x045f45e732cf937ef80cdbda7ac7fc5fb1e548516d2024d26ac765c7cd56426c1cefbf31edd2cafbfdb30444110dfe867284178f24c7c5d45445f79eb636a1e93d,0xdcba7132f8e5b90162179e8add1dfbe108d75f0af77629c5869533318d814731,ok
0xf8a9888f6f5f467afffcb7ea90529fd195a33d6c,3,0x02c2a72d411f38776f6dc69bec59551b1f37ab8a6f1299366ed5f79bf295761976,0x04c2a72d411f38776f6dc69bec59551b1f37ab8a6f1299366ed5f79bf29576197619c0e560e774287a390502cf4f67e62975e5b7e973b8b488c81eb4fa30b9996e,0x05ee105e9a6327746e70766071bac531be3fbf77698710310eaecab04a7144ac,ok
0x994899ba2d175baa6c2e0d713c8680144365a2a3,3,0x038bad50c62ca7097fca33a5c4ba82e603ed03bd28229fab590a459fee81667f46,0x048bad50c62ca7097fca33a5c4ba82e603ed03bd28229fab590a459fee81667f46eda99a1c0236ffb727c419f78d000798811de9df7ac82a39e464875902f34b55,0x1569f16c4c8db3a7af98e6dcee6568ee1c447d493c4da527ceea104b0749c3d2,ok
0xe090d18834584181ed73984acd58856bb6b04c45,3,,,,contract
0x60c2bc377101c2ab067250a610f5249f4ee38c9e,3,0x02d96a5b7ea2ae7d655df0d31d939e8ea624e64b077113e8a7f594600893432b0e,0x04d96a5b7ea2ae7d655df0d31d939e8ea624e64b077113e8a7f594600893432b0e86966f7a5647af3494cfc422a4c484a02f2fe8b537aa7b31cc16fbc248f07b72,0x19ffe8ea503a80efbdc6f7511a040c4df6cee85e91498343724057fa5a3b53ee,ok
0x4310c23b91652e725de106ce2ba8c785237ec772,3,0x037c889830654ce28945ab128c6f425b32a5b55c64166ce391a05c2f6a4f03ac07,0x047c889830654ce28945ab128c6f425b32a5b55c64166ce391a05c2f6a4f03ac07eed2a00d60c3f6dc6ee7b583a5e527cf87b87371754dff861187f5569cb1f407,0x1e4bdd301d3597da69fae4894ce26460fc5531de847cddcbd37c032a148cd506,ok
0xa189d618b79a64ef54b2d40f492b86d7178e89ec,3,0x0267f6606cb0e433b002e8cf4fe880ac1b8578bbe5cf7644e81197d831712c694c,0x0467f6606cb0e433b002e8cf4fe880ac1b8578bbe5cf7644e81197d831712c694cf8319e7462bb23c64d97f3f5767935f2ea603fec474a5e4c99e95e749ecdaf60,0xf1f7e2919bc6de8ad5f872d0605141e7495333dd2925ed6c0e13aac47c7c5dfe,ok
0xb893121bbae998297dd22084deb3dba66fc1c31e,3,0x0270e89c530c4c22e546af32ee47072ede61e153fd23d4f752d19c566a9d0b8c82,0x0470e89c530c4c22e546af32ee47072ede61e153fd23d4f752d19c566a9d0b8c82f7b083ba6eba3e653151dde99337d5a77904d0e60cf9d41ad1a4ae2f5fc72dfc,0x5886730b41c87e58afc5875635da6385c7cf82b01a7c190b5a66930b02f9dbec,ok
0x482834bef952d186cc64a3840a63ca2936230868,3,0x033bfe8d00701806a27119fb56794f4c2e33a6e7157feaefa08866c8e9ae1264ad,0x043bfe8d00701806a27119fb56794f4c2e33a6e7157feaefa08866c8e9ae1264adafa44407dc82343503232df63627e3c48876265177bb16e819dd1e6a1bebe115,0x2716e98642d6c1aa7600d2868cc3e5ace595ea4685ebd11a6e1adb8335cc19a5,ok
0x88745f69d14f9edbc682309d306180fd6b3a2ff1,3,0x02b99060ded51cc3b56a0bba8a4dea17377a73f987b634e3844b7dd8d5bfa6a6f0,0x04b99060ded51cc3b56a0bba8a4dea17377a73f987b634e3844b7dd8d5bfa6a6f0e8c72451637925e8bea1ea3a7b77c9ccb497df1556c11fd0e3f30409e8115604,0xd45e9c6be55999ac0b5e2f4668671f8b5094dec2dfcc7504c3015d9115398a2d,ok
0x0d0b3b531cdbb38f854613969d83334cd73dc7cb,3,0x02cf1b6570fb54979f56ef13f41a3aea3f84f7f94cb74171254a2f74cb0ab960be,0x04cf1b6570fb54979f56ef13f41a3aea3f84f7f94cb74171254a2f74cb0ab960bef4d313f369f789eba53c6763104757e1e4bfb3b06c93bb3250b251f9d6604514,0x17dbb38b38e752c644f2e00f757d0c5a4f35038f426329cd35c95c609275f437,ok
0x6dafbb255353915cd0b2c59ef5af9dc5c7a4952a,3,0x02d6b41953e6d011230a44472ff5ba0f4fc6d3cda32ac82d53194cc7576ca67b26,0x04d6b41953e6d011230a44472ff5ba0f4fc6d3cda32ac82d53194cc7576ca67b264c22748117530f02ebfd2046e385fd6a502f37a0b0a1f85dd04c5e0003855cf2,0x8f2bf6334bb83055be5614612f68c645381b24748f6f193f9c4493c04ddb9162,ok
0x04fb263bcb96fe84f7f5c58690992518dc15318e,3,0x029ea31460bf05c51f4a634fe5cf2f82dead48c63bc124708dfb906baaf19b04c0,0x049ea31460bf05c51f4a634fe5cf2f82dead48c63bc124708dfb906baaf19b04c0c88956f1c7b1545c6fcbbfa43048ce4b9b49b47b35c91e1f834fff7f30a5ba20,0x9727de13fd8cc03b67148cf0ff04592ebeef67bb6cc7a0df8bd846459e28ba6b,ok
0x02caa5c046d7b9c92e21caed72d887575adc01a9,3,,,,contract
0x03f643628e2d8f5e646c6df4871c004e5c16753a,3,0x02bcdbfb559eeb3afbaf207f184717ea8c87f56ad2279c0eaa574da35f8488bded,0x04bcdbfb559eeb3afbaf207f184717ea8c87f56ad2279c0eaa574da35f8488bdeda57a9833fac31bb446472898584eb502fa7a63ca15103ebfdcebd34e02d33976,0x9880a04c3c646f6195033b82b091b55e00de344cb439dad9a9fcbb32ca9e4a9a,ok
0xf34625620f983b55d5522cfd419394181c14217d,3,0x0313f5e2c0c04e592a8775f8c2d6f34dcfa09408290f81e09a7fcaca5c65f811f3,0x0413f5e2c0c04e592a8775f8c2d6f34dcfa09408290f81e09a7fcaca5c65f811f31a7568da0f5a326bdcb30c6fd71c1183eaa8baaf9c13fda240132e9a97c3a50b,0x1d92b182a968c597bf40cfdb23aaa7675b1ffb9a7413212527deab5e6e73d2e5,ok
0xbeae3e55b64deea7410b3cf7ba3b9d7fcafe917f,3,0x032e83e25c99b056c8cb96d69da49c1542d002cbef0da6671c372b8648ad1d7f52,0x042e83e25c99b056c8cb96d69da49c1542d002cbef0da6671c372b8648ad1d7f5248d21576fc797b8a2819187058d6b4462319efb51c86e5cbc1a2d0a11f81899b,0x4b2bec8acb8ea5155e83978cf54e4f800cee5881472d0644bbb4e9c7078040b7,ok
0x2a41afe46559bb78f78783d0e319b13878c8f9f7,3,0x02c6f34f3757ac6c8a168dc4a8d28e0ad4648a833a883a00723b7a8f4db23cce8b,0x04c6f34f3757ac6c8a168dc4a8d28e0ad4648a833a883a00723b7a8f4db23cce8be1a8f170d92def7f0b5de2409f784c731bad3b2366cb157cfedfabf5ebbda718,0x91cef3204df382cb7e8e68abf552df2b8d3260d4e0af08f7b9faf1014997db5f,ok
0x12968013790cb189941a1c8296a227f21480d668,3,0x0348b96cb9e76ec503ebe7e3e334f03ef8ed85ecdb745b4ebb3c0aaa6a7a4b2d0e,0x0448b96cb9e76ec503ebe7e3e334f03ef8ed85ecdb745b4ebb3c0aaa6a7a4b2d0eda4914c335dd8c81bd1f675545c212b940c4cd357cd30bd85a89e917f3d6cde1,0xeb864f8af15b042b954ae372fb477778dc6e4c234d8608161eefb0340bce56b4,ok
0x2c419c8b207b10b39673482d83caa3e11f3604c5,3,0x03c68fc48d851f23b135a0a80659d4977abaa245b48cff235dfc634a517b93fc80,0x04c68fc48d851f23b135a0a80659d4977abaa245b48cff235dfc634a517b93fc80680a14cf70991496014d99b590dee1c4ef0413a494900f4d575f5a9bfc12381d,0xc7041141eb1e952203dd5aaab1473b7a01742319b73a764da42bb1b08f97b88b,ok
0x7b9440008d6b41c808bd638c2ef24bcfd28f4a3f,3,0x025236e451529484a718b1cea0819c634fdc1436d757bf2132d16d990a5c6acadb,0x045236e451529484a718b1cea0819c634fdc1436d757bf2132d16d990a5c6acadb187bebf0bb0563786f1dfa50e2d72496f84b724d2e2180653ba37012446a7840,0x3edda89109e5e35208dabacf3cdaee37814f790d0c2cdd88ff31d69e7f924efd,ok
0x4d33d84f667f22644b09f501f09ccbd3e876c68e,3,0x03e5bdc553b9c149e1a0fee6d2b111456639f2a2daa484268f842ee97d84cc06e7,0x04e5bdc553b9c149e1a0fee6d2b111456639f2a2daa484268f842ee97d84cc06e7d6f21d381337a23177576bf5ea4128cc76b1aeddd7fcae0994b7d6eafa3b6cbd,0x366c9af25f7086dc8654d1acb50f14aa521201b4433c56b48466f43d39ca91ff,ok
0x43b3a3686ff8b0064a267b482494900a9f8a9645,3,0x035d7c033c44628b8bc7b86e72778c1334c0caf9b4c4e716df9349d7b60302e5c3,0x045d7c033c44628b8bc7b86e72778c1334c0caf9b4c4e716df9349d7b60302e5c378f1b36ca25c4e033c8fcf8a9ac2be7eb0a76dd245e9f8ca32a85a63c509029f,0x77257549f1b6782877f8ccfa16b478adedb631cf7f285aaac748833798325e86,ok
0x7be771e0439b5a24345d9a6f6035ce7f33a0ed46,3,0x02bf053df21c372e59eeb8369704fdc286512ba176c3575276601dbcb89e79c138,0x04bf053df21c372e59eeb8369704fdc286512ba176c3575276601dbcb89e79c1388ec81bd8ea6ac6c1a250923f8c064ef7d9b4f34b76d15d2907b35c939d31b4ac,0x686671b43bb3bf9b81fad164db4c6ce529d09768721db7cdd8100b1660a93680,ok
0x4700701aafd01a5f5fbca965ea681ad50e161eab,3,,,,never-sent
0xd80598be13cb295b6d8ad8d233488c404cc78f1b,3,0x0375ab9b03910550d3429ccce2534167f312645a1c7366f661cbf98b8c466c6e9e,0x0475ab9b03910550d3429ccce2534167f312645a1c7366f661cbf98b8c466c6e9e964aff7cf5800a45dcf50b527583f2db86c662faf606a715736c60a147314841,0xde21a6398dcd82f98c298c74b5a8e6cd888a359de9af87a4ffc544f50968159b,ok
0xed6e20b86aa8e94f010ef6bd3ffa3bf657d3af26,3,0x03c5073b35b5b6b664142ab89bf9891f1f16ea1fb46f13c8eaf40951f95a698f77,0x04c5073b35b5b6b664142ab89bf9891f1f16ea1fb46f13c8eaf40951f95a698f7710c431e418d4c5992629e2e07c19da1df9f108b7a37e022c70124a5e5369637f,0xde9ef2a872253963bf1daa3874d16f9707e9a43b380b8e360d3980e28640ad39,ok
0x71c885c769699d8aab74d8ca4ca94c8094d1b4e5,3,0x0300e5ab4ee16a868445388dca54c24d0fc75b6fbb269942c614d281516b477424,0x0400e5ab4ee16a868445388dca54c24d0fc75b6fbb269942c614d281516b47742445e51e0fc6e5dbeeff35b9cd7d212762cd21a42f7199cfddeb90a4d62fa22131,0xebdcc76805b73bcb9672ab13f458b1d053ebbd77b12b72a1d34d3962ea12cc71,ok
0xc8a074886c7291d0b091723bf2aa309496637d3d,3,0x0332e934038cc8dcb2efcde39c96c2907ba81980ea46848f466922d7a3eae95f8f,0x0432e934038cc8dcb2efcde39c96c2907ba81980ea46848f466922d7a3eae95f8fd1b5c0886f00786096d7da0ee6167e40d94cc4bc75514558f731712db3e6af0d,0x4d349b82002a9576e22856f9b9ddec44dd1e863efdc043252b8a5fe87c2dff57,ok
0x33637c5b989ec06a580e7ee7f09cdb3447f5ffba,3,0x03b1446a60cbab23ee68800cd6a58b0f706f7d3ee9f466244313a5eee09ea444f8,0x04b1446a60cbab23ee68800cd6a58b0f706f7d3ee9f466244313a5eee09ea444f8db57590732d237909b270ec09dfa288934989a92bf39686891b767466724dc2d,0xd69b34d1a591f0ef494a227650337b5191ca997926bfa7c0fa95f52452e90179,ok
0x0547ad4c8b50b1c3f6d14769cae651371e1fdece,3,0x02835c142beb03df97a81cb17531a59880a9fe27da48230eb275f61d8d2629933a,0x04835c142beb03df97a81cb17531a59880a9fe27da48230eb275f61d8d2629933aa189d04fdb0869daf0181c28245025f8ef3c53d91b39b0f4b1bf3542f505ef12,0x8183d49e710f7efdebd760cbf3ce8ea3593d838cac1961bbda2c8d92979a1bbe,ok
0xdf5fadbbd2a69642c1a3527acf03deba1d4aea0b,3,0x02ae8a7b968249eafeb33ff84017b20a42378f573b4da30cc6b6ab091efb767a72,0x04ae8a7b968249eafeb33ff84017b20a42378f573b4da30cc6b6ab091efb767a723634a286c58418482ae24e225bcdf8eb33a945e0233ebfd21263ee5e706e9f32,0x52d7587d009ed18c02b83777a21a036b71716934c07d532e2730b86de9a708cb,ok
0xf274ded44a2a2ccdc92817e15cf8ae5524048a70,3,0x02dc3c196133f980fc97d6c18822ef46b4419e3480231e3b5c559c1996a630ac8b,0x04dc3c196133f980fc97d6c18822ef46b4419e3480231e3b5c559c1996a630ac8ba277b8416a303c2ffb0ba10cc2b81f8f00fc12881d6d5f41cb79c6d374e8442a,0x00b03d991c97ef386bfd9c8ea1f65a1b6e8613ff29b07782123df3c9f25b809a,ok
0xdaf3109e34a72c6fd44db26c23c99f7f4dcf0528,3,0x0363f5695cf8003eb72a1b0e527c58d2ce431740295cff1a66e8c4b0827bc9c502,0x0463f5695cf8003eb72a1b0e527c58d2ce431740295cff1a66e8c4b0827bc9c50265eed9b14b29905a98540975375f1131ce8c1ea17782d1daedc13b8e6014dec1,0x99ec0fe151d96e944386ef4027dceede77a40eafa952ff4533572e5edf2b9632,ok
0x272ca71913ea69c582bba35aee59d4f542936f42,3,0x02f59ea2511da08884399b8ce9ccdecb7babf83d4d636e9dcad6870845c4aa507b,0x04f59ea2511da08884399b8ce9ccdecb7babf83d4d636e9dcad6870845c4aa507b9024d641dc8081a8e6cc932200947171fa74d92a646dc150906cbc39a3219752,0x5b1590e8c0fcd845b8f86744a29b5d6bc3748bff60330d5eba14c17f43ab8c4a,ok
0x5c8dd862f4b0dbf09ec543906881016bb82315ba,3,0x03b39497f92d9d8cbc97f3f7358baedf711f8ebceace6e2866fec81d4c70a8fdda,0x04b39497f92d9d8cbc97f3f7358baedf711f8ebceace6e2866fec81d4c70a8fdda929437b7da0d2800ff9959fdfce3edffe9e1d60fdfc26c11302de88550ef0a37,0x28bbf99fe15a8db9f59d2b8b124ce26b9a3c29545c799ed08f7906feaa7afe7c,ok
0xcd3749be8bb6852fadec3316ed62ee3dfe0f8a0d,3,0x03f1d0a9e163ae33ea8e297130bbab4e3693334340a3a6fe09d241aac0c03001ad,0x04f1d0a9e163ae33ea8e297130bbab4e3693334340a3a6fe09d241aac0c03001ad89c04a8492fe96a1d41d8ecb48b84e2d4c1b186cf7dc0d6c85fa87f504a14039,0x2d950165741018103f36e22e956a417839957f90502db0eb53167159c970e87b,ok
0x395a135dc927d4a043b809971b29c9d05de08368,3,0x03643a6532e072e28d0155a5a0c09f6d26b6f2b3fe3a1e72c9c9ab6cc702b519e3,0x04643a6532e072e28d0155a5a0c09f6d26b6f2b3fe3a1e72c9c9ab6cc702b519e3aa298fb2415b1f8358f49c02f977c641887fa458d21ce085d90501f87c11c9db,0xae429b173ad9d5ba7298995130970f4c631b36f602ad0570c4333f030de17526,ok
0xac2ef512d940f35e5d86d0edf82aabb62de8facd,3,0x02be40e17ff187cd467d038707832d2fc311c7c1842a7906d503486304b040839b,0x04be40e17ff187cd467d038707832d2fc311c7c1842a7906d503486304b040839b01bbef2794216ded32f61d481a0dcdcbeb0046785c24bec333fbb7f8c0fad702,0x098797043f73b2a9b23370d37c131e53123a4cf2c8b1adb87fcece158c5ed632,ok
0x05ae0683d8b39d13950c053e70538f5810737bc5,3,,,,contract
0x6458beb0ed3353784cbcc36c6274e671f097200f,3,0x02ffa318372f4b60fe1a3bad1020341c3249b2c3d35a9e97aaaabfb89241270f91,0x04ffa318372f4b60fe1a3bad1020341c3249b2c3d35a9e97aaaabfb89241270f91dc0cde112012e5af2f06d3f05c94e87ecc601f227c5cc2b82f031abcb56221b4,0x50cb1e264c9fbe36215b380e2dab73ac1a09ac2755b3a0cfa7f5a8b1623b114f,ok
0x695b73138dde4ba2c0e7bfb47ef3f2ea62c4db10,3,0x022b09db0f250c4b669fa2d64a0bd7cd6de92ac12e2d150da539037abac9df1946,0x042b09db0f250c4b669fa2d64a0bd7cd6de92ac12e2d150da539037abac9df1946bdf1d99ecb46a602538fc0ed07c6e1212c2d0838a03220e793761319dde0f024,0x84ceed5cdf9c1d26201489939b23344d6cd338820d84beeca64152ed9b4ba910,ok
0xcb91239e68056f3006fb7df66b78fe6ec7a2db3b,3,0x021ae053f369cb212e96a0af13b7d83a8984efb72221caab37ccf035638c14d715,0x041ae053f369cb212e96a0af13b7d83a8984efb72221caab37ccf035638c14d7151fd78233c26062ceb39d9d36b7ea5ba1d3e92188b335cd18415673d42e5671ec,0xf0ded7c733cd0cdb594b4c7fc4d37e68bad801bd0c0c5213bef0778b6c895dc2,ok
0xb2dc41ef1a3b154191b36f1a6a9fc2089b07d19c,3,0x03faf0ebdc83579fbf1caf5a33e312ecc7f45234359ad802235195d01375a52f59,0x04faf0ebdc83579fbf1caf5a33e312ecc7f45234359ad802235195d01375a52f5933c517001d42a068114c936068171f9b585c33a871c8d77a5a9fe7f25fc64fa5,0x6bb2a25e0c0ca7b61edd54bcbf00e664b9242b190c1de7e6c84b88c5c1f768f4,ok
0x4fb02e43d5c7d6fed9ed3254b0d514b43f69d18b,3,0x03fb8f71efd5eaa4fd3912f825793fec0a8c35b2dd04e91d1b86bcc7d045da9b9c,0x04fb8f71efd5eaa4fd3912f825793fec0a8c35b2dd04e91d1b86bcc7d045da9b9c6ccde76705c42a11eea8245ea2012ab64ad0367760680ff4315c2c798b09e09d,0xf06cb63860071e53e41e76fb749127703e36cf0bb1882e0d75319700ad46e444,ok
0x4d5d267e38cc5515a74fb14638d3c51238274ed2,3,0x02d6843926cb2ae744de598534c3e1a14b55aba69252431c009a0ac52386b3f72e,0x04d6843926cb2ae744de598534c3e1a14b55aba69252431c009a0ac52386b3f72e4fc03f0b77665593854117f89e2e119999416595f70effbe13da509e730baac8,0xbc6aabb8afa6075499fe411330748ae67b12d3d28cc11a8666f801e3927cf751,ok
0x26f7a1c90527ba2c957d8a47a137326290db7b95,3,0x03745b76908fc0c7147ee8006d100a81b1e9c69c5197d4fe2a6b554c43c8eaa320,0x04745b76908fc0c7147ee8006d100a81b1e9c69c5197d4fe2a6b554c43c8eaa3201904e9dd362911127c896555f2c8112d73d103197a64609b253f2fbb931bf54b,0x4e56ecb5fd54b25d7b3312b468f63832f945b446dc3fdf617cfcec9396116c98,ok
0x1ca6a4426a251a1bef870baa3d1002bb1c2b8a4f,3,0x03012d60fb12813c37a9b29f5a492ec1b1a9197c8c20dc72ec04acb2fc0a98b6e2,0x04012d60fb12813c37a9b29f5a492ec1b1a9197c8c20dc72ec04acb2fc0a98b6e27356f0985cba29fb999130d147cd23fd099beebbd6ec4b2f8eb27716477f1967,0xbc8858e77e67033d9fb55f1ac6808aaa995a7189669e84f57d488b8def7bc0b1,ok
0xae51c642f00e85d5b3534e0b404bcfae6802f4f9,3,0x03c562a43d7b0e5c0e17016878c3782f3f4049b54d2bf1aba06ad5a7e23962c4b2,0x04c562a43d7b0e5c0e17016878c3782f3f4049b54d2bf1aba06ad5a7e23962c4b22ea9af8d45c433aad2f482e6b8582ba4a7506a2870746ed0efccaa8bce2a7e13,0xeb585f4eaf66b5d087168d7a733cbbc4b13d42483e5a932bbc20ac05de345705,ok
0x6206d5426af834886d1d424aaec7a1e03478e702,3,0x03ef81601577531d721f5ed8eb7503e4e6aaf0bdf212c9ef057b8f70cd0be9c71b,0x04ef81601577531d721f5ed8eb7503e4e6aaf0bdf212c9ef057b8f70cd0be9c71b5067112b7d7dfa3d9e368d1bad144ebdf605c1b515f57eb3f4bd70f1a39c2819,0xd41203c612ec5fe8c53a9db445ab2a90c5dfc7301f748b1979238adf3e1dfe27,ok
0x99a47547ee8623e44fd6d0775c3bf218282afe61,3,0x02e9b2332b0251a140b18346b783030a04662ba1f2f0e055e3c4bf1896a2885d4e,0x04e9b2332b0251a140b18346b783030a04662ba1f2f0e055e3c4bf1896a2885d4ebb344703aab6dbedd2a3ce2c315f27a464918a7b18589d51c82da0541a9ba936,0x88da3677e285d039bd9ee385ccaab28e7093291be7ffd5ca427c9617742b5fae,ok
0x72703b554a7089f93ff1fc6cc6c0e623900a7b80,3,0x02b873e986a96eb7b8ea86aad6ab8523aaa3f4476045286802a08aa5256f9bcae7,0x04b873e986a96eb7b8ea86aad6ab8523aaa3f4476045286802a08aa5256f9bcae75954baa399f73a695e7a55b2479fee8d6be5e11d36510f5c802a6e1669e59bce,0x0cec55dc2945e213719ef40670a043a5a5fe19b9f24122581d0e6ad79e8de23f,ok
0xfe2fa5e4d69ecd186eced58870991bfd1bbeb6b0,3,0x02e79c7b834c68864635e2431f71801c6075f83c0603865b2fb1e5c8b53eb75d4a,0x04e79c7b834c68864635e2431f71801c6075f83c0603865b2fb1e5c8b53eb75d4a53d9cc4550993061e282aa636013038e05d712e2d07d56dcbf40bd8a047a6418,0x5ec69057e493490ca4c7a8c4c5ad9fa5beb91e2b09e0525b3fd68c1c916dcfdc,ok
0xab18c6cd9eba9d482b16bf5f02f24901dc90004f,3,0x02cb8abf016e93d2c04da31753677089ced87553c0c810744960d417f550d84a33,0x04cb8abf016e93d2c04da31753677089ced87553c0c810744960d417f550d84a338ff2eeb87fb029dc1fe4d28775799f535f37164041cbbe5d2966ca3b7967b544,0x7a998bc1719fa2b908a8dbb4d8b4a9d8d64c9bd9eaf2bbf09590158d329259af,ok
0x069a118b23cbf8a5c39567bdeea55177504f0363,3,0x02c95add37a8096f3486b0b1048d9e711241e6d9853480ca745a035abf0e1becd0,0x04c95add37a8096f3486b0b1048d9e711241e6d9853480ca745a035abf0e1becd0eabfc5cccf2892c8feb83f58214eaf67054407b64127cb012331d3e33973d384,0xb09c4532d0e448a9058b876a48ca438b9edd8c8e78bbebbb66e6f1f3fe71dbe2,ok
0x30b3a618a56c0c1179e00b289e16ea2ac6661fa6,2,0x03c688952e090df69b8b77dafbafe0b9bfd32d74b0d02b1740c9313034f76fbf51,0x04c688952e090df69b8b77dafbafe0b9bfd32d74b0d02b1740c9313034f76fbf5114a215a58fbc25af29adffe2d9232e8eba900a7a4a5415020b23cf7b8df68f1d,0x212968cd5e5e82112764687fa0068080645afa5c2d7301f9fcd5512f99830501,ok
0xc633da0dfd8dff36ba84e074625e2dd3f9d3a42b,2,0x030e41a02c5160f833225fcbdb06ca87eacce146792e9fe59497f3d7d5196986d9,0x040e41a02c5160f833225fcbdb06ca87eacce146792e9fe59497f3d7d5196986d9446433bf9bf9fcd3d84213216588e6dd18e72d88225e3c7ffd9ee342f2da830b,0x3a40f9cdf1b8e9a0e8e73edb59de05896daccc1295e7eb2be621c25df7f057e9,ok
0xc132769a4219962a01d0c13cf05820cec8571576,2,0x02dda0c202ad89bbd5bae9631ed0d5cd46d7db525ed7b639ab698ede21b8212ed9,0x04dda0c202ad89bbd5bae9631ed0d5cd46d7db525ed7b639ab698ede21b8212ed97a108103a02d8ac4833c026eaf748db6f64c6b46b104564224c3061ad606fba0,0xe1bed3868a7f1c945953dab023fe8f9b25219d6bef606a8afd7f6f04d22d4bf8,ok
0xf19a4211f9d2bfdcfde0fe2f91410c682ad7e0e5,2,0x0238baff8ddcee71a1667fa69fa421596de5dc011abe54cd66f8a6f57eb7fe52db,0x0438baff8ddcee71a1667fa69fa421596de5dc011abe54cd66f8a6f57eb7fe52db371f335a0cab91eb196e04f99692412ebde50377d48ce4c583871eca46d41d9c,0x847bd10077664d30dbb7b9e42ae63fa5b91d59966ee8604bd497c745b68700b2,ok
0x14f5b17d0e83488469142561697076044b994122,2,0x028a811d8a414a6e27435474cfe77cbf7fc1357590224a19834b40fa2a906bc1a6,0x048a811d8a414a6e27435474cfe77cbf7fc1357590224a19834b40fa2a906bc1a6b939b4e819a3545228c171d00380f85efc609b36e74fa1457131b3370dd800cc,0x954e5695fd383605a268bc0fb239cf2581768e0fd710d07635c901d25a4e4786,ok
0xfa7e92745572c80f98e877aff52b6bcab459b486,2,0x03c0548442ec3603941149d4ef18bcf857de9032a9f401b57a04405288748f5faa,0x04c0548442ec3603941149d4ef18bcf857de9032a9f401b57a04405288748f5faa89d7046f11e376419f710eecd60b67e34e6e175e4677fac4cce41607b40aaa2f,0x3e675c53080cb53c57d6a1fbd7c2498ee5a1439bbc7dffdb8c11a526343a190f,ok
0x5f298487e8ba2689014df636cb9b770724232b92,2,0x039b710e4863d6813c0f05484f087a948352175c97af3808a407ab98643d8ca187,0x049b710e4863d6813c0f05484f087a948352175c97af3808a407ab98643d8ca187151d54372ac66937c3cb57586b1699392573cdfbbfdd2d8c5384722967de5f97,0xb5c9e7962023a0c52a13f032f96708ca6a89b0a08d1cc391474d029abdaf24f5,ok
0x2e5e5a120c4aeccc1b4db0458ff91da185c439cf,2,0x03a49986dc6e4754757cbbe06ad9595e7941bb7078ea9b2a6bb2e06e20dc9238de,0x04a49986dc6e4754757cbbe06ad9595e7941bb7078ea9b2a6bb2e06e20dc9238de6bdd58aca7ca48e4828d47a0f96043a69336e52df28131e5da387b0cf485b15f,0x6b7d6a9da2be0a4aff0c679a989fdccd525cd7fc687cabfe67e0dfea249a4cc2,ok
0xc75bf237872e6d9a9cf65ccc5c14455b4715d0c6,2,0x02825b61990d8e911bc8a4b3856741dbf0827524888acbf577848f5e582ecf3ce3,0x04825b61990d8e911bc8a4b3856741dbf0827524888acbf577848f5e582ecf3ce36e911c2510f24ab554d84db6cd12b9be433ab41364d7e0b40299ca8f8c9e459c,0xb0d34845fbe65355326c3c835b5a4af93e60669b705449d6b84360f958fc75f8,ok
0xe18afc357a90cd0d230ee466b98b4af0beead535,2,0x02369790e5583ad62f8e989af9001b530933e33a24418d7a333e1989dee5fe6df7,0x04369790e5583ad62f8e989af9001b530933e33a24418d7a333e1989dee5fe6df738f5a245f066139cff45fa13d2f4cb2dd722bb1245301eaec8122cb5cb68dd04,0x8ed2ee28f6c8e40a1a1a4172d385b77fc64bd9933c18433f8ba7bdde642f1753,ok
0x57e0d8a09ab70c549c742aaba7761c7e42665bf8,2,0x033e98e4cd89579b061b41644358d67e594b50268593f307af1283d7308498b551,0x043e98e4cd89579b061b41644358d67e594b50268593f307af1283d7308498b5513564c56be0141dfe3f2e84b228c096cf38b4d18cae2773565f4dc167f7cf2837,0xdcb8bde5452358ab21ddc03c6346f8b14df593b44e37a5a3bfc60b9be6965c09,ok
0x931c9818a8d84fa031bb6f65a244280c45121085,2,0x038065f8a2e6adcea5d8df65534c30cb940d34044e5dbe503876ac4e8d3d221027,0x048065f8a2e6adcea5d8df65534c30cb940d34044e5dbe503876ac4e8d3d221027b0bbbfe9727a09c271f833b275ffba4fe1d5b5747e7fc151af99af53132b0829,0xb5463e7b7e6842ccbe2d24a0826fd996a1e94fc2280b9b34c8d6a8523072a7a7,ok
0xcbee3fdcd2278280badf3c52c11c60902548a9bd,2,0x03926d8b1512580151d317a9c5f31bb04835a34379c56ce355491330f3040743db,0x04926d8b1512580151d317a9c5f31bb04835a34379c56ce355491330f3040743dbe0bea9750ce3bea178d38a96f91a60c8bc0c0b134a74506fa5cb719b0b3c5ec9,0x0fdee83d50c5536876a9871748b7198a0ec8896d3b1a37961969aa539d83650f,ok
0x6dc9e79d3b58d53a7a4371b1bd3d813205ba3d9a,2,0x0277f8ad1dd66fb1eac97b35c205a638307824cee91cc76680287a3f908da73d02,0x0477f8ad1dd66fb1eac97b35c205a638307824cee91cc76680287a3f908da73d02f8671cfbf43464ef6758126bb5d93a53f61694372795dcfc736943d904220eea,0xc85bc51cc6f49987079f3523b42a0ddf889928e337e9bf400359155c376e75aa,ok
0x418dfe6482a605bb501464eab112610eaf1819d8,2,0x02f61021565e1c3363602ad6f019533c2e1f2e87eb2d6ac46b6a5e0b2b80d28796,0x04f61021565e1c3363602ad6f019533c2e1f2e87eb2d6ac46b6a5e0b2b80d287963474864172bf50874dd749e3313a3617bae852cbd66fb27b27770fe164c86548,0xacaa3a05fd77ed3646d3d9c8aab75110209d30b3f16ed89033f967ea7067db4a,ok
0x405020c797a64f155c9966c88e5c677b2dbca5ab,2,0x03aecdb202fbb80d2b526a0382c618f3bbe1b7a340ca790df3f0bacc5ddb7a585f,0x04aecdb202fbb80d2b526a0382c618f3bbe1b7a340ca790df3f0bacc5ddb7a585f5e90bd94c79e510efa2fd00c7f58e02b4e7e0af58caea9a15af9c91f9f7bd311,0x01e89c70ec4351df39241c1bb2fe809db62acc6103fbc29d41ea64650f15b54d,ok
0xc65956faeaed2f38097767cbe7f89cf11a47546b,2,0x02166c5ab50fa02136b1ac63b07229d8da43a772aef9c50ac958a1fc21e08d3be8,0x04166c5ab50fa02136b1ac63b07229d8da43a772aef9c50ac958a1fc21e08d3be8f8fe54fd883cca0863661b94f7b8d5991369a7628ff97e9344c9b5928bd3adbc,0xee4f17ec8d35d60399c4481090fe8974dc73cde9dc066d2ebdd24482db5c5f78,ok
0x5a9b819baa173860df2834bcc61920e3fe3afa92,2,0x03dbfca7d906c7057fe322363f22c95c8139ad41071108cb4b5c2f00c403bd35db,0x04dbfca7d906c7057fe322363f22c95c8139ad41071108cb4b5c2f00c403bd35db7ea802abe9b901648652d6dabfff6ead5ea6edd1ec71150c0db0e1b3f07479f1,0x08765a6bf49e5c7db489b24c3d4804681089088c6b4a07a77b637b1d4de03c42,ok
0x738bb14735bebf2bcd5390b71345c3b3bcdd7f8b,2,0x0225e2a5183e4a78499e9e16c563280148cd7cf398b1057bbf08980a46b2834f5e,0x0425e2a5183e4a78499e9e16c563280148cd7cf398b1057bbf08980a46b2834f5ea361bf256a0b2607c0ab0d48d4dbbf0006a096a940419e758a9b9678c4c64c2c,0x561c6c4420a0491ee8c70443faa241c35764aac14f8b60005dc0e6280aae5ed8,ok
0x70bd4480d480011b6930f91688c0ce710c2bf9f1,2,0x0396a204de462e64102fbb0bea8f5cbd0916aab691c32ee457d15d8e16b494d427,0x0496a204de462e64102fbb0bea8f5cbd0916aab691c32ee457d15d8e16b494d427762753f3501074a5ebbdcfea56bdbbdec6f25427496a2c3d98f1fc2f089158fb,0x2cdc4e2918c57c4ae710ebc54d3cb80ae6a96fb59838e4a830c961ee1a0a590c,ok
0x5b486cfe033974d98f3a7c6fd87b2a6ee2de7b44,2,0x02f64177d6dec57524513404c84162e75ce21764378937d16d0c05534e89866862,0x04f64177d6dec57524513404c84162e75ce21764378937d16d0c05534e89866862f145fe087c822955a0c2f87e79bc5ae3a48ddda7e6c7e769b5ad0fe66c4d6574,0x7d554b4d592f13226bcda959eb82c9a4d11571a25af1e6283418524834817f45,ok
0x3d24b2b1836d1745c7dd0d7a369996e065d72f2f,2,0x03cb3b011c1e1addcd0ab7c4d3015e5ff035b86eb6a3fe5d838ec3d6717aa6e9bd,0x04cb3b011c1e1addcd0ab7c4d3015e5ff035b86eb6a3fe5d838ec3d6717aa6e9bd294f2309fe895eabc5c65f5a0caae181af19663cfb06f4bbf2837243e795a573,0x88d5952b81598722eeac6b0adb1e25e027c6f1645ef09ee2794f70616d045dff,ok
0x6d06a7130c3342f3e0c60e931640f1b30ceebf9d,2,0x03c310ffbeccc747d471f6916af30f6adc9c135226cb6d633e87201114cb5382a8,0x04c310ffbeccc747d471f6916af30f6adc9c135226cb6d633e87201114cb5382a88b7a03051469ca27aa61dd053d7d6ff39ca104a0e1925e53559e646f117f184d,0x83383a953e08a0f976dafe2b995ccadad23bab6c6a13061ad3b86c001f943ae8,ok
0x545702c470d00fec02bb2e980f9abc543e71c0fe,2,0x020a3734c092656cd63d6a3de7a061fb6bbe309a1d32459dcf6ce74024b86e4f0e,0x040a3734c092656cd63d6a3de7a061fb6bbe309a1d32459dcf6ce74024b86e4f0e58be12f50e6c85f96975ca5355f99d8cb1afc22055dd13289743dea8fb2500bc,0x2c107d363c10429f9da68186f4d6855fcb0b2f6f3b8cff52bfc9204612d1edc6,ok
0x08429d111a5bce249f45aa43216f6ea8a687187a,2,0x02481555ebe416d6b25e0fa409d115175fbe6de45a81ca620fbcd8335f5129f1da,0x04481555ebe416d6b25e0fa409d115175fbe6de45a81ca620fbcd8335f5129f1da5541580ba3c0a35d91aa81ab807a70e9ad075db81044f9d1715e8890a4f188e4,0xcc38b669823043d379be16bb69f8967caa6e42e29be27ba9dab114b3041bfb89,ok
0x51679ee189d0f4aa24565d3616baa53244bd7ef1,2,0x026b225487e407f9ef3ae2e017a82ea7bc26ceff8931f07dcc5f11c79c1959d58b,0x046b225487e407f9ef3ae2e017a82ea7bc26ceff8931f07dcc5f11c79c1959d58b19ca440e3cb878e9d1b27cc057e2de8619cc6c0915230e0a75797e27e39967d8,0x57ce5d9fc2a1f49daac3af44f007376e3ad88e8591072c23f48fa03c247baf0b,ok
0x8b988bd9dcf697f37e94575ae08fb50c5c841359,2,0x02228ca9466aaf0f639c0642312e546e8c3b2b951f2d27e9dc1c759f92b71725e8,0x04228ca9466aaf0f639c0642312e546e8c3b2b951f2d27e9dc1c759f92b71725e8d4fc9d791b039d5b75fdebd77b962a61b82f5546a2cd40987dad3de733b86f48,0x1b58e6b9ef416e4a713556ac4fcdceda40d2637b4ca3e798da599bbb5f773fc9,ok
0x5084273e47f43ec61ed92762d5faa103ab264fb8,2,0x021a44c1c908473ee40b3e20da497733d38055e77141ac4b357463fb97395babc3,0x041a44c1c908473ee40b3e20da497733d38055e77141ac4b357463fb97395babc3e2ba888ef063f76044d487af870b4c79f2c580457e20d291e80df6a243e95e84,0xe776432491fde96797a496f8ff733c3d628930c4e230bee25d3403397962960f,ok
0xba8013387b1243d212033da2da5fddb278c5183e,2,0x02c46fcdaf5bdc1a11979408cfbbc49013bf51d826638f0baff25962b5132384eb,0x04c46fcdaf5bdc1a11979408cfbbc49013bf51d826638f0baff25962b5132384eb954c2d95b0977b6754d224daa83190603dd560d9e27868d054a581d885525cb2,0x5e22bbfc8146905b6db5848bf184673956eb917b0fbb82f4c31e5185e761ce7b,ok
0x56144c451305007c318768ab6ac6071971eea363,2,0x035159575385a5e43180f8732be38494a8eb0e1a4a07531b8a3c45017bbb53f86a,0x045159575385a5e43180f8732be38494a8eb0e1a4a07531b8a3c45017bbb53f86a6ef7ad559792aea8c66f2c1394ab4bb1d77c7953c8ebf714afa9691ea66d7b19,0xa0f9a1a66d66e8ac366380b42288447cd22bdb61e2b2d593d7a1c0acc17ab927,ok
0xb1c74502337f4cacd2ca01ccb475e9e1bd28e800,2,0x0307c0eb5b42b924454f7495553b374e6fb0edd0a28a480d7dc7bc244d17a4242c,0x0407c0eb5b42b924454f7495553b374e6fb0edd0a28a480d7dc7bc244d17a4242c713ac78a94916d738ca8e269ea82d48d4243e8f937d2da9c217e4d9f99e46479,0x6b2d138a07e43de9069474a228641eb649bbfe94acfcc3df9a6a8a6e7adbb500,ok
0x04826bf05897747762a8cbd1fd10126c6f30d9d8,2,0x02c21e4d9938dc7921fcac218f025d9a6e825cec09c156a14f378a9b60a1a5d770,0x04c21e4d9938dc7921fcac218f025d9a6e825cec09c156a14f378a9b60a1a5d770fbcf4904cf5d86d38bbf3e77c86f52a7a733d8ac309379d597737faf6a4805a0,0x0565095a0531ebb3965e392883ed8c6b6aed47ddeca52241d0c45efe4b035ada,ok
0x2e22f1ba318a0b22881c40d18713941e17156755,2,0x02b0441f9aa95c316f58ce230357a7a2d7aa0652cf99d8a9fa77acd71e34be73ac,0x04b0441f9aa95c316f58ce230357a7a2d7aa0652cf99d8a9fa77acd71e34be73ac1d2f8dbae4f8a2f452046ba6a19cc0322d113b6560e968b1c50e7e9f78ee937c,0x5675b0938feecc5bab2e1274d372553e1514df1464c1ac2a52cd77914adde218,ok
0x153bd2f95642018fc6a4191c9c2d42ba372f86f1,2,0x03648af265d27b4d5a641869e237218ac5226d281ef76a6deecdf1c0ad84d7e4fe,0x04648af265d27b4d5a641869e237218ac5226d281ef76a6deecdf1c0ad84d7e4fed4c42ddcad2bfbb84f8a687a08ba83249480c6dfa5395247dd0f7d6d8d999351,0x9917985a797ca689c23c46601c98afe12642c3e8dc18ecd1170e5ced4e302fb4,ok
0x9beffa000d3e53612db80b5a1d73ad208ff0a0e3,2,0x02aadcd38b00a8207e88a5c027da78f0378ebec2f38c1cf090d3bb106e2dd9ea2e,0x04aadcd38b00a8207e88a5c027da78f0378ebec2f38c1cf090d3bb106e2dd9ea2eccab844ba2af7add216fe0ec92fac7650fb2aec38cc9b969fafa25240ccf5d98,0x912714fef53e787e827034c658d4287f24dc072304fdd6970b0b0245f267afae,ok
0x23701526361cea152997b964d414f7c14595c487,2,0x0327a892020157f9b09f6b2ee7f2232f6c41a3aba4d59c4cc6721978c13227da3d,0x0427a892020157f9b09f6b2ee7f2232f6c41a3aba4d59c4cc6721978c13227da3d1c26f12805b0a5df779a3b8510d3280c6b6b45b55bd7aa4f7ad9687636627251,0x65a9d88487a0867e707ba29ce20ab7a8192a2141855b3e5340c1cb1cd0dc4096,ok
0x400d7e20f9c06a23e72f6ca0f3492a3f24f698ba,2,0x03ed1a2bed93d8c12673e682db1ef8dd0c142a58e6b10f1add594c4e3e1557b422,0x04ed1a2bed93d8c12673e682db1ef8dd0c142a58e6b10f1add594c4e3e1557b422c13f1611c53654f01e8d30bb158ca193cd3ba688808a1f08ab423a77622d1bb7,0x4461bedaaa400c52f1978a30d0d45c324750d8f98966aec22b8c77b7fb5ef4e5,ok
0x638b1350920333d23a7a7472c00aa5c38c278b90,2,0x02f895e90fec938489912dc61d1437d5a395c140dac362222701398b65d4c35939,0x04f895e90fec938489912dc61d1437d5a395c140dac362222701398b65d4c359394792000bafe220e8a393f42abb1850b8b638d9f22da3e73f34fbb4f5ce75032e,0xfe29f6cc50fecab3e52d4600993a19d12f754a18ccf5fb9b521b83a981a27278,ok
0x269a1ff16e097a6a551a62d516745367278b2f77,2,0x0367f9d87275f89c5bb70a3a9370d710177db708e620aa2e7aa55c7af383d23e7f,0x0467f9d87275f89c5bb70a3a9370d710177db708e620aa2e7aa55c7af383d23e7f99dc5999f07d22211cc0f1f2bb5c0b24835cab78a5c73dc4a173de94405b4b79,0x14f4586515df8a57d9230fadf427a7331a9664ca5297f4ef9d911559d733576f,ok
0xa351c2c7fcb788ced08272e503bbeae785503c22,2,0x03275a545e732a293a827022dbad2faec22b1f3bb45e74ecc4e4d8896bc8e85f25,0x04275a545e732a293a827022dbad2faec22b1f3bb45e74ecc4e4d8896bc8e85f25d223ff23ff62985edb3332ce9540d7f9b0131adc4b61428ad22240139546193b,0x25693789ae68635241f9eb4e900b11d81187f20761dfda4033545da7e5cae908,ok
0x202e53e88aa60190857f30de4395d3d9614791e0,2,0x03883332f337606834b71564244500aaa5ba6fe8f44c869e473d45ccf805382d87,0x04883332f337606834b71564244500aaa5ba6fe8f44c869e473d45ccf805382d8722e3544cccdb960d13183f420b4cc02713228d9a4ca589fa2826611b365da285,0x6ee686002faacde694b6d86c02ab932a9e07ab560100cffc43728378f32df0e6,ok
0xdd33f7cf7f76dafae4f8bceab11eb1ff21b032de,2,0x02c79a3955782e18ffceb00db2aa084a01f92ef78989661d4c46d5b339f3d8758d,0x04c79a3955782e18ffceb00db2aa084a01f92ef78989661d4c46d5b339f3d8758db80cdee234daad24458007785f4df7756d12ffc52efaa2dccb73880cbfbe29ac,0xc66516daf37802de804e99bc181f910f93aa55fc04d600ad70bd8e0a5df4b340,ok
0x56fc662c916f5d6e042fc064bbd8d24b33789739,2,0x03389bf6662a8e00135783e58381de7acef848da7910e920a767c2f1e07336af6b,0x04389bf6662a8e00135783e58381de7acef848da7910e920a767c2f1e07336af6bc3bcc095d3bc27bc162b395a7b4f6333c7d357305a2c98448d355528c4a7b2bf,0xb32b56e37a553d37d042bb3fae74330dc7203f432d1a0b9205dc1eb46cfc859c,ok
0x107b49c995c482c85d3b7fafd422919415d4b0a4,2,0x038d0e41d6dc2d2a215102b41c488aac241f0e0f9537547884a3486946a24056fb,0x048d0e41d6dc2d2a215102b41c488aac241f0e0f9537547884a3486946a24056fb8ada475683d9f6d02ecf672c0a21db7c5fa3bc29703df34bd557022dbf2fab61,0xe64fca83ad75e83037e4199ddad79a0e02809508dc0ca0acef2ee7529a4547e0,ok
0xd9651b65416f6c90864d351c0bb104368928d1bc,2,0x02846547ee18221d7e7d69627318e61462436e81923155b9bc0366629d9aef8fe0,0x04846547ee18221d7e7d69627318e61462436e81923155b9bc0366629d9aef8fe035cf90e00b9b83171a181f224f33d937a13dd7920b530a0710c03ea9f4e02c78,0x983733c7897696f3f6177397f24c5d6696c398aa41e843cde1f7c675ef38a652,ok
0x98b8b64a6f904510a6b0ff096955d9a297ecf42c,2,0x0202c2f423639f6e3c48bc7845fe7e72f60167023662d92217e32a3813cc9a2b0e,0x0402c2f423639f6e3c48bc7845fe7e72f60167023662d92217e32a3813cc9a2b0e9a244567d727a08f9be3e7194fbf910b1ce5bea365dde6f587478b58937f9d0c,0xd723ec87fb6e16277c1cd1ae9e0c585007bf1589b01561b4aa2444ddef76f808,ok
0xe70e649eeea90af1b101f20a68736134a59049cf,2,0x03d3fc509b5737005294b0bce0142675043d92a5e2a0c7ba323bce1a92ba0120d6,0x04d3fc509b5737005294b0bce0142675043d92a5e2a0c7ba323bce1a92ba0120d6900d9fcf023ac05b65fee332012f0e45a82d46714bc6249f8103a547991f5ed1,0xd2758935bc74bd259e2d1f9c293d5e316f169c87dff343550e5cea15f3e0a45c,ok
0x71775a2b0d6bcb01c4cd14fe90ad05e88df10643,2,0x02fc786bfd7819aed5f306d5e8935fbb5ba3f031bb3f69add96ee8b91c90a9286a,0x04fc786bfd7819aed5f306d5e8935fbb5ba3f031bb3f69add96ee8b91c90a9286a2edeafd345ab599028ebd54be457d7a2e0b3d1083769630640b68ff6d8293c32,0x2a0361abfd48a44c0f43377827567b80de0876f5d45769eaf940de55e0f9b2e5,ok
0xd42e18930e039779f4faefa6a20e3aeed03ac0e0,2,0x029172c8539ec40a3704a4d0b687c9db13a2fbd5df5cb1597ed2f19c2a1cb71d3d,0x049172c8539ec40a3704a4d0b687c9db13a2fbd5df5cb1597ed2f19c2a1cb71d3d94ea905113b14187c8f69fc9142643f818b909184b247f46242bed0bd3da3ddc,0xb521d647a1138abac81b68cc16406c5d428b1ec65d10072afb79bdaa15029a3d,ok
0x18de027cbea77942802a0e0bdb76b1e461158e32,2,0x038cc1ccbfef6aca0ef51ad1fe6bf2fec40b429cb4e641104207f7c6e24283c31b,0x048cc1ccbfef6aca0ef51ad1fe6bf2fec40b429cb4e641104207f7c6e24283c31bc9a7e2cef06c62f62e2e08bd7577a99484e2466d801a7f025718735073a39bc7,0x0e97bb24983a5e1170e11a6306d6097e3688e07afa979f9218595919bef17ea2,ok
0xa7d6d85597113be2cf1beea8d85fe16b104fadf7,2,0x03c7b2d5394c3d016b50f314fdea0f7917b4c2a77d6845124fa1569f1d0e0a76f1,0x04c7b2d5394c3d016b50f314fdea0f7917b4c2a77d6845124fa1569f1d0e0a76f195c88b0654c6abc26581e64133522ed09442bc46086c2497e0e03a8046db098b,0xd5afca071a5b7996c535b0ded4cfadaf2fc95d272eb5610cb502cf5f59e5f0e7,ok
0x2a4c6413f3be6be8378dc11fcda366979b412342,2,0x03f3cafae3937dacf23e10b71e10b0dd10db7ee1f4afd64ea51bb3e90ee6de74a8,0x04f3cafae3937dacf23e10b71e10b0dd10db7ee1f4afd64ea51bb3e90ee6de74a8afd42035aa75f60442bd5bf0e810446944e322fa76ce48f595707832ce350aef,0x6d067e29bb3be97469bbe950cdd282bf4ff431416a744d304250c416736d06c7,ok
0x60aecb5dad34182674b4b123b56befa97ce2d441,2,0x03c4a9093aa75f9b0ebf4abd25ac2164c5a64533cd200d652eed75512439079acd,0x04c4a9093aa75f9b0ebf4abd25ac2164c5a64533cd200d652eed75512439079acdb3fa9b9c907412a49d893556262774c3e2f9d9d7bbdc561542ae0d6897af0b69,0x8ece801f149980e9b5bdda0eab985dfd14bd84fd24039ac59a64d56638f4e804,ok
0xd4ea1187fc3b3e6ce210232585d1a1b107d25656,2,0x02c2b5995413cfa67ae41bcbc98b815f00d60bcefa3a9071538b50f6e209938483,0x04c2b5995413cfa67ae41bcbc98b815f00d60bcefa3a9071538b50f6e209938483e0fb8ba7e9de9576c378ec4a4115b97f6ca1473c747cb30e9251dfb301ab9f12,0x86666f1936501843e0ee057abadeaa4fad8bb410e03ca2e8342f402cabc8987b,ok
0x6ed1d3efac0d330deab25c11fc5ffa6b7bdc6548,2,0x03acc60fe28b039426b5b7c80d96113eb52b9bbd1f3595ff0054c361ca4ba1838e,0x04acc60fe28b039426b5b7c80d96113eb52b9bbd1f3595ff0054c361ca4ba1838e861fed2869fe324da7bc335ed9d95043934f2f5adff6fcb3cd077e953d80fc5d,0x9d9f071d5f8ded46514b7e7d20f0eb41a6c0dd410808de6a8990f56a5027bb80,ok
0x68c5a8cc46f4598a973137afb9bb9e4fb62e3f4f,2,0x023312796addd2548f725822ef405c6d4071adf9fd5b65caf4b1f97e71e5284f8d,0x043312796addd2548f725822ef405c6d4071adf9fd5b65caf4b1f97e71e5284f8dcaed0899a79a42e05f573e74fa6c7411110fa15a5ac2678abbc895f2a6ef2916,0xe03fa77b4261464d0853afb861119603e632dbb4b9afcd2a8397242fd6078daf,ok
0xc34563c9e5a18a15748a5043944ac4bd8734947e,2,0x0341a7439cc96b709102d9087d265c2d2b8231cd8df93fbb36957942280d53f1be,0x0441a7439cc96b709102d9087d265c2d2b8231cd8df93fbb36957942280d53f1be354a76656cd5c5a8bc2e38d944f5f8e52ec0abab1299990bd2652f8430187233,0xd8c7d219bad02c988a24b104f8106d7fb6fb6e9d203dd7d9fc8749beeae28208,ok
0x9837479f649ad77c89a7b13bb8f44b4a2183274a,2,0x02a2ead522497dbe6a1bb912cb896a55f216aa7142ba08d37c009b85bdd75dd3aa,0x04a2ead522497dbe6a1bb912cb896a55f216aa7142ba08d37c009b85bdd75dd3aa9f29246914233512b146e766b20835e5caa4e2b1ecdaa8c8858076d9ffeead16,0x3f56b4c9dd9d217ef786e4e3da55361b5d9b88d0b840455827a5ff0716c6419c,ok
0x3bf4c98b5d254ea7522daadf0e083e22f7047a73,2,0x0266203476c8e676ea6293cc2bacb1f7f48ed69c6a47a50138583f37e5d59a4d61,0x0466203476c8e676ea6293cc2bacb1f7f48ed69c6a47a50138583f37e5d59a4d616d9d86c252ae0f54c5e70edb19a197284a9c857f3a2ad724c712efa72b736b32,0x00ee0b3aa7a3d17bce435ed70e0cf97c58915e9020f1cbfa84389509972f51c6,ok
0x28523ae8fc1ef411669a4f284d34f2030434d38a,2,0x0222bb1878ab969d804aafb52496c7a469141bc7147e5f2ad89b47be6c85955a64,0x0422bb1878ab969d804aafb52496c7a469141bc7147e5f2ad89b47be6c85955a645522c003a4f1023c3ca43a343848d483644b477bcc491a91e0a4b79df025b176,0x9a4284bc82afdf96f1247b498710a90d95810bc471fe015e8bc24939309468d5,ok
0x96c164585abae940ed0430089d8186b119f09d78,2,0x03aff5ba151466c79e27e66ef3446c8fb618cd8a9f1d687c2114b282fe7072fad1,0x04aff5ba151466c79e27e66ef3446c8fb618cd8a9f1d687c2114b282fe7072fad189f03622317a1629639d6e7c658fa95a9f3bcb103fcfa02506674919a65bb8af,0x335c024fb6ffc4c553e55f08097db888eb4b8b6ed6ed0efe715d6aeea7f354f1,ok
0xb743df68831aeef2d700b61864f42c20651bb0d5,2,0x02ea56ebbcfca5e56418c7e7600829e01a4bef9d0805b163e1d44ac0d16784c5e8,0x04ea56ebbcfca5e56418c7e7600829e01a4bef9d0805b163e1d44ac0d16784c5e8585e72f7e2a5a2d366978992b571ddc4e94e1eeb59d750287d72b7ff438d941a,0xccf722fd7928d5fb91eaa2eb524999aa170df8da215d63dd7ec4ce95e438a9ea,ok
0x0526069cedba1ea6069165f504154ba629b762ec,2,0x03dd00885dfa4cf044e85ed8b79e9d69d16bad00d43d5f5798caee67ef2f2d471a,0x04dd00885dfa4cf044e85ed8b79e9d69d16bad00d43d5f5798caee67ef2f2d471a0466494a5a6a7f3a760151718e9718131d539b2dbbd3487c3674d3e803d187d9,0xeefafe9426486e32cf6d0940a32de20c092baaf5d508fb28b4bbcfaa6d7bc5ea,ok
0x7412bc256355abd22dd53de3a38e8995b5d4c1d1,2,0x03f010a17b6b9616ad18e536cab118f08d88cdd8bd1e23509e8bd00e69f7768f77,0x04f010a17b6b9616ad18e536cab118f08d88cdd8bd1e23509e8bd00e69f7768f77ab4efab0525bbea2ecddcffe49ad369db522ab33a01644f52117a1d487d6e16b,0x8dbff03e8aa76330eb5b97d091a2d6ad24e05a46011fe7a2fb80467d3ef0be06,ok
0x0c6d59f4d4a53d4fd88397de2eb1a5d09984eada,2,0x03dda74fe7446b55ccfb4a04f765167cd1f2f405756aace5a4dc4d1204605ad5fc,0x04dda74fe7446b55ccfb4a04f765167cd1f2f405756aace5a4dc4d1204605ad5fc125c1f1e1bb743ad2af50801b7784f45d486c5581ba839c7c4c9398cf75ba023,0x036be3e33898102ba0070685667688dd52b5eff629b380c2fbac655fe9bf48a5,ok
0x09d89ec403b589493660b70e9f0803aebcb7e028,2,0x0287202e755e465e39635dfdca0cb33af8f76c557cf50e3a9f2a4a8467d5764134,0x0487202e755e465e39635dfdca0cb33af8f76c557cf50e3a9f2a4a8467d57641341f0cc529f0bb996db42b8bd53c9a38a4e30f17e1655f7900c60646f6e87735de,0xbc74ff470b700be0565164be1275bf20153c7058a8ef9d33a5b9c4d2cd7f0b1a,ok
0xdeb98afeac958173147bcb41690501e49971a30d,2,0x020aa1bcb9af4eef30dab2ac89682f080ac6999bc92d2c7ba365b20df7740ee15e,0x040aa1bcb9af4eef30dab2ac89682f080ac6999bc92d2c7ba365b20df7740ee15e200359d800c0ee30768c9205b0c90ff2ec11165433002e67f12043b2f9918996,0x8326fb6b25a7dd29eb156fa03fdce2a45080cdff267f50c79622203f01f2a749,ok
0x78f4e9ecca080474bc293553ac601bfbb6226915,2,0x03bcad894d4f6834ff27904f6ada97d123f6d701074561aeeb1b30d5b5807da3d5,0x04bcad894d4f6834ff27904f6ada97d123f6d701074561aeeb1b30d5b5807da3d539a3096fe1354d58b501adf182c5f3350a66b6ccce5d9e3899275de2e7f8a299,0x02b29999b0798d1efa287a4f3143b16dd0a21848e33fd7f9de931199f0142f96,ok
0xa697ed3b07a1b5e9b0f1a242d7471e9eda1ed60f,2,0x03abc934e3379f962b9518bbe0d7157256c63df8a2b545eccbdf0020218e16601d,0x04abc934e3379f962b9518bbe0d7157256c63df8a2b545eccbdf0020218e16601d1f8f8399392ebf6e12f7430cf74137e9e60ea58c3d0137511ef7a87a27ee13b5,0xf7ca846a313d7549d7d23984d9f96bf0e256f7426dda1d2ffbc25a319b2288a6,ok
0xbb569d55348b1446e8f26057d77aa97b2e3102dd,2,0x0301982db93f7dee429e58633f34616adfef0fe2356c24ac850c903b3c4a6be3fb,0x0401982db93f7dee429e58633f34616adfef0fe2356c24ac850c903b3c4a6be3fb7ea76db1efb400f75b0c89bd323ea9b197df216a4a809fe273d8f59eccdaece7,0x0c5e190845656945d485635a6bc387ba53467ad7394c70e6ab1b57aab5d2c9a1,ok
0x459b06eeed0bdf1a4a2c88cccac1d24165ae96b5,2,0x03e6e2277a6fd91b124d5e0c43f523d12a8963cd3f989c6e0d79052d2702db679c,0x04e6e2277a6fd91b124d5e0c43f523d12a8963cd3f989c6e0d79052d2702db679cdd663bc005af61beda8fd1dccbec71b6f438d788311e018c08eb27cad9a37ff5,0xf036caea29bc8b95e465cc028686f8cccfcc9472790dee30c4a9c76c82e05836,ok
0x5aedcc710540f4da0ee2471572ab70fa9cf9d707,2,0x039a8b048c2636e9fff6dd0f866b66d0626f9665733c5ca87a3ae22a53d813511f,0x049a8b048c2636e9fff6dd0f866b66d0626f9665733c5ca87a3ae22a53d813511f4e464bc49ae6de766b388e9d68a7811ec00c6594e602a59cfc858f1795350d49,0x88a3023ce7820e2e4b15331ac75e4b66cdc0e21e0be75932aaaf1737e5c8df57,ok
0xa43d8e306c3371ddd5a307ad54919965736509b5,2,0x020b28714f34ec7b84d6adf4e145ba50448675c29ee17770d0efb814ac1b4a6ad4,0x040b28714f34ec7b84d6adf4e145ba50448675c29ee17770d0efb814ac1b4a6ad42eaba5a37a9829ef7e77be3ce8cf7170c7dacc65f1210e7e52b6e1d1a013d936,0xfdd789dd12331a40404cb98d8a2f52c53a6e5f7ecf1c103519cfab514efc1d96,ok
0x1b14a4a306aad6eb86f6bbb2608c8c41c4a46baf,2,0x034211251c9812f6a488ace07ba9dce8d8d95754e5cffe3942c876c9a2b21118f4,0x044211251c9812f6a488ace07ba9dce8d8d95754e5cffe3942c876c9a2b21118f4b6c82633545ecf652d3bf59187da0030c89d21cf606b437bdde2634b2e83143f,0x54473059890712981a9d84c4cf683e67c82575fdf931ff16b8e8f1182605a2d5,ok
0xeb2b6802332c2a86be4479b1993ba05afd91d300,2,0x0251d8167ea0748c58be5410a7489531cafb251a90fcb7b4597bdeec2471e44a2a,0x0451d8167ea0748c58be5410a7489531cafb251a90fcb7b4597bdeec2471e44a2a65b2dcfbafa135c3e5ddf58ed6a5f225c27680414c633700a8564351382de2ce,0x5f51cb454e1a0099ee407e58f4bbeedac19a3f25b549b4a67409caf39532a595,ok
0x241790f3467a494931292784470650506f3d9d8b,2,0x0392e9fb49df39d150158b223d4e79bff652d1f5842baddbb4cc096fbe59855dbb,0x0492e9fb49df39d150158b223d4e79bff652d1f5842baddbb4cc096fbe59855dbbdcac996108b3d27cb5dcff2e883e39ae9b80f31de981037b6071f90ebf7d38d1,0x8d7997ab81dcb59e476af0fbeaac5fdd48af68937becb6a52fc1c01e328a998c,ok
0x41de1eed3fe18618f0df558ea363c522ec18e194,2,0x02dc8a4550b5c1431af5a1a7b2b879682d1f57967c974f6e042b17bdf2d3b30375,0x04dc8a4550b5c1431af5a1a7b2b879682d1f57967c974f6e042b17bdf2d3b303750a6ca23e8150cfa447c838d1bd1f66ed272118e447082bca09a492089ebeebca,0x7ecbe3d3f848023d838ed68b74a5d8e6c9fffdcd566020e67882da0b5de7e0ec,ok
0x32ae0bba90d0929e50725f99d135ad86a05b7220,2,0x03b68ccd12c856c1c7a20cddd7c24fb3f6c6dd5be98ce181b0c4f70dbd4f53dd22,0x04b68ccd12c856c1c7a20cddd7c24fb3f6c6dd5be98ce181b0c4f70dbd4f53dd2283e251734a54befa83a12108f50d080551ff05ed8ac48c8c6eaecbf892dcbfab,0x897e9fb902070cb4d79279c051f26c1c733c50bfaecf9fd4b98c45c131e341a8,ok
0x0a0ea80a032712a7837760c28d3a81fc0b8b2d61,2,0x028afe5898e8bdc3aa1eab52a173cf3cd47a08b7e82e99a8bf58f300e5e9691563,0x048afe5898e8bdc3aa1eab52a173cf3cd47a08b7e82e99a8bf58f300e5e9691563413083227cb1b774800bc9939a000a1db70ee9aa7bc4a22950a852d41de03baa,0xfa773eadbdd5732052b887456a252e5f6ab0ca448bb9bd1786e9dfe01ce23f89,ok
0xafefe11cc7b3a72983f5cd6738237d72b08496a8,2,0x03fb36632591e4b09b8f277a58266bb483259290513515b0e83abda64585380fe3,0x04fb36632591e4b09b8f277a58266bb483259290513515b0e83abda64585380fe347b214534e466a960b797586e41a658586aad2f78a6530eb5631aa6e4cce1e59,0xb23491cd2f4268381eb50cf2c559be2dc588916cc343cda749d186d793f2462a,ok
0xf4d7bdee03f9eef82f90f437388734690d08b942,2,0x035bf92053bb7fb543db3289bd425d9d3d338bd5b45632838dd8d7b4660302cd4b,0x045bf92053bb7fb543db3289bd425d9d3d338bd5b45632838dd8d7b4660302cd4b734ed13c4c9f0160f42bda7df7d11a9f2cf45d12276229b058e2a2bb9f2e52ed,0x0591d3a1facd1ed825e10413bd6258d58cef7c153c4d0d88ed16192224b7a99c,ok
0x355e7a3cebd7bc3736feb9122d12a0b66c7f19eb,2,0x0315197859f8d2e2c615888753680f70e7e6783457bd5f894f7e6f5b0074d38a2b,0x0415197859f8d2e2c615888753680f70e7e6783457bd5f894f7e6f5b0074d38a2b6e87dc2045a6b6c634e2619a9a4754c952ae16313bed47151c5fd385a4a87ded,0x84882bdc3032599f3982943c62383b63aa6f0665f5ae586b856089ab3df8756d,ok
0x8b62a2a9ac24ff36e80ba218459a1d480ee9b8bd,2,0x03649061731ea582fbab83f67f15ff0d8953916ec40273b06103aca6e1ac2389fe,0x04649061731ea582fbab83f67f15ff0d8953916ec40273b06103aca6e1ac2389feba340eb9f2c67d22dea9a3e14615e1aad83f0ea400751901bb221d4a925ba699,0xd08ddf4a2ff8b2088a033b5794d4f29668638b2c81c8f808d0c253b48497b104,ok
0x062f67589994ec264eb6b63852d6d20e27a46a45,2,0x022b5ca30158894804b8774faa9441b2ba007455b928f34ef5d464fed711c595c0,0x042b5ca30158894804b8774faa9441b2ba007455b928f34ef5d464fed711c595c07bd956058bc2fb4196c6d7de12a61cc3c6096df9c04c8f247c93f5ae7ea5fffc,0x2f0301715b96b5bd4e8389431aee2f47b7dfcb7cd3e2053eb32319902e104444,ok
0x227b7e7dd35e3468462b2917ca277dc8bc3992aa,2,0x035172d43e86808cca15c13e5380fe928b3aec4837c20876cef9ff724dae704150,0x045172d43e86808cca15c13e5380fe928b3aec4837c20876cef9ff724dae704150279a9457f6d803cd2ab1bcc461b9ff7bdbe50fa2106de2c93c33b6ea0b64cde7,0x645edce09aac66a5ebe32cdb8027a1a5f330610f485a01bd8936b3b271a95839,ok
0x9ca4a52d3f42502c26543c7c462485f1fee681d9,2,0x02ebc44011916c7cfc633083acb9f8cd8e7d39fa34db1ab041dc65656171609992,0x04ebc44011916c7cfc633083acb9f8cd8e7d39fa34db1ab041dc6565617160999207a5a6468523c9a332703596a78acd0c919dcec26d73870524d04d039a3e0ae6,0x8472b4ad249377131441211b79417242985bf554738374bb4088c0b6a07b15dc,ok
0x5af7fe4b38ca869c042ee754d58843444de86904,2,0x02b6e04bbd41e3de3499ec36b9532d4783214ea7e940b6d0691b4da88ba7a8fdfa,0x04b6e04bbd41e3de3499ec36b9532d4783214ea7e940b6d0691b4da88ba7a8fdfa2ad7b04a69d7161f94b286e37b6e9ada41004f8a33fd6acfcfe33543ff49712e,0x0b096f8dc4bb158bb52ae1f432c787a884e4a886e344b943a3f31c50ec768043,ok
0x0cf26483337cf91bf8c1bc6f9053e0e1aac27365,2,0x02ec118257acf37f297796d8456ddaff6f42e13d9e78255f95f2217e95a47cad57,0x04ec118257acf37f297796d8456ddaff6f42e13d9e78255f95f2217e95a47cad5734d6dccfd5aca579bf1f8112aa288253ffc9045939b15b71d646752378fd48e6,0x1bd36fb8477684205fb17a5fa51f2650b8bdb8c3f290f2cc490950815d93fe7d,ok
0x129051477b9ccc5b48d1362a1f9e9eef6b02e9e3,2,0x03fd827dc7c1f199c403a20b5d04810bae7b6369bc2ed1a56c18831a5ae900bfef,0x04fd827dc7c1f199c403a20b5d04810bae7b6369bc2ed1a56c18831a5ae900bfefb821d1346093e1ab7c88324a13bf36c4fa34fe99cb237df8d92cda2d7ddd14d9,0x88c3a8b8e8a8c73f56ba19f548bf11781b330cff2a3b8a396a4cc605b220ab54,ok
0x5fd25575f3ed23ef4df4d03b0754cb433297fb1f,2,0x03c02ed709a298454f6b0518ce9eb3313c01499262440bb01076745076adba03d2,0x04c02ed709a298454f6b0518ce9eb3313c01499262440bb01076745076adba03d2a939f655e6819000e350abccb92fa546a33542d9a7b99d538599154c9a1894d3,0x57aa4c4596c0acab5cec39ebbfde75b5d8432793c464f593cacd13668f0bc876,ok
0x897a7ce8b2a7436f409f538994e9f05779bc413b,2,0x0261cddcd1cec3a81b7d7b952db12471761ab7e1a432e885326464f2a0ba63afaf,0x0461cddcd1cec3a81b7d7b952db12471761ab7e1a432e885326464f2a0ba63afaff34a4b811d887f0259e7bab4621360ff539a0fae1dccc10a4b3b2e050a45c26a,0xe69e031afbe363712886ee3ac5b1b58d61f42bf14bcbc73bb05c9606918dde55,ok
0xed9178bf3d18e2580c4d9176fe862bed311448bb,2,0x032f61c9e43362ac69ba6976529d322e1da54a494ef599a7707284ea26b6333acb,0x042f61c9e43362ac69ba6976529d322e1da54a494ef599a7707284ea26b6333acb0869e3e9565c5ad8ee2fbf2f7ecebd332e72f36ac6f74ee2d601153f96cf6c53,0xa03129339b316d1ee9fc00800b984a0e81d385ef8db73b9bb508d2fe100cfbd7,ok
0x604b38be27c12eeb09f52ae5cf02ece323d2b0a5,2,0x0257ca05c8ebfda6f413154360a06e691eb7d62b63a9317e93df736b7e529ea3b4,0x0457ca05c8ebfda6f413154360a06e691eb7d62b63a9317e93df736b7e529ea3b4b4313293bccf35902f32e2b40923d3cdf71bec55fe7b9b83ff7222a44928007e,0xee0cedc715372b43a9c83c7bc159c83b023da26772158aeda38e45f9cc29ea54,ok
0xb513b45f1fe1e82d7169a45d2bfb6c90dd6cab0f,2,0x0221671c4584a8341752f1fae953c35e730b7e496e283a1aca14ca7311f5764a2f,0x0421671c4584a8341752f1fae953c35e730b7e496e283a1aca14ca7311f5764a2f5a56cf788bf0b26ac6ef683265a65567a07be7f3f3605e5ae954bfc323117f78,0x0cf305dbba304f96e919603f02887feeede1cba69ebd23dc5c38c8df3dbea02a,ok
0xc0c01bca398cfac4404e18d5eac8b174dc06ec58,2,0x02ac49abbe9139c116404589d3bd8f19c06c6738e11e4b1614cc7b07097aa5abce,0x04ac49abbe9139c116404589d3bd8f19c06c6738e11e4b1614cc7b07097aa5abce0e5b733fd8c23231b21ff688e0c5c614df61fb6cd68277fa92f5f7fa948d999c,0xec489a27a1758877b2847e53d1b4f23a598aa798c1a357475802bb9f3cb1ad8d,ok
0xbe639b2c0a4f701aebb33b6366930342466ca632,2,0x0314c2b86d1dc3231f5e540b23affa239e4811ea24b397e79bc76dabaab0d1fcd8,0x0414c2b86d1dc3231f5e540b23affa239e4811ea24b397e79bc76dabaab0d1fcd84269815f50bbe9a9f57e292d196ab21c16b3cd89e5367168fd63060c4a58c18b,0xa654fa9609ec731f49b7299787fa4ccc57f9b0415671f11709b3324daafb3b13,ok
0x84797b0f0667e43b16a642007187d342c7e86b6b,2,0x02d6a6a3ea94998ea8c3f738310a6a4d6f9e6e167d607e58981cc0f62a7779fe25,0x04d6a6a3ea94998ea8c3f738310a6a4d6f9e6e167d607e58981cc0f62a7779fe2522a141e780f0e1ceadb7eec43d9b9913452fc15387902a53f250862fd3d0cfcc,0xfffa29c7e99772638d924dcaea1196d4a24f2a076b59616893a64e91c702678b,ok
0x120db88b198cd38c1a604159cdab94478f4d657c,2,0x03dbaeada56fd91d4762720f2014fac60804ffe7eb59aee6e15176470ba7911690,0x04dbaeada56fd91d4762720f2014fac60804ffe7eb59aee6e15176470ba7911690122f9bd2d454da15721a01e99724994874eb82400ba2f399b3ed46379e17943b,0x946b4c7591138229e1e753b33fd0855cd7a04a539ecec9df0944421a9ba7c824,ok
0xa8d6b42a88bd1aeb61e6b7dce475c964bd72eb18,2,0x034cdf591a1cb3dd54db06790d004d47d9654c84be86e3c66f90729ef65d75616a,0x044cdf591a1cb3dd54db06790d004d47d9654c84be86e3c66f90729ef65d75616a34cac74627f752cc63873e278c8f829c46404ca15f363fbfbdf029ca17aa9ef1,0x9f9c4500425871e742d37ca31daa86401c9cfe0837d51536939051f57ac7cbb4,ok
0xac5ac2e4688870f7171966bbd787bf062085ba93,2,0x028118723e9f200159064838a8d7d0be1144e6aa5767f42f0eb0d9360f8f11c259,0x048118723e9f200159064838a8d7d0be1144e6aa5767f42f0eb0d9360f8f11c2593527ec44cfe655082a1f6e742504341c542e4829bd2b87beb4c3fff41695ba2a,0x7d7bc648954ea28fe273edf03d51352a2db24654bfac7936df9585abb8d16374,ok
0x71f158478e5f9eec4362341080b1ee0cb7690aac,2,0x02b15ef207bc1ce883b51d8d04e73493faf519c981362b2b470d77f1865f5c2ea2,0x04b15ef207bc1ce883b51d8d04e73493faf519c981362b2b470d77f1865f5c2ea2c8775d7c1d524a162fc7e3c5c057c854c0e3378e4e837275336e816ed845979c,0xb66959042b8914b9a3413ad4217eb2670209368339671e5875aa48c47c2db632,ok
0x86d8e71df8cf1d225b133422f1c750cd6ddb138c,2,0x03e2541b37e3b7a3ebcc111f057ccf0905e1663f6f2ada16373ecdbe055320e18d,0x04e2541b37e3b7a3ebcc111f057ccf0905e1663f6f2ada16373ecdbe055320e18de68cab1b9f37e57aeaa8c6a1fa5b29262810438947f171bc35582cc3993c0973,0x404f46d1f0f6dfa2d065e24d2eca12378dac5aa93f206dcadf21c969de0122e2,ok
0x81863f0cf78358fada029b7d5fa0b84674802ef1,2,0x02e2d497d42329add153dea88e90b2ea8edbbb75f3897945c15ab0dbe381f4b98f,0x04e2d497d42329add153dea88e90b2ea8edbbb75f3897945c15ab0dbe381f4b98fc8b4f4d952be4016a2b3a58bc65da1957700ef42dcc4fcb2a1cb277d37a0ce68,0xef7f584a5a052247fda39132d00b4c976a4d151f2d2b22b55adad57cf2704cbb,ok
0xbc6241de67bef03a01a47adbca0cee14a48f8c0c,2,0x0243355485576ec0244537f714450752b906a44ddb8b8abed4835ca42950b17ef5,0x0443355485576ec0244537f714450752b906a44ddb8b8abed4835ca42950b17ef56563bcd1785d7a7d76b77646ac4938d3e3d639b10d4e7fd73fdd79dbe9df7430,0xb81138d297b8f3e25646aa63c338d026d21ab79ec6e63c5e15d52b18e2a5174c,ok
0xdbb0e06e2d0b8e307f134c4e041a05b342c6e304,2,0x0245d34bfbdbaca2b1acd6f0b1609b6226944290251118a876e775fba47ecd69b7,0x0445d34bfbdbaca2b1acd6f0b1609b6226944290251118a876e775fba47ecd69b7defc3c7f81c956800d8e443dd711e80b323b1b3cd26d044a2d393c5a754d618a,0x11eeeb436cbe074fdd3ffefd41b7cb7aff88d4c9d586e1d0fe99c0e7dd201db5,ok
0xa34b3aebf33d4e244c3df9015365ef68ee62f7c3,2,0x0247f5544a2bb59d88c4a585f1816224107183fc5606a0c288b5f71f9d97f0501f,0x0447f5544a2bb59d88c4a585f1816224107183fc5606a0c288b5f71f9d97f0501fb5499f09b02121af111ef77bc253136c6ae1020bbd0bb3ca41e5ca92e4d7bcd6,0x30ab1f9e43c2faed77773bcd903ffe8f13c26fc653447be229867310a8137b7b,ok
0xd88fc0296a843274bedb71fb3c8bd305fbd014ec,2,0x023201533756482916cf1d3fdc242d0d48b9edcbb7a35eff83e01c41205bce62e2,0x043201533756482916cf1d3fdc242d0d48b9edcbb7a35eff83e01c41205bce62e216ea88fc576cb2b983e04a65b8c793081c0b4725a01deea410733bc6e48e62bc,0xdd3ac51c4ec8d937cc35b0f31212e65ccc08e0c014c609adea5db6e3b200700c,ok
0x798b9de7d93ae252c7b1529fa556102aef02a982,2,0x03565e3b2d228623ea66df80d81a6afa384d630e8817ec1b289598747b20b093c9,0x04565e3b2d228623ea66df80d81a6afa384d630e8817ec1b289598747b20b093c94bfa6c2fc823cdbc6f22eb38c8456e4ebcfc203b2958c8fcf680d96634a352ab,0xdd8c68504f2913aa9d7a0ed65b5cc499a8e8cb143a30ceda085b0e6246efe250,ok
0x3d864fa1ea2d7a7eba8a22a70b03a85392baedaa,2,0x0328709d9c9eb3a80f6023bd325aa79ca9e62ea474bfdde72b8d9c7ce4d96657ff,0x0428709d9c9eb3a80f6023bd325aa79ca9e62ea474bfdde72b8d9c7ce4d96657ff3705177040229cce99a1faeee8a4360f2ff8bd54935b158b013cb5f5298706c5,0xd2d36dd9c5b8af172db346a63aee7cbc00b7958e563ff4b30de1205fb5af1e39,ok
0x9289ef365ee9bdabe022df45b86ab12874c4c8cd,2,0x03b76ba0df642d8c976beae2bf81eedfcf1145690ac70b64f9a1bd4f610e4f5b6e,0x04b76ba0df642d8c976beae2bf81eedfcf1145690ac70b64f9a1bd4f610e4f5b6ed2e05b4aabe7e73fcb6a6ed86f3d5920089227d678dfc3d7ddfd0ee50db62b5b,0xf1f5f468fa4a493b28fb5b3c33c5456dec8e5abd3a9326f1cf7cc061b75da72a,ok
0xbda120754741620f6eee6c0ff4021199fc946ef9,2,0x038142c74b843e52b2c11d9e646af8100f3c3b06c576a68bfd97c8882f266b26cb,0x048142c74b843e52b2c11d9e646af8100f3c3b06c576a68bfd97c8882f266b26cb4c20920d37e3a03d68b2222c3de33bf3f17edf68edb0752c952e2042129bc3ff,0x8e8d0d7155e8b1c773005122737791d79218b5c937493961b1206e814662e502,ok
0x5cc72bc5738c21d0089012eaa1c79065d99fdc38,2,0x033e429203ac520bd96e791a2935adff51f80e852af5003d41b82e3fe14bed286e,0x043e429203ac520bd96e791a2935adff51f80e852af5003d41b82e3fe14bed286e179a154e94902913190e18f3bd86365ab708df34d391385f8395bb9fb8e7edad,0xcf40d9f70e5e43743f02084f1c4b69a7aa5467598e1f558b92bffd9208c7731b,ok
0xe18ce9b6e10b133776b75599c3d3e37896111bc5,2,0x03f0886ecc420aceafab2dd916d9519f47ce2e5bc137f74c146c4a27364c6ed096,0x04f0886ecc420aceafab2dd916d9519f47ce2e5bc137f74c146c4a27364c6ed0968ff05f7028ff0f1b6b06bcf65491fba4c82c979288285bfdc53b6097d140ae7d,0x627b7a5b9bb539cf95a6d4fe460cb4c76d429853f42cb7db6c1a456ad7ee02fd,ok
0x5437c4c23ff2f0280f53f9b5f04366d689c62d85,2,0x032972ea792ff2904f0c0742f753f59641d5f7fcafc2e858f5bc6c18212ae199a0,0x042972ea792ff2904f0c0742f753f59641d5f7fcafc2e858f5bc6c18212ae199a0b0934502cc3b29c5de854094838195e82dbe78eeb7af08c7d8d7e35eda4a7f4b,0x0ba8e5f5f9939cf49e8934526e08adbf3c43569e0fd1a27a09ab543ab20401db,ok
0xff9f34fb5fac386537af81c305e2631a01b04930,2,0x02cf64e065d48906e8d3cb211bb56c46fbf8c69a526fa1682f2df052d3d5e6b44f,0x04cf64e065d48906e8d3cb211bb56c46fbf8c69a526fa1682f2df052d3d5e6b44f8f2318b60fdca49914972b53ed5c824bd2c62bd62fb57a3ea6c4ed9d8157b88c,0x6e15b2c824e2ae6c95c5a654d1b619b003c4b8ddb81aa83a782027fd7a9462af,ok
0x75cc56d981741830ff56e29ca8212c9ecbae5caa,2,0x02fbce01de88e046c5653a74cbd308e00294e403eaefba6904eb6fefb1c4db2543,0x04fbce01de88e046c5653a74cbd308e00294e403eaefba6904eb6fefb1c4db254352a77d841b8111600003407f37785e1eeed9269eb8bf100908eb1eb3a9ff1622,0x8cd237b6af99f91de34544710b8b6292042c8a84e9445e1778698576e63d7ec7,ok
0x6fe1ad923a069386933e2c7f18d576a1addd0426,2,0x03a0fa7f8a543658b9dd1d71168ea537c81c0de047f46dc223861296090d954882,0x04a0fa7f8a543658b9dd1d71168ea537c81c0de047f46dc223861296090d9548829d771c0ce47b1702a31ba1a6f798970450b6a48935114d23d1ff73c2b01572d5,0x5891776fb016d0ea92f5b145539c4fac01adbeec05348686d59945875e4043a9,ok
0x2fd2e0b0a1c4d6bcdff517d7df95f7d56eb1e234,2,0x02df00f3deba4621e6449e31430076da318e116a7f355a9d1fd38f760c150cc30e,0x04df00f3deba4621e6449e31430076da318e116a7f355a9d1fd38f760c150cc30e2599ccc374c7abec7be57d3c5f6a716a752688130afe2ee6e279d86642dbbcea,0x458ef778fa670cc3a654dc3e6399f9b6e3933ea4faf29730cb5d1e2211cf687f,ok
0x08f03850f2ddb31a1522dd91e7c531eabfa6576a,2,0x03092dc32fa92f119fd58dd5131fc7e0e625fdcc48bd2b804aea44b4d5b03f39f8,0x04092dc32fa92f119fd58dd5131fc7e0e625fdcc48bd2b804aea44b4d5b03f39f8095fbc90327eda5ba67253529eaccf538826be2c186d0e00da2a253782a28c3f,0xc1398035d5c7be0797b50cd90a45c4e0f08b9c5e3a346ee13dcceb1a4b142891,ok
0x7ad84e097ac8261fba7b4b1afe23ed84553a618d,2,0x03124992f456d1598ade43654dc31065132ff9f548f715bf64032c25c782fa0f8c,0x04124992f456d1598ade43654dc31065132ff9f548f715bf64032c25c782fa0f8c1ace8531b6076dc0f5d35dbc3a059cf86c1fc37cd3d5a4ff184f9d9179fcd2f9,0x6260c70589bd493f3eaf243d499eb3c92ed1b7dac0b16189e2acf75426475c43,ok
0xb2e615512c5c74573916854e0e62920c918e3455,2,,,,contract
0x7c13e647863fd820f9043e749a8669f9d298cb9c,2,0x0350bc8c51449b2511b856b73f9d55458cc4fe0771c3aa7bd2a69461e0adc0e756,0x0450bc8c51449b2511b856b73f9d55458cc4fe0771c3aa7bd2a69461e0adc0e75675a5e096a602183b5c3d79065b679e4434dd55e53bc7b2a29302b1d291bfa59f,0x2e99b93435b6e981ad83c9d23f0b5c666d00eb68cfbb7a9d4f976c9f2a27a437,ok
0x55b6b2fded429d6bc4c06a90a9703abae2ad561c,2,0x028b03190c1e98d378f1ea3fcf628a5c63c65277d86cc07d5288c84f7763ec1958,0x048b03190c1e98d378f1ea3fcf628a5c63c65277d86cc07d5288c84f7763ec19588c28e777db443aaeb4acc03f90a54167ebb5e7863636bc4141b4d3c3a0d77c7c,0xa0edabcdb0f7a2332688a2b6788fef21e8c7baa784d2a19a01c92f1a350f1101,ok
0x22a24376a7551d9c3cf0f5b742820e1e67ff7a32,2,0x02be0e1b80c6a2099f56d89ddc8a52a12e4924fa37bff0de3a47b4c90895afd87a,0x04be0e1b80c6a2099f56d89ddc8a52a12e4924fa37bff0de3a47b4c90895afd87a5d2b6f1a129e8993b3edd639faa0b2ebe47b48ecc539d70110ec1736ddebc930,0x96a6091ecb5eceedf904eb928f79bdd38ca203c1292e5d1e43996e9b3f2b79d1,ok
0x0272272c1dabf0b3d44fe04cf6a60e7d054d35a2,2,0x03b71712cbd1c8d72006deb05b49fbbb47fcc80224426d099dacdd456f28642820,0x04b71712cbd1c8d72006deb05b49fbbb47fcc80224426d099dacdd456f28642820896af0f1029fd5044d86ff2656a630f993b968f8674423f5de726ac4e21b3ad1,0xeb5d30afc913e7493ace0825f7678cc170beea3b4afa1dc02ea0b505c25682e8,ok
0x2d571e80c0e57da35e81b610082a861145f84950,2,0x03b4c714f824993d802e13b0bd2a6487e875d827a203e766b85d5554fc336415aa,0x04b4c714f824993d802e13b0bd2a6487e875d827a203e766b85d5554fc336415aa7525dd267acac975a64a099fbd4409978316a9c22a447ae3784242ecc5845b09,0x420890258ea58f3cf07a27138a42d23f14c95e35e00c899964f952a31f13d917,ok
0x25710c1add6e93a9b839845716a88d5ce9f2d24a,2,0x034dbc087decb8e094368187ee18cf079a98debe466d1dba5d9c9edd17aeed80a7,0x044dbc087decb8e094368187ee18cf079a98debe466d1dba5d9c9edd17aeed80a7841b58fc703f2fb5606dc0b6be3a910250fd9003377b9d96e606b53c598dabd1,0xb56c7092e725f3817bb06cea7d7633f96253ce6657e60fd53bd4b08bfb3a765b,ok
0x24ec430a352413cc7f354d2c7ef422b8540b4f2a,2,0x02c9f30dea97557206872e8f511b471897b090a9f56756b1fd9a594a835c112f92,0x04c9f30dea97557206872e8f511b471897b090a9f56756b1fd9a594a835c112f92cc5294084cee65d04ab9dd41eaa7874abe6b634d6866f2d01145501205df3fb4,0xffe52c508e39da5963d0a7ed12110237f2645b7692f9782a60508a08931c22dc,ok
0x399939b9345622596baa3d6f8989c442c6c9ab00,2,0x02e0fe558d14289734d3010598bf52a5a86a6d4270d3d08fe11996ffda72254e1b,0x04e0fe558d14289734d3010598bf52a5a86a6d4270d3d08fe11996ffda72254e1b498dd22cb9fd6c8e494fc784c30370b2a01cbe55ec97fa99d12c2e208dcff50e,0x5ebe63218d89280f1a13d19c3bf0e7a77cab2758d0b271d9c5b5517f7f705e88,ok
0x51b6e1cb3f424ee88fa5466efac42831c1bee1dd,2,0x02fecffaea5dda8973199ea4c9c2031d8e7880d8e4e15720ddf28cdc3260a95433,0x04fecffaea5dda8973199ea4c9c2031d8e7880d8e4e15720ddf28cdc3260a954336c7e779675e93d0bedef7b625c0827686fed839f20de0b622664a582de8b3070,0x23f4d2d91e3ed33b5022f85ced63ab30311e28273232fd4f6f92ab81f6b1a160,ok
0x84c279acdeab721636745469203f48b3252b2f74,2,0x023ac0de5ac9e36eb73cb8b4a37c67634585874cad6274d9fb679e792796fe9298,0x043ac0de5ac9e36eb73cb8b4a37c67634585874cad6274d9fb679e792796fe929874844c269d176fc84b3dde15df97fa529be5613fe8806d185eff312204e1332a,0x6aedfcd23db5527f8af5624fce99a329d531443bd3987974f84861506614816e,ok
0xbd69e08896bfee0df14a2110acbdc36312f2978d,2,0x035697a683d4789302fa9a2b92c9281e57e1264545af75b7e2ebe4099bbfe65289,0x045697a683d4789302fa9a2b92c9281e57e1264545af75b7e2ebe4099bbfe6528932c89cf0b64eef33ac0de2bbc53cf01d929d7ece02167aa688b1b1edfb53e639,0x31a7c92100a82710678a9f546c17f28c7cde400cdba04b10f9931d450278287f,ok
0x49dd7fb11441184b01bf250ff66822c33b66c189,2,0x02caf5e160f9a1eeb8ad437cd0d6da387450b5a359bd5d423b51f6f45595f78490,0x04caf5e160f9a1eeb8ad437cd0d6da387450b5a359bd5d423b51f6f45595f78490655a88ac7ef191d9bc4475d774238b9306b4324ed8b8a6fafa1048bf5efd7af8,0x9d58b2910de0de2c17e73a19c3c5c8b660087f0066d4b0717c4b7ed7093b2392,ok
0x2e94615f9e9033f9fb3bbded1c3947c1f6af8d9d,2,0x020509ba836c777d01121587f2dd69c44853cef78f4be6f581de07b414d8591605,0x040509ba836c777d01121587f2dd69c44853cef78f4be6f581de07b414d85916056fb375397945b67942a55e2537ef0fd7cfe04dc23f7d705931be1f83efbc0bd4,0xbb04136cbede05a5da36d0425278925099681644df50e03efc5107c5766d914a,ok
0x7409d02429865a024274f124c944df96825d6527,2,,,,contract
0x9532070f403d815e10d70631a94e01912865e704,2,0x03e8a2099855fb632d5624f55037b80a554792f103ec45bdbc777eed74bb71e36f,0x04e8a2099855fb632d5624f55037b80a554792f103ec45bdbc777eed74bb71e36f0d67dd3d96b76f3e81c0af6cbd5406450d1ca8958df8526b371ce3cac8f34ae1,0x8dbbf11abcee914f6d18f561fc449abc18d7a285362c41160c7944fceb2c8eb2,ok
0x27281d17a0cdc7c46498153498c6e84458f6e10e,2,0x02829cf3a38f043198977c7879e71398098725756a830d51c486a6ce96d200004d,0x04829cf3a38f043198977c7879e71398098725756a830d51c486a6ce96d200004d2a0c697b49a798375f7496e7a4138f75013de0fc4c4164c8f77f7c6eb1db3480,0x7a7e4ca2c21f6b65dbddf02b9249d3a4d69c0db7207db6e4e4e31c082ec4688e,ok
0x4edc9bf27ba4faab3465ed79ad522ed31c493e04,2,,,,contract
0x46c537b5b5faa8a61e4f3a6536e7d4afdf293282,2,0x0296d3325a29172b1630467e9a5902cbd072418c6c96da7ad528dcc53bb7ee2b82,0x0496d3325a29172b1630467e9a5902cbd072418c6c96da7ad528dcc53bb7ee2b826e86038cfce2ca71d1bf8be933272db4609d9f80c7767da832ba9065e790e2f2,0x5503f9fcc00a0d005333db3c7ac51555419174e8aa11ea7690e81236fd396051,ok
0x6730e9b0430b185070f5d6afaa61cace1d5e9221,2,0x031b438b87f2c7a0f9181c03d0f9f1393e8ab9532bb1d98811c171546360f5bab8,0x041b438b87f2c7a0f9181c03d0f9f1393e8ab9532bb1d98811c171546360f5bab8c23f392a932b4729b95ca9e457985e96d5b03b0ddf00b9e0326a6f17d3bf3917,0xb71c27093ac0af5d67ed851cd769799551d9e79e068e3e6def9b702b2957d04c,ok
0xa3c1f5b17adf24d8612ea4637c1a74fca0ff6f60,2,,,,contract
0x4959e9198dd497244d6964865016118e130de400,2,0x03c2e8177724e7a0f0931926eacdda39da7e97368d3449ff393f1c0f0116c1d52e,0x04c2e8177724e7a0f0931926eacdda39da7e97368d3449ff393f1c0f0116c1d52e6ef9471198193bf4a427dec32d56cd5639ced96c2b2d15881e487b0bdc420e55,0x05f99db0ac95c15bb0a680a830a8f10040efbed61bde55c4b9cc7dc890e52f29,ok
0x8f2313d6ef0e16144d052eaf03f617854f81d2a9,2,0x0291595507da79935cb78ea115515454a0baaa5de990de5425b62ecae412169a91,0x0491595507da79935cb78ea115515454a0baaa5de990de5425b62ecae412169a91da058888dd999887ac7240826b1b34fa3c70b444457e998806a741a50591bdec,0x8a4e3fe2157ef19c1b1f597005f936f44b1d22ec72fa24e16401ec4ed19c2dbd,ok
0xfb30f3529b13502422b7eeed63d70ce5311414b8,2,0x0250b7bf89efb912e6d2bd1d02f1e80c45985639bfee7a8251ff115c2f46cdc233,0x0450b7bf89efb912e6d2bd1d02f1e80c45985639bfee7a8251ff115c2f46cdc23322640c0e4c1bbfbcdec59f0f004f54c776e1368463442f0740bbd49aed2fd07a,0xefc3bc3eedf7920d0b36eecdcf46527d01979f340ba9ae8a718b2bb01c972aba,ok
0x51ad8dfe402f346b9b4294b4dab898e4786ba181,2,0x0327745f2fd439241128e9f00078af4d2c15b6456570f1a9e36e9e40808ee3280c,0x0427745f2fd439241128e9f00078af4d2c15b6456570f1a9e36e9e40808ee3280c992caca87b0cd8d359ff05cfa1021a96dafd7aaf5cedd1fdc51e7c537eb6b53f,0x939257a3c5892b48035316ee014d693bb000cca3d4c86b509aadabd0ef8e010f,ok
0xbddcd3bc3f1b4280b7b29fb5351ef8aff86cae3a,2,0x034214e46c04e64cd4a6206b39c89f5096dcf51ea96795ead44fc75195c810532a,0x044214e46c04e64cd4a6206b39c89f5096dcf51ea96795ead44fc75195c810532aa92a1cd1757427e7cf8b7aaaac9a19b5955aaafeaa08c0d88ce6f5c518859faf,0x7d7bb1be7e86d6c4fcc4ba52b96208458834a9cd939356184e0afba29c1510b4,ok
0x31ac24feec0bdb5fb1dd3b79cb8ca4a4dc81240b,2,0x031cc040e06998346b16143cd462217d8d34ac23fc38917a3727db3dc8552e9580,0x041cc040e06998346b16143cd462217d8d34ac23fc38917a3727db3dc8552e95808fec13e47d1aa74d1bce1086add2efe96ec11e2967acde5c40b6af7af14a18d7,0x7a07686447bb5f87628953cee38164a625791ded7faa97cc7ce086f7e7665710,ok
0xf14f1281b89a476465b9467e7f1aacd7e96bb17a,2,0x024586eab4c428a9bcfb21361d8c3268e509ae11af77818583cb9edbf64c0630ff,0x044586eab4c428a9bcfb21361d8c3268e509ae11af77818583cb9edbf64c0630ffd702aba6ff7272ad2f1ebe68b9d9f954d26c44d85db72e80c52acbf0d55027a6,0x70d3316b47c4ea50621c528835beffe45fee50f5efdeea84b2bceeed5850fe91,ok
0xdc07e784893d9f808aa2d6ddd3db727f96bf9b4b,2,0x036b6544b3f234a6f9f3c9d754221a6d821488693d0628060f322cfd38c6f7ce80,0x046b6544b3f234a6f9f3c9d754221a6d821488693d0628060f322cfd38c6f7ce80e1a772922f7580b175bb528bbb0212a98b9e4a1899ced6287e54d0d831747b8d,0x4d7a2fb5c2ac8f7ddf7db9766870327dcb497bcba59a268ec15442e6fea1f9d1,ok
0x210d12492997bff01ea8d6c22f5e82904d78cb3c,2,0x038ccbbd479c098ace1b4e5d967b75230a60a2210c0d6053e790a49805af09f0f6,0x048ccbbd479c098ace1b4e5d967b75230a60a2210c0d6053e790a49805af09f0f6ef18faf54e98f7fc545bfabb1b9cce24bf8c5a038965c2d31c4ca28b78acddf9,0xf9d10045e57b1d31544150360c1a5f32c08ffc512bf58aaa58e5f75c15fb336d,ok
0xc4f6a1d264dc933d77778717a2e4675167646b7c,2,0x02748e7245326018de23f7350bcfe1fcda70646e770e798dbafdc3b6716a5a14f4,0x04748e7245326018de23f7350bcfe1fcda70646e770e798dbafdc3b6716a5a14f4bebd176b2d11a30eb6e3ebcfd374bc0310440298955db0d770dbcaa97d605ec2,0xb04bc15ee750a68603bfb78cab34b23869073ccb4c240687dd9c9ec725b5c728,ok
0xbfbda87cda6e77e126e6543ca64b2ab84cbf6e7d,2,0x023582bc93b1963c4183e385fb43bd576d55d631296d0c977479a31c6e34b1627e,0x043582bc93b1963c4183e385fb43bd576d55d631296d0c977479a31c6e34b1627e93aa5aa5ebb615ad481554cc07c0191f098310590a4c1094c96ab6daf7706658,0x9d526bb2371fc386ce3fb81e4586d433f9c95168d6b52da18c53594e5eca8f5a,ok
0x3943e1111315c2f188323446a91b0498c03cab4c,2,0x02a49d8cc25ca80a861b26063b75aedbe1067f0b3f6b65fa1cd20043faa14c6b4c,0x04a49d8cc25ca80a861b26063b75aedbe1067f0b3f6b65fa1cd20043faa14c6b4cb281cfab21386a2d60a06d7663b143525beb1eb93420afee5656d2b5403faf00,0xed60b3ba68b53217a59836a435e5aa8da0591490e068ac1a125ae6fc14760c7b,ok
0x5645f25434bd28dbc2c904de3fda89b9e8808249,2,0x02e971b4400815793cff89726bd73af4cc1a3e09f2bd78454b9fc6a37497e3b68a,0x04e971b4400815793cff89726bd73af4cc1a3e09f2bd78454b9fc6a37497e3b68a94da25673b348080a2ba7c91f9afee349ef7e0cdf2d6510c38847d28ed21c424,0x310da76343cf121ba38a534f9edffc4df459787ca07fca617755e23f4b1d8985,ok
0x3862c9e048b899fbc1edaae8f42c453e7fe276e9,2,0x031dec09aeaf8e3200514e85e92e70aad31debdd07f462a80d29e7ee85d95cb73e,0x041dec09aeaf8e3200514e85e92e70aad31debdd07f462a80d29e7ee85d95cb73ee974724c9f7e22e58be4f80395c67fe7583a18ce6ed59c6209076395a4c44015,0xe4b6b7baf0400b6b206ed6658d0e827d573569b0c951076dccb93e2942434295,ok
0x1ce3bcd3bc0c848f7c6241168533d0ec4ab248f0,2,0x022a5b54fc42e505d2abb5300dc42a70e2b541d2255648cf5be37e241ec2740027,0x042a5b54fc42e505d2abb5300dc42a70e2b541d2255648cf5be37e241ec2740027e6e2dd64bce41118d439621fb1eedf34cee609d6d7f9572e3f74ea13855ee010,0xa682613034d78467d9c2b8300d9327bcde602a00a03453ac5357123f229f3d85,ok
0x357931791284f40765b462aa7ad217ebf82920cb,2,0x0396d81e96f4c6e45c702c28b84606615c1037b160cb982b2b119af2bd7531e3c2,0x0496d81e96f4c6e45c702c28b84606615c1037b160cb982b2b119af2bd7531e3c2472a7bf928e771dcf9c7df83c444ad7d55e0087698015667415404b28a3326f3,0x9b6787c314b205e43a26c1f8b4c5ffedd792b3ad9d29f49dca29b3d1ad221b1b,ok
0xe339417ccc5ac776199fdd2a710f3958a60af5d9,2,0x03dc9a867858a92d276522fe62c86dd5a973a49cdf8090dfdf94c57546cbbf44bc,0x04dc9a867858a92d276522fe62c86dd5a973a49cdf8090dfdf94c57546cbbf44bc6b00905160d3e45f5a780db299a15f836f97e0a959f51b069d497a3603d9c76d,0x2a5077769a9c9137e47328a2d52033f8a3828352d8de29292b702b97cd0ade41,ok
0x96f376509714a64c7311b35c0cc5ff784109a453,2,0x03c0615c4848f805223e100436ddd74c49c71b1741d48e5f265c2bd0af71305219,0x04c0615c4848f805223e100436ddd74c49c71b1741d48e5f265c2bd0af713052195ed7165976cf7f4bdcf06b767d9ce0befe75bd88e3fc2944fac10a997057b223,0xc11a937509cc771e11b49159cb2b9319f35476aa4adfdd280be8ef6f782b9283,ok
0x959b06ab52d4a24888b2631514fe098f58c653d7,2,0x034cc81721654c85c2b537b0849c26eeb3c869570f71f36d1528745366d621bf77,0x044cc81721654c85c2b537b0849c26eeb3c869570f71f36d1528745366d621bf7789fdaa5f58cbee73144b6f6130d2f337cc11720cb21f5be160573a09ac9af951,0x546c45c11ff230ed4e77efb847815f930f192ce94110b6665ca7b8b36b6c67c4,ok
0xbc4b4130faa93a4e9c113df485488fa3731d1767,2,0x02eb142b5e0c5d0cd817cb5abbac864541a4d22355405aaa470dc1942bea88c2d6,0x04eb142b5e0c5d0cd817cb5abbac864541a4d22355405aaa470dc1942bea88c2d600357644e889e5e0a4a519fb0654c771441ee64ff84f8c1a84fab11e9774423a,0xdeba126f81651494b224350d91b9ff629099b0de5b38dc3d76a875d04c2f6a9e,ok
0xcbe30f6393f476954a566e7aed8e76f9d1db7fcd,2,0x02b5b9b6d54c6eb8bdf8fe6059b5a2da4e48cf272ad96c6a4e7b3184c232209bd9,0x04b5b9b6d54c6eb8bdf8fe6059b5a2da4e48cf272ad96c6a4e7b3184c232209bd90852c59359884f1937c90a2b4187c44fe74f262149c40f7699f3fcd6d3fbc920,0x8a641bebdb92c7dd19215f6d02456856dac337a774a6d099aaee6d2629799039,ok
0xb116f194179418b24713a6535149ef637fa13325,2,0x03d659c904bb6072dc3d905f1873ede1ead408dcde2bbf58b92fb5056e3dcbe296,0x04d659c904bb6072dc3d905f1873ede1ead408dcde2bbf58b92fb5056e3dcbe2969af845ca51cf4d0ad324fd10982779411a1918d0d9f7fef796e2764a2df34471,0x241867517bbca42f72d29f6ee69a151baa6582830de4092156764ee26ca013e3,ok
0xadbc39c2544a21e90a0bf3c977005520c5ff5ed0,2,0x026675eb63965a65b927209a19cc3f45028dcd07b700932f725220350e7acb6e59,0x046675eb63965a65b927209a19cc3f45028dcd07b700932f725220350e7acb6e59b405218bfe300396cea05633d697e5a1823bb40f146f188fc5baca527d6a6c9a,0x2f7248d13c0ca3c4457e4ae43bcbc0bf11e4f174a0c4133b75aff83271b767b8,ok
0x41c2aba286ba087b3a5bf19f523858f93515f025,2,0x02f7874f720cb5c0c7e9041b22080e540dc947d49c7029569a618acb4f4c7f1b66,0x04f7874f720cb5c0c7e9041b22080e540dc947d49c7029569a618acb4f4c7f1b664465c58d03b46040f0c56ea42c58f286d295aafc626d99133001c98934c8b368,0xe7f27e5ee587694b0837749335f11aa134dda91134117ba54737f1c16dcf3f8a,ok
0xdac64134ccf7d279b8c617888fda109eae6642de,2,0x020e867aa677c3b1a5b076023ff76665ba640b960e78e04b41e042bc1f60c28b75,0x040e867aa677c3b1a5b076023ff76665ba640b960e78e04b41e042bc1f60c28b7544ef6fe97db9e7f76261968d719d685644eecbf33b0fb46823d4646ee0dd46de,0x615bd02456198f6e4b5336be1dd38b94f9ba206f785d93a4889e345bb3be2a6a,ok
0x134f6b93ada33709539a2ebbe35546e12ebcd838,2,0x03d1e3ca116c9be77a678970bc3ea581c61cd712957c80546a2b2928bee4553f42,0x04d1e3ca116c9be77a678970bc3ea581c61cd712957c80546a2b2928bee4553f426b073557c778776609668952c0ccb2a8f3a5be0e332bd8b3b8104e064f6e4bc7,0xd49e019ce70f9a4665e1b3398af99948bcde0c54262b7c8aa0e8c32ebddeb3d2,ok
0x57d7bf3e052deebfba21ab5855baec853cbd1086,2,0x03fdb78e22e3cd9d0a6596e15bb201c94d899fb2a4fae8f48cb156b5baba9e8804,0x04fdb78e22e3cd9d0a6596e15bb201c94d899fb2a4fae8f48cb156b5baba9e8804c7d89a0003b1d2d26e230c84d9dac888b8afba8eab05d2db4c61a41fbbb2e195,0x023c85b44ddf97112786894da79400bbe1c99e035e5ac0a390d4f237b899adce,ok
0x97dfa8a7d0f5c29234bfc15569700c0d4fb5437f,2,0x0329916c645ea4e5a678b3a7f2a331941ced2370f85dd2779c561bb5b16be434fd,0x0429916c645ea4e5a678b3a7f2a331941ced2370f85dd2779c561bb5b16be434fdb333c1cfbcda6d6f29e0ec7cddc01eb88fd5a04be683ff3efd64434838eac6bb,0xd1736a002281e31c5f6e6949d2e80b425785c78694b01c71bb3e9bd7e762c047,ok
0x7f36dd92fec9ab453283fdd5a0b956d3e56d3685,2,0x0257799d8201dba09c8431ae142c247c0a7cf62aff6350e296f9bd43a0ef7a8cc5,0x0457799d8201dba09c8431ae142c247c0a7cf62aff6350e296f9bd43a0ef7a8cc5a26fb2b4df4a3a4f7077af89e1b7d362529eb2b07f4db7d24b403cbdcd42c8a0,0x845834144e632f96576ba7f3036ab1e2309e38dfa0ae50041f662baa1c9165ba,ok
0x56c58075ee42e7c28ec197bef0549112262e0ea4,2,0x029aa6122e2c97401d765db4b8f5ad8b6280513a8ff2bb2b36bcf5b79721d663a1,0x049aa6122e2c97401d765db4b8f5ad8b6280513a8ff2bb2b36bcf5b79721d663a1c4485c7ca7271b69172f1d2b117574567457048cae968e7d6d6d7806a5f08a92,0xd6a826e514afb5b19d9f6ebdad440e2af884d06cf1505391f34b0a0c5dec57e3,ok
0x1b54bb6f5193523276f134a5fa917bad865b7782,2,0x03942e52ad70dadbe1f8c450ba09a38ee1442fd35f98532777aacdd01fe998528f,0x04942e52ad70dadbe1f8c450ba09a38ee1442fd35f98532777aacdd01fe998528f49a41a767fb2ca0704a7e557ad1187d7a3f9c3114d6be70031477ab07cf92c59,0xfc5a09d57d87020325a1b674e7eaea74762f496ea9fdd662fde5756f670fa9a3,ok
0x77322fc0027c0686302ef44cb4a8de1c6175b8a5,2,0x02d7ee8ed8403bfc309570acbc444c291a1f88a76935a9cd1d998fe9f28b570628,0x04d7ee8ed8403bfc309570acbc444c291a1f88a76935a9cd1d998fe9f28b57062811ed85ade106b0515de88c9a5161e96c760dc4b2b5045cf1a5ef380778bb5866,0xd64c44b1311f70dedf7dd374f03acfc9e8410e05b6cd89ab8226186e534179b8,ok
0x7112ccf9dfcc4147eb172f05fda9e63bb51466d0,2,0x030a9a147e67db4c803433a4b77cc1568647ced959d530ca40408f23aef410f275,0x040a9a147e67db4c803433a4b77cc1568647ced959d530ca40408f23aef410f275461586e4606028c8601f0f77ba79c93b1120d4d1e4cc7ff2479182ba780c62b3,0x5a8b30b5ec8ce939a70d247a370b5da3a8575c604cc0aa6c2b38020c03253cfd,ok
0x106ea65d056f808709b3f64a2306017df53b809c,2,0x03f5232d6168fed6722632d38cc9bf3c90a32ba934cd482634e8e4b1ba98031684,0x04f5232d6168fed6722632d38cc9bf3c90a32ba934cd482634e8e4b1ba980316845a231af2ef1b23693c614274d98b666f87bc94fd0a05653a17aa4a9bdfc0c305,0xbb4b5622eee040ca0a44800690c7a403a61d4556312d5dc5c550e2328e8c73f7,ok
0xd43b50718ccd93c9476c282b268c11593c715002,2,0x024945c5d93574f806cb64227a4c427ee3def9311ee6ecb776e28457b0c89c1cd1,0x044945c5d93574f806cb64227a4c427ee3def9311ee6ecb776e28457b0c89c1cd1b46748398fbcd79842c93d56b29bc76b62df75d460107f4e80afb13adc1c28f8,0x22a5e40462fe961615be3554f4ee324bbd2e6e5c53147cb3b7628c00dfce67aa,ok
0xe401ad1151f02937cb8d3425249786b1374b0947,2,0x02501df4f4fcb1f3633d303cd0bc94ce64861fe1da5578fbc594042855fde660d7,0x04501df4f4fcb1f3633d303cd0bc94ce64861fe1da5578fbc594042855fde660d77a80b9be8305309be5e6219cb9364bf20bd42688ee4b120d4961d4bedc5672aa,0x629b26f09c33a9a127dbeb17b28bcfafae81e2e390c00735fa6bf71d7cc8df91,ok
0xfa5d05df712b059b74ccefe4084785be7f2ea1b8,2,0x023728851c4c2a947d03dc3d3e5edb8a75943691401eb392a6fe6ba61b75334757,0x043728851c4c2a947d03dc3d3e5edb8a75943691401eb392a6fe6ba61b7533475712aff52f2d1e348aac83f87a4c9193d0db3f5d763eec6303404977c57170a00a,0xdd68bf9e4fe06c664c5f6e10f2271aa71a93368155ab1f3f34b6f9195b1e3864,ok
0x627d934102eb07d83fdc63e2a50af96493a44572,2,0x02a5ce8a83988efd2f18b70011ab69f44839ab7e37e913eacd317f4396e077516d,0x04a5ce8a83988efd2f18b70011ab69f44839ab7e37e913eacd317f4396e077516d50d7d71ccfd83e2af31df9c06dd51fc8cedb0d5f6b55d2faca1022c6f311dc48,0x23afaf33dfa91c6a6e6f9b29a3813ae090efccd1e07f35f65ad54360e915b743,ok
0xae30f9b73318f42f5e01e597b97c902f4f556df4,2,0x025465fb567a41f7a559695b2abe84e4891f55c69ae0b897211fc0ccb228894ef2,0x045465fb567a41f7a559695b2abe84e4891f55c69ae0b897211fc0ccb228894ef23d4653174bfc867b0b431fb14ce9e73294ed0fc336823f5cd840642eae46f754,0x019b44ccc076f67096f5612557ded8657ff97a1b67736d6eabfccd5774c19435,ok
0x8a4b4647e041539d125598ffb3289ff7ab7b1347,2,0x02390d725e0259000a488b2b17582d8efd0a5b52b3239fae2ebc4bb96f0321b917,0x04390d725e0259000a488b2b17582d8efd0a5b52b3239fae2ebc4bb96f0321b9175b41af82e5b7667faa732494c205bdb4c56384fc75d5aa8a750253fcfc7ca532,0x5c1e4915dd4b067b5b3716a42ecd5f3d57f0c83ab1e6fce4f0741f974e8f8144,ok
0x8e80280f3b2b7f54766e31c6995c315848a6778a,2,0x02b7fa9df4b6076360238ecb625d100b239482dafbc11c236b7471f47fd076cdff,0x04b7fa9df4b6076360238ecb625d100b239482dafbc11c236b7471f47fd076cdff3ee5845913d891cca6c650f932c485f9d7c7f885781a13293852a3cefa3202dc,0x1002830986bc5c59621fe66bac32727ea92453962b02b32ea20d36862bc4812a,ok
0xc74464ce1b8d30af96016c0e744f3c1988952a4f,2,0x034c0e6d3855052d33276ad38d54db5e2ad5724a759047098533e4b42ad5d7e109,0x044c0e6d3855052d33276ad38d54db5e2ad5724a759047098533e4b42ad5d7e10919517ec10a9ec93f28f8e10753b9e7cb4ad9b2305f81864c97fcdcafb3cf6d15,0xc163d7e97bdc9bb5e3edd2b8dbeb49feaf668718c83a5e5022f1e7068ef2c5f8,ok
0x27d4d8f3fc12e5984062e44d73c958e14e00daf4,2,0x03fb8e888ca00151f215a7d98057571a4cb2cd214a5a755c312489a6852e290722,0x04fb8e888ca00151f215a7d98057571a4cb2cd214a5a755c312489a6852e2907222f161a53ab19c0f1008d5b4464b3a4a2093164c613be7477b2778a826f8ae219,0xf993ff65f5b95bc5650a96da4e003adae04cf57772750b33b6269c800208fd2e,ok
0x91a397707dd875da80d3acb13bafbfa90137453a,2,0x0327c28f1e358881e4a4fa7cb3def05984cb9567448f03cd4be71659b6bd6ce0f5,0x0427c28f1e358881e4a4fa7cb3def05984cb9567448f03cd4be71659b6bd6ce0f59c348fb1dcd3031c3a710180a5d314f1809e679115bd5466dd0b1e52c0d1ba89,0xbcb25d51d47a14d8fe0132eab84ae8daf173774675487aea4ee7b17ed8dd5e33,ok
0xb25689403f067dab25da3e3177560f064b1166e6,2,0x0289433ebfeede2970ad3214e5a7160f3b8153b2cba7ba5be07f779c8df2476262,0x0489433ebfeede2970ad3214e5a7160f3b8153b2cba7ba5be07f779c8df2476262020b0d1708612f07cca74a4f831ac1cd6b4879696827cee496d4e6b298eb53fe,0x096c94b241eb72ecb9f6a4a8fd90d34bd50f1f987255b3149b5fcfea1d26206a,ok
0x4da76b5f55510c61028b8779b612da9fb0c832b0,2,0x02b2b9fdc85c0e5a180789a24fb75de18a682b31b7128136cdc44f22e94cda4dad,0x04b2b9fdc85c0e5a180789a24fb75de18a682b31b7128136cdc44f22e94cda4dadf5d0fe913d3e7e43dfb10ad0f00bc98626640c4a9eae138f009b4f6582cb2c6a,0x6885d09ed30cecbf88d48f1cebeae520dbce7d7f0a593829896015479c313a61,ok
0x3d6b99e2c842331e838976433cbb03499541b33e,2,0x02bdf82e149310c7e0bed774e6788ee485c4eace578e602a1321b0099f6d5ef4d7,0x04bdf82e149310c7e0bed774e6788ee485c4eace578e602a1321b0099f6d5ef4d708e8867c8e1ed23917c28ceaf37b987b22a048ed828520b0fa0b27fb8a27911a,0x365cf6ecd1b5607e17bcd233f650756e382f6bd02ae271e3f3caf8d45e582f30,ok
0xa2085e0eb73fa194743027c0f943c11044dcc308,2,0x0292f501a2114dc3d3bd4dac963cb52683143b348e145cde9e0c0cefc87e0bcd1a,0x0492f501a2114dc3d3bd4dac963cb52683143b348e145cde9e0c0cefc87e0bcd1a04570563eecd5cdf988911f42f9e1fe89c00bff9dce0674020bb6f61bcd324e6,0xe0fd99879ef59bab90d76accd359f72fc4f46e56c3a7e504680c27027b48cb4b,ok
0x5b1b5d7f419c8c26a6ed51b46db09ae6376a82da,2,0x02fb54dda66c9de6563b73f2ce2544febd7b486fd322c16ee94c3cc020e0e8bf4f,0x04fb54dda66c9de6563b73f2ce2544febd7b486fd322c16ee94c3cc020e0e8bf4fb23c2fc1976e8f31e43eefef49086744933cd2ec8665fa045917df91a064052c,0x1ce57e935b138371f3b21bdd0215ef9c27790788eec42c79347ce82bfb468e33,ok
0x9a8498e1310db02c4ebdbaf5da068a83a2f548c1,2,0x02b77d92a92a2684166c21d6d545d51d6955b050d867b19cad42109d520e95445b,0x04b77d92a92a2684166c21d6d545d51d6955b050d867b19cad42109d520e95445b6fbb7b68882420e11e7d529ae554481b02e5b4f7a8e1b6c9f435dc5bac838b56,0x5ded56d48cfb2a2f097a72864ad76c0828ca51eb7922b2baa172357c9de1be88,ok
0x86aa8434e21baf5b2abfafa55fd5d482a2fc8f0a,2,0x036916b25223200ac853395559e3b8ec38a953506ac3de2d84b3bab34360ccc7ca,0x046916b25223200ac853395559e3b8ec38a953506ac3de2d84b3bab34360ccc7cad75085af43fb1b7ab8630d1f92a84d4ba9d7cd8f54a064c99f52b6ab996cd317,0x968122f370f4492b6148bae33d7f07eff97d64aa9392bcf22001b0a03e32f3e7,ok
0x20e1f247881f7fc5ccc17b1f64f740de860b300d,2,0x03ff22286b71d05ce200ef15a706a96a565e079d2a746e2bdc8e158ffd227901b1,0x04ff22286b71d05ce200ef15a706a96a565e079d2a746e2bdc8e158ffd227901b1864be94131d85fd7d9f6f50909b7b3d281c583b9d8e69fe69a9b51ffb7dabb9f,0x6ca35aba53dd526109a9c1bd5e2aa965f2783f2fa576157be2771ee924a18889,ok
0xab81dbb20e15b023b9e46849f935f454c26e6a80,2,0x037a4b66bf06b2b3e4fce746f92e296861f2430d29b1e7762156618ba58d5373e0,0x047a4b66bf06b2b3e4fce746f92e296861f2430d29b1e7762156618ba58d5373e06815a07977b12035c74e5601a3cc92b23847c11b6e58aad54283adf331dbb347,0x6b8c86cdbd7ec0648971c250906c335ac822693bf4fd904143c4dba0a2ca6d24,ok
0x10df29dec6d94805d45e0d48329b020b319004b6,2,0x021d34b75d2fc0862ba70d1bc983676f2a64df736ac72a3d3754eac1e3f2e3adcf,0x041d34b75d2fc0862ba70d1bc983676f2a64df736ac72a3d3754eac1e3f2e3adcf3a5fc1cffd0b62d3308defe740d53f419f100e3e0ec1bbb63d320bbeda4aae5e,0x43e3fbbba9ca466798fa797301b3e5fe815dca7d2e7074d3c232d4f89d40f0ef,ok
0x080040790fe22348f599fd3cf8d5cc98172d391f,2,0x036359b71ac79ec5353ca03b62ef02d8e753b466d9f679f54857ca3adabcd2ce34,0x046359b71ac79ec5353ca03b62ef02d8e753b466d9f679f54857ca3adabcd2ce347ff1797120f577b42c6d3de3005e4ba50de57d70d2fe40d2e31a3c47d4398305,0x4bc308720056295fe76b4ac147da95c65638113acac38bffb7ca90b31d648667,ok
0xe3c6ee7782b54803465048429b67020a6cc11c0c,2,0x03583257cd0e86f7618ece85175be75d9e981f74b7d4dddd5100ff4a562d57a7f6,0x04583257cd0e86f7618ece85175be75d9e981f74b7d4dddd5100ff4a562d57a7f6f614830696063b5433f9679ebe5ccf2c9564a55528fcd2e22865502ed495169b,0x59411e7d86a82a507c3c7cd9add5dd0f165019f40a38e71c4a6e3dd0a6aa716d,ok
0xd38b57b0de053cb04a8a717e8eddd6eff2c78743,2,0x029327546852f44af7d4f396e9e7e30a335e9574193e312f491af86b789b7bb1d0,0x049327546852f44af7d4f396e9e7e30a335e9574193e312f491af86b789b7bb1d0e55b2ec14516f82b5008d1fdbc8ac78bcf9c26f795aca59e12a24f2a88bd1918,0xefcf234e924c4de2d7ad306b4a0bf11652ce340c0eb3c97d9b88ea670a057e8d,ok
0x11c4741fc0dbe1d4570e8b6f5b12d8bcd817d9da,2,0x02864c8909d3073092695801833241abe46c8185204951d42a57f1a38d18cf8e7b,0x04864c8909d3073092695801833241abe46c8185204951d42a57f1a38d18cf8e7b6144f1f27c4c1a51c387b44faa87e275524d10e781bb88253c28d1a4b113f9f8,0xe20917df4d3faf13ceb7ab8788b88da696bcb6a938343ad899ec70f86b917644,ok
0xd87b51cc8172fdb2a04da65a850c7cb914d6c4f5,2,0x03af8330b710a7494202e8dcd1a670bb1f54067f49634546874a3973eaedeaadba,0x04af8330b710a7494202e8dcd1a670bb1f54067f49634546874a3973eaedeaadba8a63450388854bf94d31c987aa7bf7e2d50ff0bde72baf54ca59efc5b503f63f,0x5e6de247781e729a772f8f7e89920115abb195b7f3efb05c875b7dff99a4d5b1,ok
0xb4c99f987a9f68ee0a3347fb74c060bc3035b491,2,0x02383fdaa4046771a6f15b890345bd16d30c346eda41a115e8f6f4cc2593a11493,0x04383fdaa4046771a6f15b890345bd16d30c346eda41a115e8f6f4cc2593a114936f33ef16214edcf0d417694bc5222ba1dcc32733aab96f7eba6956021ff1fb36,0x7d685a85481231c4f9ce36365c66028eaa081f62bba89aa9b3768d0fd6825481,ok
0xac6d1ac81cfb38d389b280b73c80520bca0c9939,2,0x02e21b026a1181f536259739e950181d472ebba063ecbf053b47f59613b39d1e85,0x04e21b026a1181f536259739e950181d472ebba063ecbf053b47f59613b39d1e85cb567ce2d5b52537e618777fa6019131ec2aa7cde529c56b92e409b90ed02b0c,0x932e6cfff776e7b3884efa0a7447092d6dea7493e9ffa25a7279cb95b7f34ce6,ok
0xeca29a43adabc1106f5dafefcc80c5e790a0c466,2,0x031e047bd1ee2f521590c2dad2eae6d9a3657756e07a0aafc0e0a8669d45a6cea0,0x041e047bd1ee2f521590c2dad2eae6d9a3657756e07a0aafc0e0a8669d45a6cea036e356861357ae0c498b032da17209d5849a47117e878f80a82f2efd7b7b907b,0x1c0e450ece2e861a481cac71d5772760fdb44fcfb57052f8fcbf96f838b5059e,ok
0xdc9d314355d38431bf27426fe45f8db5785b8d9b,2,0x024e87814679354ac7882343f84aadb14f3ecb1dcdef9af29d1bd059aeaa20eb51,0x044e87814679354ac7882343f84aadb14f3ecb1dcdef9af29d1bd059aeaa20eb5114350694cccf81072bd6af0e175c6cfda9f72e3944bb42caab06ea47fc1c20c0,0x1117131e472843435ecfe190fedb490021050a7c5e4edc4e35ca8d92156271a9,ok
0x3b7f246d8340de4fe0495bfd243fbea798503c7f,2,,,,contract
0x5f147e262508f652685a3508c79dd198494189d5,2,0x0242fd93fe8751b2cbc907ec0a4a97c0799b2e21b664e76b551375e58554083d17,0x0442fd93fe8751b2cbc907ec0a4a97c0799b2e21b664e76b551375e58554083d179a59c7b28ddc06a91af6076d6b543ffe0cec358a4c3bd4efeba6c96150c2a8f6,0xc53a0e7adf28bfbb77282416690f31942ff1282871522d54c8f8c505f3b82b56,ok
0x2d041bb79c45ec50385d372a8642044e4eafe569,2,0x02575f3b0c832b4cf178a80354da8202da0db4509983b9389580a34484fa29279d,0x04575f3b0c832b4cf178a80354da8202da0db4509983b9389580a34484fa29279db1255438fb0cc1abcb099b25a1f29f3b4f89c713a89fe726c05bbbd91c36e336,0x39f63bf1ad13b3c73e8f14ed6ad0c3693dc172b08943ee3b27646405ac1d8171,ok
0x9a271653b7330fa8ca00a4de5b575f91c2cfc02d,2,0x0221641f4c43aae9ca8b4b8987e00aed7bcabf58fe961d322782c85b682f3d1e71,0x0421641f4c43aae9ca8b4b8987e00aed7bcabf58fe961d322782c85b682f3d1e71f341b55a7484ec5334ca8cf8c20a2334898d7581035c17d8c9fda5b1c1c5ad9a,0xa44c4d761b015e17ccfd73db82ab5d9331802e1aac8d5fd3aae171b36470696e,ok
0xe366efdf11ddd698eb79b0c88a77927b388f04ac,2,0x021db74da34df75aa8c681d303180a43c24ce7ef968294ff2bdc6f4c8b7709f315,0x041db74da34df75aa8c681d303180a43c24ce7ef968294ff2bdc6f4c8b7709f3152da1942959b7ab593ae41d78eff9f914f175913ae1a1713460a727acafeedaf8,0x2def6a411effeb81d7cd8e1184b214772eee5aa97f4953abba41eb835fba7223,ok
0xcc844bbf3e5c0800ada73bc688fb1b4a2022e370,2,0x02506941766de0d12e2551afca6170c17965b343226a5a3d92fb1d44cb9bc8c127,0x04506941766de0d12e2551afca6170c17965b343226a5a3d92fb1d44cb9bc8c12702f35f19a48657a9d93ed7d0da9d565ae2cd6f4b63cf3033b757700eede1765c,0xc8a69f65338280ef4e600c8c3f179fd94ac2652efe61807b5d51957460cac619,ok
0xfc7fd1a43935b45b43c460cb176a62e644476396,2,0x03d1bc04e0f101bb354b9a1a255d9f519869bcc7af7c6d75f0411a4188c863aec6,0x04d1bc04e0f101bb354b9a1a255d9f519869bcc7af7c6d75f0411a4188c863aec6085df26d763d7bb8a667bde6887f148ad97a4d5c87ef471fbfb442f52fc2de91,0x8a56acf28dc2719ee85ef5d8de914480a7415540b10484695dac8daf33336db3,ok
0xf37c6004b40bc7c2a9ea429ffd14e5ea696d71fb,2,0x030a5aec8adb7eebed3f5433b7ad863308cac239c5be45996e7d8b0a6fb35eec81,0x040a5aec8adb7eebed3f5433b7ad863308cac239c5be45996e7d8b0a6fb35eec81cb4437b2f5f3adcd2e1424f6c3c2920150de0dfe36d9e596e3104bc86a27e4ff,0xea79214bbf8247e0b906689125ffd1f22bb5de760dd4b5918ebf8734cafd78fc,ok
0x7e5f618a4882201aea24ab9aadd13682635b120e,2,0x02739ba5af5ed5101f10f196114f13d677559749f3f8823f8ebabd7ee7643b4607,0x04739ba5af5ed5101f10f196114f13d677559749f3f8823f8ebabd7ee7643b4607276e20f2b541532fe29f4e2f1ab8950b52bc4642ef4a292944ac0a97c7141548,0xa52db3b64dcb1b9c56cc36e33611096a9ebc7e3cd8e725406f2ad4c4edaf27bc,ok
0x627949b6f6b989969129be99729b027864470957,2,0x02813671f4f14869ec4f09f56bd833715faccb13355f61491d3b99eea48cb606f7,0x04813671f4f14869ec4f09f56bd833715faccb13355f61491d3b99eea48cb606f7461a5ac0b6ac5a37b83982d7387175081a71fb3a47dc576475bd83687bbdf0d2,0xaae737fa692583d2b755e0cb777c9b3da8c8f544d4482bf20cedb013a6fe173e,ok
0xc70d48cc22569268d31b4e8008f84b5f6c7035fb,2,0x02ab8f40a72171a33b035e376c08602b4f87ae48ce2af983c6e717a249bbac6323,0x04ab8f40a72171a33b035e376c08602b4f87ae48ce2af983c6e717a249bbac632315ee2bd172686e17ee27faaae7d36be13adf0b8ed5b55fd6030754f3a62b4e3a,0x735f89173dc8a50b27ed34aa84d0f02c461ee95fa0b27d6a339884d9402aac5c,ok
0xed2318cff223c8555c0b827a99d86d7fa9b8ac98,2,0x0293600f29a504d76bf2a35d6f3dbcd99553358885edf05e75ead88adbceab5c36,0x0493600f29a504d76bf2a35d6f3dbcd99553358885edf05e75ead88adbceab5c36ae1b93ec0226b62cdb4a48672f052d86c2c79f12f453d222c36595a9cb3fda7e,0xc7cdd6185a6ec7a1636636a32db94526cdb8cf31e0e23c76c4618367ce141f01,ok
0x8facb186998f380e3669cd0e21d1233a6b53a28d,2,0x031459c78e4ba7a82e2fcd4c0c69e9390c2b4b133995020e4795bade98a8f0af87,0x041459c78e4ba7a82e2fcd4c0c69e9390c2b4b133995020e4795bade98a8f0af87b6081388bc0a87c98aedece7e69cf70b936d4b1510556a86e4cda4f7bc8d3163,0x53dab2fc03d5ce508017cc9cb24ed8c61b582bf051aa634254331c0768a5911f,ok
0xb0fe032bcfd09f3b935ef963da4d65945cca4aaf,2,0x02be7c36649f16da80cd5e18ffbd6afaddaf812ad887c22a86093ba8763001155b,0x04be7c36649f16da80cd5e18ffbd6afaddaf812ad887c22a86093ba8763001155b21182f8d248c27209c720229e90d9d45508850f9154f0b946c2596811c516244,0x6d88fdaf306ea390c430f5dc55aa7ba88baaacee290fa9c7eb356145a50fd3a8,ok
0xc61b29748d966b9f21e83c49bdff5f883751e445,2,0x036a88fa8c0cb16cf9887db735194e2607af01fb01746f232a46f79ad95cef0dc8,0x046a88fa8c0cb16cf9887db735194e2607af01fb01746f232a46f79ad95cef0dc8be1ae1d04f5d9603b11c5b9b4df6b3964482fdb3869c17a98a63a1289dfd86bb,0xe4c25991ae91cf87a4799d0bf1618e3d6964f2aef39270a5481ca4086d621d53,ok
0x0f3473d555b10c8ce62371372718f00cd0eb0416,2,0x02091378f08398ab115e9babf6663014fd71261066abad954c3949a0424e602e53,0x04091378f08398ab115e9babf6663014fd71261066abad954c3949a0424e602e532f7bdbf36ff0d8f22ffd9ce374562e59657efc8c7269a525b93a66c0cb78b9c6,0x7efd54bf773037b3d94a106fab93ccbff7723932f06831429de503222d6a693b,ok
0xdd3f7118c355c852d24ba50b677787e2e12e5908,2,0x02de785ed8f1e1d3e0daaa0c3e0bb60c1edaab1f750d62f65955d78710314996b6,0x04de785ed8f1e1d3e0daaa0c3e0bb60c1edaab1f750d62f65955d78710314996b644137acaca6d2eb1bd43debc2c10cac677fcfdfdf1349c5fef6804381556c51a,0x0a214df0d34ed3b13d08070ae8e1a3d21a8b232cf823fbbec1bbbedf749856f2,ok
0x9b2cad9cebf91f9f2d87a10293f0e54e4dd56c74,2,0x03597632bd39bc237fedc5ea35be0a731b324790fb20a93b37d12ad9fae5e2fcd4,0x04597632bd39bc237fedc5ea35be0a731b324790fb20a93b37d12ad9fae5e2fcd4c2e065c09965cff92542117305b76fd7eb1592ad453de2f5c2e405bb8c3633c3,0x5bce2771243d62f8dd35e9f055a0ff6e26bac3cc6736596029bfa8bcc737ca25,ok
0xcadc89b17f6dfc3c4b19f653c1894f8943d4f284,2,0x02bef16b521f93cc4501d6c8fa0190c2e6d3a8f7f8a8f16dcad427b5a6bd1c3d38,0x04bef16b521f93cc4501d6c8fa0190c2e6d3a8f7f8a8f16dcad427b5a6bd1c3d3849e08ec606647e0b241641a26b44facbfda3eff0b23482d87e14d44795f6b736,0x2574b7d9216427a173ad90e3ba293e6a295c375eaeb6d89928c6bb338ab4be8e,ok
0x9764d9cc39aadc6daa7b8edbb474ee507187ce6c,2,0x02a65f270b30483c2edd9895d7c6adad691b61e87b1e0fa7083d3acadb907e7cc5,0x04a65f270b30483c2edd9895d7c6adad691b61e87b1e0fa7083d3acadb907e7cc5db25acd5d3d8df4eb437202288f9b8d5269b6d79ea47a3d4e526e41a5b6f2b0c,0x0ff140e6ed0ce4f1bbb7ffd073d5942fea33ea81f74581175a9543cc336c4fe2,ok
0x2d5b0a12dc559fe687e6b9488ab6c1a1f2b3840a,2,0x03eba879432ed30bd07a85e9fe945f2f349c659d227122bb5eee03bf46deb7e446,0x04eba879432ed30bd07a85e9fe945f2f349c659d227122bb5eee03bf46deb7e446cc04b73952b081ad3a84f2b24c51b7ad115e7fd2ce2828d1137756c103c6de71,0xc3d9e288f4c87decaa562fcb6260b0befab7894a52842621c3a523797bcdb27c,ok
0xd11efe96527fda776b1530ad157c8160533cb5e4,2,,,,contract
0x427a7c2cc31e78e9798d5b4d0f75ae23744ccd65,2,0x02ba4a03ae8586eb66eadba4d2107df0c02c96571705cb886da89ab5586c5ebbf4,0x04ba4a03ae8586eb66eadba4d2107df0c02c96571705cb886da89ab5586c5ebbf4a322f4687518ff10ad3583017267664c0aa21e2147e32845fa34108e4db88918,0x7fe3a5b9abf62a6f7fd1a2e0f6f6bfbe826115d829223da90f11a7aaaa3e5de0,ok
0x84234d0e91fe8066cc90e40f28f22e7e89f59198,2,0x021cd58f93f3cd8bbdf7364105b3520b1821fc18d3eed6567e0302ee5123bd0dd7,0x041cd58f93f3cd8bbdf7364105b3520b1821fc18d3eed6567e0302ee5123bd0dd7ed9abedf8f41047e595656e2b77ed23a1a30d7e01a59b6110223e7173c0109b2,0xbd359b7134de9d3f0f679e54fa02bfbd790a22baddc78a03537362f342d0dc70,ok
0xb2eb076154cac8a66617d16b612a7146d4e9104a,2,,,,contract
0xf7b648e2556e40cacf762900c670b096e43966b5,2,0x0335714a9a5e59be364ae40ccb9fd4760e0824b19f179c1bf0549a33fcd2a1ef2c,0x0435714a9a5e59be364ae40ccb9fd4760e0824b19f179c1bf0549a33fcd2a1ef2ceeaec55bbfa298e370f558bb3677311bac4d149a8f4d34e25cc43b7556511449,0xa466666702ed1fdf1da3c7a868e1f17253f658629b6c73dbf120f9994f4c9c52,ok
0x3f391dd681bddcf9ec857cb4fc80e6984e871613,2,0x03ffc545bc0879c64a2937c3c00b036306f97a85b2a0009465515948491fe4d001,0x04ffc545bc0879c64a2937c3c00b036306f97a85b2a0009465515948491fe4d001d6da3212d0b0291c34792c5b3ba1bb22ff6c9de2bd07e5be139edb654b6f4f8d,0x182744ef312e6a0692da616fc3db8870b3f5abd918af3e6c6be6e22a75d5a7ce,ok
0x838bebbbe97f6fb2f8914f045c9d23c9c3360fd6,2,0x0300dadda157b53d0fda176b501f8d98301e5916a40e3a55099fc7833d296a9110,0x0400dadda157b53d0fda176b501f8d98301e5916a40e3a55099fc7833d296a9110cdaff63a2e181db57cc3d93e92c419a74c342691c591dd40ad7615eac3786daf,0xd4a818ef84bc202109b99cac186b6a7cc17d8186240f71ccfc929c42a7f3bb1a,ok
0x9cd4d6245cd1639be8a673e37351cf8ca4e89402,2,0x038feef8d67b98806a4a32dd2ae880764eff61f7d77b74c0ce92299b45b65f12f2,0x048feef8d67b98806a4a32dd2ae880764eff61f7d77b74c0ce92299b45b65f12f29ad775c33d41411e41d1dbd2ab02b933dba77a31c516b36e7b431cd80c0cc30b,0x37fac10727d7ebb80b57d8f55a91e77eaa931b660f3b4aa25c0e168978194599,ok
0xee790dd47b0cca5ba3979844982dc856309f9bd5,2,0x034e25a142e28326db4ba4d31f1006d2a47ddc37850fc762ffceb2cf64d42a2048,0x044e25a142e28326db4ba4d31f1006d2a47ddc37850fc762ffceb2cf64d42a2048c7ae312ce9a516be34eb0e1d7f047090590c73cb0fd3cf8b27d9cdc2894fab95,0x12809fdb87fb1408d399c1c7912a9d08978cc9338810b9658cf926de8b6c0fc8,ok
0xbd584ce590b7dcdbb93b11e095d9e1d5880b44d9,2,0x03311dd8a015cb2d9e75b3da143f324652eef416b4bd1d76655b548bf6a4bfcee7,0x04311dd8a015cb2d9e75b3da143f324652eef416b4bd1d76655b548bf6a4bfcee7980b4b7b24fdd8ba0d1e862d0975abf95506813118d8928578b3dd787bb6eb7d,0x2501a49b108958d478b2fbf534509dce67654723d1ea42221e82593c4785b2bb,ok
0x1f46ccaad2a05f594064762fd4a8bf19bba0b6ef,2,0x030599594129bd63e3c18e539d570145cfaacece60e603cbb6d2c67e3b1636b14f,0x040599594129bd63e3c18e539d570145cfaacece60e603cbb6d2c67e3b1636b14f59152025b1a8c603edee0668f3606f6a17ae1f03df6944a1623359559279bb2b,0x3a5d862a4212401defef2027c87022a27a7f0acfb063b9a9f33182fcc6a8ccce,ok
0xee074ddd0ada1c604bb5fab77508d0a1649c839e,2,0x0268dc60a94c74bdfc644fafdf3d4d801ec9dfa0ce39253964f41a5f275160b7dd,0x0468dc60a94c74bdfc644fafdf3d4d801ec9dfa0ce39253964f41a5f275160b7dd869c913488671c9601270bd5e974b8add65e7615d9e82e9d4620857f23099d9e,0xfeddb5c6733c74b9c20a23c81db76c772af3eba75430e91991ff607bbad4f3e1,ok
0x6b494873bace56b04febee6839cd68b3b94c7f8b,2,0x03442e702390337fe1c94eaf2ecc596e5a1afe525a4d6b91175cb12681bda9805f,0x04442e702390337fe1c94eaf2ecc596e5a1afe525a4d6b91175cb12681bda9805f439827624cfd549e5af0d9079ec29e987fd7a45b5aba984c9f450f58e9718fdb,0x40a6a62e33d455033ee235f6e6ed2c2dd5b726cd5cfe1cbdb424ea517fa1f8cb,ok
0x9d46bc41aac2fc41869b32bf3fde8b175ab443d4,2,0x02301de59ae414030f509e395d30bf93410ca70815d14bb8d8c5363ad00458fc01,0x04301de59ae414030f509e395d30bf93410ca70815d14bb8d8c5363ad00458fc01d121a93085c5a05d6e2e7d8422233adfbb77d6e416aa1d45fe74104131cd14e8,0x0460ec9b1792c04efe76692a3349fc93fe06789e6ec05663af77ab730f91a88f,ok
0x9a4c65617d4bb8c96129eb990184fe0baa35cca1,2,0x02b4e4f4d1e2649ea4a84e16040111ff85fc070d60d7e46c25b559bf7980d0f00a,0x04b4e4f4d1e2649ea4a84e16040111ff85fc070d60d7e46c25b559bf7980d0f00a794eaf5ef98005f5bd7a1537e257f226dbeef70583be7183eceb3c200c4a69c2,0x1702d9704124bdcdc3df5b13dab17ac2f0da2f2e20743de6e704508bf7efff55,ok
0xae174f4e25860a7bd2631c87c738a4a9722102e2,2,0x03cf328b2dba8501fb97fb58401189ffb18e9898d513aba6508e66dc4131a3a478,0x04cf328b2dba8501fb97fb58401189ffb18e9898d513aba6508e66dc4131a3a4789222feaedf96715d50af3c45d59d45b6f2222f536819551d2ec10ff815c22905,0xb91ed11b33e63d9d068045cf3ddcb23d42a779b65a90a9fd5591a2dbd314bcbf,ok
0xe6ea7766dea84f622cad7c82cda966154e770926,2,0x034ca783ebd3e6bdb3db7e75f77b5694b19637e44eaecc27cb1328d5efaa4a4f86,0x044ca783ebd3e6bdb3db7e75f77b5694b19637e44eaecc27cb1328d5efaa4a4f860863f44d482eef6a61db50cbf5a189b782613d23b9f7920ad5abf466ad8e120f,0x615775df88fd7d1d0a4e08466be8d60874116051e0ae183e0f05a1d14e2f91eb,ok
0x3ebfc865da4d908c3bad033d37fde347a990859b,2,,,,contract
0xebd56f0884a8ddb3ad47c767c5647738b04ed1ec,2,0x02d391e1ac8f89ab12b20bca393dd8e8b9e7eeedf97ee9b6b43297522d5821086e,0x04d391e1ac8f89ab12b20bca393dd8e8b9e7eeedf97ee9b6b43297522d5821086e1e786547e50a97fc0bc8d6168e05f97f9fc7cb5d14e76d2acb52f19192605d0c,0xe3cb75f2fef81f9a76e3a0a32581511ddad7810e2703d941822de59843a462a1,ok
0x11b31523e0b6fbd8416e64daff9bf26b900868c8,2,0x03956c628e43ad6ebd90b56f4f4a01832d5a77cbb4724df2bc483b69718374ea31,0x04956c628e43ad6ebd90b56f4f4a01832d5a77cbb4724df2bc483b69718374ea31ce81e8b55035a784d2074e4624fc46d22c24193d9fca9c887a43366c685f7d99,0x479f3b15f6e53fbe99e6610c875323e0c421dd3b766a4049ce6e6ff77d31be97,ok
0x3f9ce1b5158be3d134fb5623a8244ae7ba353803,2,,,,never-sent
0x4d81ae3c4a934ce15717a4c80138f0ea9a83ad16,2,0x0390a1b082ea186341ca75dde8544bf3e6955c3c55d60a7d354f18aa4120c261f6,0x0490a1b082ea186341ca75dde8544bf3e6955c3c55d60a7d354f18aa4120c261f6384e4af5d9330a1117cf9bb915712f46801f66726ea38d3ddedfd049c6a3c7b1,0x3a083ec573d9dffc975947a005fa821b43b9ecfea0667f7e1ecebf2077c287ea,ok
0x45150a1de283bbec02f4d9b118adae075acd28d2,2,0x03f64cb3695683ca5c8c5d0ca9ecb6358f809ed8120ed0c7897dd700b48c6fb0fc,0x04f64cb3695683ca5c8c5d0ca9ecb6358f809ed8120ed0c7897dd700b48c6fb0fcda4c387ef994b8644d17a153a70c524dd8ffe36638b74d9f655ce4024d60d793,0xf7544b5838a51aa84daa6615b91a2863eef03acd601c63776b030c2d4d5e8bba,ok
0xb5270a7d230def9c2a1dfe9f0a49831ebd4c8dbf,2,0x03111f4146cc08e8c03664bda1fabac2efce0371604ca225048284b7e9450db960,0x04111f4146cc08e8c03664bda1fabac2efce0371604ca225048284b7e9450db960c16414ec1cb54efb92be42c7bd889cd0c0fe910606e0f01ebf6f34c25b30bddd,0xd9e2516d54c0069b30ff212e05455e0191f7778e50aec480d9a8023b4a6f8192,ok
0xf37dc99bab44959d7919c4560ec8dee026648e76,2,0x020d2fd6d9d4261a6e7afa4db9e30146e169746ca04aae0e8b84338f5674355a9f,0x040d2fd6d9d4261a6e7afa4db9e30146e169746ca04aae0e8b84338f5674355a9f69c371f970fa7344b66aef678b736768976c8c10b6966a53132759e9fe43833c,0x83fa63af62876212ff1792b0d6821dad30d62b3a630cd03a6ceaacb97600d372,ok
0x21a4391dc17c1887160228fe0d794fcd089829ba,2,0x03491b45f22f869b3d4f9f8b2f1fc74fe04a17e14fbcfadb8355ae28c678961e00,0x04491b45f22f869b3d4f9f8b2f1fc74fe04a17e14fbcfadb8355ae28c678961e002611b9edc99be1b45ce0b455516e09c4a933f84716f478acdca11e4ff5cd1aef,0x002f4920bb5d8aa6e295360a37e6125b5d03b2383e7da256d6be73b1ecc5c13e,ok
0x417aff89687ac8129a8cc2f0a6e3e4e30c92e12d,2,0x022584eea398b1e754c8f00358c413e206ef52649d62d98d63c59d2c1dbf01a485,0x042584eea398b1e754c8f00358c413e206ef52649d62d98d63c59d2c1dbf01a4850a6597628c6792428ef0b570e5ffb83d23f0282e0c9d7b7a6762e33f1f85e21a,0xaae75e4a3abe428a17938f05f8c64a0684b42a428a3507c60b1b6defed3355b7,ok
0xe8996228b2a7a7937af6ecb2bee5b99baba6af3c,2,0x03344d47fa93112aa16c912eabd3a744377b73f1e1f2f03fd67729909533e88d0e,0x04344d47fa93112aa16c912eabd3a744377b73f1e1f2f03fd67729909533e88d0efb6348aed8d1a8055d38fee30fb39aac4ba38809c6a829a0bf9bfb54560130a5,0x135ab9dcbc140d6f9a84012b7f08973687753a7033f15710adb875ddcbb9f065,ok
0x0d9f101288550703244ab0fff47bc0a29559d947,2,0x03ff572f6a235b0a64b99945e5cf00d1abdb91568c48670750355cc739e7aa394f,0x04ff572f6a235b0a64b99945e5cf00d1abdb91568c48670750355cc739e7aa394fd7772f147f2a56d2c1e8afa374aa917fd1264b5b5bc40eb1e595530ca4fc2b59,0xff69744d5f4b0a3629981013146ab3099b083f3e2e3e8966c037e611a0abaf5c,ok
0x3b952913518f24f1b67daee205164d8b9dc2338e,2,0x0273166adeb7b8d345d447138701071260a3cf5ddd8b1a29ec44b15ca2ce540529,0x0473166adeb7b8d345d447138701071260a3cf5ddd8b1a29ec44b15ca2ce540529ca7426fd9ab1611ceeec6fdc650b282c410a8774cbb8748bedc9412f81ddfb7c,0x8110fb626bd74c8a1594f062c09350b8b2f0fd850abfe53a9193ab8e9c1cb780,ok
0x09610296c2c16a7b68f528fd085757c3ded8593a,2,0x022a7f6283856cf00f99397ebd950286b0f262737fd1d3ec5761ca7fae3d82c5e3,0x042a7f6283856cf00f99397ebd950286b0f262737fd1d3ec5761ca7fae3d82c5e3b26e0512eb3aaf1beddb5bde98b3ea799e16caa37900d6ca3b65072b68a67756,0x78e88e7868a0a853aea0dd225033742f8489623bf2b01d8d732b02fbef1b637a,ok
0x77039399801f462b4ed13444a266b16355c471bf,2,,,,contract
0xe809968423551135675f38ca77d9595c5d225918,2,0x02cad4ffb6ea8b8dff0afd5c6f61f7ed0ab88168b3f2c16a18e65731b792a2e1c7,0x04cad4ffb6ea8b8dff0afd5c6f61f7ed0ab88168b3f2c16a18e65731b792a2e1c77486ad9fa0b5a63fe99c173528d63965df0b99f5c07713333afd738f38f5eba8,0x5f129631d6ad9d0391dc9796994a5d60ffb5a03f305a9ea3f50d1fb91ca5b49a,ok
0x8772f570b07ea5259b6891dd79bef0786e921c1f,2,0x031a42293416efee563010a103193a014848db92e013b7ce405a447edf54667778,0x041a42293416efee563010a103193a014848db92e013b7ce405a447edf5466777877d1dc76eceaec8a074c0bd54931c52bfc4b1108586be8c63a3cb64bb1b32951,0x343bc3ba44a15fdad23a33a045eca1dfcc27046801041300178b49bfd326ff90,ok
0xa8c64edd9a2b7cf7ea639573d8668a0e76634391,2,0x03e0e24ba23aa0331588ee4ab896d361ccbff361e515657c913050c890e08a01f4,0x04e0e24ba23aa0331588ee4ab896d361ccbff361e515657c913050c890e08a01f4dd18851c1b0e545d69dd212d9ee3ee78203cfb7c9d2fb7b8ff90f5527cae19e9,0x36f14047c9fb56539b5889bddd42022457a54de59c838212778d31a15a43b458,ok
0x32c9948491adabfd9ab9ae51b5295d6fea78f5d8,2,0x02fbdd250b06ce4e3bc0235fc2d2c0beb4b9c71d7a7cacafa88cd2e610356d7297,0x04fbdd250b06ce4e3bc0235fc2d2c0beb4b9c71d7a7cacafa88cd2e610356d72973a46d7f3e3355fdbdea261e708899e1ae30626b9413cdcc31849c8b6c905192c,0x15e89d62985f44019ed5c4cf91f3c8d32c619a12867a2237b200a59401b74741,ok
0x922dd05e7928420e5f2900801ed72db5464024ed,2,0x03eb57bd18c441a279e608e9e37e8d042aa333e4693c7ce83477a589c93f94b404,0x04eb57bd18c441a279e608e9e37e8d042aa333e4693c7ce83477a589c93f94b4044cba67fc2f40c14ba434c9be610fe47509cefcce66e2a501b937ab4e508cd09b,0xe4e448edd679714266b5eff2efe713bc6b3d26140dec75778706395a33bb5d4c,ok
0x2ab1735ab09f57db6436aa70676b158ed70a70bb,2,0x02bd8dd9692bc33f316dcfe238ba75e476fc692545ca547a74ee4dca5df2ae3dde,0x04bd8dd9692bc33f316dcfe238ba75e476fc692545ca547a74ee4dca5df2ae3dde6efee8869db0ac2db5cf677534a6ca8f4358624006568b1114fc0b5855dfc7fc,0x0a068c22305a387d95add5bbd68cb6ecfd54dea1ce7cd48501ed355c087ae439,ok
0x8be3fd8a423c38131aae0330b20ceec425e0e50e,2,0x02b1c6e0b85231191bffe5bd273095a7e77ad22c79313f1d6e478fa63f0c578d89,0x04b1c6e0b85231191bffe5bd273095a7e77ad22c79313f1d6e478fa63f0c578d8908484fa45fc55cc3d13481c1d6746beb855cdd705a4c530655645c5d6b949c7e,0x2595880a403d03456582cb7abf1929fd7944f8542bc70707558776b62120f5cb,ok
0x60ed33735c9c29ec2c26b8ec734e36d5b6fa1eab,2,0x02bc999a0edbbc09d466d551b5402e4534f671292711c4f8a5a0d0c2a0766d891a,0x04bc999a0edbbc09d466d551b5402e4534f671292711c4f8a5a0d0c2a0766d891a6b177387ab469d403e144b5e9d85b286d0834d6a0f1ebdf48ce613a1fbf624ee,0x19096e4faea335dc69ad96194245315212ff308c0090ad4edc7eb7cbad2aeb3b,ok
0x86061f5e64d18f280e777973be7ed09de2304f61,2,0x0332917d86aa5482f557eac088226668788647131b4228d3cfb0f713428ab379db,0x0432917d86aa5482f557eac088226668788647131b4228d3cfb0f713428ab379dbaf433af4a596e04e6eefd67642786f0532beb744c2d123aa10555547f72aff6f,0x3dc3b5a4272dab362ac5ff469a06f4253ab89794f550b9c1842e9fbed46a5424,ok
0x0dc903afb13b941e2967f4cb1c37bbc91f5ccaa7,2,0x0353dd9b0fccf67e08bfcb2831227be0376e56d016fecbbbc425da86ec99821a63,0x0453dd9b0fccf67e08bfcb2831227be0376e56d016fecbbbc425da86ec99821a6340c4e9e3dcb7f35c1e4f50531119491bdbb48cfaa7df3f0f09db8a4429938bdf,0x4da753983ca0d22dad6ca60414f14d3553d73b6ae663f8ca3e410f89f00f684d,ok
0x5824b63d46b551eaf974bfb2107e7d1c4f3f7909,2,0x02f6495ffff0a00d64aaae36064f2650a11ed1c0951ca21c9fa5492a2e719a8b09,0x04f6495ffff0a00d64aaae36064f2650a11ed1c0951ca21c9fa5492a2e719a8b095bdc1968f26d0fd4a7382ce1cee90789ee81017675735d575e2b77e5e3028bf6,0x608c04ea05cd96755971cd820197534352a836e0b0d718a7aa8f1923402e9090,ok
0xaf78275fe7c3dd9fe1698963942f548a3cd32be2,2,0x030f2d1f264cecfbd83e8cf39f4536435cbbd47e777e2f5c06fba7f26e5eadc94b,0x040f2d1f264cecfbd83e8cf39f4536435cbbd47e777e2f5c06fba7f26e5eadc94ba32f910226ae5c0ff52d10e9ab3b79839909d3f0ea4ebea572c80879efe73c8d,0x48619109bd9cbd0e93d0fb881a6ffbba1a4bf02901ccf1a1ba6c7e758958c8d7,ok
0x30bb18fb6b34645caeadd7b1246b3d456712ebd1,2,0x025ca864fdfea6e4b2df15c0915c25e276a4004db39b0eec13d308ab68bd76e48d,0x045ca864fdfea6e4b2df15c0915c25e276a4004db39b0eec13d308ab68bd76e48d32a82e104a522713e4dcb0b5770fe99ee680404a507345b294ac0debf35711d8,0x0ccea8ee1b0dd9d1390629d311d1fdca561350bc2fe3b0df3492370f03781d37,ok
0xcbde38ec5a7dea3526b6209010c64b44ee91b6c1,2,0x0296f4af644256c4146566b1d2716277761ca62c634bfb2587ba88a5ae3ab45d0f,0x0496f4af644256c4146566b1d2716277761ca62c634bfb2587ba88a5ae3ab45d0f0e5138f3937ea1c6dc9a433da0bbfdf64e953b0adce13f7e066ea374fb2e0e0e,0x92dd9442e4a19dba734531deffea885d097c4490fe153389b75a112c33bfc7d1,ok
0xe623b7b1892545cd7abd4cbd658a0210a30889ec,2,0x02624df785838f8eb46921828718c40d54dcebac419e849de45f27eda804754ef7,0x04624df785838f8eb46921828718c40d54dcebac419e849de45f27eda804754ef716326d403870c55061eca88ee5c2f510e5f1b8138f120f804bb310ca9ce9923e,0xca3ef0c0752d07ee961f441a0aa34020ef8b6f14997b251e863a6b3d7611708d,ok
0x218d75b17f491793a96ab4326c7875950359a80c,2,,,,contract
0x79be25c9de55ac00d65673eac3a32b6ce3d6d59b,2,0x02ca353585ad251ed32404c0987d916697d91a82a2afaf612219dc7a47f9d604b1,0x04ca353585ad251ed32404c0987d916697d91a82a2afaf612219dc7a47f9d604b1acb8849e196687bd901884a2aed2e0e6a3117f04cd8edd70db2f3e8ed86d4100,0xbb3878ac3e954063c5efef8bbc4f16d2f6d8126626b272b58091876176b2874c,ok
0xed3d7456997d9af7d284230b5017b35d140da798,2,0x0257d17c4c8f15a3180a14a8c075b3fd73f01c85abd6ecc1a53f26641537a0a486,0x0457d17c4c8f15a3180a14a8c075b3fd73f01c85abd6ecc1a53f26641537a0a486c18a2ec7a8059e80f1e5e77cbb3fa6857ee93c89511bc1d625e35c2ea5eee0b8,0x73174d5ebfa7da71e1bea78fcf1e73078483c9fbb74580eb56a3d8d983dbcd47,ok
0x2f1799d1bdcc4e922280fd5bcea7b6dfe86c2593,2,0x0252ae895dca87b2c151e282fa875df84117680d7e1c1d6784c007126972cd849f,0x0452ae895dca87b2c151e282fa875df84117680d7e1c1d6784c007126972cd849fdba9ef8e6b5c8bff86621981454af928bd84dbd3525ed575051a26b21f189858,0x2d37b0288dd5f001ebdf488564dae95eb833841c127bf5600daf24377514ab55,ok
0x3af49d1799a33435a8814cee22e56bee80747d5a,2,0x02efae03ca36bb1de872e4d65e439bfef7b2bc6bc585bfe7f39a12fdf2de55c32a,0x04efae03ca36bb1de872e4d65e439bfef7b2bc6bc585bfe7f39a12fdf2de55c32a8ef516f860873a210b96137148f7861897382d427c439eecee83b3c9b3c53b7a,0x7e705515e6650e3c27dda442a6d67275c7c307d0b5a2edfde46126463abc7c53,ok
0xcd13397678118d5530b76bcab6c867620130d072,2,0x03e884b56516ce45c0028c85a0914e0f82cad4fc1b5dca7cbcbcba9a731dff95b2,0x04e884b56516ce45c0028c85a0914e0f82cad4fc1b5dca7cbcbcba9a731dff95b2c6d422fef92e74300fa1a2ac99a0d437f2d820327aabd3cbde42f5105f1f3feb,0x55023e069149f5f6f551171c33f3ff28ec744c925c725f81eda2cb7c6b5fe25c,ok
0x807f4a2729655cecf87a783c26b56dd212ddd273,2,0x03ef13aafd669991ec37b5feffd300c1e7bd6ca1a26ba1d1a0edafa834d21662ff,0x04ef13aafd669991ec37b5feffd300c1e7bd6ca1a26ba1d1a0edafa834d21662fff0d668bd5e14d28badbcb9c104b40d7f9deb0ab0f195b0acf80bdb0c53a09f9b,0xa7170533edef81aadc25b9bfc52e31888a4a88b6bb3920495945e3600329a163,ok
0x7daa8740fe15f9a0334ff2d6210ef65bd61ee8bf,2,0x026b2ef1b4df48898abe34d1d7ce7137da41e6a8d9c113393291b6b45404207ecd,0x046b2ef1b4df48898abe34d1d7ce7137da41e6a8d9c113393291b6b45404207ecd01276d1e4ad502c43b710bea4fdd36f18d4716027bfd7929bd3c9d9d41f6a308,0x656f5301a757bf07c532e4c59205e079e646967927b93578967226a54e4f49af,ok
0xc1d68eedf8219c793171b988145963f9229808c5,2,0x03d7b0120de69ce8622f535441282c5815c68b0ae1f07443aa0891101fcbd9605e,0x04d7b0120de69ce8622f535441282c5815c68b0ae1f07443aa0891101fcbd9605e812a7d675f12b72fcb59bc4ba31b1c699c580ead376bca0edb2d999dcaeb8785,0x59118d25930edb16048ad9d1cc62ae30a6f48959ef129d68c68a9c65e26f8066,ok
0xc40aff3b5d5fbb67d7a80364eefbe8cfc3907de0,2,0x025c3b9fd2c3047b8edf63da136ebce636fa8176d46dc53ee09fa7ad45943b408a,0x045c3b9fd2c3047b8edf63da136ebce636fa8176d46dc53ee09fa7ad45943b408acb0e8c17c7473e0eb2d45ad0b2b1092535411b8e8e00571304970744bcd48fa2,0x44624512970df23249c9406d78c1e041aee6dd7b0a5cda691e861bb3130437dd,ok
0xdf9d7348de322cea56861b6d0674d28cab51e810,2,0x039df7a2c7e303f6e9a0ea2029cd48102af5af0351001ba089ed4dcb854005aa7c,0x049df7a2c7e303f6e9a0ea2029cd48102af5af0351001ba089ed4dcb854005aa7c87ac1af38c6083097a22066c8065be08fb61364c4060235bae39c9447450fc9d,0xd4abf14c3387acd92c399b17d0c20c670d20507699c22a2f9fa366b6da173cbd,ok
0x4b274a36b9b4c10310ce96c4f6e1400c60b1ae7f,2,0x0379d8e10da18d32cd170f5e219d01872531552d177e78edc79cf9f20bf65cdcb4,0x0479d8e10da18d32cd170f5e219d01872531552d177e78edc79cf9f20bf65cdcb411455b79fdab53c2ed2c4a5239c01f52d25e63fd1e71b9eefb57501d00840963,0x3afa9978112bb4a73940afd4f315e0689b301a076879ca4d79a1e7b10880ee3d,ok
0x5108375fde60b49b237bf3cc5c289088f6b92493,2,,,,contract
0xe449898f97a885b57d2d11f35ea26c689f9ebec0,2,0x036b7e2713566fa3230fe931c97dffd6133a1265e82a479d37ede463cb5a562f42,0x046b7e2713566fa3230fe931c97dffd6133a1265e82a479d37ede463cb5a562f428cacd8794e7a26c46f523c1300666eb5cd2e47a0dea06c60c22f25cea99fdcff,0x3bbeed8a24d39150df3175e77b0cbfa417a5fec4c513e32b238f7b14ca7f574d,ok
0x023f650c0f614167ce44c53f3ee30fffee0fa6d2,2,0x028b07759e8091cb2a57cc0f5e0eadcdb9691c94b9a81532face72dd9a06fc10ec,0x048b07759e8091cb2a57cc0f5e0eadcdb9691c94b9a81532face72dd9a06fc10ec0b63dc7da842a1cf520e638b7596c4a34f305676756d743fc18be201b3e9d80c,0x2ce2d877f969d800cfb5c1c13e6afda1e48ea1bf94beac6c041a823b8c9a4282,ok
0xc5b73156dbb41652590d58c842521f723f4a763d,2,0x0209f5f3c69cb9b1c9cd899f470f914eb2e7ae1e9b869030143b8e3fd50a21db15,0x0409f5f3c69cb9b1c9cd899f470f914eb2e7ae1e9b869030143b8e3fd50a21db15113e46ab845ab78c284624163526f7b191602ac74c8a70380fc6fd1b59595908,0xe1a49877943a0b6548061a18caf4fcb99074ddc2cfbbcbb9ce99380858c3f05d,ok
0xd233b9db308f7d79063b36ed59789ec9148b03a5,2,0x033dec93adb6638376a36d1519d7677f707befc468ae35fa77b76303ae5a776855,0x043dec93adb6638376a36d1519d7677f707befc468ae35fa77b76303ae5a776855dc154f159ac7b76296325ea8ecb599784b6af921d77b27c98566fedf6b288d95,0x44b975aac150e5aa164865708bff6bc472419feef7f5a513360240d9a20aedc1,ok
0x3e626731961734d28e393fd35ea99848546c5656,2,0x03fdb3b565e2322b24cfdef8fd86629426eb85bdabbd0853cbe7ff5cca9dc5b0d3,0x04fdb3b565e2322b24cfdef8fd86629426eb85bdabbd0853cbe7ff5cca9dc5b0d37d6a36505856d233ad0e80e74ddf2674229b34bb4c0ffc7bca5aa875dcae0951,0x58b107c05c5919ed0317a4c59931311a1feaa0c6bf7d72faac28f58535902258,ok
0x8b30775ff772789481a33e18329a538049cc6939,2,0x03fe5adbed2f17fff4208869286a5295c8561cdd46572fa0725368647918b9168c,0x04fe5adbed2f17fff4208869286a5295c8561cdd46572fa0725368647918b9168cbae607d36586b09999e94b2ca9616d094eb00cdca5edfa564f953254645a0bbf,0xd65fb889a4dbdcdbb6b9ada0b5d0c0f53c2001613152b81ef4c3b172380dc8fe,ok
0x447edfec13e3790c8f88645ee955d8e8cf523338,2,0x0286032ffebbe73951301a1ebd573f642bae88dfb441bd910880713bd0b9e9a3e3,0x0486032ffebbe73951301a1ebd573f642bae88dfb441bd910880713bd0b9e9a3e36e61472e5d5681f285ed9eb8bedb9d8b6c47f4b4fcdf0739e91026e1be945f76,0xfe48eecda189fc7ae475ba5642f01fe3ae9d7a37c7792ebcadfc514ee451070c,ok
0x84f4da3add07dff42d51336d5b7420741bbd8ab7,2,0x031789f22ef227b12118d7807d37e5651899807013a63fccc6d325d729603fc873,0x041789f22ef227b12118d7807d37e5651899807013a63fccc6d325d729603fc87320cd6ffbe2d4b1410f592591ad38458c6e4c32d0c4e75a3e6ce842eafe6e9261,0x5b353a3e384d5b1ffc04d9e9ef5f35500410a6f289d78a60271097d9a760d9ca,ok
0x0185ff7b44cc6c5f3698a6a86dab24523edb3c9a,2,0x0228d6e76136b6ad739e90c22e7fc9761497e750f3b6ee577d87d1965883dae4b1,0x0428d6e76136b6ad739e90c22e7fc9761497e750f3b6ee577d87d1965883dae4b14e7368fc84aa184996bf4607cd8c765817d093ea5eebbcad5bbdb8b584ece802,0x636a9cab87af3bd30fee604ae9a9bed0f08db1e335402627cf9b97300eaefcd9,ok
0x0da76918bbb6a46e4dc122e75f5da8ca304374c6,2,0x0281b50dd5975ab8ab1ac9b670564d0c75027f47b9b6e3c94d673b970ddb38dead,0x0481b50dd5975ab8ab1ac9b670564d0c75027f47b9b6e3c94d673b970ddb38dead2ad0b04a09c24c2c237b82890bb026703828bf763f919a375efc670aab475b1a,0xda3a93cbc2770651ee7543a4989f1d52f72dbb8171dcbc5337df5f16d694e896,ok
0xabf1ff91cecd9990b3f29363b62b87fd76f55f4a,2,0x03500a22b569f6da989964314aaece6e726b1b55f9a924a5564234eb12ab298895,0x04500a22b569f6da989964314aaece6e726b1b55f9a924a5564234eb12ab29889535d81858a2e9d7fd3a41a6868b9e5f447ae8e22802b69f381d7fa84fd3842823,0x77253174c33254f7aa8ef7dc216c4c2731da7ffd3ccbf66c7533e90ee8824894,ok
0xf16323db45ffda53adc9eeb30632009041069699,2,0x029f1bc2388ec9adf2fd17a4b8324b3f686e738a0e1db450f0d7284b80820ccc1b,0x049f1bc2388ec9adf2fd17a4b8324b3f686e738a0e1db450f0d7284b80820ccc1b616baf8921b8520c173a42a7450e7064349adc0702832dbb49e629c5531c9f56,0xa7d11c7379a44cb9761a7f53483ad9883a885e1fcd30a12f6985ee26a73af916,ok
0x7d6bccfc0f40871e23ead9686da0f6a0fdf3c8bf,2,0x032fc5c7248a00643bb55ff27617896630a1bbf60a8327a8a0008338b5f11ead41,0x042fc5c7248a00643bb55ff27617896630a1bbf60a8327a8a0008338b5f11ead41a4ccc1a38679dd41b044b73db323a18cd021f858ca4edaa96206f8a07998baa9,0x227b5e71ef22c30a4987099ced733b23494fac3f11e4f4532d405179ecbb7db7,ok
0xbffe952968a7526fce2b03544af5e8d5df9c071e,2,0x0349032112fb4ddf9a751cf8b91e5be983806b1aa85040e33817d4b2a1c4f58fb7,0x0449032112fb4ddf9a751cf8b91e5be983806b1aa85040e33817d4b2a1c4f58fb7968d82a2bd9fbf2e48e19634c45bbb33c131cc0bd3aca41b8790368db724fa6f,0xf4dee3492b76233e48422f41efcb0e48169b8887175d6a44b31b6986a0c3fc4c,ok
0x3171bc7a6e36dc1768676875fc36804de502343e,2,0x0342b604cb09ce3498093da75108577c09aca7396a5b1d5c4b9b291e3e191a0432,0x0442b604cb09ce3498093da75108577c09aca7396a5b1d5c4b9b291e3e191a04321f575cae4d525ff534857ef174777a29d353a22146bd548ff7e3179f2f945883,0x92cd4b36cc042ebed836d51db8e8250eba076009365ba89e69a18cd9815b6c1b,ok
0x95e09cb608d6333ff0904763851d548c25342739,2,0x022e0928fe8bfd17101cb9e1b636ad0f5425eea9d3533b19ff9500113fae84455b,0x042e0928fe8bfd17101cb9e1b636ad0f5425eea9d3533b19ff9500113fae84455b92cc13933a61bcc791eb8931b73ff8684f59b3023ae352c3d212fa9b16e215b8,0x3224a1c8fda76f973b3565bd76be0020fa9ad83df3d833da3720a39c3394ec39,ok
0x58a385c1a18bf73ff263f530f00cee4edd886e2b,2,0x03111744c4b13349ccd479cc271a0d51a32edc0c89e1f812bcd52c69cce15f34e5,0x04111744c4b13349ccd479cc271a0d51a32edc0c89e1f812bcd52c69cce15f34e5abb343975dabbc3cf03cc1538f423d6ca7a30463e34d41409f36967e42a57581,0x41622cd681823a4e724d840c91456cc56898da9c9547647d3cab3ef8a50b8b03,ok
0xece153bdcc29c8d0fe6f776ddf0ebc47f365ec3b,2,0x02783c0696e03f9dcde825ccc38e8f8b249adda27d7ec80eb0323f29e2545873da,0x04783c0696e03f9dcde825ccc38e8f8b249adda27d7ec80eb0323f29e2545873daaf100ca2cf43994992e013774c4d7f93c0701c145e4b6c57aad3d112797ab2e2,0x910d41bbdfa794de772c3fbf3ceddb1d222aea9a7f2ffea1203774a561a9b8bb,ok
0x47f20a14d7df028124c631348c69681b1e8b5bb9,2,0x02a6de97d1688a9befb2b00b78df753e0426bdffcac410be07e8677dab217b790f,0x04a6de97d1688a9befb2b00b78df753e0426bdffcac410be07e8677dab217b790f48f8df4359c708ef921e0712031abeeddcd54a1968acdc3609710119c91ae932,0x1e31c1ba9ea010449bf4d90473dec583f91e15451b31cc42676a53d941a736c0,ok
0xd36954df517cfd9d533d4494b0e62b61c02fc29a,2,,,,contract
0x46566a9a38e81d3f4a0e9aa798d007efcc8bc61f,2,0x021d1ac2cf3de59e337582ee2673bc4659ac11e9fc46fdf76e1900f01516efca69,0x041d1ac2cf3de59e337582ee2673bc4659ac11e9fc46fdf76e1900f01516efca69f77c245dd18225f4a7302b9d1ea0a4eb47a16207a78592d4d2a724dabc8057e8,0x2d5fe9423348f7d8eae96ab077484a75a18414348ac255e2737f20fff2ce717b,ok
0xea270c79d5d4cb4f4c372fe9e9cf590fdd808494,2,0x03be4b93a90576a57699ec62cc93f45e2fcdbe34a40a4024b13f1a464090d2605a,0x04be4b93a90576a57699ec62cc93f45e2fcdbe34a40a4024b13f1a464090d2605a711f1e16db6d0ecf7d944a27ee53f14ea3c12a06f011082b6e451c989bbc7419,0x80e6a91ecb7c3b3351f7ee4d5d587d9a384a3c9c4a04d3c4a865b3746fe42e24,ok
0x149b85d173f6318315a7b528672b846948fbd4d2,2,0x03967dfd56ca7ab9f20e745eee9931171d2ff038646c3a3c80ee47ae2a5abcf447,0x04967dfd56ca7ab9f20e745eee9931171d2ff038646c3a3c80ee47ae2a5abcf44720d8fdcf1b236861f2caacf297090199a846e2eb599bcf5246fa6647829ef10d,0x3c0f0b87bf9834cc0eff900390c71b3af6772bda490cdb48bffd00ea0b64609b,ok
0xa4a3954df09c4c05d90cce70ae2411f2cb0a05ab,2,0x02ca7caf12727993dbd2721bfbb352e9f076d3a024fd469f803fe39843e42a5949,0x04ca7caf12727993dbd2721bfbb352e9f076d3a024fd469f803fe39843e42a5949ddb1b4524c44626bcadcd7ef8e7270b14484bbeba013dbbb08636739a1038360,0x59e2d29978d3709badf79215b0667874c1e203d7c83ce5893dea2090db1798de,ok
0x371354f630af0087a5d7ad268eae0a98da088b0a,2,0x03f99c46ded6aacd65f040bb9e7fa6aae052e970f20e517cb6109d51c665d4c522,0x04f99c46ded6aacd65f040bb9e7fa6aae052e970f20e517cb6109d51c665d4c522147bfcd19081807e5d5d023d3038a5e4603adafb1b74536eea5d331e67751b39,0x69a0ff66030c7ebfc5a1a9b2cbbf4d32a8a099a6ebd27b8c187621ec5fe2b91c,ok
0x6fef3d3226e9da958cc66bcb513db55224e1f1ae,2,0x03d069d96eb20fdfce9b4c6360efffe956758dc29098ab1badd313d43325f2d773,0x04d069d96eb20fdfce9b4c6360efffe956758dc29098ab1badd313d43325f2d773c1276269749782adc95aafaf1f3c1afa1f7725dec9aa942b4d571f180ad3f33d,0xd8a0435f5932d1f7298be59ccc20e86afaf92f14dbed2355145aeed0b8895d54,ok
0x52f1fe8ae288e7058ed5500c85a768dd596c8941,2,0x037049275af53b8de3f812ea4fc034bf8775998580591d5a2622bb3f9478d5c4ca,0x047049275af53b8de3f812ea4fc034bf8775998580591d5a2622bb3f9478d5c4cacff62c27d872776b7d2e8b953336b8ac7d2ce8987a989655341a70f7e55f8ffd,0xc2490efdf55528ac7852cfc41a02e4c9082bef09dd14803c23d5a607310c1e08,ok
0x3fb53766072d62db92ed857bbc560a1f63f1101a,2,,,,contract
0x4cf7e47900fcd74f1066e98a37ddcea87616552e,2,0x03e1d4656989d6a0fb73a22e5495f4b809d11e936086883cb699a68a00ee7d04fc,0x04e1d4656989d6a0fb73a22e5495f4b809d11e936086883cb699a68a00ee7d04fc9ebf75dfa52ee3293408106d593f85c0c4126145b3276f7840c8ff7811a8c715,0x12530c07041903af9f5144ce474db4291239c64c955f102a578c676026b7994d,ok
0x1d24e0a7d8ca20a67d40141a9fad033e0b635afa,2,0x03f171fbfc342d645cd97154fb7ad49abdbcfd3aed6c92e5b08944bd6ce63d02ba,0x04f171fbfc342d645cd97154fb7ad49abdbcfd3aed6c92e5b08944bd6ce63d02baeded4cd99fff40a4361bcb9c6dc5204820634bd89ad55dc9d606c4686f521839,0xe088421a089079d65b0600362ded4f48a0361ba69b835da34d239004f4294043,ok
0xf28ab2c7417cefe8c960006f3ad5f1a66475a353,2,0x03c5377d1a6030fd640ac46cfb2e07b279b22f6d2d3a4f9ee310dadb2d6c70ecb5,0x04c5377d1a6030fd640ac46cfb2e07b279b22f6d2d3a4f9ee310dadb2d6c70ecb51e979345ad653209e4fef7f6e864ff0bd42bb9108cbdd32934d1f48f01e5eb4b,0xd6ef9e55ee1b0cfbe8f1e32686be14826bfddb6b071219282dd1e4f887ba5529,ok
0x2eff66424163bdf065c1944b8d00e0ef7b676a5d,2,0x032d5e7adf6965f57383e4936406d2f26f348388674708ab08d15aa2ec2b2d7eb7,0x042d5e7adf6965f57383e4936406d2f26f348388674708ab08d15aa2ec2b2d7eb7c4c4a7ee5d2577bddff95e4f2293289ac84277dad47557b2d3f2cab476b77409,0x5dc3151dcf60e83d549adc8f70632a364681dac59da22bb9a9d166100ba54b18,ok
0xac1122e8bca55d11eb5fe653fcf19a7b7149c560,2,0x03960f1d973af8ed4d48ab995cbcb74d8cb8da276294494db5d009348b7cf98f29,0x04960f1d973af8ed4d48ab995cbcb74d8cb8da276294494db5d009348b7cf98f296128688370e380e8686d5aeacb24b7b819a02619b78aefc480d4c36e9de02331,0xde43661c735bc3c1fce3fa7649384777c215ef7b45bd7713a8d64211c3fb417b,ok
0xfa04fcccdc6eacea794aa59f9b0027ab744be3f6,2,0x02c1a70dcf1c04a275eb3aaea12e1e7dc56dceb5cb0b7e2be14f27a3500cc09e47,0x04c1a70dcf1c04a275eb3aaea12e1e7dc56dceb5cb0b7e2be14f27a3500cc09e47c30801d29bb139600640abcd18561cd1f6b019457168b4b0b78e6715420a8c80,0x21a156602e132f3e7b44a8203e39aedd7dda32276a8108562b21a8bb7c69a84a,ok
0x098b43234405cceb5fa5332784364e3455b5793f,2,0x020a76f4ae9908a27197c8df065adc791e40d1d4d67b7e7125696ca740602cd46d,0x040a76f4ae9908a27197c8df065adc791e40d1d4d67b7e7125696ca740602cd46d9d0e222b9893d3ee75acd7e640b57c4433a5131e655502b76515e45fedef277a,0xee02420504302086db8cb7ca3c870056621ac4c16830a44ddccfe10c76c15396,ok
0x3f934f59f5cff412ded98c07746fe564726bd7b3,2,0x03b13ba27bd1c453eb5742a3434b3e461e8e7eed1bc18ed55380acb1d79199b573,0x04b13ba27bd1c453eb5742a3434b3e461e8e7eed1bc18ed55380acb1d79199b5735c3237f74522dbadea5afcbeba7b37b26ef6918648c55395695ff2469b86545f,0xde307975a6d3b7d70f7487aaf195dc42325670f71cd4d7a0f3a98144d6bec554,ok
0x746b1abadc9bba488bf0c42c93dcfee7f6c40db2,2,,,,contract
0x7b800021e2529d26f45f4f7a3d0d91a3706ace19,2,,,,contract
0x791ba8c2d528ed164f3e4a452a020a472a415e6e,2,0x03c7ff1028cd71a69b6c16fd60cdeef7ab3648d18c1d6eb111552d44616b922f02,0x04c7ff1028cd71a69b6c16fd60cdeef7ab3648d18c1d6eb111552d44616b922f02dc41f553bb82b2f4c279298101fcdd33a72161cc4f1771fb2966b54bc96b79d7,0x2e476bac2913105063eb406c509b0b42279f5c3bd5ad88dd6ade73a648cc1fee,ok
0x6edbdac8aca744b67f7c3492012130af8626b544,2,0x02be85a31ff2cef250da57b8e3fa95a6b464892b5d1fd03cc9b0112280c8fae60c,0x04be85a31ff2cef250da57b8e3fa95a6b464892b5d1fd03cc9b0112280c8fae60ceb50b0c097c3e472fa2d2710e0b3b285775335ed6e11b6acc543270d45567a44,0xef175a5fdd0c3982933cf325d4a762d9717a82faf23af512f0eff9e81caa579a,ok
0x8c1b6ac61cd3442bd788e7a438ef76e741046921,2,0x02c416cae65e0b9a7fffc88e3db43fc77c950093d33bdb8fb5b34dfb10e509e1d3,0x04c416cae65e0b9a7fffc88e3db43fc77c950093d33bdb8fb5b34dfb10e509e1d33d627c13df86389b51d41de4d83d9e1d00345e32f432e65cdd8aa7dcf08c9d42,0xe7ea0d05e36a0555ea5148a002109a826bedfa59962bf5c4cfa31fe3093db955,ok
0xc9f1619018edec330f7fccda5eb8f9d1e2064fb3,2,0x03284c46e30bf2b7ed63e9f3932ce5e354da14042a9e044a99bc7816fe21ea6eff,0x04284c46e30bf2b7ed63e9f3932ce5e354da14042a9e044a99bc7816fe21ea6eff303d14c1dd8bba8b15b1171c0599cdad0c1a53072f04b9bb3b175b57b211f8eb,0xc3da35e3e56a7bbb7d5d0e4540c698a77335195cb4ba84b34450d8aaed286b6a,ok
0x00f53dcbcb4a2aa7ad50d76aafc528d4794ac019,2,0x020a1e7e86fc6d2d66cb683b54de7ab46b4f3c3811477627c62b0d1a18f0b1ea85,0x040a1e7e86fc6d2d66cb683b54de7ab46b4f3c3811477627c62b0d1a18f0b1ea855d4516d744bb15fc8218590a41747094ce088d7d20cb28f9f623dd03ce435202,0xff59b0e0a6b5010b9b3d50a526b402754c27e25ffe19dbf5dfdf1e8b48ac203c,ok
0xc4542f1f90ed0b0b690cf722282a37e8356dff9d,2,0x02feefe5cbe9c9825cd9ce46e936f7fcfa08c95ae8cd97be2301506ec65d719c61,0x04feefe5cbe9c9825cd9ce46e936f7fcfa08c95ae8cd97be2301506ec65d719c611fc3f9c8d77383426aed0ff2627a05f637c4ce36f730a07596341ef6188df568,0x39e9e85282b60d08b86454f313d75e368502424bb76234d2ef6e95732643f081,ok
0xd1afbe4da2a5adc6faf30fcbea9e4eea0ba8c70a,2,0x033beabcdb5d2040bfe20e1691e01740b8feb9c9f3136a7f96a581704515591c13,0x043beabcdb5d2040bfe20e1691e01740b8feb9c9f3136a7f96a581704515591c13345f25e22f18b0f4c9a145bd60144d57ab4a1e0f154fdf209c00f1f27fa71ecf,0xe4ac7969a1ff6491f4091066b161182e59b1772ddce005b74992d10e8d122a50,ok
0x3aa77f3ca568bf54419d1a8cbe1a7f3b01e5f625,2,0x039a18d6263b2e08d5a19858b65c00ebc73cd7f9fcf21fce5b9051630aa408d051,0x049a18d6263b2e08d5a19858b65c00ebc73cd7f9fcf21fce5b9051630aa408d051abdce2176cf5129b98c0fd9f318922b288a3acaa3d921f178dc3e32e6e1f2355,0xa198764f8267d7a696783106add8b8c7e30dab5cb1bc5917e55006a16ad00973,ok
0x43a3ecd64a6ebd1f3391af05a4c331faf37f1ab1,2,0x034882ab0d425b42fe06a3ab68306cf154675b35a012b348f720d85d4fb1e00e7a,0x044882ab0d425b42fe06a3ab68306cf154675b35a012b348f720d85d4fb1e00e7a296d9616e0c1ef6e6d48f855c12b87387833dede666214d6ee9fe9c8eaab71a7,0x06e8b05ff76826f821a6798baa94ae3e7f194b787c629d4805d3a32a00f996f1,ok
0x65ba4f92d7dfa813ddbd849d9faf38a723dd9b12,2,,,,contract
0x3633367a5623ab75d0d8c6623781679a6638fb2d,2,0x034ac25064f11e9a92b7c5675e61179045c40ee318bd52e52d945089e1c30c932e,0x044ac25064f11e9a92b7c5675e61179045c40ee318bd52e52d945089e1c30c932ee52cb30461c324fdb632450b7cd382ca9d9217813a1890a915e2141fe54094d1,0xeac9a6324c58eea0638ef7acb62196c2913ce919668abb083105dff20794c91b,ok
0xac0a6b8b39845dced9b77bd39f1c87be91775484,2,0x03e8a0ae3dab69d629fd2e18b4f690cd4a24190ab9b42b8da3df73f9a7249e761a,0x04e8a0ae3dab69d629fd2e18b4f690cd4a24190ab9b42b8da3df73f9a7249e761a90aa4dd3faad6ea28b1ca61de26d50c48463d8f58438227e099efc31e1193133,0xa54982f3d9e61216e15e21116fc5ef53d9b36dc512bc734ef773de2fc8a75ac5,ok
0x49ca963ef75bceba8e4a5f4ceab5fd326bef6123,2,,,,contract
0xfd985be31088544ebca737feefc5f731b99fa810,2,0x02d437baf3d631ef9de6db0653b5f54b20a4e62bf523d1b3a9f64e5324e4347cd2,0x04d437baf3d631ef9de6db0653b5f54b20a4e62bf523d1b3a9f64e5324e4347cd2c8c918d9a3aaefcc18b5fc678c8c64dbf01a033059781e67b95ff3918f5c5dc6,0x62f23d6e8010dd8513e667533b78bd1060d7603409b62823c8a5959b33821225,ok
0xdd4fc7e7deaa6f2ffe720a4b8d054cde32936004,2,0x03bdec41700f0f27192424bcc8ff59e658b2f997ec56592102bfbe08778e2c3e84,0x04bdec41700f0f27192424bcc8ff59e658b2f997ec56592102bfbe08778e2c3e8401db29f914ca45251c88198cc5ddec627816d594ed6352bea85a015880752563,0x35479c2ff28d01aee1474949d2a35ef56c68cbf9883bf07475084d8446ef5357,ok
0xafbff3e871543754552c33a84035ebb9ee7518d4,2,,,,contract
0x85caba8f5e6a1bdb98fec8542d70c7175ceb5f38,2,,,,contract
0x43ed0dd90c136f6d4ce6bc4a47c5748d2d694c7e,2,0x03ecbbfc61adda177bf76a91a70d0ede4d10400769d0b4e5b337d6fa1aacdb6880,0x04ecbbfc61adda177bf76a91a70d0ede4d10400769d0b4e5b337d6fa1aacdb68804d6df4d33a5687ad2b51ad8103de905096e24422e216d6e595f1e1e9d6bd1e57,0x5b991322fa005467ad351e301f0ee750bbe920b80cef6f6d0246be2adb7326c4,ok
0x75e71e70b2c899f7e79869d69e2594493eed7f39,2,0x03ff3cecf6df88b8a2067881f8f2c9ed27e6c245053cd27aa8e9565d67dc8a7c51,0x04ff3cecf6df88b8a2067881f8f2c9ed27e6c245053cd27aa8e9565d67dc8a7c51e4f464db21a3c113b299e94cb9115515ab6b5cb52435a651997b52d4a3af619b,0x3524216d119bdb58d2d6b89da4697fd6881988043d974c33201b74bc1cb7e2e9,ok
0xb9be6a60faad391059aaccfb5af3729f1e03fe52,2,0x0378f471507cc9bbd810a6c271eb0f737c37ced76e43dcde9057005b8958b634dd,0x0478f471507cc9bbd810a6c271eb0f737c37ced76e43dcde9057005b8958b634dd843a9548d04486909d7e3aa66fd8946f3aeb9bebb7f387689991a4cc0d6b4a5b,0xb302980275e233d35d4d18390c70338e605e79021a1c7859bc1e5a4c86dc8967,ok
0xa03212293bc3bb7e6722d185a89312476aa5fb1d,2,0x02b8a5c4bb03215f89ece701ee2798aa23c7d8a7d0d1f4cdd8785d9d9298541bad,0x04b8a5c4bb03215f89ece701ee2798aa23c7d8a7d0d1f4cdd8785d9d9298541bad79bc7251713216a14f638364563d96d63e373d00bc82f3b1d96bc4f6f36997c2,0x0b6c2e5b6efa673681e045adc035ccd604fc6821cabb2e6618098a2b5467c968,ok
0xd04629c6a513ce3eab8ec5b281f8ff2a03b78b34,2,0x021b549e8644cd3780e9b27f391ba549750f029ff2c30d347a01e74de9a1131911,0x041b549e8644cd3780e9b27f391ba549750f029ff2c30d347a01e74de9a1131911f57a78dcdd288811d595591cacdd4d680f674c4e8cbee69380a825107b5c503c,0x7ae221d815fd428dcf0d005ed23941bb581d7d7e8d72217edbd5363102482747,ok
0xf7a1670960f3ad9670588688eff211ca783e8afb,2,0x031ab4f3c15e1a1a65870011d8afbada6194dee98df8fa01169dbd31ba2c87de51,0x041ab4f3c15e1a1a65870011d8afbada6194dee98df8fa01169dbd31ba2c87de5194811b227f1ff277c3c2206e400381788493956e5e3727a8035f0638827e7f1f,0x08b88b1409bb5860668fd5f72f249ccfc2bb4510cda5a0c1a069d9e98b488cde,ok
0x95a43c71b1f637d022c5697e290f6b1d56d70741,2,0x0330d36fb0282a83588b5758eee2ffe759b9e4d07e6878a857fb8a92f6951da4f7,0x0430d36fb0282a83588b5758eee2ffe759b9e4d07e6878a857fb8a92f6951da4f748010cc12152cd392f3699c8f47f2718592531444abce160c4aa7ac4de3b18fd,0x3fd016da273838cf2072dafd65e964bd34a045e72f560241cb615e01a8d93687,ok
0x051ceb0bee9653ee5e417303bcd842e3d9d1b459,2,0x0338ac86f69cbe3530bcdc69da3d0bda4cbae03f74434b12b06372f49c81f0c08d,0x0438ac86f69cbe3530bcdc69da3d0bda4cbae03f74434b12b06372f49c81f0c08d31297eb7550f4073c417ee0f7c526acb24ae2f2951c9c0a9921b28498f39ea5d,0x7b979604e6ab7caca0aa25ab80ad1fd58faa19bd26744fa00219e7cf0717209b,ok
0x4daabc9f0acf204e9d5f8035f701d5142fdcdc45,2,0x0273ed494f1c036ca706c6c257c5fe0a7150d71565001a82d9c73bc009721243e3,0x0473ed494f1c036ca706c6c257c5fe0a7150d71565001a82d9c73bc009721243e39cfbfbb1ca54337ebb7be0ebd5ccad4f4036ddf3366e896b071514eabde71330,0x8ca62626276fdcb06898f0bc85756efa17f1b6e9fcf576df3470145f4daa2351,ok
0xef16a708b9feeaa44aea2eae66b0a6df4951f5b6,2,0x034e5f40af338247c6ab9f4eeebf1aab18dd43b9bb72ae83fbcdb00f7b20a65f2c,0x044e5f40af338247c6ab9f4eeebf1aab18dd43b9bb72ae83fbcdb00f7b20a65f2cea737a649adce944378dcc3140ed36ea92f848a0bb1da5fa2b795e854907acd1,0x7cdd57506a6ca12bc6c94c78e0c81ee29a073d9a9bc4960e0b4d31dbe9918837,ok
0x8ac389385548e94480dfa4b5398d1a495c34f489,2,0x03b49fa3d66a9ebc8ab10b54be1da25fab737e31267a27ce3348e301f55563de4c,0x04b49fa3d66a9ebc8ab10b54be1da25fab737e31267a27ce3348e301f55563de4c59c47a9defe794cff18a3cd743a3bce46a18be2f3a2f1af431d55053712d5d73,0xbbe08a1936a02c5dcce81734c6f29169c1551291ebec8e68588101d45645aa61,ok
0xf590b43df3ea9412c3178b7b0e89682ca6c459a7,2,0x027dc1d5c3528894a2a13a13413eba950cdec9c1bf3cda169c69f5337f7303a570,0x047dc1d5c3528894a2a13a13413eba950cdec9c1bf3cda169c69f5337f7303a570c42eb78451f583f9d697fefdcfbc206ff2fbfc9809d0347650270b20539c29a0,0xe0c03b1e921864a60681687da350fa55608852922b3a0c4bc8427843e24d8407,ok
0x1717eda82c92e16b33bc67a1f8a0b5ba47c63632,2,0x02b3bb597cd13a8be1bc98963bfa09d9cfa0c6d05d6e4a0ccb4489e8c0bc1063cb,0x04b3bb597cd13a8be1bc98963bfa09d9cfa0c6d05d6e4a0ccb4489e8c0bc1063cb0b34301ec9152071d2752d1b23825830542db0e8f11210491fccd9d05b17ba7a,0x93dff9dd77e92940807ab3bb6be603ba9dc8fc7d8b78fbbdfeb5a94991fa8ec0,ok
0x58db63029201728db873e23016c336eaafd15cf2,2,0x03c32c9573fe3a0ac93b921309cf58ba8d31713faf7e1828dec333b3b7be7cf28c,0x04c32c9573fe3a0ac93b921309cf58ba8d31713faf7e1828dec333b3b7be7cf28ce216e7ace8b0e91b2d3be86259c5356f9b280b202abab23289c555a11748c9e7,0x4c614d9b69d53de0864868e0e34b445bc7819eb85e2aaeaaac1d3c36a6f52917,ok
0x7faa753695c7de5695e28b966f695f62de43748f,2,0x03e6ceeb35a76b8a0a3e67fe57750b2f833649d916ce9a9070303f747174eff645,0x04e6ceeb35a76b8a0a3e67fe57750b2f833649d916ce9a9070303f747174eff645e8152d179b97342f8e8cd2a8573b48d99672d8e1a2a57eb0ea8b74eaf7b9e0f7,0xd6785563318dd3eb51f5fdcd61e6caf1bcef4237c08cf54d3d91d34831d94e90,ok
0x9be313209be2bf005942d4ddbafececde5f18b30,2,0x023e19fd89da24a6250872742e39c0ba8430db151fd0c698490c9fe0be09821551,0x043e19fd89da24a6250872742e39c0ba8430db151fd0c698490c9fe0be09821551428dd88128247ce640b39776c8ff2bee5e90dfc34324035bc52fea005fd4b9e4,0x20733ec06005cfcea51f101f8766b582e580dcc02bac45669949bf61138d7ee6,ok
0xed5345e8fcd2b06e560eaa42205ccb5a9b344e0f,2,0x030a39817d65168f8680c7a93bc665d33fcb6af3aa5dec6d3eda358d5bafe8c7e9,0x040a39817d65168f8680c7a93bc665d33fcb6af3aa5dec6d3eda358d5bafe8c7e91c383761461c5c65a76ad58359b74637098797463a1c75d79d2db2e498819c97,0xfb67a417191a8613d5d00ce8fce5719bc517c95aed0365dc91d153b46fa90d37,ok
0x6729ca860f557d1ead06b887349c183b43f4f701,2,0x03adc5615c0eaf5b2519aaac6e6b0df6400e93433e3d99b6666fd60dce46e8672a,0x04adc5615c0eaf5b2519aaac6e6b0df6400e93433e3d99b6666fd60dce46e8672a5087e46187bca64ac7d12f386f83d01e71af35cd870ba0b2ca5250311a71e89f,0x8bfce1eb4bd4b42d7f460e6514dc500fdc0d9a531143be27ed2097b110188daf,ok
0xd54d1376a86817f8bb382d4e0bb419c28ca6ac9a,2,0x029a791a42e41c741e86e47d3242c41fa637c5e2b239317a086403ed8edacf92e9,0x049a791a42e41c741e86e47d3242c41fa637c5e2b239317a086403ed8edacf92e9cefe3f045cac1db2b2c87fe349f0043150d475142413d3f4dc210cecb36d44c4,0x783b9a2b979aa38ea0c0766749550412906d9825c623f3465fb9cf49ae855f15,ok
0xb0b90862cd60290ca5c0882f046790718e4c2068,2,0x0201ed18a114198ab5e0c249fb79628263bb0971bae2d8afe93b6dab9a68667821,0x0401ed18a114198ab5e0c249fb79628263bb0971bae2d8afe93b6dab9a68667821e1a684ae97a25882fdd0a47a68f3864d35c3f960d1f83366987b36eea2edd40c,0x433ca1e671f83e5f1d72f37b799d5e0e83751b8288bd948e6f881c846d886688,ok
0xb446d7c98533780b700afde8f21bcb44bcfb4d59,2,0x03081080e778c5014f3019c97890718cdac25768e6baab85085bc77d6e6fd0c677,0x04081080e778c5014f3019c97890718cdac25768e6baab85085bc77d6e6fd0c6774738854e3dc2d058d6484124c6dfececbfa4e7fef69683c42d430b3221428261,0x60a9e6386144da21cc31acc76f84b33b77098d380729d11e507bbe18ef9b11c5,ok
0x445cf1c563c5c924ebd69ec68d1218decfc67821,2,0x0312151bf133befe599248be8b35e4374ac14b4eeead8ea1a92492cbab28db90b6,0x0412151bf133befe599248be8b35e4374ac14b4eeead8ea1a92492cbab28db90b6a32ff88318ad2a46b4c139989eaedd01419755c9977d7833e7c53e269ed392fd,0xa2ec085d3ce4691cec4bc12afd46b8a2c071b0977d6792451f379822686d538a,ok
0xb95c90bbdf3b63fa444e52491a9c2299254135f7,2,,,,contract
0x4b1f0656a527d5164b968b86a6f30d6623acc24f,2,0x03715e0e5389410d4b171d9490556566f730166f6df29ac2c7ada15396f4c4f30a,0x04715e0e5389410d4b171d9490556566f730166f6df29ac2c7ada15396f4c4f30ad0920697b9a676e79d923358bab24af7327988405c18aa5d0e02a6978f6a107b,0xa192a4b76d4342b89a811b4b9850938f4d8dace04762bb6a94d2beebe7a02f94,ok
0x3e5b4f8b898c50b6a3c19eae701d211a3d1ef246,2,0x02cf633d4d97ba0717d5c3baf3531bfcedc3d2d1c5722e5b6efab2921dd67e2dc0,0x04cf633d4d97ba0717d5c3baf3531bfcedc3d2d1c5722e5b6efab2921dd67e2dc082fad31a3288ebb5f3891e4a4f5af90aedd86f43ba79472008ff1e9499697ce2,0x1969c0c5cc0aa795f36719a99bc6d027975803f03ad9484d948a479723d5231c,ok
0x9b4d9554f77ab3db6f378d9c7e4302958fbb2c36,2,0x0279580e0c13de78da3dfe9ed5b71ed09b638233242b5f244de75f890480d8e513,0x0479580e0c13de78da3dfe9ed5b71ed09b638233242b5f244de75f890480d8e5131e99da7a08648a5abb3b454df9d5811a5f2fcbba9bead20f63dfda855ba55d88,0xa20d67edfebf41977c934367bf7f2c22cfbd8bfb1cb963745a521919fec3ae57,ok
0xd18347edbe9492b4a8f3a9f4047f0ac00110b4b2,2,0x02df799d63172fe432adea1a2a6716a568da10a4c3372a3912b214230d17710c57,0x04df799d63172fe432adea1a2a6716a568da10a4c3372a3912b214230d17710c572beb3d93cecd5408156da0289051d866804dc5e31b8298ae0bfa631dc291f24a,0xfaa518dbab23e1ab97b390cc68ee3ed90a31ab51f669e07d5b32bbb57f01be32,ok
0x170ebfb951fa438768671615f03763a7cb443361,2,0x0364f0a0455324d1822233d5cb7c43dbca9efa1dcb9075715558b7a4cf5fd1ef70,0x0464f0a0455324d1822233d5cb7c43dbca9efa1dcb9075715558b7a4cf5fd1ef70c232d279ccea1ce4c5c706cda0151c86abb0c03fa20ad56a27619022af868fa9,0x1a1f259b1a2ef9d0c13930e8bdb57c4fe9351d9002b39efe0c07ef812c993c83,ok
0x3bd49fa4f3c7b71da36203072b2d69b200998bca,2,,,,never-sent
0x2f6365ccd0550e2a3ca8b644762100060343602e,2,0x029141baad63dee2024e4a28e3195503dc4459132fa3a3d2379329914548a641a4,0x049141baad63dee2024e4a28e3195503dc4459132fa3a3d2379329914548a641a40943b0cf7e667ed0d7953004d191113cbfe5dbd6f74f4cddcc29fcaaa53d29a4,0x4b962a91dc810e22e612049ac97105b1d5cf1037f7cbaccd8b27247eb8c423d0,ok
0xe703778f89291bd74a39c0679a461e275061ca31,2,0x03c178777068b239574b56fec394d87ea2c89df61a5efd531e408f0a15ac7f36a9,0x04c178777068b239574b56fec394d87ea2c89df61a5efd531e408f0a15ac7f36a9d6d94c2928c6f574edcfdc57dc2cbbaace9c3fd6173ff9a066ed1caa5fb0b151,0x67baa44aef02e7b4365ef1ead35ad04ab1abb8bf3dbbe6379d905a854e2aeee4,ok
0xda5d65a1ea27cd0363356877f81003c5e7518954,2,,,,contract
0x58535f64becd08150244b3cf1471f02b7f349df3,2,0x035539bb5d967ceaf6a392178a44e732231ceaef9a4c4d9b2cb786dd402057c31b,0x045539bb5d967ceaf6a392178a44e732231ceaef9a4c4d9b2cb786dd402057c31b168b456a05025991df3dbd8cf788d1eed9dd018bf20d017303627b76ac0d4ee7,0x2941112b837d3ef1da9fe41e30c0fe41f8a73573fd13d588a3d0f2a475fe4e0d,ok
0x2e4b11a2410b2f687dad771a87c1af144a02cd61,2,,,,contract
0xce6661c62411e853192ea33379e91352987c3de4,2,0x02733e8b73c610cca1199ca05371d74046b4c071f33948eca8be333fab4928332b,0x04733e8b73c610cca1199ca05371d74046b4c071f33948eca8be333fab4928332b61093590cfd38af7627f2df399177896ab1df8507893d48aab53d26e30f4e802,0x5a4b5bff06e8acdaf9b8d8e85fea9e8f0fad1c550d0383e1433b40ab9cfb6938,ok
0x3407c11c20b69d2f752642d328980140380e31ee,2,0x02ab47a639aec6a5a1b6a74ef07a09955d7a64527273b9f3c965f5262d8daaba5b,0x04ab47a639aec6a5a1b6a74ef07a09955d7a64527273b9f3c965f5262d8daaba5b75ebbb9afb9d834130d71b19d13096fd3c7ffd8e912553b7223385fec4ea8812,0xe73199bfc7c7e6e23300cd84e46593e24128c7fd60e3ac6e4ade59a8d8e7abf1,ok
0x3497bb5f184f75d409f16addfaa23245c4a67675,2,0x0354724e104489e9c50f946ca9fb75e6e5b042103395504abc8775c8209abfdbf1,0x0454724e104489e9c50f946ca9fb75e6e5b042103395504abc8775c8209abfdbf1dd9c13ff25ce74366380f139a7e98551e04eb90ab9331a93bbe0e3916fe01753,0xe1e40e7e258142d0e7b1be917844a23f7715a0eb6702354d36934c2d2529b65d,ok
0xa6009d5b7c1692405e658439d0fa0e4683694135,2,0x038bb6cd76653052837b6ea36fb3c712ce34d9f4104cd9e8c3b4df070c03dbe0f2,0x048bb6cd76653052837b6ea36fb3c712ce34d9f4104cd9e8c3b4df070c03dbe0f25ba73f103000b841fa9b47d77f6e626ff2625e106209d8fd24e67bb6526cc789,0x977c3be8e13ba78ce9f17aea63e7eadb296ecdd4afe9c4eb209b39864f551f52,ok
0x7193a8d715ac3536110e8d7e367044c1825001c4,2,0x02c62b3b332d9f074c314a2b1bd3a4a0a68f7c099f514de7307f37703fa6ce0870,0x04c62b3b332d9f074c314a2b1bd3a4a0a68f7c099f514de7307f37703fa6ce08705de463c1f862ba07be34600112933d254ed84cb148ec589b0a20355d7cd8f66e,0x0d532cdf349692afa5ecd8763ccc907bc192353601a9cac6dc38f07e96c89a73,ok
0xf854187ce72d864010eef890b030f8bffc1e3070,2,0x032b9a938f023801f54df910152152e49d39c1a49cd6546692319e43ab268da8b0,0x042b9a938f023801f54df910152152e49d39c1a49cd6546692319e43ab268da8b049fae447f6fd4581743eb4db03160fb83c982b727e7ceadc96ef5c267f10c599,0x53c0f2fbaab6d131236f1eaaf0180928efbc6c201e9266b880f7beb0dc574768,ok
0xf5903552a7b73b0dc7f877fa93d6fa8d93f665a1,2,0x0365a9133216d72ef8753f877d1058d57e0a870d877184166c0ea319fde1c3540e,0x0465a9133216d72ef8753f877d1058d57e0a870d877184166c0ea319fde1c3540efeec01efa5ea2e219e9c7a9f695a39affdba937d2ea368b56341ce0dd21e3637,0xd07e2dab7c0090ba10a4d08ae424af5a3ac390c3d4db7aaf3558128871c47db5,ok
0xcd0a288eaf3afb68a4ebda27d81ce63749558e2f,2,0x034821625540dd02fa047905c97047bfe621bd372b093f262e04fc398c2e99a059,0x044821625540dd02fa047905c97047bfe621bd372b093f262e04fc398c2e99a0597db34fbe82194b36e96e74bf02e40d163c420edda53b5e6592f952668f7b45bf,0x8f00004b544d491c3e186f9bd860f67df46893d391cfe70b573109fa22b97dd0,ok
0x169f66fe4ec8c14c8feca1ce4d1b34561f5413fe,2,0x02152e21a365de189da568e26da3c8a0b9b19e64789a455027f1310a6f04edd13a,0x04152e21a365de189da568e26da3c8a0b9b19e64789a455027f1310a6f04edd13abf99ee17a8e9a52db9ed0cdf41cdaf5d45996458aa7cf797d2268065cd61d4ee,0x8edc54f510575a204056f61f76615e9416d39d8f064ebf66c9aabf77d9a7cddf,ok
0x20a6f2a053e330ce13c6d514fe68f6288aae0df8,2,,,,contract
0x80ea9cc5e062d9910733d6ef34a756970c71b97f,2,0x02bd2be181757fb50c662f8cf7735732c1197cd37378fe2a7e04633ff6a86cf068,0x04bd2be181757fb50c662f8cf7735732c1197cd37378fe2a7e04633ff6a86cf06898cbafeaa2686b945780223a24809162e553c804a46be5a8230af96cc7e8071c,0x3cfe0fe3a0b1cf212ffba342d7042e6b472d1a3fd4c1b0a0ae65912339e23c2a,ok
0x6dd5b1ab60a187d2997b44e3384063fbc657c1e6,2,0x0331196ed7e49b1d88b310164c58d92619b723175a11725a5c4688c88f179588db,0x0431196ed7e49b1d88b310164c58d92619b723175a11725a5c4688c88f179588dbe1959f354817a07f016bcda06af9b70ae235674104bbb6e7078d3156994e9899,0x08f9d6f1cdf5dc8467c761c1aa576b1a9673693e85619183c242a40fa5dbaf3b,ok
0xc2d742fdbb31442b843a098dcec3c20054c28986,2,0x0274089f4a6ceb91aede4f65d9a0dd88a034933080a5ea34d5695b6cff138de168,0x0474089f4a6ceb91aede4f65d9a0dd88a034933080a5ea34d5695b6cff138de168f26ab77a64cc7e7b585242cfc2ab9f680697be2197b8f05697535d1fbb70343c,0xfaa29413fff2be1e6a2852b35829c974f2ab06b1fa3f843a4356c60892d6695c,ok
0x64709a52e2e919fd241919fd9bdd049aea5b8137,2,0x02e0cbf33dc5d452746c4cb2b21f7dd10be0a1403cbe19e50203aaefb1cd2a1115,0x04e0cbf33dc5d452746c4cb2b21f7dd10be0a1403cbe19e50203aaefb1cd2a111592574743b6944001259b91e66620b545786dc3655be041a447917c1aaef91cb6,0xf821f93d71573acc06b69b2147dcb67f89798c0260df6d06eeff819ad3bf9e68,ok
0x6bb985e8f805b97fa041ba4fa187c68b5d24f649,2,0x035337eb256f0aa2f8ad51ba955ec1cad402ed63f3cf64ca34dcfd5b468258cb53,0x045337eb256f0aa2f8ad51ba955ec1cad402ed63f3cf64ca34dcfd5b468258cb5322cacc77b054d7ed9d63bf490b0f38dae6e92c2846a3b5e733c464f941a9fb3b,0xa8bb68573608b1725ea7eecefb68dc099cdf343300d18aca30a9fada9e0aa657,ok
0x75dfd3a19e6499726c0ce05c6bb4d99eb74ce6c0,2,0x023c1263f1e610e54fbaa4684d7392beca9d1e524df13dc0b61eb9ee7ce37db73e,0x043c1263f1e610e54fbaa4684d7392beca9d1e524df13dc0b61eb9ee7ce37db73e7c116d6b14e3b4442339323de1d196aa1fa546929ae400ff72ccecee2ee3c028,0x55ef729a2c730043dedac32b4adea2856cc29ee90c48acbb0407349258c84fb2,ok
0xed981a65a3c8c96b8e13b33521812f1991c20bd1,2,0x038ccbf6b9c36ca592136d286f22e0f5d128737bc4a5004c3918657b5a17bd1368,0x048ccbf6b9c36ca592136d286f22e0f5d128737bc4a5004c3918657b5a17bd1368aaf3c33168d75dacf7c686c22aa79cd2e07d220ea9f740a1e8170ff921b59223,0x2502c944c66aee13673a00437f2d2eb93d83595347f13b6e07d393f1954afeb4,ok
0x1d71e6d3d6272e63dcf06cf0990b925487e75227,2,0x02fec806c2d8e2035535e265f62f0001713a1aa30dcc68d0a1fddc0640d47156af,0x04fec806c2d8e2035535e265f62f0001713a1aa30dcc68d0a1fddc0640d47156af6c5fc375c0190aa04bccbc440bd3f293ebec54f6f3bca6c1b4e25897f4ead478,0xc03a34e561d21b1703b0c225d58277c59eaceb5a7e292c7b307d8f44978e4d3b,ok
0x8d894500675c860d86619cc77742b8dca7ef74e2,2,0x0302edf4f2344e31142a92da3435e94ffa58690b4fae5ac9b88e6ecbbcf9109cb4,0x0402edf4f2344e31142a92da3435e94ffa58690b4fae5ac9b88e6ecbbcf9109cb4343e462edff7315c76adce27b68ab4d5582f67854d5b7137b8a0d1b49eccfcad,0x41eab78b3d3d2f864e9bf32240ab12dad7754373954666e999143e89b593ef89,ok
0x7deef9820571f7f9a71a26a11259458bb4517b32,2,0x02440b78d7c6be73e61a942ab643270f697fa3a0236448405311191c11ed002c71,0x04440b78d7c6be73e61a942ab643270f697fa3a0236448405311191c11ed002c7165df0fe23df1bb078c1a526695bad477e2ee72250a1bc9c7f5eaf40521a3e242,0x7b52d63fb557c9689c09901d161267af4b2be60fb972af94ef45f3a71a171eb8,ok
0xf62e85a8615bfcaa79f5b8847b379131e156c293,2,0x036aeb727cb4022dd3bda2bae932486a1873eeca39196a3587c9c45fb7b36406db,0x046aeb727cb4022dd3bda2bae932486a1873eeca39196a3587c9c45fb7b36406dba36196cd6f81c99d3100b7c4c1cb5126178f8535e65b0b0db27597c9a381763b,0xa259743069963f0c6e51d61d8076fa2db4c1e89f73255e577c9e1aaebc2a7368,ok
0x8ad3525392c491e4ef3c034f0ca19770420d4f18,2,0x02c78986aa8221d23ce850f8469e5fc7b55574bb99a232cae2669df9fc642c9d4b,0x04c78986aa8221d23ce850f8469e5fc7b55574bb99a232cae2669df9fc642c9d4b9f3a9b777cc403ccdb7290470bed1f5f8800a615abcdb1a2fdd0ff61ddaf78dc,0xe6bdd224ecd3d81a5cb53dbf30aa3db329a4de546a6809cb57c84e17791dc01f,ok
0x7478f3eb9a84e584a1fea7862e246bc7c6f07590,2,0x027cccf8cc90cb3573bb41dc4917c0a73ea02231391ed78ac136bc7686809b995e,0x047cccf8cc90cb3573bb41dc4917c0a73ea02231391ed78ac136bc7686809b995e96240ba1de826a5e44456dd36ce71a9317d33ba8bac5a78d278a1efc699a6a2e,0x10ea3bb8731426c93ffa9dc99e4dc419ec04f80248ad21ee1fdafa351865838d,ok
0x79fe7b6023883174ad6c82781ea1d7d020f01762,2,0x02b83e68cdcc703dcb651a55f87e2163a043980252c119637ee3d97cac5b6dc145,0x04b83e68cdcc703dcb651a55f87e2163a043980252c119637ee3d97cac5b6dc1456a084bf2d4d4601c913d1d487a7ad30441abc0a318b267fb3d857aca6cbefaea,0x369db8cb82ff0048c6d2938964391cceef045cd4710e20cdc11d3222c5feaf19,ok
0x1ce73dac8b6128d0d2e34a3289bef234368bc5f0,2,0x03e78102bcbf45743674b93429f3a15bdcedce02718f6db99037977e50f193e0a3,0x04e78102bcbf45743674b93429f3a15bdcedce02718f6db99037977e50f193e0a3c39a046bf192278af4b007a9990aa685bc4193736e8f74a915a54c168c0c6349,0xc251827e7bcc32a0ed59d0c75622c201d9b8493944ac5aa25c232d1996ab70b1,ok
0x3a7bd05287cdab1d7124957d8274371cbc2561ed,2,0x03e9cec599a499b7a93d3aba9888ea1bdb7f2acdea8ac2d12ce1d9d536bbddc27b,0x04e9cec599a499b7a93d3aba9888ea1bdb7f2acdea8ac2d12ce1d9d536bbddc27b1ca8dbe28d305a68014e8358e2f7f519c421cad1f8e2243152eaa482af859121,0xd419a9ea211cc2516cd8a253244024ad5a9a5c35a57b27ceaeda2ac65b6f0104,ok
0xa5511d299c3ad909106a5ef10f380af2621f4cd7,2,0x035d434a9282cb9c9ceee16ad1966211e776533f82948c46ddca3036c1e2628022,0x045d434a9282cb9c9ceee16ad1966211e776533f82948c46ddca3036c1e2628022c89b2bcbf017d430e02a158f44cedcb3de629c868676c4aac2dc2323343258bb,0x5a1deb866b8a5055782cf59cc391685e6c2955727dca43c31f514be61f653a7b,ok
0x3fe6121e85e1044ace788b938f91a53141054b8d,2,0x034681083083f2783eebe1c1bc6d6678d6ac52240ff0723e65545eedb268b1c0d0,0x044681083083f2783eebe1c1bc6d6678d6ac52240ff0723e65545eedb268b1c0d039a567f7da5d47ae538477260a7b20ac0c6e47e2c1ad34377624f37b0b52ff19,0x683bf2e124004b15b92136aa1da4059c97f51e364f74760d4f8248066e828322,ok
0xf296ad0b1d4264d8d092a973b4eacbae19806ffe,2,0x0327e8d6e876663441b3f86d2cc9d2fb64f3b67761e7a6a74ff1dd16fa6f98b52a,0x0427e8d6e876663441b3f86d2cc9d2fb64f3b67761e7a6a74ff1dd16fa6f98b52ac635b9d3a46a45447f8291b34f582348cea15842971cd7a549da4798fbe1343f,0x3652d3b5f0488c363fe05403f40aac77794925a5331bbe4530c3ded4eaea2358,ok
0x5d5deb2f6f51be9abbad66d1a63399e53d97362f,2,0x0349c90bb86ffd17c3673fb1ec7614af435baa6f76d8f4c941c4a47f8c7fa77d72,0x0449c90bb86ffd17c3673fb1ec7614af435baa6f76d8f4c941c4a47f8c7fa77d72af681c6782e347f15bf0f2c7691532c19ee8e8b1bb631f8ead1a83605f7a82a5,0x8d55b42788a7d07affa2b60a3be0bc29eae2818b8178ee030e703f774a5c1e08,ok
0xfdce053e489b42fc7da5db4be1f962d3edd63244,2,0x025a069371e45379b2c6bc2b0bf67033d060b9162368ffea6396ab361df88519c5,0x045a069371e45379b2c6bc2b0bf67033d060b9162368ffea6396ab361df88519c50794e2bb9fdce1a2d859f8b4bd0bddb7edc410ae882b2059d7214f199fba3aee,0x23729133c94afd20f27cfab6dde2c0709c1e8d30b36cdf3682f5b1ea2ad386e0,ok
0x76c8bd8dd6c28b41555341372293c1f6ad1bdab5,2,0x02108f5c71fc355210b81a2f2f79c37e3f53040635106f40f261922999683ec97b,0x04108f5c71fc355210b81a2f2f79c37e3f53040635106f40f261922999683ec97bf5037d8a435f2fccec942b10ffd686b26267e736662335b7f6d754e8c8bd4bdc,0xfca2545b95efcf7e8534be0d3bb24a3437797411438ed95180fe4ecb3b66f1c8,ok
0xdbab8e6b9ca77e93239db702c221d8b800393429,2,0x0280363862c2b23861f3a6ba435d2fb1af9414753d77f68a6bedcd395f9989506e,0x0480363862c2b23861f3a6ba435d2fb1af9414753d77f68a6bedcd395f9989506edf7721d4b7d8e0cb14cf7fdd4c3b9f605ef286635784ea4595ff42a1d5638c70,0xdeada93e38d67315d49b8898666048c931081451adfd3787f733886e108086cb,ok
0x5355f2017acfc420d0765b4cf7b4a9f3ab126bad,2,0x022b045e93c1e582306c8b4c193089ae573c036c034d8ccad6d394471f9763c124,0x042b045e93c1e582306c8b4c193089ae573c036c034d8ccad6d394471f9763c1244538bb2d78dbcfa6ba07840eb630d8d178e38a631538dc6f00f312445f60b0c0,0xa06502cd6dbe8e6e6b7a4153ecfdb5a9500bf74e505b96063cb942472549fba5,ok
0x30bcb8b60e82dc487257cd36231107262d83325a,2,0x0293f4c5eba7dc9b3b6b0399c0d0e26befcebcd9a6448a913962b8a951893bbaf4,0x0493f4c5eba7dc9b3b6b0399c0d0e26befcebcd9a6448a913962b8a951893bbaf462ec498d93f78b948215461f0ca491cafd3eadfb1f29a619d2392324b0b526ae,0x5bd2996cc53f27f69669997a5cd94e63862810a8e3f751132fddf07cabb01d6c,ok
0x627dc2820aba1442bccf6ae476b619e098f2a592,2,0x0383e9fbcc670a9cb0d338dcf09ad3b08566f67534a828aa9defe76f1fb011688f,0x0483e9fbcc670a9cb0d338dcf09ad3b08566f67534a828aa9defe76f1fb011688f3cb7d63fb4049b185010a1fbf11feefb7bd9a239ff674b8b498f24c40b59e163,0x0ff77258fdf81d29e745c4c9109441c53b68fb9c3940314cff3c23fddb53a534,ok
0x1feb2e25219950bf70f9ad7dd5743a62b182ef33,2,0x030226321f5c57dc369415e9659b0d056f5b17811e26d9cb563e4e08c183d47d32,0x040226321f5c57dc369415e9659b0d056f5b17811e26d9cb563e4e08c183d47d329ed09dfc74c2f7127bf9970d293f423e992bdfce8a86813a13699887265fc175,0xa0572517c2352d59068cca2757a22b7dd850ef181fd3e0bccfe45f485df34719,ok
0xcfc82578733ff6e3d29de3844e9cef08318df58e,2,0x025d4a2681505f53109982bcdd9451363a6c1b4ef3bf567c5aec419d7ae7726595,0x045d4a2681505f53109982bcdd9451363a6c1b4ef3bf567c5aec419d7ae77265956eeca7996e68333faef538a04d0f342ca41baa838b1eb8c9e0c0536374bf8018,0x6b7c60513a5a792f19107fecedc09afef8e79ce5b95295404f975ba350975176,ok
0x53ea1904951a25753656625014b9d95d63a2e379,2,0x025beeb12d942ab35558cd94a195edce084caec6a2a23c17411b70efb6d74650bc,0x045beeb12d942ab35558cd94a195edce084caec6a2a23c17411b70efb6d74650bc7c15f428522d685cc3e52846c00eed0b86c6d79ee9b450d24cdad9a8fd67ee26,0xc03fd6704f705b1c2b49093591e6b2d6018c263df5bbbd35ff29dde5327e6950,ok
0x40df5c0e9bf6c2ac0ba2fbeed6035dfe92d7bfe3,2,0x024c9d1ef2ee7c076b0b17146c0a72af2f4faf33af40df8bde303b2349defb4dd9,0x044c9d1ef2ee7c076b0b17146c0a72af2f4faf33af40df8bde303b2349defb4dd9d4199491b1ed9245ca72562c3ca3e7e7d9c6c6251ebade8af564d0622fd28438,0xaad201792fa1b37a961113aac964de79ce4c53420e7eab226a7b84b4fd14d9c5,ok
0xd43e547e080f8f591d83cc8efc16bd63baa66b24,2,0x02bda1b20d081d8270be229b8a612497f5bb5e704aaffdc83363198cc22407f59e,0x04bda1b20d081d8270be229b8a612497f5bb5e704aaffdc83363198cc22407f59e7213a53b260fc4181d0a760bea62558f9ebb0849dc32b6c56b4bd2da8330084c,0x3436a7dfd75d8b20500a7c2e24ce589223a0732dcef59f7f0cedfa1532d93643,ok
0x864dc0fcfac8ea62aa2e136624575ccc8809f0f0,2,0x021f01be45486d8e9858af2f0dc6ad95820e7954745b7908a75ede893eef72d2f1,0x041f01be45486d8e9858af2f0dc6ad95820e7954745b7908a75ede893eef72d2f1ac9f7b2d7f36793c19f333131696bfd79991c9daf689b72715a7f4635d64e546,0x506ac14aa3c2ae0dfa1d30dd0a8e9b022c9966ee9f0470ad86ee566ef07c5ac6,ok
0x4e668c04215ae5648ebb2e071fdba0a72f1c226d,2,0x02f6e81932337e5fa8e2b1359e96fc5f1dd98c3b5e0be6903436d342fa4103a176,0x04f6e81932337e5fa8e2b1359e96fc5f1dd98c3b5e0be6903436d342fa4103a1761d3c7cf91701bbdfb2b859c7c43a47fef8dfbfe3def27cad30520768ef1f2230,0x33455f79c9f67665537e5301b3d0f47dfb69204bf4a407ce86c9b6afaf71689f,ok
0x730f51a252436bd8672c7d91487a12b41cf9629c,2,0x02dfa9f0e20a192ba5c8a574204721d4d8a62bdf72782849feec4bee46db99e4f3,0x04dfa9f0e20a192ba5c8a574204721d4d8a62bdf72782849feec4bee46db99e4f3303d46ca39614315a392f81363bb04972138210ff04eb5f1bb4da7377322e9c6,0xf26d93296d34886b7e02386212bf21ca8169034c1d28ada4a51a2fc8bf3c0699,ok
0x7a6538b45842807650c9bcbe67aed560ba89f0d2,2,0x032e6320c6d57bc0b6d9ccad928fd9652d5a1055bdd5f8d93b39fd3eef554325a6,0x042e6320c6d57bc0b6d9ccad928fd9652d5a1055bdd5f8d93b39fd3eef554325a65a30ae458a8f5bebf6bcba2083b265bdb249fb806b4ddd5c213fcb93d16100c3,0xe6bd798b3df25cdf67941cf37ace5ee95518710f3702501005424a66bd16d5b5,ok
0x754b148c8958f84b37225c93e6efd7873e206aad,2,0x0327df76b46cb14eeafcbac9fc8f8caf25b8930def61b4cdfc50c38ab41a285799,0x0427df76b46cb14eeafcbac9fc8f8caf25b8930def61b4cdfc50c38ab41a2857991cbbc035146ac6af91ae3a6963df6927a9ae1a00b1c73822e7024914d2c94dcd,0x55c68dbec34b8afe9a78fdb4d714cac6a3924b4b793975a4ecaed67cff184b75,ok
0xe1ec1bf20e70ef8644697be924616f0b5e2c83f3,2,0x0230ea58a9061dc103b01c05b0181148e591c9f10aa20607f5dc1aae2c40705b9c,0x0430ea58a9061dc103b01c05b0181148e591c9f10aa20607f5dc1aae2c40705b9cc7f48d361f13fa1d6ff810dc59ab5b59c62f56634178f748fb31aa3385fb419a,0xd1a7e23f65c5a9e37e21237ac58d91b86ebcd1d349ae8f7576eba6f12fe090e7,ok
0x131ea4dc4cda09d7d075bc3e3537959dc759c193,2,0x03764141fc829aaee18d08e117c462fd150ee0170a642073d3f23f30ff9aec0203,0x04764141fc829aaee18d08e117c462fd150ee0170a642073d3f23f30ff9aec0203c56967812fa4cfffd4b610b4861b51ff17b1268a0b231b6d7b9f94446f3289b9,0x97fcdb4c2cfad8ff299c4908b2fa82d25d92f3481bca669a4c9d21062a154959,ok
0xcffaa22be77cd620f2677dc7622fa19d3a8549bb,2,0x031d0dd4e9e83f986ec472ac42208980d65b32ecfd7baa66add3314eca674b4287,0x041d0dd4e9e83f986ec472ac42208980d65b32ecfd7baa66add3314eca674b42875dbeaaded6cdc812f8781bb1ef11b990535708fcc75aa5aa895d746681c75e69,0x82a315edfd31bb3c417b9290f89b29070d290248e5fc53649932f2d71acb28f3,ok
0x48e68d7ab78dcfe167d52bea8e5dffa14916bf89,2,0x038e95efadaccf7236c0d135caca3b57e6137dbbe7c0eb30501222a44f94e7289d,0x048e95efadaccf7236c0d135caca3b57e6137dbbe7c0eb30501222a44f94e7289d20d1b45d194860640684f4d51586b376e1c0c2eb458ad49e1d6ded19795b5253,0xc2058c369b6a0a9700dae619018bb6db3993cf889fdc02a6efceb3e1a315bb1a,ok
0x4668f8db524799f896663efcafd860123953744e,2,0x02a9efb5eb48feefbae9dd2e858f15d29262a0dc295077a8e2b9bb4dadcb7f6562,0x04a9efb5eb48feefbae9dd2e858f15d29262a0dc295077a8e2b9bb4dadcb7f65620cad54f94707ebe540d3b33bf5c2d92f58cc5ad22cf2ff5d85f294eda84c49c4,0xeb398c2d38018f591bcfee72b78e03a8cc5478c4039d8975586c5195853e3596,ok
0xaf8c481eb42defb31ae67319382624a68e28f5e8,2,0x021d53b3944823c2dd72e70b49bed0fbfa19fd0dfe14d93aeff701e75a9084fcd0,0x041d53b3944823c2dd72e70b49bed0fbfa19fd0dfe14d93aeff701e75a9084fcd015bd47478fafc05a4ee65c0c005d6c92bb58ad7edeb163ba528f8e97334de490,0x7eff7803a3a04ddbe6d79d31afff2cb93f03fac8402e1d8d85a106918622c924,ok
0x2ea1fe876995ce948fbc5815f943c6f8eea00531,2,0x028e7e9bdc9a79b077ebcdf04de8b21424921dffc35d96c60e1bb1c884e30fe605,0x048e7e9bdc9a79b077ebcdf04de8b21424921dffc35d96c60e1bb1c884e30fe605c90a88a91d7e522f5b0d1ae87e3f4b050ec7bda69f6fae4a9508c8ccd2694b98,0x42220876e7c9ea44bc25cbee5aa218c9932b23f456260fc939a5046e396fb653,ok
0xffdce00bdf3334ddc860656aec47bd20fc42405f,2,0x0294c6e09730d4c8599714c4ff79725ad0d4ac0d1b46eecdfea743e3fea692ce86,0x0494c6e09730d4c8599714c4ff79725ad0d4ac0d1b46eecdfea743e3fea692ce8668b43b9a3363965d69423fb47da18086e660b8d8515854a5b21fa1103beb606e,0x6017ee3d6912df08ea52e519dc40655e172e253f2d61f5008ddb8c50e0385e8f,ok
0x70ff27250546d03df9c5f44bfa9370c2e47fa1d9,2,0x02bc1bdd58d8670a9ed773c3f489007a20ab77276d49266f800bea6d5c9d02cb4e,0x04bc1bdd58d8670a9ed773c3f489007a20ab77276d49266f800bea6d5c9d02cb4ebc1e5a680fbaa27bd17d17523e503de51c4233e9c7b4e1e72607404c6f650954,0x694edf41062010888830567d05987f1c5b51fbc73a06b076d21fa795606e10d8,ok
0xb4375fb69a25e7b975d18f6c53de9c62a12456ac,2,0x03d8222ea664b77f75d018cdae7ef4f02e7855de6cfa9413f6b46188e81f918e01,0x04d8222ea664b77f75d018cdae7ef4f02e7855de6cfa9413f6b46188e81f918e01f122b27201e09f8252dfba7ece6f1512d3ee1a80b4fc2dbda7a2712aa12c15db,0x05b3f5d4e49d46a0989caffcb64b031504592beb3a1bc078bdb60c0e7d9b8211,ok
0x30b9ae263c4b125611f31dd0027ca3ac90d8bb9b,2,0x0372846ddd3448c75c3cd284d554b9e4056ff9a46c491337ce6f870e071fbdfa94,0x0472846ddd3448c75c3cd284d554b9e4056ff9a46c491337ce6f870e071fbdfa948cfc422ec414e14e937271a7dfbb81ef0d2764b03142521db996dbd7be0ad2ff,0x80cc68515e8ee2a87eada3121ec7f75bd37c670195e892451b7a21bf65fa436e,ok
0x716a4e5840bac5ccc7ae262e48ecfa984aa50649,2,0x02d525a65e985aa59cff3af40294c1b685c42d96f0f6f2205e94a066b946881c3b,0x04d525a65e985aa59cff3af40294c1b685c42d96f0f6f2205e94a066b946881c3b74791f3aa6ddd14d77a22838ade84a1dc5d6c0e0c9f07a34e8d295690726796e,0x243c92a96a18f93510a3df1783f90c2668d8d9c5d6f3b927bf1ee39d41387e99,ok
0x8a23e25aa36781d7bc28e2eb00990133f80257bd,2,0x035bf7ee49a903c5f49201d004d48b4f863c077765af0f53ccade9f21ee5a82f08,0x045bf7ee49a903c5f49201d004d48b4f863c077765af0f53ccade9f21ee5a82f08c3b68ebebb4f0c0c2eb2e3390a5a4dc54141e709963ea1dbc5f3861674cb6597,0x8a0af2a1a1b8d3c452ba09e7593025bee63e6497aa65805e57b3695c54296cdc,ok
0x17bb250e7830041857ed026738250b69b97f10b0,2,0x023eebaebcbdcae628d48bb3492ee42cb5421991cbbd65797f75e6edd0837f1328,0x043eebaebcbdcae628d48bb3492ee42cb5421991cbbd65797f75e6edd0837f13288e6e6687a08c244738460daa77fa5a45911e94fd604175dbb89b4ad3e7439522,0x696deb6bd4371f7789a93bca366a40b939ef717fc7072d876c25e2eec1d96dbf,ok
0x9d2109a55a3c2a7c79b16633327dde70b6e07fc3,2,0x02a94055072c941a5eea3e4cb9f96714ca24da41c2f85fc1279eab5173b82355ba,0x04a94055072c941a5eea3e4cb9f96714ca24da41c2f85fc1279eab5173b82355bac1b236bc9b74058d08d28672ff15e716174ab91a807d92bbd0cbaab84c0da7bc,0xdefb5692382dbd4a54e89ebeebfa36aed78773e0d92650ca497dc02461242fa5,ok
0x75a6085bbc25665b6891ea94475e6120897ba90b,2,0x02cae628daa6c2e2d16c7e5814314c31ee283797f9bbd52615c500cab537b37b47,0x04cae628daa6c2e2d16c7e5814314c31ee283797f9bbd52615c500cab537b37b47928cfc1fde68282c950ed9ec838cf96a3fc1f694ee9b7541818689e0a40e2fb4,0x028896bb770d5d81dcde53c83aeae62f744e2fdc1bb725c93cc71f4801343bd6,ok
0x9be03894b73bfcbbb2a8ccbc68b592e37ef04161,2,0x0249cef9a670d84bf3bed61684759842f4853d19587351d88f0a356b3b5a99b780,0x0449cef9a670d84bf3bed61684759842f4853d19587351d88f0a356b3b5a99b78010d5fbacf1edccfd8cd8e5018220c00eae6b579f04375829370362b28db28d12,0xd1dc1c2a544344c17111b03f788c2552f659a50addfbe963e153fd7f90621f23,ok
0x6b0ddc53474a855957b58b6aeb3dc1bf64bc0276,2,0x038d81bb2434fa1a89149e42195bb85357a4bbdcacf06f26305953241656c98651,0x048d81bb2434fa1a89149e42195bb85357a4bbdcacf06f26305953241656c9865173ff987339f426f263826783dc5046a3bcc8247d368e58498b7b6dbed0f3f313,0xd8c43889afb9ff93165c055fa97cd54d0c37dcb628bea1c627ec2becf4f24d5d,ok
0xfa831d0f9317e491824ba678ffb461c30d0d5837,2,0x020154dd0f1f04aef7f8085bb727ede44e1744ca1a016b18009ef003c2fc375d10,0x040154dd0f1f04aef7f8085bb727ede44e1744ca1a016b18009ef003c2fc375d102965a8be878c4af2801c96aa934c92913e35a7a3d72f6ed576d136d5451eb688,0xc3b5f6fc9e173718de1841cafdaef32edaa9fbb158453a2ba12ca9b72f2d4530,ok
0x35542b2050277cf77173c84322b4d038eab196cd,2,0x02f055aee6e35f46fd7cbd21ab69a0fbc3be786206c76263212c706bf19585fa28,0x04f055aee6e35f46fd7cbd21ab69a0fbc3be786206c76263212c706bf19585fa28306fcdd6d13460da9f8f7a911cbf859a7a9c08c663c0f0c0433b2a661720d4f4,0x8dc316dbc110c79416b46e0c54d500ef38e8b04cbacac35761f3c3f1a3400939,ok
0xa28d5c97eefe3f7a2b52ea267eb9fa1392aabb82,1,0x031cfb446620eb3b7805fd9da8d67ea52277f291267bd88d8a2c422f15163f93a0,0x041cfb446620eb3b7805fd9da8d67ea52277f291267bd88d8a2c422f15163f93a0d8a12a3972f6a6aa927076cfcf740b450771a1866a967bda2a77f8bfaa3fb0e1,0x9f7f67b14928ef675a2360badca0dd4ae8b85e90889742c7f31f8f40d3992296,ok
0x4fb213a26226cc62cc0dd0012c906f7838d32364,1,0x02ac46141435a652514c0f5f9e21386f2c4a404978fc0e3a5f908976c1c9c1bce3,0x04ac46141435a652514c0f5f9e21386f2c4a404978fc0e3a5f908976c1c9c1bce34b268a2ce3e61baf7077171822a1348101ad5138f9923bdc095866073bc141b6,0x25ae3b68398c7dcf42959341e3c0f9255ff273e9507e3df8d250ce17a6928b2a,ok
0xf7a82b409c70a33edb12f7b281436bf1456c3b01,1,0x02ca796f7be5e93356c431567c04d52b7fdecf5f81f69df63b46e9fdf93a9811b4,0x04ca796f7be5e93356c431567c04d52b7fdecf5f81f69df63b46e9fdf93a9811b42059d1dd4944249b7e934a681ccbe07d65e010d7b2def53ee21cfa8f695c8bf4,0xcd36336293494e382e8103ea53ece76bb25fcba60fc5c00f935440dc07b0783c,ok
0x548eea42bc5cbd8dbb6c997c926759112576ff06,1,0x02403dd192531c70607826d3d52258c7000773236c64c6e116c44e8d84e60a0568,0x04403dd192531c70607826d3d52258c7000773236c64c6e116c44e8d84e60a05685b7e486ecd2a44c5461cf5e6e02e37b23e28904a799a8d33967c52f55cabebea,0x73f82ac638060fabe2191bd9cb719984784ec319b61bf54e639607f95e168679,ok
0x0443eb3317063a01a08725dfcc72a1cedf9a5a1d,1,0x03dd467711a882451c1099fdde4c20642e26b3545be8e98bf3ebc8fa9d083946fe,0x04dd467711a882451c1099fdde4c20642e26b3545be8e98bf3ebc8fa9d083946fe45fd9814a5d7219a47f11f100155520c8ea0b0282c8eebc4b017a07bc0a49425,0xbfd012a5338ddc86b23947fd2142626b9607fb3708b85bfd638948fd14422811,ok
0x8a7eda14e84610625ccab653c8df633fc0b2875f,1,0x0295874b546d44a6501bdca8a9c921171827ff3c9cbeed3f256687b5fe0938e099,0x0495874b546d44a6501bdca8a9c921171827ff3c9cbeed3f256687b5fe0938e0991d7aa60d6eb4bca403abfee9efb749a6701efe1d282409fbae4ed05bec59f966,0x279bf416a219f6532906f51ecc80688046fac1aaf92190c4f93eea0aea6bbdc2,ok
0x65d46b267514edcc4a52229e9300ee387daedefc,1,0x031491998e7b119d90771d1102d441a8221397e22cbc8d225a99c691daff46e95e,0x041491998e7b119d90771d1102d441a8221397e22cbc8d225a99c691daff46e95e3e271ab3869eb2fbf47b2dc811997c37d60027212c3adf7e18612127270d999f,0x762cde4ddab81f8a5ede8d89695bc13d249182c0c1d24a74e079d054d18d445c,ok
0xc49a789b74b35fb145565c5a53e6f2f1c4102a3d,1,0x0252bf6bdf5f5f9304cef1921d26380f4ab7af909ac5d5897932b39afafdfa0166,0x0452bf6bdf5f5f9304cef1921d26380f4ab7af909ac5d5897932b39afafdfa0166bef7fa8052482ad0dd8b9163ab7ba6dab7d3a33d6ac1c7423acc99a531354740,0x4811c4a09229f47b3326e4c4d5334cf982794f40b4960c75a5845f229e90ea5a,ok
0x02cb436fbbef14788edf2bf8098946ed3fbba3db,1,,,,contract
0x11a3f3be6a215ad0e0d78fa36633bf9e5f6be76b,1,0x0233ffa64adda7936bce967f61553e445aefe5ac7408ca5558e3cf9d76ea68c7be,0x0433ffa64adda7936bce967f61553e445aefe5ac7408ca5558e3cf9d76ea68c7be4a4ff244bd1b42f2f057b2d6a78535a72c705ce5a518284227524e01f3d35126,0x437462bec27cac662e6e1e97e13d4785da9adbd0cafea26d5a6f02013f96ce69,ok
0x0cb005ab128702ed62a2f93844edf41f3864da45,1,0x02da911ae28b307f4f986d3b1ba3a2531580f84fb17679b2304deb10ba4298a47b,0x04da911ae28b307f4f986d3b1ba3a2531580f84fb17679b2304deb10ba4298a47bd5f013b0e360fa6b508e29347691f3ed9a65dc3b45a333aaabf5e2fad15aecee,0x481ab91dc2062ad1ee30032674b4597bcc8f661addaed5176bbea045b4888e42,ok
0xa622cf6eb0673f8b186dfc61a07eee5acd4cd930,1,0x03615566a972984f4d5d8da2c0619b23197801dd9aa2ad6e31bf125c25f3eacd03,0x04615566a972984f4d5d8da2c0619b23197801dd9aa2ad6e31bf125c25f3eacd03530b5d3cdac49959ea6f61bec1a11cf78ad668ce18df1ce20d58d7b90c926a11,0xfdf4aa63942cd7191b0af233488fa62260f8e57cde8030ac506bb590b5ce864a,ok
0xf8d59b69ac74215af0cb41736ce23bb0e8314e8b,1,0x02bf09a50240f2074c8472de7cecda563676c8297f157b9aef0b1bfc2a73e2ea06,0x04bf09a50240f2074c8472de7cecda563676c8297f157b9aef0b1bfc2a73e2ea06dbb821ec68f3bc75d54b38e53293216e687794ddce06ef37a746eff19699cdb4,0xcfd24a0f407b29769ea71ac8a586f184377bcb6714ae0e0e7af329350159e252,ok
0x5f02f2795638484553fab83e6002bc01c021a256,1,0x030d256a1a28d14fdaa69385e032f2dc0d0ed1050df13739bfaac1ff682d376b3c,0x040d256a1a28d14fdaa69385e032f2dc0d0ed1050df13739bfaac1ff682d376b3c6300a95c74a11696fa23f55ffd4a12f6a50962e383a752cc9a4d508d09dcc98d,0x13ead87579720a768b5f1768a007b306f7455786dc697b37c5dbaf59a1146d94,ok
0x413ab8a3f694278d81fa9af5e904aede80894d85,1,0x02ef68ee41b605b83dffc8013dd40888d08fb5532d7233e5831c0febcfc375f3b7,0x04ef68ee41b605b83dffc8013dd40888d08fb5532d7233e5831c0febcfc375f3b773a73a559d653565605ace326af41d1cb19f6396bc18016a1dbe80dbf30f1c1c,0x67f9e1e7948172e3fb2edf66ec8abcb1794020bd1e6f03c45d113317ab67c4a4,ok
0x6e99bf4540bf77b73f1c450fbcd955e13cbe0bec,1,0x020ad0c4fd79975d276bc35ec18cf4c58bc98ba78d7f616914595cef660c5bb620,0x040ad0c4fd79975d276bc35ec18cf4c58bc98ba78d7f616914595cef660c5bb6206001be6d3892196233cbb39fe52c3ac5ae9bd4c06db2500d12934721472ebb64,0xd8f917adb4fdc221b4e8af1737f97af8f020b7ce05a4e344c269ff9801a070c1,ok
0x3a1fc922fea0d4a1fa780a1f70395640bc709f76,1,0x0237703c78fff6ad10fe3cc7bf261812ac2db7216d5288c679c746d447c5d34e9e,0x0437703c78fff6ad10fe3cc7bf261812ac2db7216d5288c679c746d447c5d34e9eb281e736dcfd6e00c89826a3b1ef713f58ffad2546edfecf245229f992428738,0xc53efc9a52ddc0ab8e6cd96278fef760d7a38a0510ff1cebc5eb0188805de9e9,ok
0x7e68611e0cddcc26cd2e2420f4d9943e786f4595,1,0x032298f27cb5d04e949e5f1c99a6c3c58d65a1d22e352e103aa5f551b4553a57f6,0x042298f27cb5d04e949e5f1c99a6c3c58d65a1d22e352e103aa5f551b4553a57f6ff2139b1c765bf40e27832bb176bec43ad7dd3ba20c69fef905976379eb11409,0xdd145bd950a10d39d48ce4fb44d222ed7db149d62d4b8d7c7a539fc18dffcbbb,ok
0x89656db4397a92ca914c3576a8e9c1a7661af646,1,0x02838792592ef7c7431bc99cab4da98ea05e822226b8284f4d9e873385f3da5c0c,0x04838792592ef7c7431bc99cab4da98ea05e822226b8284f4d9e873385f3da5c0c74cdd63e2f11852b78fe57788bcd1b7241306af1a9ba71159f0a03dd674ddd60,0xbd67d9dea512ed92548bd39e821f5768fb10f1369d12923526045822b8f16127,ok
0x2222c42d79487ce54bc39d1b1494318714c2f740,1,0x02f71741a7e6f3aec2b68eff4bdd8a83bba1f8290e29d5f49f044ab5aebcd4dda7,0x04f71741a7e6f3aec2b68eff4bdd8a83bba1f8290e29d5f49f044ab5aebcd4dda72564133709b6824162234023947204eaed5d1964d5fc40b6bf58928bebe57e80,0x55c19d62515ae958bfec33e2d911119b66600889b804a570965de4bdd41113e6,ok
0x860736719f6cd2de820187ea9dcae73a3e9e5b20,1,0x02e44fd38d1e2c5ab965c980a70f4f834e20a69cc6f5d60cf93ca2595242aa4909,0x04e44fd38d1e2c5ab965c980a70f4f834e20a69cc6f5d60cf93ca2595242aa49095847023f02f460264c8ca1aba112a025ea0a5e6244dd4ed190db7ff6c14826f2,0x2aa82e2e70c5a5b1a83cfa78efda78da6743c41593dc2f40a8c20f954421a16d,ok
0x17879b55d72af403cf410fae788d0e7d2f157e80,1,0x02ce932b6f0f728ddd2c71058db9033823fb931214bdd0429c3c364db6653e1a4d,0x04ce932b6f0f728ddd2c71058db9033823fb931214bdd0429c3c364db6653e1a4dbb635b9f96a62ef16e8fe36a84100a7bc7e0db310fd6673ce0a971f2068177ac,0xb5de8bde4b17d50866a3d210c253d593d6e0e0f4488dc269103aeeadd4d6610a,ok
0x989bd597f807a5ca50b3e3c985fedc3a475b80eb,1,0x02d16f664d812b19804b67690256aa80e3b0cf1bf459cfbc47b464666aa4eecd12,0x04d16f664d812b19804b67690256aa80e3b0cf1bf459cfbc47b464666aa4eecd128ef2860c66a91de8dfceab87939c349f7e9962fd7b8928124a5c0642516f5b5a,0x3e189c434a96899ca0771c02a9ebd40ff8c6b608837fd0ddf00fa1960ae3b5d9,ok
0x34860d4bbaa9c07cb89557ceb25098122ae18f9b,1,0x0397b4a10783892a37aaa2fbc89f26d3d875f2bc1380d5fcb88dfc2cd5478c1303,0x0497b4a10783892a37aaa2fbc89f26d3d875f2bc1380d5fcb88dfc2cd5478c1303bd4845bc555c1a7b583b36ec2da680ae3ff371698023e714018c148f335b34e7,0xfb8a897ce0205bbe930969e9d8e039e8030f8eebf3b003033fd2eeeb752aab84,ok
0x5ff368c9a7f9b9b7752cd16f95173e659a104fa2,1,0x03d37c30b7541fbd31a9e7c78ee769ee179d4a93900651f2188f40461a48e55e1e,0x04d37c30b7541fbd31a9e7c78ee769ee179d4a93900651f2188f40461a48e55e1ea3532e43304321bf9ecf353a105692d140b478d051300ec95d9a09e3d23cbac1,0xc6a24a021d714fefebbc3a24a6545a541819b07903fdfbe244f1ebaac6bc9cb9,ok
0x5e2d237d530beda1daaa6e1168a05b76cde04bc4,1,0x0222381325c23335c5706d60991bbfa4638756be6cd0c3ab12f3ae6e7592dcb83e,0x0422381325c23335c5706d60991bbfa4638756be6cd0c3ab12f3ae6e7592dcb83e67ca47cbe41fd91e1fa237e6250c10cb58111dc8d3ad864f933ff57857c606b0,0xc1174651efee6b92e336f4c81311768484f50b75b2cf862fff25af9a6842f407,ok
0xc1e5f8f617e52d3ec2acdb39f71bad1416568904,1,0x02b2d3dfbb1320154ece7d1dc055b181aadb30b0fac4e729486723dd375ff1bc3e,0x04b2d3dfbb1320154ece7d1dc055b181aadb30b0fac4e729486723dd375ff1bc3ed90ac50bf34da4ac19b6bc926e57d96927b634f89658c7436a3972b72063b70e,0xc020cbf77c9d76c27a818bac44345e613cf27b656f49087a7ed5507539e9c4a6,ok
0xc5d9caf1a380781cc3e489c0998bf69b5b4ce19f,1,0x0252704a84096331b05299eb5f37b64d6564d930e50603c6526315b5d4540fc2a1,0x0452704a84096331b05299eb5f37b64d6564d930e50603c6526315b5d4540fc2a1e8f6064495403b34497a8d69a0099d72235ad7cd7472014ec356cb42a7524352,0x552d2d63b0849923ee03cdab43bf7d6b02b60db588f70e29605ee605dfe13dda,ok
0x7ad6099ba2f677cd0edcd8804c740636e1e06ae7,1,0x02aefc38e065a5d0f9b84892b364ae7906ac129bb6679572db4bfa44e09d8596ac,0x04aefc38e065a5d0f9b84892b364ae7906ac129bb6679572db4bfa44e09d8596ac80fd822c071dd4f0df38bc7f85403b5ae6699ee7007d009a8fe8f9e512b745ee,0xd7dac515dcc98bd7d73de5852d68d971eb8ebd45036c97a884a0ed306210faa5,ok
0xf12cfa40195c354e12540ffd6f770fb4dbbd2675,1,0x022449ccd60b3e85f9f32d088b5f0098021e6960e770f98a3740b9c7fda3156f1d,0x042449ccd60b3e85f9f32d088b5f0098021e6960e770f98a3740b9c7fda3156f1dd7125929fae90c822048e6ab8c91b8ee3b570aaa7089d52c5387567252d18cb0,0x0edac2501c82d07936b6f002d45a0dbc3369bb0b1aa6e993cc1e2c8b185cafe3,ok
0xc3663cdd5b4f3e38cb816b1cd545e3c2371e5f7c,1,0x02682a960a63df5a0fc98dc2343b2773f42c23dacc3962099480695c42f38ca28f,0x04682a960a63df5a0fc98dc2343b2773f42c23dacc3962099480695c42f38ca28f4cbb61b1fafbf72aba4e8eebfc752502f1ee5cd3039b5f78b1b89a38e65c6c1a,0x43c9a01cbe40458b023e5f96acb161a6736e0c05b19b471aea7bb3554a191355,ok
0x05902daf519b17bc66d3c25bf3da6f3ee45e1b45,1,0x02f9299e8a0d3201e31667f775e7bb4ea6595c831234922b2ef1be419f41a9a658,0x04f9299e8a0d3201e31667f775e7bb4ea6595c831234922b2ef1be419f41a9a658e9be26bb6772b96d7cf64684c37dea0af7b7fb9183deca09a60763540b29e6f8,0xda2389c24aed1cfbe66363a1e4bddf511ef8b8793201a7bf68a9a616727a2ec2,ok
0xfe5fca76016b1c4eaf57fabc9e3b680427cc5ad1,1,0x026dc856f1152bc86933bc8a55b17b8d4d84927470023c92e711069b7801492639,0x046dc856f1152bc86933bc8a55b17b8d4d84927470023c92e711069b7801492639b71381231a94000b35cf79f1013f240495942f896831a99102d3de87cca91304,0xf3677f76232048e9f7653c290c9c7ee084cb5003e474fbaee1c6a2f19389ee63,ok
0x7a6a9596af512a7e5b1ef331a70015cd3defa1f2,1,0x02e864c6d3ed67b114a91cf6699845d524caf04d3872eec931e54abd8dd1331396,0x04e864c6d3ed67b114a91cf6699845d524caf04d3872eec931e54abd8dd13313967f08b271fa9463788f60578a744730a0e09749bfe37885960f6683d24c28159c,0x58201130f8c9f241f6ad7063130030b59a27f0e8ef9facf9da2ec0521734f401,ok
0xa257662b9ee003c3ca05a1e25be51f0ef724ade6,1,0x0286e9d72c534efb280c401cec397f035e5c45ac19df965e0e571a0426069debbd,0x0486e9d72c534efb280c401cec397f035e5c45ac19df965e0e571a0426069debbd0a0d5dce264d336059528d6089445f1611262383ff967788d9281116cf78cbb0,0xefbcf09a0a78324c5564c635717e39d44d0f8eeeb32f368444817bca41ccdfb0,ok
0x8af88d1a17769f146e31f4282138235de1c19bd4,1,0x03a3a82cb5fa0acafce824d888304588bc5eeef600b1063bd7d93acb0e19b61142,0x04a3a82cb5fa0acafce824d888304588bc5eeef600b1063bd7d93acb0e19b6114222acff933fa14721df16dc43d9e1f0dd56cd2d476540f5a31ffabc31c2e655f9,0xd6cf661cc1bcfa5f1d432b933af919b4e0b916c62fbfe46c05e568b55b4f5a05,ok
0x21f265553792b3973529d49fd03a1ae5e6fb5502,1,0x03f66d41e0489643e30f536411e4a925e2103b188b3b2797e3ab0b16881ef5c369,0x04f66d41e0489643e30f536411e4a925e2103b188b3b2797e3ab0b16881ef5c3694c22cc5fd9d649657571921646a0b825f49af403c2fc63a412877f4eebbe8f77,0x4e8ece9d2a5d86003618e985fdcc0a311c825ba60e287c41277ae8bdb399394e,ok
0xf3b384ea79ebad243390bb17d19e00b703e0c203,1,0x039da049a92c55e2f5fd9f8c4167aed71de8c5f897bcc5ad166af0016d905396c7,0x049da049a92c55e2f5fd9f8c4167aed71de8c5f897bcc5ad166af0016d905396c7ea9ca17cd4abe3d1b10a397360923bffe46573c72adf5bf0f426ecf0a924c29b,0xe1b483a1a526082dd8f409b9922a026182f9e8aa12c113c114b758f77c1c2bb5,ok
0x3e2178cf851a0e5cbf84c0ff53f820ad7ead703b,1,0x020ea569202b7e9d27fd0038f90ef35ba3980c9c383b65511eca21674d5a113ae5,0x040ea569202b7e9d27fd0038f90ef35ba3980c9c383b65511eca21674d5a113ae50c896c5bb847991edda033b2436bc52ab1f865041b42e9a744e158564238af00,0x16745238a48b4b5955704e3a5d89491490d13bb848003636a8b54b4c0aaf13f3,ok
0xa86412888c12b15733a3b44bde306696bdbb787f,1,0x03f066d70d2b9e92a44ace9f2abb9c7ee42eaebac2a47feec043d1e353923f5f16,0x04f066d70d2b9e92a44ace9f2abb9c7ee42eaebac2a47feec043d1e353923f5f16295943cb5e9987e9fffc0140885450d6a2f8fe134afbdb381966f2184a23dbe3,0x4d1b4faf36a4419cf47fcff1ceee434fc1d0aae6971f2c6155cebe391a249e23,ok
0x18b0a87b6b6671279fad4948b287e5b934bfcc5f,1,0x0247d667c4a80997d81ffb61e2333b05d686e6565017b3ba1a8500815ee8218602,0x0447d667c4a80997d81ffb61e2333b05d686e6565017b3ba1a8500815ee82186025a19d5631ce9dd3424df4f372f0996da7916f97863f86c9b7890bc4804a48256,0xd1ee8193c2a45cbc1e8b2be3059e8f05a0f3b76c7968bf6ff0d28d8b4c5fe2df,ok
0x591631285f17e0e3ae23c2695b632575b2455a1c,1,0x0246cfb0c778c572a005080cb536bfddbcaa2dee90ecac132cb5a4d52a56ea1d6c,0x0446cfb0c778c572a005080cb536bfddbcaa2dee90ecac132cb5a4d52a56ea1d6c5c3261fd62872412e6556d78520dbdec6fbc89cb1c7bda3e31e0a6ca218b52fa,0xc265e12324f5e6de93688f50b9867c524446c5b173e816230d12bbb964214202,ok
0xc686a12fa586aac3c087aeed64bcd21bdd054656,1,0x03f76c6a8454aa78dc41d5c366ae8bb32e2edae8dd949257aee68490bf80a57087,0x04f76c6a8454aa78dc41d5c366ae8bb32e2edae8dd949257aee68490bf80a57087fce510022cf45e400542b33f439e33d7f8e0132ce33944ec6796e0cd72024779,0xb6d1803ddd7d0e68e764f5a511047d3c221c9909dcda1dd747395ae3c68f5f75,ok
0x042325bec51caffa958bd3556202149c2324b8d7,1,0x02d42607b41187041e15b80f40d5b9f0f4c4660023ca9839ff9e3898ebffd5e02b,0x04d42607b41187041e15b80f40d5b9f0f4c4660023ca9839ff9e3898ebffd5e02b920914d589726026a3efff3be7f26e1e73620b1c2d7eb38d6cfaa90555aa5f56,0x994e86be1a10c6ca028e84d66111e61370d068f0cadfab07fad2c9bed2fcf230,ok
0xf3f0ceaf0f5e7459e120c93eae785e07bbcead88,1,0x03777380440eb3683848d4db3ddaf97fc1aeade2f016c5849166714c9e89553c48,0x04777380440eb3683848d4db3ddaf97fc1aeade2f016c5849166714c9e89553c48636024a47371d8a4a252c01942187a3848605b6ebfb5de79eae63fcde2d3f2c3,0xd21d09ff0cf58d7c5cc8e5c576ad27bbc68fe3263f38d09cfa6287e4c1a54470,ok
0xec8145ed6c60262c7f6dcdf735857368b66cb1d0,1,0x034a95cfcc26cc2deea73743e1b5b80a292d54fcf5de40709831391ce52f7abc39,0x044a95cfcc26cc2deea73743e1b5b80a292d54fcf5de40709831391ce52f7abc39668d77f4c59674d81ab0ca18b3a3f0717c2c4262c6db83ea6afe4c100b13f717,0xa7e435714a6d36eb4fba408e1be6075921d2e770fa223d67401b9fe24fe3f72f,ok
0xa66214a8c2b0e858b67cf7ecc2523cfc4655da96,1,0x029a90048316c1773944649e735b9a7e33df55b21a689fdf9c227c55981bfb58a6,0x049a90048316c1773944649e735b9a7e33df55b21a689fdf9c227c55981bfb58a6acfe750f322d6fa22442f2e29a76a8830a4a310cd3b0aace2fc7162ef3c32b6c,0x9b396d2a52d97a87dad2d07f3ceb1487b646960327ab1a1deb9a1ef886b8e863,ok
0x31ecfcb2ddf274f89f086612d49fe3d957e77db3,1,0x032756ab5a6273a67ec4d5f486b466ac46bc4108a7ba59e5889cc3b6cad84f5715,0x042756ab5a6273a67ec4d5f486b466ac46bc4108a7ba59e5889cc3b6cad84f5715fd7b857b0b77f1f3e399460e89040c1a4cca8b27afd985b821db8db1f434a83d,0x9ef6a88d2e1493e123392b44c98ad5a1f461bdff9123acebace0a825c9d5479f,ok
0xd3029225ecf009b196b8358d9e897344c0f610c0,1,0x02338683acbed28097b8e7f625ea27f5a96885bf2679bb1b5b1a8aacd79421dbed,0x04338683acbed28097b8e7f625ea27f5a96885bf2679bb1b5b1a8aacd79421dbed2101eaeb7520eb0e479b2330d4a827f54d0b96aa9336d00adcecf20985deb85c,0x584a6226beb5408ac6e365ce0cbc4e9290a7b3d111f78726d251266140b63419,ok
0x4e1a3dd441bb6f8bf6b1e96f431d03f95812cc66,1,0x032f92e6d512ed39d12da30981feb2485223e50aae841f385750fda02b423727e2,0x042f92e6d512ed39d12da30981feb2485223e50aae841f385750fda02b423727e2cb309ccca6ca961dbf1ae5c80808af96dd0e201954b00831537a3d1ed3996f1d,0x771b77adc1411d0d7464db2eb2a0ba2cec592f480d3fb631b8a28f29b3f9d7f9,ok
0x9ceef42fc9eb2e7afeb57c5f6d11da1e0cdaa5f1,1,0x02a18da2d121287126efca82e7c409cd641f12241d614fa1092e4e1044dfe14f4f,0x04a18da2d121287126efca82e7c409cd641f12241d614fa1092e4e1044dfe14f4fe9d13c530c31ecca72068af6786e4488888340d36c8043a36f33680d0194d080,0xaea35a62f6a187b32593de35afdb7e79d719158270093a065f8b61e85e55641f,ok
0x92d48c4de995677efec025aa53d570cc7a882cd9,1,0x0253eb1c4b51303a8e0bb28cd9fbc264c7951ca79164fe0d9e4c48689535ccd35d,0x0453eb1c4b51303a8e0bb28cd9fbc264c7951ca79164fe0d9e4c48689535ccd35d100afeac26baff4754060455db51606239f576c85066a3680b5efc6b02c10042,0x693d94d60cb0dfe325a6274be25487530340fb7fff7201bf8f6b14879882d2a5,ok
0x244492e630c46e434a1b51b8c36a549ceb8b68eb,1,0x0283853dcd2cf613f587fafc4a6242864be8e1aa493203efad856876c8d64a5ba4,0x0483853dcd2cf613f587fafc4a6242864be8e1aa493203efad856876c8d64a5ba48a2c454f81d4091737a165a68b4ea2e5a43d706194f628a3e8a149a17de372e2,0x301da8419eb99d3af1c6733bccff1f74f72413dfb3dbe7d88e1039198203521c,ok
0x4ba58a074e60392710e0ed4b87c1ea2eec20fea5,1,0x033ac74c4e8d9c99a01763af11372d6e50b52ad13543c631c5922df5fbb18b0c32,0x043ac74c4e8d9c99a01763af11372d6e50b52ad13543c631c5922df5fbb18b0c32bc997184aa8e3f4aa4671b869530eafbb03dcf6180db36040f8f23d375d7edd1,0x975b34a8c10328b34066dfdaedab11d5391758ba9b7a57efd83bbb0b2aaf2794,ok
0xc6a2bc1bd7dce6d724e3b0894c86fc6741d33b01,1,0x03fefbd4ecac82772f820652ea8b1178391c5f3254fa02d7e9dd6e89d0bbfce10e,0x04fefbd4ecac82772f820652ea8b1178391c5f3254fa02d7e9dd6e89d0bbfce10e081d2ef73ac91b66dc4a9a03d65c45cb993ac5124b4fd665d1e0cd880b75ad73,0x92ce0ba5dea1ca197315d1ba77e74becc583392bc0435bd570a2061896b11b57,ok
0x32e22404f3f9d7cafa0e0bfa68256e23e2ae1d97,1,0x03792253dd4006a9418984ee2d0794963a382e7ca231d418d22a61357b4f0419e2,0x04792253dd4006a9418984ee2d0794963a382e7ca231d418d22a61357b4f0419e2061bc3a0e966d6913c8a694c5fe51d29a8dac105cecca15e449c550127c3b181,0x4a8d24ebf388aaf407bb3b7367138ede50d34c0422ebd35be6e2fd8e876cdaab,ok
0xe54cf30a3f31f3076e9ab5bd122379545a137b4c,1,0x029e45919743403200059395dec4ae1b6144149976d2c019a8618e12e1c978c0b3,0x049e45919743403200059395dec4ae1b6144149976d2c019a8618e12e1c978c0b3164f58c09bb65827407dc8184b3dbf865449d19f0676792b89696b3b252c9c66,0x64516756c0f09c257f4376cdb723c7e345e5a9d0412b3ffa690fb8bf8dc540a7,ok
0x8753982d800bbbf1faf478ef84c3e96f2775d3b9,1,0x029a94845da8dd11234ff33b7db2e912804d1077a521577d90e29938cfc1173923,0x049a94845da8dd11234ff33b7db2e912804d1077a521577d90e29938cfc1173923e2eecc54e5eee224cb8ed8ac5657058e1cfe458d3f198ad937792e9e4093f140,0xc0d86800a4056d027f7eb36ccdc16e8fd7a21a40ae241d820820a93ac63b74d8,ok
0x2a19712b4513412b3f3f8e8e67bfcf357acb9104,1,0x023358733254a6eb6a6e30b5221622c379a676505cea02cadc4e957fa355cef379,0x043358733254a6eb6a6e30b5221622c379a676505cea02cadc4e957fa355cef3796645bdb9b2730592b0b9763ff135e81ad93ca35ad1b289298be6dcfe72eb695a,0x8158119931b926fa146ea1d9b4132292ffffbe01a582df72505a286c203c5077,ok
0x9ad261d8b1178e4a6f27b43408361ac24168983d,1,0x03de64e779e0388be12f062c5581b695118df7c7f8340952bc4ce5099521b21a26,0x04de64e779e0388be12f062c5581b695118df7c7f8340952bc4ce5099521b21a26b4d61de0d29a30862fc98f335294abcf39f6ae6a71c4fcff29a4bb66634d3b2b,0x7be1cfa4422ce89052e211a235797db8f628ff0ec4bc97d89b55f386190f9f1a,ok
0x5b0d3a1da6dcd87996fa939361809068fc176be2,1,0x0318437bd3667888c91d36ccadb5fc90e1a100c4ad189802b9a8239153f05d1a3f,0x0418437bd3667888c91d36ccadb5fc90e1a100c4ad189802b9a8239153f05d1a3f0edd0fdf770c09594d3c956a7143e0db7cc7d35b6b1b996943a967a0d6e7c433,0xbb2b69b2ebcb341b113fe83fe5eaddd5cc80cb566ca2d4fd32b35bc972a23571,ok
0x8873084d75ef7389ca8d9d86ec5459837d4d09f0,1,,,,contract
0x1f4e60f583f1718cd4bf0fef03f2fc94d6431ad8,1,0x0310d57576f75ab2d601a87374f6beaf782431146f26c84f097e52f47403672b58,0x0410d57576f75ab2d601a87374f6beaf782431146f26c84f097e52f47403672b5869e7e4b1bffc671e4a95bf60269dd1b57f9b486f0a2e138748e5e3e161db2907,0x5523a895727920c2ed1aa587fd1a2e25c466aa46224758472139f15414f5f937,ok
0x39252998c830dc462ca4c8be404fe2c066ee33d0,1,0x02eddc5dee142f46ee6ce8ecdb1904955d3e8457967fe2047f65148dbd617f8a16,0x04eddc5dee142f46ee6ce8ecdb1904955d3e8457967fe2047f65148dbd617f8a16192889ba4458f83e26600641a6862304028f602e2d7957e6fdfc9493a86c2ab6,0xc042fecc507ba32ff9575d9c1443f846ea7513e619ec6e50fd0389cfb06e5274,ok
0x0d6cccb1a13df2ecc4a27675327cd7488d2c2886,1,0x0397c7b27a11f22fbe965600f5179997ce608f12d67a72bbf5f1a4b28f42ab9b39,0x0497c7b27a11f22fbe965600f5179997ce608f12d67a72bbf5f1a4b28f42ab9b39e934c2f5e0a75c19d611224bcd5094fe8512422f44e3fb2f22a88fca418688e9,0x91399569ff529a3ef565991194bc81c2a6da80d2516ea1f34f1a37c40d5efc31,ok
0x9e1422e7ec2b6f9c859146ebff103a61d41bca9a,1,0x03f88f79d04158ecac54333e1549ed8381703a788a314a2927ad64727db2028530,0x04f88f79d04158ecac54333e1549ed8381703a788a314a2927ad64727db2028530a75f7c19498f0fd1311e5111a498daee51e7d72c0472df9dfe5abd25ab902fa1,0x9e8053ba399eec1fac772a4baf870e79c48b6067a71fd906a89d9b33612cc16f,ok
0x2ef6a4cecf4b21e63d5af841cecd4ccaa8aac623,1,0x0308f0a4a406eebfc96e4f049547e1d06c8ba916f807168d03fe8fc84b49e953aa,0x0408f0a4a406eebfc96e4f049547e1d06c8ba916f807168d03fe8fc84b49e953aa54e4224c5abf98b12e24b7884df9057969bde0c9847505ff91c2b9bc3868e8f9,0xb1bc0e4bc88811501d0ecaf2455f89a3feafeb73ec182096738928f3cded264e,ok
0x81feca3359deb9ce51eeb21d51d9af80257156f2,1,0x0212fe6628fa27ac04d03a623bc41720eb9cf3d16707d83eda1fe7a0a53d7cfed4,0x0412fe6628fa27ac04d03a623bc41720eb9cf3d16707d83eda1fe7a0a53d7cfed4636f09a4f19c302793f646e5385284d8bbe2e873e3f2ea4f34ced2b3eeb995f8,0x2bb667136e398ca500e6603f6086963cf8e5fcfd6e7734f9136de03c4d562962,ok
0xdde4ce1a05a44fe4509158716de19c679a9ef8a0,1,0x0286d10d096ce09a15ded9d128eed1f7de1ed330e553fd9a6d2f762935bb42ae4f,0x0486d10d096ce09a15ded9d128eed1f7de1ed330e553fd9a6d2f762935bb42ae4f9ea7aefded952f371753b89aa3aeae388a6959d68d1353f2ba26d6e9fb70dc58,0xd1e82af28b8d8ad8c896563b88d8d42f1c338b103a4805b95ea13c133227db07,ok
0x118d596b4b15e149c8e16cca48af3855dd415a75,1,0x03868d9c669876421c54eeef32bbddfff9a7b5177a59c7ccbfe99ae47bf959601e,0x04868d9c669876421c54eeef32bbddfff9a7b5177a59c7ccbfe99ae47bf959601eee18c42f8c3a4d26859b0d5bf22b2587afc144b4235c5ff470efd764ff34fedf,0x4d5f2247562a9818eb9ebbba16f7cf62f1709abb939fd3a08f6ff8322c631c9d,ok
0xcce72c4370243719a304cd97145a2820d8848939,1,0x0228798765b33473d73d1f4d13cba72aba81310d97798bc545e66802681d493947,0x0428798765b33473d73d1f4d13cba72aba81310d97798bc545e66802681d493947f842314d0198c311371e212d4572f5a702e0c19ec21f8823001f441912888f66,0x1b501fdb3eee64f796911c9489d873b1d4d8d06814e34c0b2ee32a34fbb4bbed,ok
0x248afbec09c971372278c1052253e4c308d5430c,1,0x0360af3688322f132730b0c66128ca5e097adebf20955dcef7e3d812cec4bdb0a6,0x0460af3688322f132730b0c66128ca5e097adebf20955dcef7e3d812cec4bdb0a6698110b647926b59be296cc21d2b85215fd705b16a4f4e5a3e0b00e98c927c9f,0xd3444fde8d6c96c4fdee28cd59254ba17fd04daa0c69913d5aaae9a6849e19a2,ok
0x3c98a8b217864354defc24c10477b154b7fb2e00,1,0x02334ecedb9da9ef54a02050d0626b002cfcb4e3c625c0a614fe7c3d2ae97a428d,0x04334ecedb9da9ef54a02050d0626b002cfcb4e3c625c0a614fe7c3d2ae97a428dafc2fb46172bfb554008f27ed22d83e44d9f94148bbea492eeeb162d65f8eb5c,0x4a275ae069099cc60b63bc1d88abcef30e40dcf1c408f939cb0a031b8bfb8856,ok
0x16e28d771f0855796db5fac7a97740e964a99f67,1,0x03cd8d9c3d9db2a3036667edc661bea8aeb02bec3c6f041ccc26c99374d26b3517,0x04cd8d9c3d9db2a3036667edc661bea8aeb02bec3c6f041ccc26c99374d26b3517a6454fa575b82981d8d0e014a549a0a28438de6d6ead55efb7bde668026f4d83,0xaa795dbbe3f9454d88c56bd30a837f9f3ced9bfe14b60a1d558ecc88119fb832,ok
0x4ecaae43913b511364cbdabca7adefbcc40d3de1,1,0x022a5b6c687d5e4fad821d550aa905a891a891904a6891e399e43f78115fe39cb5,0x042a5b6c687d5e4fad821d550aa905a891a891904a6891e399e43f78115fe39cb597467381531165a2770298d7f4890991680c9e4f9369af987d302fbe910976ea,0x81fd71d8b8ecdc78675a8e6e250437e37085e2bcb89ca5542d8ea514ee8bbf92,ok
0x4c2815c34b6dc9e2b4695011f5c1726ddf26ee7c,1,0x03c3e34dcc23f8ddd823d68dbe64258d39d9c6f7906936292ea7aa3ab55262aa2f,0x04c3e34dcc23f8ddd823d68dbe64258d39d9c6f7906936292ea7aa3ab55262aa2f7d2bf715158adadaf27df6d553fa243dffbdc8416efbe3fcf694a34ef3bad697,0x9939d69ce478c1a6e863dee38a2e6c604197790d4b40a4638e831f184879ef64,ok
0xd70591f20da54175a05283fc2e831cd6a68384be,1,0x033f61f66fd16289b26a2015aebd1cd08b209002e9f8a38e63de8fd6e6708dddc1,0x043f61f66fd16289b26a2015aebd1cd08b209002e9f8a38e63de8fd6e6708dddc172e8534e1aea1689334244caf30c756c00ec3e9f243d719ad67a8eb0a0bc6115,0x78ec5df259bb110334a75d6df06d1227c72d6285ee90a57cf0b999dd316518f8,ok
0xb212b1a6802c9ccc73305e087da583f6a9f13b0c,1,0x02eea5d1cb3a0d5d076ab0e9d7952317d76c5b3b36d3964ac25e1b9b17ab0d4295,0x04eea5d1cb3a0d5d076ab0e9d7952317d76c5b3b36d3964ac25e1b9b17ab0d4295b2b819a7a4ea59e456ecdf3e6544f52f07fc98fc5d5950ab4fb8e8adc370bdb4,0xaf5c28c559d7dc415cb2bb644565fe1cab5c05e672ead8a062e45df18948c4bb,ok
0xbcec92103a17cf3633008f295f0314eca8c19644,1,0x0298959794b8d2f803a91e9034cbb1c9e8c78200b4287c15d584fa68a44cafb3e8,0x0498959794b8d2f803a91e9034cbb1c9e8c78200b4287c15d584fa68a44cafb3e8e42304646f5ca13518e18be5f0a250d876ac700ed236c19f40d9822ca82b1e54,0x81ef7cb3c9935e7dc8d407091260980402d040bc77b33852c55ef92a5b7c0268,ok
0x136c6cc2a467471f6afc35dba5c5fade7020d456,1,0x02053cfae57e75c7c3b7e63a73accd90dc7f4de15b28e7f5b4cdf3b2911e38c58c,0x04053cfae57e75c7c3b7e63a73accd90dc7f4de15b28e7f5b4cdf3b2911e38c58c18c61784bba0f73fef985516de778ca7c10f1f1002e7ca4555cc282472f5dc3e,0x30a35d7507039537f67a31896c993ede8b75d2de309746f71bb0e959eac06a6b,ok
0xb0b74b35d53b4caa86ce239dd129d7b473af812f,1,0x03f0e4eb00b2ad9d6e9e52ae3e695d0527b1e48928cdb7bc2529fb6b441a6612b4,0x04f0e4eb00b2ad9d6e9e52ae3e695d0527b1e48928cdb7bc2529fb6b441a6612b41f57fc9259cc698c3e57f1a9e659146276952400e14672808bafbaf327bf0095,0x3b25198374619382ef876901c26088e1b7834031ffedae43b42f725f441b7aa2,ok
0x00c7b1c00dc0f5baa8cd126e84c49cca19bc8b99,1,0x03f381d609c4a112ac41deecb05ede94f03ccf70039bcbf3224d6f4c68877fc67d,0x04f381d609c4a112ac41deecb05ede94f03ccf70039bcbf3224d6f4c68877fc67d25568d506cf1d3d9120fe3427805004f9a6f7701205e36022c419d96a872e30f,0x6fcc10f0a13fbc3425fc82b9f7cc189dc8b04a18332d91f730d9240d4d5affc9,ok
0x2743a75912fbc34b521da6d910ecb5f336e15bc7,1,0x0392856da7b86530f3af5ed2228fc806d36e404e319ee9d19fc659468812b04da6,0x0492856da7b86530f3af5ed2228fc806d36e404e319ee9d19fc659468812b04da6967516238d25d39f98ffd91cebdddff209f367f6fb808b1cadb8efa72a9eba61,0x407b9e1baf2ee6ba990ed9218de080d1f837558319be42aceb0f77d4578345fb,ok
0x108d98be5b45e763333ef5be83cf6fadae04955c,1,0x02d67b5a0b570aef3de66bd3f4460d5e5f974f0165bcc0e0711bda7fc522e46c23,0x04d67b5a0b570aef3de66bd3f4460d5e5f974f0165bcc0e0711bda7fc522e46c2314d415b967973d76f4da49da7d384d23b96e92379cf32ccc641b0d1b89d31db6,0xcae9dc349f03b80eb8d6c0be1f23e3b46a79da8375661b9e58738abc7c798070,ok
0x822c58bec9379dda3692b855f31d2e59c19887ed,1,0x02f2cdaef1077ae34b14bd01ab911fb0b5d027d055bca5dc935ea90edba3485e78,0x04f2cdaef1077ae34b14bd01ab911fb0b5d027d055bca5dc935ea90edba3485e78c3a7b01b768ad322cb0ed065731be1285e31e7207dfaac9d3ad0d54c4ffa824e,0x0359511d676d4ebb05b28cb23a72d67f8908dbad5b38ab3a871e0cfbfef10bc8,ok
0xea5e43caafe3801126988c785d2c688b5c1f2ec2,1,0x02f75bdc8542fe551ec01efbd53f53b437f663f0e3582a774335cd4269dd08d7e0,0x04f75bdc8542fe551ec01efbd53f53b437f663f0e3582a774335cd4269dd08d7e07091133417b4eed1313af163ee81fa87338739f866777458d50181dc636f81c2,0xae51ea76bf999f4de2202256fea4efbf2256c70e2b52d25f567a19a9b5cd9b5e,ok
0xcb463dd20d28a251dec5d32aeb4ad4147eba2f83,1,0x02ed398b4261a0b3c8957a6df38e6738c8f754355f6ba314a8465f24dccc54a1ef,0x04ed398b4261a0b3c8957a6df38e6738c8f754355f6ba314a8465f24dccc54a1effed78bfdc6301db017fde0e004302ab2adaddb5e6ab561922ca06569b0b4fa14,0xfd6131c666872de66b83300ec2c7d9784f79902be10dc5d57560fc9f4d3d9a83,ok
0x6aa2d39b93f2491b5816fdaf4108966b09b86678,1,0x03b5193c9770d89390ce33c14b026fceddfa1877f35d1a20401efc6b60a6db369f,0x04b5193c9770d89390ce33c14b026fceddfa1877f35d1a20401efc6b60a6db369fa79e707d967aef2c1cccaf25a3ed2c087febcac27ae6f53067a0d0703dab257d,0xd29f721c01e941e850a024abe6d2743b7a03fb18d46c76cf243b1b39a3b93408,ok
0x54f2f5c53326ca65e6d60a94ccce84798084b4f1,1,0x03cd6b5e01c8af23a29120aec456aaef5a17dfb7d427c4c3657da5f3917b9267c3,0x04cd6b5e01c8af23a29120aec456aaef5a17dfb7d427c4c3657da5f3917b9267c3f08cfe5e48a5a4c40f80a23ef73cc624a8baaf85734433f2c0a1c44e69cc2401,0xd213c6de6255c0701b1b6979cc3f210b099dbcae35e07f913c610a3cb8119795,ok
0xf01d1f0645cac238ba09b7ca58a7a6d00e795f21,1,0x0364ae019bc0b6ea811ebdedc13e32d006d5ee8eb49129b43f80e2deb8b9a8f62f,0x0464ae019bc0b6ea811ebdedc13e32d006d5ee8eb49129b43f80e2deb8b9a8f62f87497256081b10152dd9de372553ef915a9d9ce2587043a62d9a5070a6c5bae7,0xbd5e53b0764a4b67f3bb9054b59e05fed816141b92ef8d521eadba1b5a3808af,ok
0x7562500ed68594f45e55be29e71c9d48bb7b8ce5,1,0x03fc4faf8ed2e71e6e1ccee56479ecaed385cf5341921455285889a497811975d1,0x04fc4faf8ed2e71e6e1ccee56479ecaed385cf5341921455285889a497811975d1ec8b96faf7e475c124b8ccc420255f9dab38592489181092d535c74960c92e93,0xb737f7daa9f0396ad08e7a7cee3e486033117a05ac54ebc2e2fa8f4d6ada9412,ok
0xe03320a1c5d094733d60ae594ac77858d4fb4019,1,0x03ceaba42e9e52f59c3ae2819b6d2c1340094e741f4f0af936777ddb9e256bfbcd,0x04ceaba42e9e52f59c3ae2819b6d2c1340094e741f4f0af936777ddb9e256bfbcdb5c3e93dc554a2fd9e57dee2b82758f3cff688d31d65a2af8c002349a041b2f9,0x6a36772d76021b1b2892234c5ce9f82423f4199cc1486047fc5b9a4233888acd,ok
0xa0df267afe0438460754496ce0f32ca006cc9360,1,0x03354fff79085f212ef0e954c8954e577fdb81c605b1d2f4c6bfa2304b69644ccd,0x04354fff79085f212ef0e954c8954e577fdb81c605b1d2f4c6bfa2304b69644ccd143e38e4d21ea59791342e098a4956e26a3095248414ef07f0c600772ff83eef,0x0430402708ae4b9e54d27240c9203bd1210d760eab7906962adab6f74d93ae85,ok
0x6f086e111c0701015ecaf8a51e710aa8e2499478,1,0x029215730f21156704c9ced05a8fb5db1d29ca5284cea98c4c38470615cf4d07a1,0x049215730f21156704c9ced05a8fb5db1d29ca5284cea98c4c38470615cf4d07a1a8cd9cff535b3fbf9c1fceecad71629fd34a7873a8b5cae697c786ab045c3454,0xb126f4f03a937b4f39c6e91e5dd20943b0063194754ce5c9cbd378eacad2b176,ok
0xde913866f9789921a9ea4d837699e1e25dcf8943,1,0x03f849988678f1e7c89462d1c982e2ffb06cb356c29d1f61ea18840826dcfe0ecc,0x04f849988678f1e7c89462d1c982e2ffb06cb356c29d1f61ea18840826dcfe0ecc4e3f5827890e5557f7837b39dff70c5ec0596013e7d7508d2e5dae06217b4a6f,0x9cafa86dca56ec2c026935d5dc00c81c54d614e5b551c29629c6fdc55eaaa48b,ok
0xce8cc95d2fe5872cd60998ac4602b2b3349f6b2c,1,0x0292c211c0e9e641dbae030611e150cabeb93d1618848660f80ad5878152d5caa2,0x0492c211c0e9e641dbae030611e150cabeb93d1618848660f80ad5878152d5caa2dbd7e81b9dbe425b1b93e34a76fb2a6f9c7b3444fb78a8c64a71dbc10ba20588,0x8b6f511a3a0c90d6b28af6d2bec37d627092bd428aa489a4de21526ee32cfc8e,ok
0x2df31ce03c190cdaa101205841166433f0aca811,1,0x03c5506b9693d9bb1f5b9a9ee57d23f8595641ea9426e76afe1c1b500c96ab5783,0x04c5506b9693d9bb1f5b9a9ee57d23f8595641ea9426e76afe1c1b500c96ab57831dc0fbce021864636838942a27bc22cfdc76629f1138e602c84d1b32f8f023ef,0x726af0b0d5a97b17ed842697dc7b5fb138c1bf103dc913d0e22a8c268559a611,ok
0x2ad93906fca0055f31f91f5339b7e1a656729cce,1,0x0389e42796d97d761cd0c970292966a2f9ffd481350aeec93ce27d9e59aa28a580,0x0489e42796d97d761cd0c970292966a2f9ffd481350aeec93ce27d9e59aa28a5804cebf1bc577d84e54861c881b8c1080bac2312649e73e325cb2adb8f646f11d1,0xc15ae9823941464d5ad8be57b8ab811884663747c2b6c88d5a428548942411fe,ok
0x5a61aa3e679c0c3c010a595374cc3bc77eb5af7d,1,0x03872ab69ca9897c24a22b2ae92fbcb03c996bac260388c4699aa44da76c32c00e,0x04872ab69ca9897c24a22b2ae92fbcb03c996bac260388c4699aa44da76c32c00ec600fd527f6125a098d6ff846448e385e9d1f89767a49320f67def6d585c69d1,0x857cb5a778808983ff78f4ae9d1771e3c0ca8d2850d7ec5185948b7402acb6e1,ok
0xef90dd7379d0217be1564a1d8ae45b467b56d039,1,0x0278e659025e1e611a0cf39f267086ee56b560d59bcb37c7bba637d9960bdabfc3,0x0478e659025e1e611a0cf39f267086ee56b560d59bcb37c7bba637d9960bdabfc3f4798e5785430b6a77100f79a00543957a257c3eddcaf57d69f91528970a24e8,0x2e3555c60cef199c493603728fca76feacfd13d6fd7cb7a52b39a59f41755bde,ok
0x46bb7bb87194c16df1701f882b3707636aa87767,1,0x02cfaf2606dd6b50e0062b1885ca48b2fe13ac8b0ba571b88e07c20c7c6eb2defb,0x04cfaf2606dd6b50e0062b1885ca48b2fe13ac8b0ba571b88e07c20c7c6eb2defb4ea184605d9beb861ad48ce30f95950cda84075fee597989e9a993b47af518fa,0xf580d2c1104182411acf06ef56ddf31589a6adaca9619255bb45c3e1747acc6f,ok
0x38f9905c8be6b1e02b048022e348af2c09ca9cf4,1,0x03e87382f402a7127da1399967aec11d29e941d4e91af45a360a763a928cfe499b,0x04e87382f402a7127da1399967aec11d29e941d4e91af45a360a763a928cfe499bb77b3c00a22f3c36296426556dcfe6d9168f47669d2c573a50ed55ab7997b5d9,0x59c96531049d983ed6474a0a353e380058a4071ac331adc54107a0ae52c76c4f,ok
0x5a47356c629f2fb9da68c77a6fbf9fd2bcde026c,1,0x030e9946f8dddb5d398065d4d04b6b852aabf19adaa1a6ffb8d03c7455714aa8df,0x040e9946f8dddb5d398065d4d04b6b852aabf19adaa1a6ffb8d03c7455714aa8dfd255e9ea54f3a063f93ed620518361f875ad55fbe2a69d796a3beeecd01e4527,0x918e449ef549758b2149de44f2713337b208a24bcfa3cf0bba12fab0c675bff9,ok
0x0384c15fef5797b7b9058be69d7b56fec529c476,1,0x02c05332086d7486a0ad9e44720c089161363c3098639ce718c1e35c24d249e720,0x04c05332086d7486a0ad9e44720c089161363c3098639ce718c1e35c24d249e720df605bc605d3b4c08b7b32de1702bd11dce0813a0bd1cb5429777b595a125b20,0xf785f0e0bd2c36c418de6d14dccc4762adedea3e24520d70814fb00e26b4a12e,ok
0x45f8aef4dfabfbf943416db1e43f088e543bfdb6,1,0x02276e98eb7bc3eb0110300bc5cdd6f9059243f9e8a1f6afa859f7bc1283d07333,0x04276e98eb7bc3eb0110300bc5cdd6f9059243f9e8a1f6afa859f7bc1283d0733396f95e1dfa0889762db0ffe241ccd8098cfaa0919b91e525bd74876132e091f4,0xaf3356f35fd65c79e784bafc28573af5ef93216bf207ce610494df611b0288a5,ok
0x93c07e26e3c8d31d33f133400e0d3fdf584c3099,1,0x0274ec940417c149f0925db1631f2bb27c4b961194703432b55e30655643066deb,0x0474ec940417c149f0925db1631f2bb27c4b961194703432b55e30655643066debd2d4937a8aff6151a8f4abe2d3f7ab6416ea61ac555cee0d37220b1456689456,0x2971ba16742012832fc2e718c948ee299b00dcd2efd3d417c0b5c63a077bf8da,ok
0xf7eb20c41336bb16b81008c52cbaf19f80093aa4,1,0x02f5b04ba13932d64997e602852f3e9019f507c5cab0ac8c06de0dec14a5c55d36,0x04f5b04ba13932d64997e602852f3e9019f507c5cab0ac8c06de0dec14a5c55d362b316f8c9f76b56fded1173fc77826149b2b67b42aeebd93906ba4f96fca357e,0x3134dc9cb7a8e0c1ad49b232f02dbcbcdf2b6e65ae73226dd46206107f2fe4a1,ok
0xb84ecb87c4f2886f6712375b06ffc39623b1352b,1,0x02f3478f372bb12655f5bc141644f936eb2061e0d87cea0bfb3978ae4028675348,0x04f3478f372bb12655f5bc141644f936eb2061e0d87cea0bfb3978ae40286753488ef6801356f07127b1e13a74bc0907ce7c20cfe8536a30f1bd4b3f95084e205a,0xe6fab23c2d332cbbf9dd76c156c398909f972a97c4c606026e39b730652dc761,ok
0x9f7908afeac019de5533475d8a4438841d0fa3fc,1,0x02c6aa3cd3cea62fe8c33050903ee5ba20a26f4093f6568120064e788c16eae167,0x04c6aa3cd3cea62fe8c33050903ee5ba20a26f4093f6568120064e788c16eae16779e885d593cd91643933814c2a6c4d9a680b19933654a4d26ff1ddcf0d5024da,0x97c3a07a20e606b4278015966768839acc4cadc9710c2506557fec5c3672bad9,ok
0xdcb7f5d91f4d4344b18daad0e6a77643ec5f0746,1,0x025f538902f4362cb4cc939ac48aa62352245766d3fe6fe42505c4d8bbb23d3ab6,0x045f538902f4362cb4cc939ac48aa62352245766d3fe6fe42505c4d8bbb23d3ab6343eb466c1d3ec12931c579700ac4bfa7c632ff01396616673ddfb85d7fa011c,0x9a263f9419b268d9c4bb772c6e6b96b31699b01ad1e89514e6267b7385e92ef1,ok
0xef0ebe3c4f6b8d09d4330305e7991202ca922a5e,1,0x035194cb3b3677168a9a20086e100426610d1df53c7d144426d45bc9b0f71107e3,0x045194cb3b3677168a9a20086e100426610d1df53c7d144426d45bc9b0f71107e3c24d7edc151cfde4dc78645b5b639f693e35998fd8f29831a5a35e84f675c8d7,0xa33d5d3029ebcc167315308313b545bfb4c38afdb498f09a80a032c418221ba5,ok
0x8387f575a44678d4b4f081b38bb74ac841d7a7ee,1,0x0397d097f19bad82dc75ab3d5e52bf466cb84ee95635d5a5596122bdd7f2ff688b,0x0497d097f19bad82dc75ab3d5e52bf466cb84ee95635d5a5596122bdd7f2ff688b127db347a427ee01c4de81d11195c2c3e35e1799c0e9b12f4c2f630e12fb81e1,0xba916aed18876fb70edd01f33e1dced198bf86720e81d0021baee75b1139ae57,ok
0xb5edc4ea482d77f28c7ac2210cc00d09f27037e8,1,0x035528e48a362624d1e10e9f89828afff7277462e89c43b352ca51209c9d66c47b,0x045528e48a362624d1e10e9f89828afff7277462e89c43b352ca51209c9d66c47bfd4ac26cbae66dc301e271649c34563a0ac36a7733d680ef44616bc7dbca847f,0x66a87252db566af02c33c3f556317e874371bece99c2a8f42d8daa9f441bf294,ok
0x14db191c2af6ffe48f7c8a3b5c2aabfb41b879d6,1,0x02bba48bc2b6bbb8a62935da6f85c19b19c03d8714d1d7d43fd7b25b9ea6204287,0x04bba48bc2b6bbb8a62935da6f85c19b19c03d8714d1d7d43fd7b25b9ea62042871a39497bc513ddc516df7a1b7d872f296c549325f71d53a0d63bccf5997e9bb4,0x17da212fc13aea9df6714b6f22e9ae6eb2b4524819bcea134cb1d9d051ea52a2,ok
0x7953147480ebed59f01066b67871ab6f8c76e121,1,0x038e187269476af351c799ae15e78cf3b35ef35d0429b09d9dae8b9d6f960dfe2a,0x048e187269476af351c799ae15e78cf3b35ef35d0429b09d9dae8b9d6f960dfe2a915e66033e93f012397d13791230f9fc2cf3c8419d872d8fa345c619a7ddcf1b,0xae8ee1a2ee376784e82e06b2c03e0eb3dc86d1eb83f8bac3a07309b6614bcaef,ok
0x021ec15302691af93c864e5be173a659f972bfb7,1,0x03ff5d1e60114faf8b7d81016848cb0a572dc6db22b8ab1e641fc0fe09b9d6c9fd,0x04ff5d1e60114faf8b7d81016848cb0a572dc6db22b8ab1e641fc0fe09b9d6c9fdfa3399b3a2cb886dc6575c2440b37ddbdd2465a7131437ccdf7d1b5c14d36221,0x7bd9cf481ff58311256b57c7c92ec031cdf1124a95512bd0f9c71a536cd2ee9a,ok
0x435094c6710890e8b70c8016a5812494376947e1,1,0x02e8f0bc6b7a0990a7cb5c920b8df6ca2612554bc8a0b8ddedc6611d1caf21cc5b,0x04e8f0bc6b7a0990a7cb5c920b8df6ca2612554bc8a0b8ddedc6611d1caf21cc5b12cd9ab02fb4dd1c152e2cfe2658b2ecd41da2254b8f9e7d83cc0fa30f0e7e92,0x581957dcec29e77ea2791ee776d6ef581dff061dab8a2a10b0f30bb2f88a9f8f,ok
0x37b9af770f5ef7566dca77cd9bfbd57b20680aa3,1,0x02d9843ee84f483951fb736a6f72a26eb71781db64ceecafa0aa220ceb22854406,0x04d9843ee84f483951fb736a6f72a26eb71781db64ceecafa0aa220ceb228544064a3a189b7223bf7655d27983b617bedfaa1c0c52773b8110830ca56eca11efd6,0xc9740467bc3a1417dad6142242e921bff21ad97ba83e147cd53dbc6c5529ef89,ok
0xc16ba571325eb80c636ac49103a87725f1030682,1,0x02fdc17754c3fa10a570c542c463b79cd949a908d5c2f71363f05c73ef69e7a4c1,0x04fdc17754c3fa10a570c542c463b79cd949a908d5c2f71363f05c73ef69e7a4c1f852689225af8b2cfe621c090edcca3707e7fcdafa9764b0a368155a71dd4a6e,0xab66ab1c6f0aa1e55201c662b0c0cb3f80a9cd72bec31a856b51169399dd7dcc,ok
0x71f2a19178ab7c2efd96838f42380dad765b804e,1,0x038b9b4a2f02efc53e699fd61fa6bedcfc76e1b04909f9354c3d2cf6795f80a129,0x048b9b4a2f02efc53e699fd61fa6bedcfc76e1b04909f9354c3d2cf6795f80a129f0070f44b361963313283796a208a9f39b29bbd2f02d5cc931d7250bdc70cab3,0xaaf6f19975d412cec2bf38d1a676a5b953261a5ccf10eef7b05b2aa417880180,ok
0xa9da2e4b36d75d3aee8630c6acd09fd567091f10,1,0x03452f2cc02e91c04fd0157e01d4bc1480b945714e821b43d44ff5f29efaa72efb,0x04452f2cc02e91c04fd0157e01d4bc1480b945714e821b43d44ff5f29efaa72efb912933b432dd6148979fc51834b7207f6d7d8b661bb207a18415fff071f44ddf,0xc1468f40f174d21519fc7cd83d5a2f5f7045263fb125e6b16cfc25f6e4feced1,ok
0x219a0c85b89225dac5c3cebd5b94f595a27e2cc9,1,,,,contract
0x4fd5b4a5bc2e10a70e8df32faa3bf55006594b68,1,0x0201e556d075c94f1a5274347c07d1329dbbb1e49cd3671b020e676cc93e86df18,0x0401e556d075c94f1a5274347c07d1329dbbb1e49cd3671b020e676cc93e86df18df68ca23281ab786dad114618c3a02eb73ad7a986ea6b5144597399dc11d9b38,0x278c621035849966cbf5c5c21fcdb00dd2a369d329a91c0790e48ac897b83e83,ok
0x5552d0da92958b80076adbecadef92c799fd9982,1,0x022b401fcd45f2d0f13b7af2fc45e8f7cad006a00299a27a809fe7621ac0ad8ef7,0x042b401fcd45f2d0f13b7af2fc45e8f7cad006a00299a27a809fe7621ac0ad8ef7a900567ecbd3a207fc66107bd769f12c17321000eb5e5ed36b3f9c5a7c3f4dd4,0x4b6858d56830cdd4000b04a9786080fb50f927c443542bae59780a055283c517,ok
0x50add54a6e0eb6d552dc447225e22142bb8048ca,1,0x02997a78d5155d9917dc2697a40fe46fd2655ff952a431d5614ccddaaee1a4c669,0x04997a78d5155d9917dc2697a40fe46fd2655ff952a431d5614ccddaaee1a4c66960d7552ed732338e45a52b366ca7a0264f67f5a664455b6b0ffdca95f1128a22,0xa6886b82b511d805bb9c6e30765bc51315fd1fe2dee9196c116d395e6b9b4e7e,ok
0x4159a0b7fccd0ddba3cc5f2b5040262c825bd005,1,,,,contract
0xb1f46301b39872d591c6e79efec3b75ecb0c9781,1,0x0325de28970b718c19cabea48d8e354dddb8d4a682cc60f8d4a664b49446d950c9,0x0425de28970b718c19cabea48d8e354dddb8d4a682cc60f8d4a664b49446d950c98d9fb554b3a67c9b89f28cec34e2a647164e61f65279610992df48f0bd580e0d,0x7761266de5b0d344783af0b7fdc14d7631971ea515028b4df02b139a4a62b9fc,ok
0xa3ebb2e038f6e8cb4b716a839319ad23ef743625,1,0x0359f4482dfbebfc113baaccb14acc205f7bae37b775947d2fb838f9d339be9a61,0x0459f4482dfbebfc113baaccb14acc205f7bae37b775947d2fb838f9d339be9a6156437394ba45e2fcf4e1c13d571b666a46aaff158e66ac7af955c468942fca73,0x63c64bbd4442bf9cddf33593162623b0a7e0fc236e245594ca55f4c5d2268039,ok
0xd6b44c6b2219a6b9936e81888e4ac969b1943e26,1,,,,contract
0x0211647255935bb0f2237f1dd4ac17c075c0f8c3,1,0x021f31542177683e1daf7b5439008a867b99ad06615eddcc655e686e80224f6990,0x041f31542177683e1daf7b5439008a867b99ad06615eddcc655e686e80224f6990f1cab140505c383cbba74f71ec4aae925d41d25b04674aea7fb8e5767c3b01ea,0xcbbb9b0c28d6b90fdae241bedd45f2609d66c6b2abc302669a86dc8c87542393,ok
0x52cd9d9e956bcc917eaf9bdb5c91de1c351f635e,1,0x032d1963af26cc0ddf5a24da64d342dd7d35a347844bbfb761a2a17be05579cc37,0x042d1963af26cc0ddf5a24da64d342dd7d35a347844bbfb761a2a17be05579cc377670b59f4311b7be3849b7aa85973649e5f2c429139a2dc9cbe6a1ef0d8f8111,0x089825c91b86db229c192b2f3c6a28a122a5ccfe9d697510c95dc03da465f1e5,ok
0x6942a7dc7f0658de11452231246c05a83c5ab971,1,0x02de7b82a08afc8598bbf42b6ec9878f6258af2a4bd3b525c92c4176a91090a4a0,0x04de7b82a08afc8598bbf42b6ec9878f6258af2a4bd3b525c92c4176a91090a4a0658aaf788a2cb5667cdffed95061298e079ba9b9d0738b4abee6d8475b3fc6a4,0x55b5074e7263612ad71637e0043f6ff1a1b8dc69d1f96122fb657856e19cc591,ok
0xfced4f2ef8faeff5f02d803e025707c19b644cc3,1,0x0299b7d84644f4a0410e92e0b1c89a7f01f524e07a47e86f3e3d940e7501b6dcae,0x0499b7d84644f4a0410e92e0b1c89a7f01f524e07a47e86f3e3d940e7501b6dcae1e619df19b82b8cdcff87e82534843666e3198117ce761b518bdccdd6a19753a,0x765ed17e3d818e787bee38ac50c05bc3b7a8304ab89a0400e0d19f2123b66332,ok
0xeab37b9b0b3ff2d24e70bcf7b15ff574b410c4d5,1,0x02f90bea15a51cfcebf8474e646b6b31086e9e9293ad6b84ab353b4245fcf2c545,0x04f90bea15a51cfcebf8474e646b6b31086e9e9293ad6b84ab353b4245fcf2c545d1161ab8010a9f1d011c34086a7e3c2daee67ea9deb350c0ea6039565d406716,0x5b5a457e6b566159d6f538b9f207ffb2e0a2e936a5201ac7e1c7f6e4987d4820,ok
0xfe81637f003e97934f7946b130922899cf604ff0,1,0x038a1d14fccb9065b2572bba604674540b08b13feb9ffa8fda6bd481a481fbdad0,0x048a1d14fccb9065b2572bba604674540b08b13feb9ffa8fda6bd481a481fbdad0aecd20360e64cde45b09b7f2ed6eee74c13a5f7c1a9f51c2bee7eb0a0fddd915,0x5f164e9dc08fd319545b54d9d5a11eef06dd7dba08a7670b5ec3ebed8fa9b78b,ok
0xb06f01fd167c1af49f4b120d5ea6ae8ece1b53f6,1,0x02ad772a6369e551527191ab48416ac54785bd9995c3d2157814d4496078b5ee20,0x04ad772a6369e551527191ab48416ac54785bd9995c3d2157814d4496078b5ee20a781aa8ff03b0fc2603cd74334b050bdb8b017f165d55ca9ebc5754981219b14,0x6bc254b51757a3435feb548d09b392785bd7da4a69647369105a48c06324ded7,ok
0xec5a1658de07ad5b951ea2f29550acb9fcb69def,1,0x03d0dc1366a0e0d7c9a51a60700f7418bc0620dfa69f778d698aab141729d98a2b,0x04d0dc1366a0e0d7c9a51a60700f7418bc0620dfa69f778d698aab141729d98a2b82c8a20a8cb5887dbea2ff1dffa961f6bcb640ccde373c53a5e3c002a0109aa9,0x21e77f7d54831ee2469c338050b624f75ee4e62db8854f515743c23ed378bd18,ok
0x95a808a7f56fafbf07c66565dd5a05b6a768dc20,1,0x02926b3525c003d021f6bc2bbc8a32f695668b89a82f3b147ff2932cef23fbc1b9,0x04926b3525c003d021f6bc2bbc8a32f695668b89a82f3b147ff2932cef23fbc1b9516e1b041aa227aa2794dd49f800347b48226b7ba590f41d6fcf1b49b0a2769c,0x7aca39281b3374eafa5a11052f9688a335563c9274694c5df92d3eea479bb554,ok
0x037712a5afc6a377cc5efcdbff729fc4503f3936,1,0x020c546c273ea55ccbfbab8cff71ccd189642be389c55b27384fc35f792109032b,0x040c546c273ea55ccbfbab8cff71ccd189642be389c55b27384fc35f792109032b14b9c2e6618fd10263f6975806761a42bc0bbb541c4277942b805a79dd38dd06,0x780d6291347837ebe5ba591dc4e9ec48fc2abda161cad1a3dabbf579f3ce138c,ok
0x313d082ba93ac46a329467bae9a4f9c694f433d7,1,0x0356900e13c247a19d99a9b799a32d7370d718e0a553b7927c11f8b1bc07442fc7,0x0456900e13c247a19d99a9b799a32d7370d718e0a553b7927c11f8b1bc07442fc71ca8888373f9946ae4c5f47192018772e2be5879f9d99c5573d58b8b3a9a8721,0x42c2a92a100a494f7874ebfbc7308d573a84678e8e04c852918c88b8d20ffc7a,ok
0xc30e6fd13cd8556afc36215c80f17e46046c85fc,1,0x03e321d530c038689dc53028e56e85635a5697be01896a6aee72da0d9eb1677eaf,0x04e321d530c038689dc53028e56e85635a5697be01896a6aee72da0d9eb1677eaf0a5692a4d196ec8a5ffc37b4ecba5e48df2ab90c381b25b8841585dadb338c5b,0xf2914c616946026004e6d6fbfee86106532c0ef6f407ca1cace01e9af426302a,ok
0x2c33e7d6a29c69e88b980cf92a0aaebbf056eb47,1,0x038205fb340a9bd7d7dcddb1186a13a582db65e8a8c73291bab19fb6288433ea7e,0x048205fb340a9bd7d7dcddb1186a13a582db65e8a8c73291bab19fb6288433ea7e51ab549ca35de8a3f4803946a436eab48805e10a682b4120affaeb24386af0c9,0x77346628ec6da53184c9070f9b5f60779c5485c4c393503db85aac91140009f7,ok
0xd363965eeb3e0fd06f61aa05e6a9b129f7c5777b,1,0x0286e0b76a31ed62e972aa6ea59230f1bbb40cd0d6d993bca80c8eaf15a44c1bae,0x0486e0b76a31ed62e972aa6ea59230f1bbb40cd0d6d993bca80c8eaf15a44c1bae2d9c2ae8b398de2a4a7cf0d53834b0ce41c93779b9d239510eb5b732b4e92edc,0x6a2774116b8aea71783190f29672441add835df01d85487aa8ebf716ab2d198e,ok
0x4e8babf611e57a415d44cde5b0ae7f9bce8f070f,1,0x02c814b07577cfc7228c67b0830d74cf0eaecd401d20f0f7c5405a2d722c943d93,0x04c814b07577cfc7228c67b0830d74cf0eaecd401d20f0f7c5405a2d722c943d93d7eedd226c8e59b1d96d648dbaec0fe3d1b382186389deeaaae0fdbea1662a9a,0xc7c8ce472af33ca41ba5eb6e7c4a78246a5f9e9c7303184a4ae0f439527dd757,ok
0xe6f286933790224ac5cd04006f5764d50fb4ab20,1,0x02081e9bbbfaae2e8ec481bc6fb654b41198ac36645c28497d225478bcd70a949a,0x04081e9bbbfaae2e8ec481bc6fb654b41198ac36645c28497d225478bcd70a949a1c95e7ae586562d57899822b9904a178de1981fb68a3c325a2c78ebb10e601f6,0x8ef86299dc3c2db8f52a25eaedb01954288d5cee8cb2ff815389c579431873e9,ok
0xb01d1c8fc20b9fda10de441f4c7f4029b496c587,1,0x022232c453d89f2926eb72e1cf554b6883ccb2e5a0df8ab175161df693127e9d57,0x042232c453d89f2926eb72e1cf554b6883ccb2e5a0df8ab175161df693127e9d574f46ec93f555358c86f1f9b7322b8225c2c69555c504c63dc9246e8f5802f4ba,0x5b9257e47ebb28914c7e26138f77887ece28bdca3b6381143ccc48410bf7a69e,ok
0x35a1c9b1ed12332be6b1ad5f232c6071acff2185,1,0x02e840d72f0822b1a3f4518ba82eaf62e62e3b5d3b1ead26e2fdf69a042b162830,0x04e840d72f0822b1a3f4518ba82eaf62e62e3b5d3b1ead26e2fdf69a042b16283030e3182f4dec90bfcb8b84d7ae2515c4ad89b1df820f80888b72fbde58587f7e,0xc4400b9d4750361ebd13e5a1b3c36834ace7ced8f199009783c15b983c8ddb16,ok
0x6d2772a4ff4c12f37b961eaaba5c79d447fb4a1a,1,0x026e9a040511d77e1c45d11e85a476a4300af88abacebf0ec5e6191e9fd180c640,0x046e9a040511d77e1c45d11e85a476a4300af88abacebf0ec5e6191e9fd180c640a251841ed7be0f6da655c0ea44362396267cb771621e8979416083b192620168,0xe7f0cd093464fe0eeaf6adc466e1fbbc8802be118bcbe18ae36076740d56c04d,ok
0x9fff540f87629ce0338ba40c220b827b251ed625,1,0x035b63eb155ea4ffca41a8b5204198bf6c144814518b837d09b33a951399742682,0x045b63eb155ea4ffca41a8b5204198bf6c144814518b837d09b33a9513997426825ef9fd64503dc2f55bf7f923d0586a7ae996d135361aadeaa709233727c59957,0x80fde5b56e88d36bc143479c8ff5184f75b3e6a55b18238b2a4ed00b43b3429a,ok
0xcb705eb36652fdbba7327b789553d0d04998659d,1,0x0216da818e6d20caeb5e32b7474bc299d073aabb6ee7bce80d95c480235edfce52,0x0416da818e6d20caeb5e32b7474bc299d073aabb6ee7bce80d95c480235edfce52d40eba8c21467b2c3dbf90f61fe9a1db574bc5625b26bf8909bea3b43744fe46,0x6b7db072185c527e5bad37d262fbb75acf2021029a8da3e888b36711430e6d24,ok
0x4746702baa2e0291c680e72d0bdee207a410ff16,1,0x03ab27e6f36cf8eaf7bbab2ca4a145c6231d5e3821489c67d6687a25e3270cf0ee,0x04ab27e6f36cf8eaf7bbab2ca4a145c6231d5e3821489c67d6687a25e3270cf0ee5fab0082f3efc7aefbf5213db537f33596856d54fbcfaebe5fba82bd63fec2eb,0x1dca8369046d2b7b7e967a352d1c10efde0b2e991aafd2938099e70eb3731e6b,ok
0xa40e4f517cfb215f764b99f03cbcee04c36cd58e,1,0x02d1036367c4a05ca5664cafc9453497e917c672e39f9aa1d466cc228d07756e28,0x04d1036367c4a05ca5664cafc9453497e917c672e39f9aa1d466cc228d07756e28624dfa6cd5578640d6cb57201b477ed8135f8123767dee0b396931432cfa6a56,0x8e9b772b90fb1f10689ded1f275737436db4d27da56e1982809cdf7c1f62d3c6,ok
0x3d42e1b839865b10f895f4bde0511f3583c30cc0,1,0x02b5a30fa7635ed130a52bf4c3edde3b95f6742f88cea9f774383d0d4db6d64fdb,0x04b5a30fa7635ed130a52bf4c3edde3b95f6742f88cea9f774383d0d4db6d64fdbd355a96d7cbf29ddd4f1b95f951ce3a21def679a962d8aaba2dcdf9ad33c2ad4,0x8431755a8d949fc7ebf3326a7a3a8cc27eda93f32ac6561cafb7715b55caf098,ok
0x93fdae215370bb6872abd303f4a0de0d4b6955f6,1,0x025b8e12101acd8c176d7e88c5e3cb615c206772c38368381f3c41dce2192de7f1,0x045b8e12101acd8c176d7e88c5e3cb615c206772c38368381f3c41dce2192de7f1c42cee40fa46f76514834ae7ec92564a1da6901bfcf1331c72629c09b75034cc,0x1f5f3fad871f05ee64348f73c89b6fdcb7813c91a8b340cb3ab5fa8f12479b1f,ok
0xba435ae7a1efbfa38c13ab44e733f1083c89575c,1,0x03e006eec896864e3d4ae477c5258ac99ccb0600f22f0e8a579f4626687af6be69,0x04e006eec896864e3d4ae477c5258ac99ccb0600f22f0e8a579f4626687af6be693cedee7bdfca779e2e45981dd801f86685cd00d39d32c23298e7c0deffac4a6b,0x10664863a0a8675e508e65cd5734d905f030682f47fe0c4047f65828cd62702c,ok
0x6b14e892b805143bdcdd7459eea2e90f12146651,1,0x03e792bf915734ae4ec01e3e4a968aaf96d40d9dc2bec34b4ab359d4447b9486c6,0x04e792bf915734ae4ec01e3e4a968aaf96d40d9dc2bec34b4ab359d4447b9486c6f9c21b7c5276b4bedf58bffdb5ed9d6c1f51fa6d9c034db32155ef4f0c6c8ea3,0x91054d4281cffb31b3fcef322478ade2a937bcc8c83b0e1f61874e5611e1c28e,ok
0xccd6dc90c03193a2daec6e54fc46a37da4b09121,1,0x02284b3886990af147d6ab11098619d055b6f14f9624873ebe08e13614a93a25ac,0x04284b3886990af147d6ab11098619d055b6f14f9624873ebe08e13614a93a25ac014f95ccb5297cfef26075a9740fd4dad83fdaaab722b16ab181054556e5eae8,0x808a5e918feb73e68c88df5876f5fdc60322553cb36ee4d2b465d0fab0e59648,ok
0x9cd082097a0c6d0b797e975c3b18284b5406d7a0,1,0x024c220ccbfcf31f3ff4a9c8cd7d5171ab3d49aa2c65b4ebc4d68bfe15cee191c1,0x044c220ccbfcf31f3ff4a9c8cd7d5171ab3d49aa2c65b4ebc4d68bfe15cee191c10489d55536bd92bdf8a1bfaaff3a0c4b0f1a04ac22db1b6ffdce7565088a8ec4,0x53fb128baff1b95936e4fe69d492d20b02102c21eaedee42142e471fe9488e4f,ok
0x5d9711b9ee26012f7bd9a3a987e4ddc407e0fe15,1,0x037a77eed77966ed60dc321b5b1befe101e6a8bbbbb28b50deb5e0a9d4cda5521c,0x047a77eed77966ed60dc321b5b1befe101e6a8bbbbb28b50deb5e0a9d4cda5521c17f3a671a5a09c310f03693069df1cf020508ad79c3e47275baa261ad0039661,0x56f47c225aeef464d703bc9cce258d2286402f57cc54b2cd687fcf06365bd5bf,ok
0x0cf49d148ce538c21fd77eeda401efb32899dc12,1,0x022e092d34027b66686926b760067a8151a495f439934e083bc4a1402a801a4eb3,0x042e092d34027b66686926b760067a8151a495f439934e083bc4a1402a801a4eb3c35ee34f0639fd4bd893ffaaac68af5f3bbc37273b2cea93bc78d79d5244f708,0x5b0bace97704c34dca4152d4f164eb639c8f772cbba1cbac535d32a563e077fd,ok
0xa66cdb81d8f2505f927faa408180bce3aff3909f,1,0x02fe416a42be3d6b98e81c1ca1a8798d5865e66e03b7104f4e0f0f761de7c1123d,0x04fe416a42be3d6b98e81c1ca1a8798d5865e66e03b7104f4e0f0f761de7c1123d45681b6cdfebf4a631ef6c5f78ec6fa1c8f59b61275f18f89d33e93961e5582c,0xee2189c1a3efaa4e9ddffb7cb2e1132f542038a56b65f1e9bbd8ad45a1189a6e,ok
0xab705726ca1dea9c0aca84d640091cedcc46a3a4,1,0x03c3d5e6b6a0b1fac4eec0938056f475173dcd95e0da2d7e778e21012cd6616e7d,0x04c3d5e6b6a0b1fac4eec0938056f475173dcd95e0da2d7e778e21012cd6616e7d9a9d0e9e6dfe5a4f857f7cf274b26c620516bf3b3d7d28a696c2aefeb9e37b93,0xc842439ab89e901f03398575fc01226bc90ca013de194bc08f4329737d751601,ok
0xa4fe85d23a7e287479f43928a3abb924a5b01269,1,0x039cb5e4942a70ca1efd1a29801e7a4bf281065f65b929f850391dad74f4e2437a,0x049cb5e4942a70ca1efd1a29801e7a4bf281065f65b929f850391dad74f4e2437a664ac1553ab0e2b0abc29c2bf82d0bf722db6f46afc2c61f020ec2c83c80b5a3,0xe04b2123743be41044ff2393086eb8a61d21f58ede91c45f7674c2bb91fda5c8,ok
0x272e9497c91841a2b9db4033170eae4cae434bb2,1,0x02edf4babf91d516a3e49e3c1df6c8c36a8886a73032672c824113b1f1edf485d3,0x04edf4babf91d516a3e49e3c1df6c8c36a8886a73032672c824113b1f1edf485d3c889085b7fb142c8e8a3c41cbec7c0a68badd193ad559b4ec3a1688800bd996a,0xc63a01d1ada091b8d841af997d7db62332edaa3ce8e11ce39dd692c844011cc5,ok
0x0f6a1e8cd1169fc477e1d337b6c4d3dc509ce7b6,1,0x021c72c0690faadbee353a92933766f8dc2541e20f7b1f6b93f4ba45519c279212,0x041c72c0690faadbee353a92933766f8dc2541e20f7b1f6b93f4ba45519c2792128acfb6aef7430dd26afb9362a852b78817b8c7dedba6b23ed4762f156ea447de,0xc1df76cf884a2b5be170451a4b0800bd50af40c2de078e32f28584259615b060,ok
0x8c63ca56f9c3ef93f2b8df66f582de03d3ad4d17,1,0x037e66cd194c3159d59d9058771cd41d5f2cf9fcb291cd39bc5e7696725b7463ec,0x047e66cd194c3159d59d9058771cd41d5f2cf9fcb291cd39bc5e7696725b7463ec6c515f0191407ab35cd24a6b0c660bb82ee6c0c2c7d6846e40970d422b178063,0xf51b7f430c1ef196b95bea4b57770e8152657528c499b886c8860fd3b6980308,ok
0xf49bf94e5e77f2e2aed41bebd8f4ba9a03135f07,1,0x0365101ba7126c8490583cc7786cdcde8e80ef2d0faf4f7d526cb8f4df66f99487,0x0465101ba7126c8490583cc7786cdcde8e80ef2d0faf4f7d526cb8f4df66f9948704a94245d10adbe02824a0cfd8bbb595e7428530ff544bf3ac403fab701fcacf,0x7a8f14168dce41e0cc03b748b269baeb6cb79839623cea59040174f2a8a1f461,ok
0x4fafd7503973d841548024d60025b3e7b4d73a00,1,0x0276cc628d6187d4fe6ef36a9cd11a78a8f5d3e69c04e760640535ede83ecec492,0x0476cc628d6187d4fe6ef36a9cd11a78a8f5d3e69c04e760640535ede83ecec4921b6f242d707278303925dbb36d9e9cde4dba5ce590a55810bf60229266f70332,0xd7e547a4ed327a4c73baff183a72865426850c7d0c1c2b2d50e1b82474ecd092,ok
0x83a38433a7fa157f72afb9290b35c4d42c98a270,1,0x0250ac1bdc57a2a027756d79e3c5b977b1bb7da97818b5f7845c621e80d318af33,0x0450ac1bdc57a2a027756d79e3c5b977b1bb7da97818b5f7845c621e80d318af33df3c46499c3004a4bf69ce15a33bf189cb81cfb4a1b51371b7f58c220e613fd0,0x30e8acb3fa0f50f2039eda92af33d64b88b0d8a9b224489f7bd82b4c22071c4a,ok
0x74bc826d11591a35ef685c9a90ab2dda23ecc69e,1,0x0365187c6fef0a4b2ed73294bc36e452caba6b60a1bc4cbd7c8fc128968437b314,0x0465187c6fef0a4b2ed73294bc36e452caba6b60a1bc4cbd7c8fc128968437b3148fbc6ec73c874702bc9a3dc1e9dd62e5c208c332b98d00b4c16d31308b051929,0x4a6edb0007b7027f24546cc7ea9ff448f9e94d96b058b25e5f4963a2e953fb28,ok
0x323cecb8a02203c44ebf158d632a80d2a538ef87,1,,,,never-sent
0xbe36d0a7de78f4a5c7f8defbfb90d37c1251f4be,1,0x039e7528782f2def2fdb2b1522e33ca4ec172150bcb191fd464b8f2e0017235fd5,0x049e7528782f2def2fdb2b1522e33ca4ec172150bcb191fd464b8f2e0017235fd5b43d9f5518ca0a562dae06ceb5e8dcb9ba8c5c3cf6c1251d3561109c0cbee749,0x827038826566db91ab712b8aa3529b8a5c079e5eb6b427c747d98c559e546220,ok
0x56e9acaf82754b80e29f499bc8108949f78c477b,1,0x022896a502191593f6385277baa0a9a6ecb66caee488d4da1c72451a7478ea1d2f,0x042896a502191593f6385277baa0a9a6ecb66caee488d4da1c72451a7478ea1d2f8668dabbc94fc75b687850e0da278253d055b078db290789cbd336ee7373a0c6,0xe4297397a732785873bc8a5259b64a9296d06457b46c7d50ad769731811894dc,ok
0xa270e204b7329de814346c56905f9a0824c4fd6b,1,0x039533d1325a834e44159507d7b6d30afb7b61bebabcae0757bbc29220eb303a3f,0x049533d1325a834e44159507d7b6d30afb7b61bebabcae0757bbc29220eb303a3f01cfe5cc74f8b63652ffa2044e71101a074679d45d95b5e16d0e3b5de410623b,0x30f7a5e8f7bb3b011240aeb90fce1cc435e6d1b11238de2d8ba0dbf4ce812351,ok
0x4fe47925b24739433aa55fa464b21add087054e2,1,0x026f5dd69779b308254b9cef1010dc52957b1530b121490bd43ec1ddffe19691f9,0x046f5dd69779b308254b9cef1010dc52957b1530b121490bd43ec1ddffe19691f94fc057dc4308e0497c8c45478ef5d54051e7d9372df2ae72b11d14ce8ff82bd6,0xce900e14be1b0eb70d2ce25ed99329aa35c94533094dd63ce1b2b3c95505e7d7,ok
0xe63c0520910aaf1a2324d4f46dad39cc3b55ceac,1,0x023f0e1e564bc83af436a52fdae0389837d6c198e08a3d14d54a601eeb58caf863,0x043f0e1e564bc83af436a52fdae0389837d6c198e08a3d14d54a601eeb58caf863bbedf985929e76fc6c7489d080a5e51171fdc757f6e0aa31d2b9e9dd7633b85a,0x4b9adbf8296842fdc0b17c8725f8563a57f683d8e538c0958cb22d66d7044e32,ok
0xf131772381360e6a36581ed162523e339f6e1d67,1,0x02e9eda028517b158d080d328a65e862dc0d64e80b484bf6c761cdd6bfca90371d,0x04e9eda028517b158d080d328a65e862dc0d64e80b484bf6c761cdd6bfca90371d5cc1e63e14435eecf40f60781ea4d7d7cb67ebb7d90e83c48c8dba2649711d98,0x532f3fe6a3f0dff9b5509fac0e9c2b80c565b40c6ff898e33a1ea9a8f6a31251,ok
0xcad6915c3c8a875b0a6144b723997e0ca46293bc,1,0x02518b7dd9d75d9606f320ba4b058e8944c166c01a9cdbb263a22e09563bac96a3,0x04518b7dd9d75d9606f320ba4b058e8944c166c01a9cdbb263a22e09563bac96a3c4d0591576d768c68cbf274be17aecebedfb61b5aa845342e12bc23878f7b614,0xf34fb107b9cb98cb9439cc7b1c4fd2cb77fa2abca4c2aca6800b97fce2770404,ok
0xc556fabb203d372ec025da92854a67d6af460f78,1,,,,never-sent
0xd273d3e115a177496fbddc8d3e933515a942f5e6,1,0x03f1abb3b558035b16b8e821d9d0b6b87fee9a24c1b274e2ff7f90cd06b498f0a0,0x04f1abb3b558035b16b8e821d9d0b6b87fee9a24c1b274e2ff7f90cd06b498f0a029942644ae6efc4da523b4d8e5f3b7c54705fa21094d7d02766504705bb5e48d,0x3afc02a5b0803fddb086abc6b988b24985c1c308a6345f2ef47c0976b1eaf570,ok
0xc4bdfe13d6dc537e2a234c120d05aaefcc279f35,1,0x02dddf2df631be2efd6feb94e98bdd2c90150048aaeff16e220e64de8671673e35,0x04dddf2df631be2efd6feb94e98bdd2c90150048aaeff16e220e64de8671673e3501f2d801237f3be2baa0bd84d990dcae119e778fcef16a8802bf09e452b810ba,0x948b39bad331b6a878f0d45e288bd2bcea0b81af486d3b4c39123c0a6050c017,ok
0xa5bae4379d668517d6fbb14de06355faecf91ffa,1,0x03dd63cfeb1b324af3e5e70687a9964361b9f391ea797a09e7bdb4139b15db0ffa,0x04dd63cfeb1b324af3e5e70687a9964361b9f391ea797a09e7bdb4139b15db0ffa7f14280f0c6a89765d5f1d04bc924948af128e0ffbba4d23202b803f79c9cf95,0x4bb48b7a59b6329801ad17d42a1ffb432dadcdc32c2be20a9ad52812598d9fdc,ok
0xb25dadc9bae40bb57b8c13e75fccb2ea2aca076c,1,0x026218ef489d7d9af054e1c177ddf9129ea6063ae8ffe7d17a9b047de62b3bdbed,0x046218ef489d7d9af054e1c177ddf9129ea6063ae8ffe7d17a9b047de62b3bdbed2e6d4ed39d289f48fd428017cf71e65367d3bbdac88a2c8f0a5827f80d7e1c28,0xf9d3f06666a70a840a12ec43a5e348ff7b0364bd2d05aa61a654251dc6bf3744,ok
0xcd18edfe46d5dd66b236dc3c22c2453ee9436cb8,1,0x02463e369eb7991d01a529622d6290d5b4755f57e505c7dc9dd76b7050a8f279fa,0x04463e369eb7991d01a529622d6290d5b4755f57e505c7dc9dd76b7050a8f279fadabf74d717dd64ffea42e43415799ef054b9fa0cab8852bf8876c3ede3240a0a,0xe859b0b54cf46787cebc975fffa1f22f781b5b4fa67aba627ef9ab2ede97ad76,ok
0x5b1bc9a80e0eff7c48d948a427f06a55dd0f43ed,1,0x02d3ec329791e78bd235c5646d0bc4748c514d32e649a911a875f96cf80c55e793,0x04d3ec329791e78bd235c5646d0bc4748c514d32e649a911a875f96cf80c55e7933ffa2a5b943b612d21a12dec3ea7e5f5689eeadb3096020c5391d2ee21f863ca,0xfa31f14dfffa651312d0dc87e1eaf7b5a0230b9f87129bb3ed7b4c15c2288220,ok
0x7d147a9b5a474b83d7a7b0267d2fd381a868c368,1,0x038ee6652b5015be86bfdf89ba5182221be33f9bf1f7acd2801b5dbb5cb5a28b5d,0x048ee6652b5015be86bfdf89ba5182221be33f9bf1f7acd2801b5dbb5cb5a28b5df1ed1618d56147d22e2d0008468239a73115bc8486f40ad4edc51ca84940eaf7,0x1b216ff1d2de77d5e8e24ac4b40586c83fe54fdffcdb7082cbde0b5fc3ffef20,ok
0x12ae011cf58d33e6d7ebe6efc89e8876225269b7,1,0x02acf28fabaaa451fc6f2d66e63d0d583245b86e90b26af57e817eea1336f72523,0x04acf28fabaaa451fc6f2d66e63d0d583245b86e90b26af57e817eea1336f72523386eac7494322741551a146250f30e963214c38c46b128836662999347e44364,0xcf26c3883d90d021585bb4aedc5e9d32266d8ba6eeff05ac96054935e02b2a5f,ok
0xd4469b51c1b892b0e5868f2773b74f3b7539c0cd,1,0x03b890c2a90a00b1b8738d172b87de7d593d765429abda1672585826989136f211,0x04b890c2a90a00b1b8738d172b87de7d593d765429abda1672585826989136f2119d684b9e3b855277ad4b0f64725aded868c1f06fe23166daf700ae2f62c9ca47,0x4d8ec3739335c400c45c7b07522f7a3750c14e296d0a0905aeeaa130e70526a1,ok
0xc397a5c046cd873af52e79048736a739941ec98b,1,0x03b1193f160fec250158b480a393a768d330408a5642af012c91c33e968d9171f1,0x04b1193f160fec250158b480a393a768d330408a5642af012c91c33e968d9171f1c93c79bc57439a0bc55eca4300a8eae56893b6ae662da6d3d912a3e16e6e9c95,0x051d2b90cfd0cc972cba296e48a2c5cd29537e0e7e6f5bc35f3a2341070c3300,ok
0x899253dc17319b44ea932453959f3a5a34aa0fe4,1,0x025cbfbb97953ebe95c38d8f4df5982195d70d0fa3e79d7ac89ef2c92dbbd165e1,0x045cbfbb97953ebe95c38d8f4df5982195d70d0fa3e79d7ac89ef2c92dbbd165e13b525798c132787b432dfcdd221fad1c6df52ddbcda4b99965c1475579347908,0x5bd36a79eb98afde98848538e202f7baba15bc921d534de21fab81aafcfa386a,ok
0x53fe98769ebd8378082cedd297dbddb444ec9c4c,1,0x02a65e54314c272b2fff8c1cf7fe9e1bf3758a6aa9cb43e4123d77a3fcc9e89780,0x04a65e54314c272b2fff8c1cf7fe9e1bf3758a6aa9cb43e4123d77a3fcc9e89780f09f9ea738e160a69671415db288f92f4ddf250bb2ffdb6b0bafa110dbffe964,0x06c84401d24525622790ef9c68e8e72564e8b61aab81c6f599926b87df1e7e0a,ok
0xf3a280ee8048047217fe93ae04028f3d21c97b90,1,0x02f0f2687e6af7a01c877d7a6da32470db3adcb812181f23cc86a3095bf07db359,0x04f0f2687e6af7a01c877d7a6da32470db3adcb812181f23cc86a3095bf07db359497d97be3dad7149c6546e9d8f3c6c51bdba4d4a74c1749d1240f1eb9c1cb674,0xbe11bccd0b6e18bc8115f6459eb6f76a79b09c4b63152597d4de8178fd152dff,ok
0x4459b80ceea7adf85611ec0f11b7a779fa1089a0,1,0x02bdd7074cdc629cef5cd9ec0ab1ffecbb9eba2e240a8c2fa5eb32e5a7119df992,0x04bdd7074cdc629cef5cd9ec0ab1ffecbb9eba2e240a8c2fa5eb32e5a7119df9924e0c5be05a634fde81781fdfa11380db52c5617019d261bd05370f36f819c9d2,0x2a63d6e2a2628e84f3d54d5e5b1858645f7b70e4af16df0fbd057630f89e0f93,ok
0x18e1fe01de1de2b8c9b23e7be3db10d49b738d8d,1,0x02f95a31655cb2bd043ae68a595bf1f252383e4576064cc7c0588d3afe7fb79f71,0x04f95a31655cb2bd043ae68a595bf1f252383e4576064cc7c0588d3afe7fb79f710bf5ae811a02002e25cdcab33149f277f61bd0a63252d5019792f40cee33f860,0xee2cea183f404bce7d1cde6207ca39072f6161713de583a5c6c4b42c0c6da712,ok
0x24a4e10d37b1ffcc1917b492688566ea4f74ea22,1,0x03c29971a37335fdb50dc7e1e23a9d23b944602af7514c9d095497d26685b044e0,0x04c29971a37335fdb50dc7e1e23a9d23b944602af7514c9d095497d26685b044e043a4c56ad6ab0594a830a18dc58f1eb7ba3bfc3ce893753736d078b99d0d7241,0x1b3860c8a63cb87b7b15c08b9031d8f4e9b7950f12f57389337f5a9ef2aaa82f,ok
0xe1da153088a595d90c7fcb6e915f6208d8e2cdc6,1,0x03161824db5490c10cc16b4230be034c6e6a497403d8ad7516ced22870f434b3be,0x04161824db5490c10cc16b4230be034c6e6a497403d8ad7516ced22870f434b3bece8c9df0ef4095baad461f684012e869fd9e71d1b5bdab1048a223a7629cb30f,0xaa50da92fd593699886152127a60d053cfce12fa2c71823e7b9253c8e5fb9e54,ok
0x85ce66b104462991c0138d35829c6d96a1c20a46,1,0x031564ef39c25d6c5e66eedc0989e0162309a0d3345c68937eeb22ac0a94d7de23,0x041564ef39c25d6c5e66eedc0989e0162309a0d3345c68937eeb22ac0a94d7de23c2d0d488993d6ab38d6a46db3192eafeca4ad95acd0427a4abd5e4ab79c24a53,0x345805ad059bdb57cf86fe10c5804e7dc360c24e4cfee0ed3d5af0ca6c60dcaf,ok
0x27566215f066ea03ba10188772e125375d609edf,1,0x03810bbd372028b518487ead0705deafe232f502358a9ed0759afd7ece2c9ecd5d,0x04810bbd372028b518487ead0705deafe232f502358a9ed0759afd7ece2c9ecd5d3aef194169472abb5c3bbf88abd7021ea9d6e3859f2d64c2a110a4731b3d85a5,0x7afbaa7fb2b061b82927fe509ed568454ed8c71b9a70b56f58a1478e37ec0406,ok
0x8d29f7603d37bd47fafaeb7a050e21f9b623dfb0,1,0x0216d900e1b5f7a4b18b44dd3cbb128926131b7f747fbf0ed939660695d3f5b470,0x0416d900e1b5f7a4b18b44dd3cbb128926131b7f747fbf0ed939660695d3f5b470a8d30d625ebf42fb4df4d9a80e903d64249381f224c3874f028b38e0d7dc77b4,0xe78c2baeece78134769bef36c0c16f20b8dd7ccc620cba6569aefaf269364f8c,ok
0x0659e219a9bba6e34d34eabf892de8674b91e4ca,1,0x024ade3cd7212066193af0889ca5111dcf37026d5925873bed8f7d402598a6e891,0x044ade3cd7212066193af0889ca5111dcf37026d5925873bed8f7d402598a6e8910537821e7a5541f5e43047500fd3413091366f7074e67c43be4622687a3a1824,0x0a3795e6e5c4138d068a299217fab8d4af1d42d1e40c30d7526937ea7d73de2e,ok
0x893b45d0992086ab7ae864bf80654402f6261b27,1,0x037dc6b0a229023d760d10dcee7508b0025b86b6051e11bc536d2a13385890084a,0x047dc6b0a229023d760d10dcee7508b0025b86b6051e11bc536d2a13385890084a49252e27d47079c6be2521e4d36b528470bf2313ad6317f166550df470758fb1,0x00657f52594c61b6fb36f29cc3ca77e75551de38192db203dc842c4070a353cf,ok
0xcfd23b8e3dfe5534cf195d510dee2344cac93098,1,0x0220735a508d0db92f6c200bab765111c0769a909fd6aa401cfe6a419ec9ed3079,0x0420735a508d0db92f6c200bab765111c0769a909fd6aa401cfe6a419ec9ed3079954bf6d71ca6ee2805266b63135bbbdb059d36fde518f9a439db950eb7e7b816,0x11e99d10050dc5073d183df74f3a9dcbe90df4a925e4dfcfe41b02d912a695cf,ok
0xb142505fc3d0a8c99ebb5ae72016cbaa5416ea45,1,0x03c4a83c25cb78fd90f05c92f93a8a6d18c1f0018638cbec0e94714d9831e1785d,0x04c4a83c25cb78fd90f05c92f93a8a6d18c1f0018638cbec0e94714d9831e1785db52a5b1c081987ea3a32192ee5007534cb074d2d802ae6febfb0ba0077befd9d,0x951e820c756fca7fc2d4539b12b773923f67b9cf61a551e94b5e1d75320c9618,ok
0xd10da56e41d1353a88a323dd3dc46267333af3fb,1,0x02b8a858ccf6ac2733f6c845725592f7b89b9bd90c7150d0fa868bd7da61bc3e82,0x04b8a858ccf6ac2733f6c845725592f7b89b9bd90c7150d0fa868bd7da61bc3e8237c05d2f34d87d8e421219f38083fab0349b1e8d5647d5f0faf3901cfa992c5c,0xc9e4a01e32389a0c36d8841e55ded6a51fce27e3ff678f7fdca0082c78f1b4ea,ok
0x02bf9d9885ab40a40835e137449db9600f366e6e,1,0x03c3a4fcc5c1fffd148a07899c863501cf613b973b506847368e133a54ff361cbd,0x04c3a4fcc5c1fffd148a07899c863501cf613b973b506847368e133a54ff361cbd04ea2096dc40bf58f629801c18a0bb312f33146387cfbe5d07c7372bf029c1ef,0xe54bfab28607e14a0a26075a95f619eed42f95f250eb1b48697ab6a44cba03be,ok
0x65341d2b0083138fe978f747f2b12fce9a6fa27a,1,0x035a54e11a68d79f3f17feb7c19f5d4caf7040e18442cfe7af9b8be6af2ee1a02b,0x045a54e11a68d79f3f17feb7c19f5d4caf7040e18442cfe7af9b8be6af2ee1a02b8f6c213c5c6b41f170c0ba06d7d60a709f7c1fbd2779231bbecc8d87ec4d1a25,0xcef12f8b78d67bc2d5ca8b8591f20d9f5d9085f5646cc51dd51fbd0cf12d50d4,ok
0x9ca26730aa028d098c52c3974ab89ec81c74f56c,1,0x02820e287643f83e480b36d1d140f0a19b88f0487e751619b8f2c3ab19db4c08bc,0x04820e287643f83e480b36d1d140f0a19b88f0487e751619b8f2c3ab19db4c08bc4b4ce4d05b0da4d2721d250de67aa2e72e5cbc2c4e0d79df0f99f333ade1a258,0xc60548a415cb85d5270755b04677e1f687dd150db87c8b9a2bd4bd453c72024d,ok
0xeba25cfb398aac0b5da8a34ffcfa472ad8f6e60f,1,0x03aa8334bc84249b28f225d1b9f02129f72cfd2becb27e4674e186aefb5c77cda8,0x04aa8334bc84249b28f225d1b9f02129f72cfd2becb27e4674e186aefb5c77cda8a9e6da9382c5ace1d237f836f8b164f335bcbb7a1c7194d5439e41302588d935,0x456003a20a32731243bc928a36348586b672083ec60a1de337361897f1a3a063,ok
0x0da35e87320c26e7aec7c4465067de0d9e37b6e5,1,0x03d7271ecdfdfd4f7f22ed7e0eaf54f8d8274fc4f7f0908ee53be0ed59374128a4,0x04d7271ecdfdfd4f7f22ed7e0eaf54f8d8274fc4f7f0908ee53be0ed59374128a41961be166c352d5e8536a479f6309f091fd84bb0a1e636b0656a9e8dffac5d39,0xe223cb1e799a72703eeea4e3e3b50c6dc4ff7a6907f3be90f5c62dba9771e468,ok
0x11191523124465e1b2be9cca2242c7b3e57d3a0d,1,0x02f95aac4a877553ec2dd4f2aae9ed645a0364c35b69a5c2764a778c77664689f6,0x04f95aac4a877553ec2dd4f2aae9ed645a0364c35b69a5c2764a778c77664689f6ac73b92a74d9e44fa186effccc789f3d8ecf4c8cdc30f5a1b1946dd2deaafecc,0x87a3368aff884260800eeda2da023aef260bdb502e770a3356c151ccf78bcf6a,ok
0x6d0816e2b9ba354aabd2d41f0ae5797bdc0dcfc8,1,0x0212048a85754e5c2e66f48af1fa9f09e2a5f284a71b2e3b6d4c93ba11594bdfb4,0x0412048a85754e5c2e66f48af1fa9f09e2a5f284a71b2e3b6d4c93ba11594bdfb4e2b1780b07452faae36f7ab2dbd6c9b31a1933b67ced79fe4c807f505383c216,0xd5ee1cb7fa29ae223ec81ad692ae7b69298c79841de0fabf7e7e92b0e05af092,ok
0x3ddd565121d57919151865300d3e853f10fa5197,1,0x03318bea07b2e482891842fd764a8553ac2443caaebb095947ddbe7950e766bd39,0x04318bea07b2e482891842fd764a8553ac2443caaebb095947ddbe7950e766bd39722c64a7310dce4fcd5ea46cbb02e1fad56bb568ddedf81aec84e3665f1bee1b,0xd4c54914d943f8bd372b59c966abb762dab9c73105a241a08fc7113eda9e51c5,ok
0x2e769e620c1384578cf7531b9b29c64448471cea,1,0x0229a9e7704ad6f43a9c9fd0a4ed4ca4ac9ca3e6b6b94afe5566a196132d10d8ca,0x0429a9e7704ad6f43a9c9fd0a4ed4ca4ac9ca3e6b6b94afe5566a196132d10d8ca18e8eaaea20bc9d0a7ba9997801b25a906345a116a15ae44315e44719d9f0faa,0x07606de6f9cd84d0dfb47bee9f3e671a6939f4dbdf3197936af7afd5cc2ce73c,ok
0x1fe3db18f4220f924ba9f0606788bad40059c6b0,1,0x03c84c8b772e11626f15c42fc49974a7e3f09869cb3fe16502c8d15b377cac3670,0x04c84c8b772e11626f15c42fc49974a7e3f09869cb3fe16502c8d15b377cac3670cc0a980290181203ae783d8b9f8dc9bdda211132321aede6408d398420b8ad49,0x337dfa813aa6c24c28704bb879817ba8d7d64b3a4a614648fa546a9fa10ccaf7,ok
0xba0089779d505689449783496c3c6fd7449c0d87,1,0x02973071d3fccebf48e482a6135d55933ec88bcc26d77ae78ebadaaebb8284fc54,0x04973071d3fccebf48e482a6135d55933ec88bcc26d77ae78ebadaaebb8284fc54c5411eb07d7380dda75be5298870bfbce0d90ea508f1c539a1a191bc79688750,0x0bf83acb144d10f720c533beaba166f2c7d74da08001e257857338527b825da7,ok
0xadaa8d8edfef7905df2c6f5f5c825c0a7718dbfb,1,0x03f267738955699f208b067664cb7b8a2e5ce0ae3f21e61a6bf2c748852c36ae15,0x04f267738955699f208b067664cb7b8a2e5ce0ae3f21e61a6bf2c748852c36ae154bd8c18c5592bcb8a117cfae38c8dc9c5a404aff9adef33e9bc2c3c8f45fdbcd,0xa5484e9fb898c2a2026b1715bd1b84f9a661a781e15ce8c584843ff73eee5742,ok
0x2d3aa1b6a5478b4348db9b78a47ef3c52acf3a58,1,0x035c27e5e7d4bd20c18c854b154caa09441ac8fdc2678ade5a363b3029571194e6,0x045c27e5e7d4bd20c18c854b154caa09441ac8fdc2678ade5a363b3029571194e6be91a40fc90d005281c421e3b99c86602cc0457854fdc1487dd75a1174ee9479,0x6c89ec4d66ba2fead22924330a0d7aa43b76b02ad3b49869cb5e82497e667202,ok
0x88da36152d4691e8d4efc998ddb7b22fe1b16898,1,0x02cdc5c53c4737a990afc6ea4907f12c4c38591f3eb7d9a006d9725000fbc20c44,0x04cdc5c53c4737a990afc6ea4907f12c4c38591f3eb7d9a006d9725000fbc20c44ff0b4b4edf089a455a0ecc55be7397e42fe1523664dafb758cef4d7a5b016c18,0xbdc7667c29d9cf694bc548c90624e3a66625879b233e6a0bb943e283723dc66f,ok
0xdeeb76d5ebe18f1b2ea98871c287ea97e06b59b3,1,0x037e80c0cab2bbc16e9b4ebbe0e7093bdb2da0e68a4123cb1f28b4f5bc9861ae93,0x047e80c0cab2bbc16e9b4ebbe0e7093bdb2da0e68a4123cb1f28b4f5bc9861ae938226f7fd692fb87082a41057a582402a0ddd2a7b03b3429d884f8ce3b4f061cf,0x12a1831c28f351520a54ae05d2e239c160847d91b49ef1c43e32377a7262f10a,ok
0x5730a4ed5b30da679a12f23e13daadcc7b65e624,1,0x02e28b9e7df402100f427a8840e3988e928cf7e06c08c7c72491af4cf7e82d40d6,0x04e28b9e7df402100f427a8840e3988e928cf7e06c08c7c72491af4cf7e82d40d6974e557d9535adba32c3a07dd0d80ffe07422ce1cb268b6d17df37e1d47f2c1c,0x9e9486849ab2d5a78fb31e01b36fe7b42655f1c2df5257f5521d2de660586064,ok
0x7dc888c57d04932d18404c268a73cd7b018cf5e7,1,0x02e46a5c0562a5b0998d99d218008bf27764616b8bb48f02bf230311fa3bafd98a,0x04e46a5c0562a5b0998d99d218008bf27764616b8bb48f02bf230311fa3bafd98ae3699a22d3350624db493f0f91f7d7b434c504050c3d29a5a26142f1d84f0152,0xcb4cf57137727232beacc7389d542f2040447e29feec15631b874da3346bd15f,ok
0xaf075883d775d0e313949e339af76b2c3ce12765,1,0x038ce8658a57825604a2593b4e8193a3ca33fc5b43fda8040ce0e09a90b8cb559d,0x048ce8658a57825604a2593b4e8193a3ca33fc5b43fda8040ce0e09a90b8cb559dbd7e72aceda81a8dc6fc1d226213877e4b945b1bc05ae992a9c43673e43f8875,0xa4b309047dbfe336e3f5b4021b0f45848d48ccf7fb13fabf36f44bb96ac30917,ok
0x02b47aa6585071649096dc99da19e67f9154b1be,1,0x03719e3392bd6b982bf22ce402279ef7e9a919aa6d6e5295d45786a67db47fab8f,0x04719e3392bd6b982bf22ce402279ef7e9a919aa6d6e5295d45786a67db47fab8f1e88aebad66de70d710a14f4159ffa001bb44d103502d3e7d5f0442b9988e18f,0x55190b3233fb6284c5e3f38117667334f97220eb78a0e6b0ff532dabdaa01013,ok
0xefaf81b63ef63f0b72fb3655bccbe2b7c335a175,1,0x038e2445d6abff24a9fbca8617a99909c2db4ed1e29a04135c3006cfc433e2affe,0x048e2445d6abff24a9fbca8617a99909c2db4ed1e29a04135c3006cfc433e2affe658e9b051731a109348c8dcc713e6de5680bb23c59807386b1fb7c1c168269bf,0xce96df6951bab8d66f06aaabdcc36094cf9155817c3395b3ca568ae7a1744f29,ok
0x0e9e263087906fcf6e49a2e6e70d890ac3754757,1,0x03b0a43889ffcee9f6765f5d560a903855345f2d4d4b7e9345bb917b229220267d,0x04b0a43889ffcee9f6765f5d560a903855345f2d4d4b7e9345bb917b229220267d2b028253cc05ae9271d6c8c4f352c39cf3035855a30cc6678e901e3992ba3093,0x9487bc4ae2584efab1d8e67dd91f3ca0e47749df6c64f52344d7e2bcac949cd1,ok
0x383b82332870440ca6c4fc5db091b4132809a96a,1,0x03b445c58d56f66a621ed156cc3676237abea35ac66a2a1524c95d96de4d6c2465,0x04b445c58d56f66a621ed156cc3676237abea35ac66a2a1524c95d96de4d6c2465a9e04ceb451696a8872ede4e3a6f18597a513ed8a5527e26ae6e4dde7d0eb357,0x21e2ed4fefe0b2dd1e9cbb1077aa2beb017fd20f5fb94a496e8d840b8c71f8e6,ok
0x158b0a1231b91c2c2e7a6e048913b71549b894a3,1,0x0252350c6c84a9f0a4589ed29e0a022cfa750c437db26c417fa36880a2cd7112d8,0x0452350c6c84a9f0a4589ed29e0a022cfa750c437db26c417fa36880a2cd7112d8d02048050df3028ce76b9c0cd6098dc20350897c966f64b94d72ef619c33dcb4,0x3ac9395eeb27e59ecddb9a6c8ddb683adc2e69e720849be9f3ecf8193da89d6e,ok
0x902c91d8ff694572814425cfe7e456fea23dbf19,1,0x039a0a5350aab1589ab362f4019247acdb6338286a9db9001ea2e9b3787f336b46,0x049a0a5350aab1589ab362f4019247acdb6338286a9db9001ea2e9b3787f336b46e333e5f51b6980209ca537a638b711fe8e96f6b1f33a1f34ad25c9960951ece1,0x959a6a1c2ece02a7266c47dd3deab0f9be27de89d97392dca32485d187bb1932,ok
0x858538bd9d3f3433e2701e0ddc1e3d4a165699a0,1,0x03e06ac7785936a3649a38183b357ea7d7e0d51c475d97eb312180c4813d08c6c4,0x04e06ac7785936a3649a38183b357ea7d7e0d51c475d97eb312180c4813d08c6c4c3d92e8dddfaa85e6cff9bd79795f6236d24f39b667bfc2afdf53270e7784583,0xd3f32db57bc81d03a97ba949b30ad85a5aa01be51420c7af31d0771c65d146e7,ok
0x8441f889a817c739e07ab58d65094098c534ad57,1,0x0302f59f0d106c5031daa26dba9789b3f3c9996d307c7834d813006b2473cfc025,0x0402f59f0d106c5031daa26dba9789b3f3c9996d307c7834d813006b2473cfc025aa48951dddba936a164f71e4885f5817bf858974b07368813f58d7b40db46967,0xee7f8a359f32a0ebaabb1e82a63f752688431e76ae2468371b50ce8df84f80d1,ok
0xfc50b32e5f2199c27aac7e8c716f53f1c8dc5856,1,0x0237c1e0db694ad705b51637dc11877f49cc2c339e80942e3b4b84c2ffe1d3f596,0x0437c1e0db694ad705b51637dc11877f49cc2c339e80942e3b4b84c2ffe1d3f5968fe74ff2def05f4447d96c8cb3806d57e75b2c2d1e76f626273b0d598fec2ae6,0x2797926476a15b0213971dc6b4e6cdd7f5adb233cf77ef33cf3a2a29a16fbb3c,ok
0x61d0b688c4f6bd9014c16131b7b74ce35970c654,1,0x03463c5d9ec49775848efa43d729a7f50bb8a58662ccfefe5376fa7713677cc926,0x04463c5d9ec49775848efa43d729a7f50bb8a58662ccfefe5376fa7713677cc926faa310bf79ed1158e6a557285c8dd92804b3b8c28d3cf3f32cf06be3e5b337cf,0x9a40bbdcfc95f91bd4fc413b9e2c65c8341741df41609f30ca19aa018c2b01a1,ok
0x3f029d5798e4c2a2320607c77ba3cb5038044ad9,1,0x03567417ed624b5003afce7c9a570eaea1ecf8a1df265f443cce5a4ee44f0a2281,0x04567417ed624b5003afce7c9a570eaea1ecf8a1df265f443cce5a4ee44f0a2281e85824a519f042f7656cff6280cbf86badac70e4ec96284156e42dbfebc9ff8f,0x2cd2cd7dd7041478da76488710a337113eec506f20dfbc16f25a667a1d5271ac,ok
0x4b7bae8c8716a97191344a3269d0c75196811505,1,0x02ee7556298920a349f531007addc7bc948f67560695b570ccc720327922fa123d,0x04ee7556298920a349f531007addc7bc948f67560695b570ccc720327922fa123d433c44b6448cc833ddddf9172baa02905745ed3ca022c1593ce5287d4943d1a8,0x76b54e5a4fb7cf36cb41c010d21456e213cf4d9e718b42936419dc2017e5ece8,ok
0xb698be40b6ff59cecdc5472bcc6ba5dc8c087786,1,0x03be5c8ec0e0ec9f60cb0b8aa1e0a4d077cf62bcaa456664115812eea1e0f0efca,0x04be5c8ec0e0ec9f60cb0b8aa1e0a4d077cf62bcaa456664115812eea1e0f0efca3631f732588a142005f4202fab16ef911da2be5bdf7c198234ae4afff0511561,0x1324497ede10e6cc6d04ba12f538265ecf3af0fa20c5f650cebb2e1f4d04b6fd,ok
0x0b7c4eef5e39d1a69868d7119ce1219f2a79ef99,1,0x03cf5b7ef15b871f1e22a876dd1f611d0420cbf5e40620d0592c4ed57ba6c015ed,0x04cf5b7ef15b871f1e22a876dd1f611d0420cbf5e40620d0592c4ed57ba6c015ed89872979b962b1f31f733c16aeee52ca2d85eedcf43a6ae5caa450e38eac7259,0x9060fdf4994a26afd3a7dca4c9c82d029ec9588f3b1b3031000b168f082fc7d8,ok
0x81d12c287be3c0212afbd4b4f09574f4c1a33c7a,1,0x0238176cc8201379033f078df50b163744a6081df1238edb9c6457e4522961786c,0x0438176cc8201379033f078df50b163744a6081df1238edb9c6457e4522961786c08be0eb04f932fee4ef9b6151b83cbdfc88837bd29614a88876a76493e312eb8,0x0ab4e2e6b747d0ae130fa57185a9ceb1753a356fa0dbe28326777c1aa4a7066a,ok
0x55535de387ff859105a974da0106cf2fe93e2478,1,0x03ea7d7d5f7ec61b8e370810b6be1341ff038d36ba30f6128c8bd8235dccea3ae7,0x04ea7d7d5f7ec61b8e370810b6be1341ff038d36ba30f6128c8bd8235dccea3ae7b29c96191abda83f0b4c62824d1ee86231d6ce14c5d71a7ab82d4030fea37e89,0x163496353470a63de1f5acb1a481c4105c808d086ec63bd99dabeda02fab2b95,ok
0xed62b641db277c9c6a2ba6d7246a1d76e483c11c,1,0x02e7755e7a413869b231cac3f2234f35638c0d178269e4e71be6ad20f76ff70bbb,0x04e7755e7a413869b231cac3f2234f35638c0d178269e4e71be6ad20f76ff70bbb28bc675018ea00258bb08f2f0a8e0a576e9088385439446ac3e6f0af1799ed0e,0xb6b4ff40e536e41bed7d82d103e4794c03e1a05c96c46997a8e469ce7b889247,ok
0x77aeeeb7c9d7445fadbc17f315f230bc69f419f0,1,0x031f5a842cc705a90f1cddb516827d2e11352f834f17d4231e4c5df9df17b5d5f8,0x041f5a842cc705a90f1cddb516827d2e11352f834f17d4231e4c5df9df17b5d5f809a66b77a466ec4dc4338195d719a31264fc9f21e98cf816b6ddc849a3d64401,0x6161864193cee87b13b51c4bb354b1eae798337b2c89c1cb051ca38027809689,ok
0x6901e5ac5d1f6a3bc1e88b1d014b697e683e5c2f,1,0x03ef7ead43c200689b75ea447b3ba24ed241944933f771157a370305638c2fe11e,0x04ef7ead43c200689b75ea447b3ba24ed241944933f771157a370305638c2fe11eeba3d947423ea3056d0cdae37401d1f73461d5dbc7d5100e510e8b2ae8be5b9d,0x1ed909bb7ebf726aebb357e210146f105e023e8e81ee2257fb8f1f842198f3dc,ok
0x60a2d59554c1a956f8b88f3c4ad1c6427f28f17e,1,0x03d9587fd87bd8284921e31a800b3e8eeb137456b50d3006fa2b63e4a8efad0352,0x04d9587fd87bd8284921e31a800b3e8eeb137456b50d3006fa2b63e4a8efad0352648c1518b39b5919bc67db80337d55cef2525bc6643391f2d0a7a7a3daf183bb,0x502f50372fade01f9eb095714066da3360cab2e7a442beb869a3253ff27f1b3f,ok
0xd5929c85bab03db68b1c9c64b6c1bb606fd55505,1,0x0242ea0b643bb7260cfcff0dcfdedc4d2e136f56b8faf63cec4921680c84434a97,0x0442ea0b643bb7260cfcff0dcfdedc4d2e136f56b8faf63cec4921680c84434a973a3685af235a39ac680c289daefe47c875be72536c9c5b01f48652029f7e63c4,0x9d020c91a38c9cc3d92af17118987e73513d297d2e0de279fd41e38d058c7706,ok
0x3bbf88f87e92d73414686445263fed8c29fdced7,1,0x02fe5e02792f51534dfc3f133ccb792811d7c62e465ce13e473fe268cf4d62da9e,0x04fe5e02792f51534dfc3f133ccb792811d7c62e465ce13e473fe268cf4d62da9e698b1e86f05882cada021a14acb6d4c27a271fa9eaaf3b51d57bc404509c5778,0x152acea0fdb66cd9a212bfc2e8284ba4e3faf46a5a8c36e3b0d95bca7734990c,ok
0x08675b498e158121e57ce6007ba058cecdf5514c,1,0x03722e6f6d84b62f85f56ad3f1a4c1e23ea02978ba9590db46cca82a3d47b2c754,0x04722e6f6d84b62f85f56ad3f1a4c1e23ea02978ba9590db46cca82a3d47b2c7542821f613ee23dc48830651d2aa34b77b7619c71853fe78222ef196d522a9fd05,0x506c9bf97468286e3c1c71bf08f1d900bb7b1d6ca3a4a93220df7ae41671b40e,ok
0x29675476d6f6fe53982c62c336ac6c6ccee11e2b,1,0x03eed2233a94673e39f125f9ff92048e0b06c599f7a981d80da3e811910b880c85,0x04eed2233a94673e39f125f9ff92048e0b06c599f7a981d80da3e811910b880c85ab5370bf2ec2c43f44c3594122c80571b990982d3ec952b32b6a630f99a87ead,0xc573a09cba0c75953a04b0263fa105887b01ad54b49018a9cc03983b8cba66c8,ok
0xd50b8e22d6db3a69f2112b33907e743524d0fb83,1,0x0362a682fdd119d63171dc1031969049169fc0727f74e4e741ae41cce351fb9c91,0x0462a682fdd119d63171dc1031969049169fc0727f74e4e741ae41cce351fb9c9160dcf5fa41c18d8dcad291ccfccec0630473543b899c364f8c2400065d3c208f,0xe1ebf1cd7a47477a09b9089b5f00e0e8999b0429c36130315346783c54312839,ok
0x5d95baebb8412ad827287240a5c281e3bb30d27e,1,0x03911ebb42d3e5d13c1a0d2c3cfb50614501bbe4054ffd2afa84c12ce3c5fcb92d,0x04911ebb42d3e5d13c1a0d2c3cfb50614501bbe4054ffd2afa84c12ce3c5fcb92d58407f772dd16c898b3cc05eb00774b06f4fbc8e22ac7e62918da9c9b6e282d5,0x90376fec920d60f8319cc7b92e83ef40c63b7e9e2e30af9d4d8c87b46438125f,ok
0xb341c23fd8874b85287bea44e93d30bccf89debd,1,0x03cfb7a20fbc6f8fd8ce527d5ca57e0ecd13d361a7bfc6847e4ac80f3042cf884b,0x04cfb7a20fbc6f8fd8ce527d5ca57e0ecd13d361a7bfc6847e4ac80f3042cf884b574ee2052090edcd7d6785934e959a37e98b90b3560655dcf6de9dcca0742a67,0xc52bd4577cfe5a40ab617481e79aae4a824776e56be120fccc15b8c90d8562ee,ok
0x2d023c5cc5eac7098916fd0270d07fe11daaa647,1,0x0302f0e04ae61b4f5942c4eea20b4e3c0417d4ad5e1d2a12b997da013716da4d83,0x0402f0e04ae61b4f5942c4eea20b4e3c0417d4ad5e1d2a12b997da013716da4d83486700fda0c6dae000da3851d2f5cf97159467f3e91ca4beb380675c8a562a6d,0xa72552e7f710b5dcf0fb85789128193b67c63b2479d5c7ebebf4aaf0c5c71dc1,ok
0x6ff31e226a35b8d5fc7382813a072449ec577b1e,1,0x020ff1eaf696f27358ab0c5195d8c288b625248cf318b1cb436381ff81720e31ce,0x040ff1eaf696f27358ab0c5195d8c288b625248cf318b1cb436381ff81720e31ce7606d1649bb1ee28db34c18e4ffea11b0fc1b2608088048313ad5e2009655014,0xb67afbd63a6265b82afe554a1e60311ea98bbd2bd811572ec9eacc091a4fbb18,ok
0x5a7e5bf072ce374acb2a72e6cb105f9682ba7d13,1,0x03e07251600b321dbc594d640042335bddffca6d8cbf1ff6aa5325927a363f2c36,0x04e07251600b321dbc594d640042335bddffca6d8cbf1ff6aa5325927a363f2c36e5562a4196b4d678ba0db6266b7f901732ad30155cf6f0b6939b80c98f0af94f,0xf1d3c07ed545db94a4f6e5e49fcb0bdcca21eac1b99b94ea1bb553e0fe4af44f,ok
0x7d20884d6a0f26cec98ef5dfcb5afd6e5d386549,1,0x031f1db074436e90e74b72de036a6b028b6874194fd1ec0cd5f1af86f5784b19ec,0x041f1db074436e90e74b72de036a6b028b6874194fd1ec0cd5f1af86f5784b19ecb7cdb71b50780b3752c31cf27e4737d955c051b903d7ce64f7743cb6cd5298ab,0x3c4b05d871d97b1ed4ec95517688cc6ac9e13db8594f00a18b8af24059a91b5f,ok
0x28ea68195192b083e106612e86c97f4afa876b18,1,0x024220a606eaf433ca50bc7c43121d779abe1caf807e01b566b21cf3e3b14ed08b,0x044220a606eaf433ca50bc7c43121d779abe1caf807e01b566b21cf3e3b14ed08bc65cc4a69c24d1d11143686721279ebdc6212261f1ce2936f5c62fa37b5119f4,0xdef7179e500a8da62b05932c7e9372471e4cff998af79a1a7f1b7fd0eb120f3d,ok
0x30d199a7fa7a786996cf06d23f6a6e30e60d6491,1,0x02ddbb29ac1346f08ea0de70fa4156604f18c0a93436a3b0e7a2cfdca2ab818ce8,0x04ddbb29ac1346f08ea0de70fa4156604f18c0a93436a3b0e7a2cfdca2ab818ce86807461247ec7d370a1ae90383d022ffb53eefc881492c6f80c09808f6b9e908,0x3c36d6936bb00218b7426dcf3caa0b4ac76ad82649935ace98d1396570e321f3,ok
0xc7f354b172e53c0dffa8db17b028f634cd2efcbf,1,,,,contract
0xa7c3945cc5fde9bac9bc43fbc09a796e39d2dd8e,1,0x03563d2071f4b73e2c8230367bb81dd036f99ff98fb71add62764b656932291cff,0x04563d2071f4b73e2c8230367bb81dd036f99ff98fb71add62764b656932291cff874ed7bd6668e3a0b92546fe1a5f496f102beafb3f6a9f0b6ad4836f083454d1,0x3e99aa7486eb5dcacb42dc726ffff6eb51ca473aecfaafb5e68de5ba2c14092e,ok
0xb3771d3419ab1063b15eca7a9ab68076ebc34b60,1,0x029acb2413afa157a0ba0d3f06c64aadeace10d1997c32b955c64e168810607715,0x049acb2413afa157a0ba0d3f06c64aadeace10d1997c32b955c64e1688106077154a9b8a3899cddd3902ce8be1fff10476d5f7597c86dbf7a81c15a362b97337d0,0x48a8a4c125e3c2a948fe3cd5c6eaf22537f91967d3e3935035afe9e751ab27c0,ok
0x6352e18c480c464334202ee322f87ad155b1bc34,1,0x03619478cda96c0673283ee81374e6b0dba46b92409623e4fbb23668b5448db230,0x04619478cda96c0673283ee81374e6b0dba46b92409623e4fbb23668b5448db23096a186baa8d205c26c0c7edfad906ef2ac67fa4d3f9c58e0bbcb51310dd230bb,0xba7a1f2f09ad309c42b605aa019e756959fccfcf0ef61b93241b9fc427df77bf,ok
0x4dc8bc753f495f346cbfabc1b43cadf67f1bc741,1,0x0202e669e41865561039f96fb33bd5d6b4481afb713dcaa52fb6873d0d12a1333e,0x0402e669e41865561039f96fb33bd5d6b4481afb713dcaa52fb6873d0d12a1333ecb1c14702024619207fbd7bc430b9fb5ef48f809e0a13f94df28e7eec688b9bc,0x030b8a8506a499746ecd87e0c060bc6452a2fab2e1eaea4c8c21553408874aff,ok
0x2fcd5b84e04ea940afff17173e67ec64376e1dfc,1,0x025bea63aed9d42bb3d7a342d18ec0b96564017a880eb8b69c74fde1972d579bd4,0x045bea63aed9d42bb3d7a342d18ec0b96564017a880eb8b69c74fde1972d579bd415a27d550b509389761983f0060ed5d60e4fe1036238e9c57e567a6778620c80,0xd9ef4298fd7436edc35397e3f1287013c30890caa72ea531da38af620256ccb1,ok
0x786f377c1ea1ecf253fd590db6433b7f7b84d708,1,0x028e687477d7b8bab711cdb48a9ce0d3c0bbeb40cdb251aabce585626cc3685d14,0x048e687477d7b8bab711cdb48a9ce0d3c0bbeb40cdb251aabce585626cc3685d141d682e6dd543a2ad381a1783139801f6ff85ce7cc26d5efee16d7e4a5a9e798e,0x08510b747362e1bdb47b0d44a08745c635b0238c8d06a85e25296efa7962a93b,ok
0x2860782bbae75aa3aff5ee2b2aa0476ae93fe3d7,1,0x02bb39f298feb4982edcede0906d4e91174c27b1f13065db2b10f37ec5870d817e,0x04bb39f298feb4982edcede0906d4e91174c27b1f13065db2b10f37ec5870d817ec210022d1b706770ebb90f52a9107d3ea766837aefca8118c72d401bbfac0ef8,0x86c9d6a01696309a974486eda28c1da766f8f88178039b855cdd696708d1d99a,ok
0xc345870709369dc81c8095d5088a349e40b820be,1,0x02afe028b5b1c51f476aa6c37e7ef238dcce5c425845acfa86e3225500b41495a0,0x04afe028b5b1c51f476aa6c37e7ef238dcce5c425845acfa86e3225500b41495a01e086509ef08748901f9f3dc749ad6f01e408fa452b8b86936f87993b5d12066,0x37ee00203504c86997a171962e0250aa30a44e6c95ed0f11cdc8a3a71fbede73,ok
0xa77acff6b70d2a51eded73821aca3bc701f00e72,1,0x03a4a32873dcd1c015e95aa42d4ddd128e86ed1d9001b1240877757e24474a46a3,0x04a4a32873dcd1c015e95aa42d4ddd128e86ed1d9001b1240877757e24474a46a307cfe753cf144927cf6dec213fb276ddb889af44dba6db1d0cdf44c5635893b1,0xb65e0e9a38f8676502ee5744119d4b897722c5f4464e1c785a218f85f4fcb2f2,ok
0x558207de3fd376f7de3353eca26e181f0e179b71,1,0x029d9daf7467e6be2a9c9cd68665d6f2f21e236ad0c15b0d039be3df15d0120a60,0x049d9daf7467e6be2a9c9cd68665d6f2f21e236ad0c15b0d039be3df15d0120a605f7c50386afe9952d53a2e217f0a4d53dff5daf222e0c0ddd8586327c4d9a09a,0x2dca39ad4a32e45a27835df546d664aced9caec58150cb5c12edb62b73494095,ok
0xedf7ceca52bc2f7f776ba81092b8bc53215f6c0b,1,0x03c4c333f38b4e0bd462162608b5d6b5aa640f7dd4ddfa0aa13699500ca2852114,0x04c4c333f38b4e0bd462162608b5d6b5aa640f7dd4ddfa0aa13699500ca2852114bf4813755d25a26ae7fc5d81a770cbc1a5c7f5bc5632de4ead07dbfff987515b,0xdcbb5d779c2c24c31486fdc44bf74b991debe48be612ec1f520d4e874d21dbb6,ok
0x8061405ea4702e66db4a2a0c0be5504ab4577cab,1,0x02004d30af293bdf5ec10c0d2e3562bfdc5e88594c52b333c5c41a1379f4f4b9d7,0x04004d30af293bdf5ec10c0d2e3562bfdc5e88594c52b333c5c41a1379f4f4b9d71bfe5f01dc41f16f652063f5038590a90a4c4b071ee3d25a203d27d44117e48c,0xb6845a499d6a0e60374afd93f28ad325ec1be32abded7085fca31baa919c8d6d,ok
0x86eb4fc76166561c9d8ab8b89870eba82701e226,1,,,,contract
0xf1a4d90add6c73e70ada4205ceb88bcdc250996c,1,0x03d81e8bfbc67649de5a5ed0993164158557a4535b7d7ec59471db26c4af533558,0x04d81e8bfbc67649de5a5ed0993164158557a4535b7d7ec59471db26c4af5335580c9f86a93e38ac853a2e2b592a88621d7c0f6b09fd30ffe67271b07b60a38b3b,0xc53ab1a8d1204218fdc88066baa794080f5de26c841298d8a6214e5d419ca855,ok
0x3fb9ce956d9380eea5010415b21979790c328cae,1,0x024981b1c6e3c4030692e83d25ad34d5403766482038c157ff6b9f82aa52a2d86b,0x044981b1c6e3c4030692e83d25ad34d5403766482038c157ff6b9f82aa52a2d86be042d0ae03b42b786f5bf68d6b94f532454dc2ab1e120838f980ed4c7100f596,0x8029aa9d33420bab8aa5fe5b7c30c2f1e6177bbd6f782956449ce1789f9db5c9,ok
0x8b0b5f0d411a8e63eb6294051ccba4de281b05cf,1,0x031518108e2235b0bceb947c57d86ea022255a7e553bf3fb6c218fe06964fb4290,0x041518108e2235b0bceb947c57d86ea022255a7e553bf3fb6c218fe06964fb42909062332d716294f1963a9291da15c9ec585ca69e974d5f706064fe0632ebb19d,0x47c8ab31a4aaf9926453e237359034cad48863e07fff351d4a623e469294f3ef,ok
0x094e82eb22078fed1703342d96efd072f33b7cb2,1,0x03611fe41c18100abe6bc70608e1bab79a1e5ee39659710d0ddc7c1e52fa49dbf8,0x04611fe41c18100abe6bc70608e1bab79a1e5ee39659710d0ddc7c1e52fa49dbf89c5f64b32e0577ef5b0c87fe97c40552a00701ebef3b2aefa1f50ce0d25ae4f5,0x9f6cba2ad42a3c3dc02b9153a553f9d0e5539cbbf2eb4422f5ceb102373337dd,ok
0x001f0e8d5eb2fbf14003492a61d2d20da451571c,1,0x023bc0c3f4c2b1d217d52bb3b25c29063a25db2d9cfac2742b5cf630615e021182,0x043bc0c3f4c2b1d217d52bb3b25c29063a25db2d9cfac2742b5cf630615e021182c82f2a580d0872cf05df711136da70721e1484912add813dd32cd12198b2d156,0x2cc3f6f024fa4e9ecf9363eb6a549b8cf020ab429533bd66e84c2161902789be,ok
0xf0912ae44946bd40b2b60c93fec695803e882e5e,1,0x02f1d01d4d1304d71de2fe4b35b440f6646095f7a851fbdd7ec794fb425ce78293,0x04f1d01d4d1304d71de2fe4b35b440f6646095f7a851fbdd7ec794fb425ce78293a47d5c84dd5be72796145c395312d1ca8a6bfae27dae30e6e53264760f43fdf0,0xf0b7d3419a9074c95df309b6f017163a6abd52e7b870429ce50b67e05a80cc33,ok
0x4e2b8023ab52345818293df2cb8905fdd7474a00,1,0x037f1b812387d66363c6cb3d86c844bd583ddb65d04ecc6e48a849b28ae77aaafe,0x047f1b812387d66363c6cb3d86c844bd583ddb65d04ecc6e48a849b28ae77aaafe48b2108cfbcb75b64b34ef3fdcc085f3313bf02de6a3fa9c23987808fa08cd29,0x2ac337c356631cc78bb7937bce3ec2289caabed861fc8ad5d4bcab291c3cafdb,ok
0x9ffe02bf8ac69ea2e666475eb6e89aa30e6eef7e,1,0x0205d03913199eddc510060e0e9244e0b00336ac59bf2161f0f047edc46bf69bf5,0x0405d03913199eddc510060e0e9244e0b00336ac59bf2161f0f047edc46bf69bf59f06c52d17efb0077f727c8d50e3a7c174c7fc87b3ec07c9132c65a82a6654d6,0xdd8d8093bf90648d116c227e342d036c2e737a7c39618ee99e2ef3b22f1b0fa7,ok
0x9843bf9d99fdaa7f6b9de6f1c3c253c9ed0d35c9,1,0x021e573d00c10a2b06689ff82b705c4025bda176f6515c017952f591619b04f242,0x041e573d00c10a2b06689ff82b705c4025bda176f6515c017952f591619b04f242d867505411e910227ed7f8d0202f6d5c86784f60aa61280d47ab4adfa165e32e,0xa690fbf7009e91bd1d971fb3813a4f2a42df0d8218745c77e501b6b39cb94208,ok
0x73cd3ff079ff9291892c2f89491a5c60c3e8d203,1,0x0396f3b5614c2c97d26a53a61ee36d440ecdfbbea5c4769c89fa124109f68c095c,0x0496f3b5614c2c97d26a53a61ee36d440ecdfbbea5c4769c89fa124109f68c095cf986a1d6f8b3f317ecc09a9eae3c6c48b458a8a597ce1bfc7222eb2c7687b5b3,0x7223188fb457a7932a26f230de82c5c57f09859a3bc082b464970e4ef03ae190,ok
0xaf906155a4e624c7d39f8f15271a5f8b01b3915e,1,0x0206236673d4977990401ab09932f60158eaa3996d5f7e5fd4ff9513e8daff730f,0x0406236673d4977990401ab09932f60158eaa3996d5f7e5fd4ff9513e8daff730f288e0d34408e0d7865b514e6dd10ddb79e42480aaef1da1b3854010c3958ff9a,0xda2ef6d9b2e780eb9dca2dac762bffbf1910a134288f47778ef7f6fef1a2bfb7,ok
0xc0910a17b732e9fd89426c95f7aa8429ec616ca4,1,0x02bed5ff39bb049d04300da9a62b32e8747f8c0c6ce9f98842ed35b099957ed01a,0x04bed5ff39bb049d04300da9a62b32e8747f8c0c6ce9f98842ed35b099957ed01af0c93a8e2a8ccee4fbbdc341c10a53eea2ea2ed1c04860bc70a21a6c0583e986,0x88cfe0a93ea79e677edebdc05c6c2a5027e0e82a0fc17b129fce31540d4b187c,ok
0x4736b438d76d9eaf216561ebf8b67a6eb1360df3,1,0x022e6a58d119b13dca275c66783b5b79e339c85c81309898bce3a5752ee5bffa17,0x042e6a58d119b13dca275c66783b5b79e339c85c81309898bce3a5752ee5bffa17e52ef61c02c9e1a22b69e55c994772e23f9176178dd274b31cd99cebbd13d752,0xf5e728b0895614d77d867c49dab659c2eaa65071a01204de99c26393a0b5774f,ok
0xfe4703f50b9565b67fa28f4520baa46cd4521995,1,0x028f9f582fe26073f4e5a66fefcadc690e00ec00ce14c7e22c39592aa6d01cf93a,0x048f9f582fe26073f4e5a66fefcadc690e00ec00ce14c7e22c39592aa6d01cf93a1bf4e5512d4c45563e2e861368b6dc6d7712daffd079f2dd48bf93b71b19d42c,0xa34d05fbff5282b3cedea4c90ac4b33e762d8d4f961b70c55ec1241bda8f581d,ok
0xc8a5e04987ca1bff06d6eb1c16926a6dcdbd9735,1,0x031b6f5edd4f0f7450c00eab766e9e6aae1a9778aad925a93239b852b51430e98b,0x041b6f5edd4f0f7450c00eab766e9e6aae1a9778aad925a93239b852b51430e98bf91c62421130f56ae68df81322ab7b982d877c007ddea30b35c245878c453645,0xc94b51ac609b54b0c0f1118d34d8faca6938356efd3a9de7acb098d8e3a5a47d,ok
0x264051d5d43ecbec3afee657b28448da20ac56d9,1,0x03e62c13244432bf69a6b025599af22fb6108fa641a9441101204d1f043a8cfed2,0x04e62c13244432bf69a6b025599af22fb6108fa641a9441101204d1f043a8cfed2bdb7103f23b4e32db6c6f6f792f50b9feca9e80e9ececd5d7a2c93517987c9ad,0x527c087c869e826ed38ae1e78f42de907dc0805c5bd4ef6fd0ee8c452857a06e,ok
0xb19ae610f9b9694eac23ddc8ddab62f959031ad6,1,0x03cde30c890baf1703157743b74e263c7ef242d955dd31965eb001041e8c7b4472,0x04cde30c890baf1703157743b74e263c7ef242d955dd31965eb001041e8c7b44727ec2e66154ab38385066e85bd6929a5ed6e11dce56e10e4dd84a043f404edca3,0x929e24e7f87bc110b58e0380d92f4ad4bf773e541ac3804f4fa47192c01ffd7b,ok
0x79bc997dedd61121164d6b300a6084b9e19520ff,1,0x0374196df85d2b92c7438252b56ebe3fd70ea8c62931eee4147883f69e38d98da4,0x0474196df85d2b92c7438252b56ebe3fd70ea8c62931eee4147883f69e38d98da4732f8d83e26d90c5356c288304e62723bc9a00eda61414c1272b2f3461ad8289,0x075ebb4eea7948f1a89de50849b1036740e5359beaa5246ac1842afcfac7c284,ok
0xf261490b0e5ab9eff3f70af5f64aac9fa667c6dd,1,0x0234d3cd51433ce2c02d3bbfabffa3f3b0a1cfd5bc1f87ae9999235bcb4f2f773d,0x0434d3cd51433ce2c02d3bbfabffa3f3b0a1cfd5bc1f87ae9999235bcb4f2f773d2f8d9dab6f7b614c3517acd3c5b4d7bcde152396ef5309bdd5c3251376d33702,0xf2e8c1c139829ee35fb2a45ee6e5889340b73534329f6cbeece065019e47ae76,ok
0x0a945304d825cc05a9750641e21d78d54437e118,1,0x0359fb0f0bedae46ce86ba78d4aa1a2e1c490d42f81c653ec2a2c9cd8b238a3199,0x0459fb0f0bedae46ce86ba78d4aa1a2e1c490d42f81c653ec2a2c9cd8b238a31997576d2c5692c8e711f92005fec13893fe8e8ffee95a9ae54c720644a5ddac5d3,0xf6eee65d3087d7eeff9a48e7c96a6ae4b3fde2e90d127bed269915e897eee641,ok
0x1c96c981531c542100ab65d7c561280df43ff9f6,1,0x03952347402c8203fd2e0ec2772341e2e561846facdde5d87b13527d3d01360524,0x04952347402c8203fd2e0ec2772341e2e561846facdde5d87b13527d3d0136052454d868b94a53bb7cc4efdbd99a36aba16f6ac57b3bc502a902940d4ad0f243ed,0xb3f2917db8060383a1e0dc60a9c6c8032bd13da7e44ceb478d190d6e0396d53c,ok
0x52df1f2bc528ab8ba7b9211c722b62b46d7b982d,1,0x03a2cb767fe90133fb5cee5bce44714f87f0913c8faf56c924c23322983e00eb23,0x04a2cb767fe90133fb5cee5bce44714f87f0913c8faf56c924c23322983e00eb23f03a092f70fdd8838f8a6138356d63a771453692c227eaabd93640dc0812063f,0x406b720f953e4bcd7b50ff3737c556a58c50f852fd5aea4b10f9ead250ac564d,ok
0x801307b9f0bbf79a8dfb6c857c84e45a75b9ff7d,1,0x0319a3e58dffc2b7aa6ab50605c53e184b126673dd9954bdd5a3d0cbf7ff1fe327,0x0419a3e58dffc2b7aa6ab50605c53e184b126673dd9954bdd5a3d0cbf7ff1fe3275c1fc6a0e234ac771e0a57bf908e1b6436518423ccd18fdbecd305caea8c438f,0xfa3b7397da7a46c7214b6fa0ef39f5a2b488fc7c30f1f4d6a01c98d53c6099c3,ok
0x3a7cc7722544b64c89fb95293023864a7efa5fcc,1,0x0354abacd76c5b13efdae395c87574c59ef5ca3e2b6c1e02afc3451432eaba6a9f,0x0454abacd76c5b13efdae395c87574c59ef5ca3e2b6c1e02afc3451432eaba6a9f85245365f19c46b8d2a4b4e473daaebb63c3d90f865b80a378cf84b3ac5394f1,0xa685c57721ff3a49c002ebc1179c4d8ede7bd70d30097d7d895aba87855b41bc,ok
0x6de4dec2d0d95c746b2f801783484efc8c2f2055,1,0x02fad493bb950776c6be17fe0c6956200b66e21de8e45ffceeadab937079482e8a,0x04fad493bb950776c6be17fe0c6956200b66e21de8e45ffceeadab937079482e8a523a2ee8ed71ad931a1eb9ff7b14560333d283e2d5702076bce61961339cc5d4,0x97e4c6becf49176afc5df790013e03ac2a66bee872106341fc8164b9d191d72a,ok
0xc2474142573394b11298a637b6a616ac92c1f744,1,0x02e3ac718ef0460e29ad22b3dc35ff3773aa0932df365e7d80e0409ad0e215a39c,0x04e3ac718ef0460e29ad22b3dc35ff3773aa0932df365e7d80e0409ad0e215a39cc45dd016d5dd216e1d496c326e574932c755222dcab7c4c331059f239eadf08a,0x2bb76b853f262d8ccdbe5705df761c71d267ed7d099fa2eeb92451af26615176,ok
0xf3c69588bacdcfeed8f3dae8d369d08f846dfd4c,1,0x036480e35a3e6140fccbad08f406dae7a9bd707ddf669241a235960bbdc57c2dd7,0x046480e35a3e6140fccbad08f406dae7a9bd707ddf669241a235960bbdc57c2dd7f2f7121793a34443431bb11b220ab471d572c807951fd983daeb0afb121c1e9f,0x74b3ad62bb234c1863de084bb5ae0c5b045a49dac0b24af70bf851bc8566cb8e,ok
0x7e442ed9caa54ae689636c65304cf6ad81fcee35,1,0x030e35bb68409bc8a7067033a7cc1b803256700126c469aed35e50d82f364ab8be,0x040e35bb68409bc8a7067033a7cc1b803256700126c469aed35e50d82f364ab8be0228efe013c99d4f65c2d386808e5b8cfce48bff53abbcbfdb3e615ebf9bebcb,0x6297e3545a7c6ff8dead1d0bc7b20c24178aca0d60757783a4d7ff0a72242f43,ok
0x795697494b59794806420707ee606c02cd5bc9be,1,0x02d6e0c8c29a62b4717cdbf0a72f6092b5016c709cd482d1c3c1259733d70d582c,0x04d6e0c8c29a62b4717cdbf0a72f6092b5016c709cd482d1c3c1259733d70d582cd134b421d7842042664bcee141913a1a5199bd8fc9dd4fc24904219db83bc572,0x80fec68757fe313587fd447f1deba46e18fb7da6a4abe8aeaba04accb3567d42,ok
0xa51d3befe1baf4a0128282163e7a7f3816adc6b6,1,0x03f135d8e42ebf32196788b20aaccadd4fc60367e31725aba28426f4ba75849067,0x04f135d8e42ebf32196788b20aaccadd4fc60367e31725aba28426f4ba75849067149012ce8ec33d8ac779ecfddb7c7bfadbbad27d17e3c5a635a0397655a97969,0x3e4bd15df9cf5fd967bbd65211915df1746ef4ec8362b62649d6c859d117bff8,ok
0x741f767fee9542608aa9d6d867573dd900637fc2,1,0x03a4634af442746a777d50147c296b910cac1e7ea3fbf31b74558f6fb77f323672,0x04a4634af442746a777d50147c296b910cac1e7ea3fbf31b74558f6fb77f323672c98ac482e7315397b56c2facf2d7721da10a87c617c7737d01b30a92aa90502f,0x9c6f4209fa1674a344a582e328d77a664b03d836bec091454d394e1d3d00b141,ok
0x24ccad84ef8989ae1412be57486cf4b809fce9fb,1,0x031e3cd8759ea389820dc9fc494c4a9057ec2de63049f0244920cfe7d39dafb1e1,0x041e3cd8759ea389820dc9fc494c4a9057ec2de63049f0244920cfe7d39dafb1e16eee57205b2e0da4a8d99e52b3cbbd3856d3838db063cf883a9e838c897fb57d,0x90a7cb40efc8ef26b23363e422ccef8027245e76ddbb461bb2a7b1274863744d,ok
0xf0b728eecad5c69d5f37ef43d62d28e8dfaefe05,1,0x022a32363e8f6840b5f11cc32ab123ae6549610116abb76167d565648786abeea3,0x042a32363e8f6840b5f11cc32ab123ae6549610116abb76167d565648786abeea31ff63c726eb6b98413b5a6b9fba274a8584962ff80ac233f877be0e5c58359e2,0xfa89a570f1731abdcbc04ad08717b4238ee7a51cf62520a467e1f931f0367590,ok
0x34ac95ea10cccbbf9e8d93ff5c1950b8205b79a6,1,0x038745ab7adcd0cb66dc67c02a2933dc01d4e823e9e8cf16d8fed864f335f11f57,0x048745ab7adcd0cb66dc67c02a2933dc01d4e823e9e8cf16d8fed864f335f11f577e47f69980f477be0a79950194131fe5d3a61943cdc6182e7849245e5cae1a0d,0x3d5499bcefe8d1ddb991470b591ea6382b4e63e5949e5bd1dc362f8ff0d8ce22,ok
0xdf4639cc600bcd9c6a5f4d62b6bd7811f20142de,1,0x038d7cf8d55c2862a725aa2dbad2df287b05291b3db442983d123c0dd3a118e198,0x048d7cf8d55c2862a725aa2dbad2df287b05291b3db442983d123c0dd3a118e1989a0c219b7ff5b27fa9cbc6d2b92cc7484fa64684647d5f81d8c91d79c57d88b7,0x1b824badbcfc1d405ad503c5b0bfe3ea19840abb672629edd4b8d3987eaba0da,ok
0x092e0c72973530c76b20c99d2097409d2651b5cf,1,0x0337e13ecd05d2c37f7ea5ca08059242ca2b0e59c97efb0250d7feaa08432640f9,0x0437e13ecd05d2c37f7ea5ca08059242ca2b0e59c97efb0250d7feaa08432640f93886efe7fccb9f261098ad8972cc3a488e3aebac4c2b400dc6916f16b46d73d5,0xa10e348e5f1293a16f899864ffcd54f2e5c630c0cbad9beb7d9265e8e861b7e6,ok
0xc28fa76f1985821eb20456c8f2ce67543f881cbc,1,0x025ff4b1264f76006ab0030867d9cbac0002684872e39450d251f94985bcf940ad,0x045ff4b1264f76006ab0030867d9cbac0002684872e39450d251f94985bcf940ad92e6ecfcaae22b6e50dbff939c173a706c211748c33fe3242a737446d8915404,0x9227ddb9cf223a715ead19a344655310db270afb286e70fd54d570a8196fb377,ok
0x58f2d2866ccea4533897dca7e83a805bd09cedc5,1,0x035c06ff7d57f547e114df26253ebff47d29ca3bea3b447079b3462b49c2223618,0x045c06ff7d57f547e114df26253ebff47d29ca3bea3b447079b3462b49c222361892fda7adf9c3c5a187b9ec814b7bd29cffb9fafbba3a6202b4b568dddc6f5a61,0xcf635b474c0467d19e32840dccbf27d8340a76f6fd228afbe6095c6c315de86b,ok
0xa4f7962e5318fe28fb9def79844fe876acb48cf1,1,0x02ff5c470acc8ea6f92c0db56f035d78ff704da52fea00f4171239c2578681c7fa,0x04ff5c470acc8ea6f92c0db56f035d78ff704da52fea00f4171239c2578681c7fac530619db5ec4e4533fd4d43d4bcc2a946468436bd3c44034cc1250b390e88b8,0x06dc9da4dd2678f7d5d71cc34da56de6a42ad507b9c66c5e9e5e69ca426d8094,ok
0x87686fbfec03b3d50de0ba030145ff2343b84979,1,0x037ba4b0e3d6e9bb6483a8e429f959898bd807adc99503197ffd41b8ad488ddf10,0x047ba4b0e3d6e9bb6483a8e429f959898bd807adc99503197ffd41b8ad488ddf10cb9bd0c375b1ebe68950f84dc9a3316740bc762af52cad1b0239222d02f6d62f,0x8171891f2b4244c67e8a2c7bf15d6aa2262337a7c964d881f1798d5a8f3a37f5,ok
0x5e1127be6dab460330e97e0dbb4912accf6ea178,1,0x033bd531368c082ebac18a505f7a330d7c420e746a5a76408d506012f829fff8f1,0x043bd531368c082ebac18a505f7a330d7c420e746a5a76408d506012f829fff8f16e38cff90c1d7bf4c7502da1b73391bc454d4ba534888071322d3eb0494547cd,0xd33591ec5d786e8f4dbca75ba0a19167fceb48c11b2148b9538cd079015e59a9,ok
0x928cae3350c43df501ba8f6c2b132ab034e6eb14,1,0x038f6976f9b3c7b7b35f07c0a9726a54b090aaedce6dddfc8d00880f19ad9f8491,0x048f6976f9b3c7b7b35f07c0a9726a54b090aaedce6dddfc8d00880f19ad9f84919882925c2f6a236f0f0c1b41f70cbf76f23e07ce6efccfb2fb411efff0e07f21,0x5672409e32d2fa8e74e7e768ce17d42e68d970752da0fe35d806d262bba6e1d0,ok
0x97638b7427a46c08cca724bc89a6d2b348503e7d,1,0x026e2b0665bf17cb85d56c664a4211ca87ffd5f85586e75aa8bf0102b85564315b,0x046e2b0665bf17cb85d56c664a4211ca87ffd5f85586e75aa8bf0102b85564315bc0a8f569a79129a97c84d8f3efb33e9abc4d6ef43df5bb934662882aaadbdafa,0x39b08060443de82d7aa06e4db063cf923ad26465b9b4ae3991472cc340de28ec,ok
0x31ef99bfe64c3019fe94884feba575d22897b452,1,0x0320b02777e4bb1b0c6ec573b6d3f46079f2a9c25a21c76c1f496f3beee1d80075,0x0420b02777e4bb1b0c6ec573b6d3f46079f2a9c25a21c76c1f496f3beee1d8007541438e81e57869c79e3bd0bfee359bcd610f42abf1d95f404d4e60a375285721,0xc63bf71ec372bf8fd84f0627cacc6602877fbac8c6bc696f5bc1aee219e5a53e,ok
0xb9b912c9c976099c1f061263bd233e2e51340905,1,0x0273a3ca41fb18f95dca62e9560f1b5ac568d5366d7196b659597c1fc190ac4ef8,0x0473a3ca41fb18f95dca62e9560f1b5ac568d5366d7196b659597c1fc190ac4ef8cb3d6af6e88fa4ff50441257c3cfc10aca4821a199a40d4c2a42254674bf6d2a,0x4faee41e1a67d0f7a795ad66801f9f3bc760b62ac6b90cce987d5861bc0dcfd1,ok
0x9a5736c522160521c82d3c26c29778cd443fa5ed,1,0x03b8824bcdebb7aa6da12fc80f8a1c543c423a7e6c0f99bc45f2ef67a822941841,0x04b8824bcdebb7aa6da12fc80f8a1c543c423a7e6c0f99bc45f2ef67a8229418412d7622d11f933b6f5b2518351cc5a10de18bc5b664c092d2369816ad2bdbf38f,0x588c9cdb1420c95de80ee01ee5a86211b0b9e8eea50edc0e6b8b06621608deec,ok
0x2f7a3761dc480e97306cc72a967dcae296bc6767,1,0x03c888f51b1256c444a3359abb13777ffbc03a7a968b98c1b48fe7b65433718b66,0x04c888f51b1256c444a3359abb13777ffbc03a7a968b98c1b48fe7b65433718b66faeaf0cabb0508b611039c3587ce64984b952e44423ebca4e741d20c247fbf45,0xed305730eabc01feda345481c9cf4608fd5781dc195f105df080a8937bfe6cf3,ok
0x45d36f5f4a363d3d716f2f9e5a04b355f14be99b,1,0x02389bd6c0a1e66b9fb481cf0c2734c8c85643cbab1fc1ea17f2c4c3d1605df10e,0x04389bd6c0a1e66b9fb481cf0c2734c8c85643cbab1fc1ea17f2c4c3d1605df10e7e28674a68963d66d9d90ad7da230036f793ae5b7704d2c065b8d0e94d21563e,0x7a10fa929a64f88b4ab295c666e4d6a15d2e8fd0db0538ab94a4aaff58dfe91c,ok
0x45ced3afe67e06ac5f342d15b5aac568752606f6,1,0x030087f4385509e76e3bd9be1bd4b53f795ca3b6e4d3f2c74e6c93af7ef2728185,0x040087f4385509e76e3bd9be1bd4b53f795ca3b6e4d3f2c74e6c93af7ef27281859a0ef72e83c622bd3fba012fe1cebbdfa41e270b4bcb8ab3cd4deb1041336667,0xe565eda89ec796458f46fbecb144098f0182c8bd8ecbd0efcdca34dd86c34279,ok
0x8d831af167fd380d1c0884458b95e3e2248ae3a2,1,,,,contract
0x073017d201f8f7f7122cee51f6b9692723968782,1,0x021865b22741ff907f102f048b7db3940fe9c507aca1417dcb23bd4e56a43906a8,0x041865b22741ff907f102f048b7db3940fe9c507aca1417dcb23bd4e56a43906a8a10ac5f9f3a002d40b17547508664f55a4fb41b291d3af9abef83bb24b923f1c,0x396afaccc2ad9680dc7e2c6c0c4e9dbbd82b660d3f8ce7a5ea00fa4eef185420,ok
0x69f7106d6709a7d11b2dc2f7f01ff0a1d2d909fe,1,0x0292262c96514a1d0f50f0d231da2ad454e559f5f8731215034d56311406160ea9,0x0492262c96514a1d0f50f0d231da2ad454e559f5f8731215034d56311406160ea9c6d94d1cb7bdf54982b104541d8248b0ffa0b868157be80537a4e7d47642e662,0xbafce0ce978bde9bd4826351e534236d828d47714588fc82a2b3d92bc2dc310f,ok
0x466ac09ab6eb9be8eb2226284667e10067e55d13,1,0x0237e0da53fed0da575cfe53dda1fca9d8f2f1687496844d3c65fefb3569fde8d4,0x0437e0da53fed0da575cfe53dda1fca9d8f2f1687496844d3c65fefb3569fde8d412415b9a5c925f8e5f6ceb8e47a5c5ba08a53c748bafb63bd9d76a8f28dbb870,0x0fc7e1c787c85780acdfd32efd4d8c610efe446bf599a0419b713b9d8a8eb0d9,ok
0x1ffb7a981e19e38adafe1bfeb1496275fe074f99,1,0x02535312e86da62c431234fb6991177e5b3ac54cd4b4c222dea05f936b976df429,0x04535312e86da62c431234fb6991177e5b3ac54cd4b4c222dea05f936b976df4295c6deef3c6fbabb0164de56e172bed844737726568c25c83929ea9a695db4d84,0x94be9841657f112d6fc7c1b52596709587120add9b291e7117b2eec6a6da09de,ok
0x64fd4ca23c8ee9e88575111a88cbb533c025db97,1,0x03fd75ecd540d0cce8d4ea5080b73fea31cb02738f1b3987542887c2508aed8078,0x04fd75ecd540d0cce8d4ea5080b73fea31cb02738f1b3987542887c2508aed80780f4169294b113a1261b8ffc029226c998f106f445c8ae46945169cb128b7e709,0xe17f81b2b97f45be9eb98137f3b09256c8f5c25b1bc33e7f5677a7c1ed21c500,ok
0x1920408996bfe129859e31c8db482aaa5c20b1d9,1,0x02a7bbb6cf905024905dbc14ec07c5b75b3a465998faf87d3ab4d1a3f969a94e2a,0x04a7bbb6cf905024905dbc14ec07c5b75b3a465998faf87d3ab4d1a3f969a94e2a556121322224cb0546bc7404da766e49403700f0c0f9407d6bf4b673e53871f4,0xad8833787ee093cc1e975f28a2ad20748363a508b098c9678571fbe9b0bd1394,ok
0x24747286ca54e9dea95e01f3a223034aaa0ed5c4,1,0x0286974a36065fffbaa89a285297179c9735e6f68fbf38f056a07a6270b4d1eda5,0x0486974a36065fffbaa89a285297179c9735e6f68fbf38f056a07a6270b4d1eda59bbf5ac6d65726607a50cb46039df808711afdbf5662daa42d736ab6c91799f0,0x945f98c0e49b8adc10c8d57367f3960d0083eac90f98f440678a4483e79c306e,ok
0x7e788c62c9ca849dce399e90f912beae14424616,1,0x0214542ff53913b8fad2b7eea4c85174098a862dbb37d97dfbccf8c54f1aaef194,0x0414542ff53913b8fad2b7eea4c85174098a862dbb37d97dfbccf8c54f1aaef194a6276e2ee3e5313e461171b9907dce9e10167903a1af63346e1a61d2e7d0f43a,0x0f9e1a63613c70cc2eb7b1a6fadcd98d08b61d5d150ea453659ee20a259939ad,ok
0x0500d25538d73c7cb9ade3f530352a05e3e43cc2,1,0x03abf2c18df5617ca270c848593417f63510e3c4597c92b06471fdc7ed7f30e2fa,0x04abf2c18df5617ca270c848593417f63510e3c4597c92b06471fdc7ed7f30e2fa3db981c5655cad16a9dbc71f4803db16226300bc38ecf84d4c97022300e48237,0xd051d7a3e51f719dd6c5e101fd52e39fbbdb390dd5ba97dae6bb68fa865b6449,ok
0xec247b56a193267f62a497e4cdd3d2bd26b1caba,1,0x02c0a892020cdb52561a32298643d413efa426cf4a1feaf4afaf520f2524490521,0x04c0a892020cdb52561a32298643d413efa426cf4a1feaf4afaf520f252449052189e1d2a62b7ddd7705a3f18d9de02a7a1b2bb7c49e2dd62f6160301c8b3f33d2,0xc46a68821d5ba87e820470759f73e901a314c6c4489a1cab24b3e5b56d9eba06,ok
0xf0e2f156e4bc6e6234ad8420acaaf4e859295af0,1,0x03e0845a4553642a9f41a0bc53f3157091fddcfc11bb2a959d07fe983a5313da12,0x04e0845a4553642a9f41a0bc53f3157091fddcfc11bb2a959d07fe983a5313da122ee5b238e70fc6c8e466bd438e0d1de8cdb6a426617a8105fc9b0af40413e53d,0x852d9af20d9a22c857f4db437b142808d0f52325437d0063ee9f7e72c9ae0217,ok
0x60b547c3b1bafec6da37879d6745920cb4901a45,1,0x03014242653a6953387d68e3f14e60cecdac88164108233cbe11fade65fce005b0,0x04014242653a6953387d68e3f14e60cecdac88164108233cbe11fade65fce005b05ce427c2a4c62ee0301fe0e776a12b82b59ea6c6519c4e9f27b742cb7da26403,0x9a35a8eb45c9feb43f896a25d47a1dc170195d0b652f52e232e9fd55b7bc9dd5,ok
0x12be25f0bd5be3a78066078189a74589f67b51ed,1,0x037e0174262edff8c8b10465984b8b07ef97e3d947e9f1d327497d742f4c1d1952,0x047e0174262edff8c8b10465984b8b07ef97e3d947e9f1d327497d742f4c1d1952b5cdbe91a2690939e062f9b730bf884ada6d01109b1a577a3bf92ae29910709d,0xad7ce759ecb0d5bf9e5698b54c405151126299cb2c10b3b4ad36ace4f70c165c,ok
0x85d7bf2e84d4d010628c8440802e908b8402cb7d,1,0x038a7fa0e85d43c382b362cba7a41f7c5e50c4bfb9622c9989daf2a68e9318cf45,0x048a7fa0e85d43c382b362cba7a41f7c5e50c4bfb9622c9989daf2a68e9318cf4547bb9cefd8ea85ebe76417823181f390d497639c179a7e0017b03c9bfdee0ec7,0xa14aeba7edc5ae526a65e4d4c29231aceabb8f36eeeda2bffe21b1d914bc2f8b,ok
0x67c91232c0ae9e78bb6107191260dff610a62404,1,0x03069c9e4c4d5a5535fa17565b46b2437def4c281c10ebc3ed06c6248e7f522df7,0x04069c9e4c4d5a5535fa17565b46b2437def4c281c10ebc3ed06c6248e7f522df7040084a40732b7d444eb3242cc2253d134d8d5d5a72a539f491dfea9e8d18957,0x9fc0a57b5a06a2aa5bce4f61fdd0c3ed0743a6576946743e993cb80823ebdd00,ok
0x79743678d39248a6d95b789b121000dad6fe683c,1,0x02eb7e7ba27a40c5aed85ab627bd646e8e32402b4446c815771a4978057bdd0384,0x04eb7e7ba27a40c5aed85ab627bd646e8e32402b4446c815771a4978057bdd03847c10327d66eb9fec0b4a1c8e6a35deb18b39defa825280da81c4d5e6cf51aa7c,0x91e96c9f5029de20aba257f703e43998dc1ce7ce7bd14f4795054c7c9ec7c355,ok
0x13e9c7c081144c42fd439640cdefce906e67a633,1,0x03f939f0cecad89bf535d9c4a3fdf127afc78642cf0eae9d098f804cfca5ad6b61,0x04f939f0cecad89bf535d9c4a3fdf127afc78642cf0eae9d098f804cfca5ad6b61c94393deccb309e1fb59a7aeb7f8f44357ba3f035a67191a9484335d6e496053,0x7f4d73412859bacb492266b4bd0270a2d5841f99fe91eae9724fdd9ff5ce36d6,ok
0xb853568d8ce3a66228e33a9d19f19f17b6cd2e03,1,0x03c446fba457b2a5ca7692f8c326975bbc2823cad345a76029257b2b09f3bacd22,0x04c446fba457b2a5ca7692f8c326975bbc2823cad345a76029257b2b09f3bacd228d532bcd2ddcd4068ed4d52e95004b6e6b8f72e340d51259fb7372c0baecbe39,0x16726f20afce1effdf077c5d5d8c16deeea015ff4fa56b54988fdb544d1b5107,ok
0x0b2bbbfa148579a38183fdec747b5a05ecc88791,1,0x02bf266e789b04d928a411808d8c8b11fe35034457034bde17f85f0ef4e3725996,0x04bf266e789b04d928a411808d8c8b11fe35034457034bde17f85f0ef4e372599614e4fb39bbae3efaac4f3ed7f89d5dfb21ae097a61289d7557efd3a98a887a1c,0x2b989d46bd31ef4861e56d0319411db1f0f056bb42acf7da99f35a533ac1979f,ok
0xcaf784dad9da1e9eb69726e8cc12b92c533b2556,1,0x0339230a56fead1664ba53aadf10e912d5b798a4bb780c6f2253e65ddc497895c5,0x0439230a56fead1664ba53aadf10e912d5b798a4bb780c6f2253e65ddc497895c54f80b6d0e4baa4d62d73e5f3fce07e140db2f9202b19f024ff83249eb2b03867,0xa073840cdb6f5ff2d695c7dcf77c3427d73858416fb56d85208e31c54ae8a9c9,ok
0xf25a3fa34fbb8a3e13c836bf26a5eb96d01bc2fa,1,0x023956903aa5b2cb7eb7b6d9eaeb9ba6774dfbe88c2efe6060e1411a811858c981,0x043956903aa5b2cb7eb7b6d9eaeb9ba6774dfbe88c2efe6060e1411a811858c981009eb32d6905f15f1b08e978e4f60028ab5e8729d6b346cf0bd904cc15ce1e5c,0x89ffe7aff0b8db4b23efcfc21d0abccaced028bfc2f119d00809074f9797dde7,ok
0x8c4acd9c3e86ff0e551aa697c7946522c956b3a3,1,0x030ae53e9220f63aa3d93880753c47e820fb5b1d9bdbc826050ec8660c4168b9d1,0x040ae53e9220f63aa3d93880753c47e820fb5b1d9bdbc826050ec8660c4168b9d1d7efca49c1a27bf933586507a5ff75d5262fce7c20381ec0135de40aa6e857b1,0x1c9d751a57410d98d1dcb42aa8d597174d6d13267aa18d8f828ce9b819b76d52,ok
0xf155d38ef94208dffb5d2332d58e17d008625744,1,0x03da99667536ecef3465071140a5838e2df1e2ec451ecdd1d35e354ceff5ec3cad,0x04da99667536ecef3465071140a5838e2df1e2ec451ecdd1d35e354ceff5ec3cad1a06c1e08155e3aeaf02d6bfe174202526905051ee9d30a00f5fc40c723e4cf3,0xb942912dbf1e1a27e9e2f6f343bc092e8328a8a1f0959df426b639b2d0aa6d37,ok
0x620d6789008180fc66af0ca3c926ec40bd3ee3a4,1,0x021c6e719ecd93ad67bde23ab07277a6f6410f045a76b034300206f004cdb157be,0x041c6e719ecd93ad67bde23ab07277a6f6410f045a76b034300206f004cdb157bea22aa5c58a826c7654a64d65bc5565f81f898324da7d3c48dc5ff5138484c6a2,0x6822022c5864ff774207112ccc6953e932b0b783e05dcb81d0dc1bc2359a336f,ok
0xe24e6c1f12240ccd5f0b30420ab4b7f9ac4e7b70,1,0x03778494d5f43cab22829589a30ccc62fa5688febcd0f0f61b4f4be063d8b3ddc4,0x04778494d5f43cab22829589a30ccc62fa5688febcd0f0f61b4f4be063d8b3ddc4343e8d0f57581f40eeedb1fb33942fbfc506d6ac2640b9f608770a99e7f20aab,0x93135815bc308ac1de997526f4183a08fa6d58a428b2bb32a3576ee704f9a646,ok
0x7ff31dff93c89dead180ea1f7a41e562b7d36917,1,0x03c066500150b5f59d81c0f41673a919ca284fd7efc295d7354043a9e443a88b98,0x04c066500150b5f59d81c0f41673a919ca284fd7efc295d7354043a9e443a88b98398df4bbdeef4665bbac993ddf2e33c31e14d8243759a194269d8feeb41e608d,0x082322e6d1067adb3c71f6d26558a416c489f6690a68bc2b8632b923854f1ced,ok
0x5c1cdea6df8d57e42af7947fff52caf40e42dd1a,1,0x027d9812ef6a2577d7eca277df5a84d0077282ad5595ca59162110931d916383dd,0x047d9812ef6a2577d7eca277df5a84d0077282ad5595ca59162110931d916383dd90a33de93af5c4727a2a61655a48a7696f83ebdb700544c3377b424f8794862c,0xd3df8963bea58b9fba05a2988ee5e645f89768232ce5c9bd88e7d136d6199f41,ok
0x052d00bb189ce78ae245826095695016dd67a63a,1,0x02c733b342b5acbd890f4d3ff40e9d8068179f315400b091346bfbcdfa0db5cda6,0x04c733b342b5acbd890f4d3ff40e9d8068179f315400b091346bfbcdfa0db5cda67012c566377a9dfdad1a77455806592ec6d3ff3dbe10fb1b2be4ede6d102b452,0x2607eee49508beba75996c48f43790922806ff5cfa7e8f584f3bae9c1bb22383,ok
0xb18b04d004434ef599ff8238aa1af4898e9c2f11,1,0x021f3df653b0af3072c74497a22cad195e7b88abfa5e086f07e567f21ead4dbe89,0x041f3df653b0af3072c74497a22cad195e7b88abfa5e086f07e567f21ead4dbe89d67980c271bd63095f39e3c7f31a083203018fd4dadf68af073861da28fc52ee,0x47b73c0ed58bfd54f9aa551761839f85300e5d9dc33f76582e229557658a9e48,ok
0x27ae95656d5a423ff934693fe1f6f9638fdff0b6,1,0x03b858ec5913e2fa6981ee6b7fa5511fd66362aead22a439674762d5fb5f99d5a1,0x04b858ec5913e2fa6981ee6b7fa5511fd66362aead22a439674762d5fb5f99d5a1ae5096f79662ff8176671231ae3f780580588eb348f274a1120e6ffbe65230bf,0x44d0f876c3637b3650c71b1e122aa79de8c211a2623c4b26a42180ec75b065b2,ok
0xdb7a4d4e8476b72f431c40c35e39d33199fd471b,1,0x03ca046be0aec56fa4e055ebbe1a0ee292dda4abf1dc64afebc60dcfa9d163ee46,0x04ca046be0aec56fa4e055ebbe1a0ee292dda4abf1dc64afebc60dcfa9d163ee4673ef9a6cb2b30e480668b2e0350b2a8c31b0ad0b3394be8578a66efcf941f729,0xe01f96364f7f1da7e7eb01474487a4f905a581abb4313da90e00cb4347bb31b7,ok
0x51c158459db4001aafc0d4724f479a7d184e381f,1,0x0246f6c758ebd097c8a7e46832aa6f19739361b9e723c0f761aec232e2d441cf4e,0x0446f6c758ebd097c8a7e46832aa6f19739361b9e723c0f761aec232e2d441cf4e3ce1b20134df20ee112347c9b9edeba157dcfbe8c300a49de1510bc71878a008,0xa9e7f16754886ed636dd88ca60f96573d7e76d97bba1ea0539efa9469d319465,ok
0x9ad57c5c93eafa5af2be9da37eecaaf5814f41b0,1,0x035a8e799f14bab379e90fa449ccf82876dfa9d7f9be09d6915f5f9a584302f257,0x045a8e799f14bab379e90fa449ccf82876dfa9d7f9be09d6915f5f9a584302f257efcf0e2ddcd40e1d59d0481189aafc74b41d9a21179721d3c45a728980500793,0x606c0c360b4170de79d11afb79619e77fbd0d3fb703f77e9a12603f7d24c920e,ok
0x029aad14f6d8312920a2072c947eb1b380e05de9,1,0x03ede5988495ce8b942ae9d657f90702f58ceb1fa1f03d4de383cfa588397e2343,0x04ede5988495ce8b942ae9d657f90702f58ceb1fa1f03d4de383cfa588397e2343d35f71c0ebee1820137509a43191e94f336be9a37b1383464b18ca3c711e0109,0xc066d3ab4223863ac1de8fc8b72943fbd1cdbba79eb7b1e602f485715a17aaad,ok
0xa7543adb9e90c9f0e508c02157acc7c6361ed681,1,0x03caf5b158d76aa6e71f5a393fec16eda012945b6c34b840f4956160f5ae31d277,0x04caf5b158d76aa6e71f5a393fec16eda012945b6c34b840f4956160f5ae31d277ec1f1671bd6ebaf289b888eef16fd34026b713b79b2de5ff63b4a0e06135e737,0x29098b23f44be4944df08b8918c167c4a6dcf4474dde78e11d8933f7f081e92d,ok
0x8b8b792158e203fa189a18518735a14f59d9ddd2,1,0x03660a6ce1aea04e206ebb64424e2220fc48ff2f374a52bea9bff34f9da22eb460,0x04660a6ce1aea04e206ebb64424e2220fc48ff2f374a52bea9bff34f9da22eb4608eb0e3e4a2af252f6dc0970557d16072ac71ba3319b2824f4360577a004a38d1,0x52aa9507170afad9f01aa2263da668d6c9157622480a0e30c3683c151308036d,ok
0x316a6ada41aed3d788dfe6b14a6c78489b00993e,1,0x03c52b4c9119787ffb516105c6f780cdee05ba0dedfc1f365ba6c07ec7c42ce87c,0x04c52b4c9119787ffb516105c6f780cdee05ba0dedfc1f365ba6c07ec7c42ce87ca707971d1f1769edae1553719449d50b1841bccae1536a705561a049504cf665,0x6b24fee9a5a83580fe8d542a07cf9c098024acf2d70edb7a8849634d2e9bf874,ok
0x19bb5922bc24e78bf716287473641a577aa1c16f,1,0x030cf086c439d05eb9e3909f097eaaa874b3e1a9e3b21ec9f8fc5266ee310a973d,0x040cf086c439d05eb9e3909f097eaaa874b3e1a9e3b21ec9f8fc5266ee310a973d07891af03221e10c492071bb75a1071dc07c72002c7bbf057c26924796be1949,0x1380293cf0f8996199f9a3dd914087eeb743c4b2d1d7f84b5a35a37e40f8d35c,ok
0x0946213ed94b78d6ff34e10e97009ad480c3d492,1,0x02e30eda65ba5059f3eef3a2045adee0ce74b916ca2f68f9f4cb8c902fcf0ebd7b,0x04e30eda65ba5059f3eef3a2045adee0ce74b916ca2f68f9f4cb8c902fcf0ebd7b03085770392df8c47492ffa5ccb195ced0a960a20073122e608d467418d0f6da,0xf37a52cda00b64cee2c920206fa399897949e9bb2c0981a52f931f6c90585df8,ok
0x125633d74dc8590dc5e72ae1fe1c9b8d02e56a02,1,,,,never-sent
0x16ad18330be9884629cbeff863ae3d7c008964ea,1,0x02ab48983420c8e278045fed0edad8769a57835785d6e5f66aae77ba72739e194a,0x04ab48983420c8e278045fed0edad8769a57835785d6e5f66aae77ba72739e194a2a15dd0a7fbf7a75f3da1b1d70108bca2e6bfff0faaf8c116b01f1b60ea81e44,0x190e90abca84f00f06259da8b0716e157c2f424e661770e8e07b9992cd28cf6a,ok
0x4c07f62c7bb6315aa70deb736c4030cb9c3f2a1a,1,0x021cf01d90b2ebd21ca048dba0e767c4bb14bbe013753a489b4fadee47469e9ba6,0x041cf01d90b2ebd21ca048dba0e767c4bb14bbe013753a489b4fadee47469e9ba61cf44ea46e9cbb3919ba4d800fb3502b872f3d064e20a54a564bdaae61b7b602,0x2ab5b371fc1a9e4238e08fbb02ecbfe966ec4a27ad7af7fc9b24a91570ee7018,ok
0xe50000934a2b8021a9b7dde8a065dbbae9ca2029,1,0x021d5da967efef0516082aef2e6a84d2603f1ec0655e4bcfb5ad02d4b2267f406a,0x041d5da967efef0516082aef2e6a84d2603f1ec0655e4bcfb5ad02d4b2267f406a161ede8b438c03a95ba9f8d76530101fb134a1adadda63a7c2a4d81dff089bb2,0x763430511433e194667b43bdff45e6e2e204cfbc3be6144bd0c0dc1c5192bd21,ok
0x5945c8dbf4e3fb4eee2acc31abc880fa762ff6d5,1,0x02475434b4e7d56b700c77aafaeef832e23b910a251fa2d55114519004ddcd38ef,0x04475434b4e7d56b700c77aafaeef832e23b910a251fa2d55114519004ddcd38ef9f9647722ff02f32364e569f677731f5d557ee5f9c8f422c802d2f9f9ce1532e,0xb917ffc1132db68cfffec152cb37e73ff11d6a76fa16ce7a6c288390ea00878f,ok
0x6cf0913150159202de562659b42d3183bd730ebb,1,0x020b93fcd1c1bf81c911fc0ecb8997c67cc14ab754727e036801fcd0578e226fa6,0x040b93fcd1c1bf81c911fc0ecb8997c67cc14ab754727e036801fcd0578e226fa613855e01400400d99539aa611c45f1f8a2b61d1314320ab0029f6b3630168dee,0x688d7b2b526189e4e5836509a8ed35c85c89f4cb94bf77f2a2979aed5a021763,ok
0x94f666ff38c1c911b887c0a252f69ca4ef69c8ec,1,0x031b40b14cb737d3bcc9d1bd5aed970bd3f86552d6a9518daba4011a0bb1fee49c,0x041b40b14cb737d3bcc9d1bd5aed970bd3f86552d6a9518daba4011a0bb1fee49c65b8353c95814af46e022fd2947690f302428762492245e566965f8338acfa43,0x34be3a4813111c415587e6ba2213ff7186a8927a4faf1b3d1ac95e982aeef51b,ok
0x1ffcb895d63701acc1c75aa16bb01d0d61739298,1,0x02aa76bc446543f0bf6499040875a408f8a9d45e8a7b027335d87e893c6f28d9eb,0x04aa76bc446543f0bf6499040875a408f8a9d45e8a7b027335d87e893c6f28d9eb4e537c60caec31989cedba133858c671771fbbba02b6542cbf6f1d37fa6f4cba,0x5930b9bc2edb920fdcd313ed57eae436f610e40e85f834fe916d6745b14590cd,ok
0x0527a861490c866ebd25568e7494531d27ae7b32,1,0x0204dc61f6c6690b4da7357522fe2365de72874622aae0892cabbeac9efeadf61d,0x0404dc61f6c6690b4da7357522fe2365de72874622aae0892cabbeac9efeadf61de4745fb77d5989b30774838c27305786ce068db00a2f7c9cbe4ac927666c9576,0xe5efe7916cf1cb630b95f14d5b70b24b1ddcd57e165440febc3ca7b993ec71a2,ok
0x285299d7c378308544136964d12f355bc51d3b3e,1,0x030c023037c822ff40a23ec34fd607b49b25a458175fb1b0819355195128b29de5,0x040c023037c822ff40a23ec34fd607b49b25a458175fb1b0819355195128b29de5dd0d6346b553488ac01fed254b1b91ccef472a0983297a84bd4cf82f6310f0b3,0x5ccb1da5a9b16a2c33e81b479e259ed2fbd89b4d5eb2be11dbf50cf19aa280a4,ok
0x63e2320b59ae1669fb2881c98bae676cad4bb423,1,0x02e103758073c96c43b82fbbe8244ec9bb917a8396f2a6b688840e8153ee6469ec,0x04e103758073c96c43b82fbbe8244ec9bb917a8396f2a6b688840e8153ee6469ec8e9eac76f91af94cdd2c28263f3fc6ea5e5b2e4b0e8ecd77b6c37dcc39adb084,0x4f8ae9bffb5130a928528d5e772ed5ee091d1fcfa8735aeabff470de7a999da7,ok
0xf5a868a69dcb28edbacc09f0a00a9cbfc215ff6f,1,,,,never-sent
0x7e75ae3093900f30994ddff50d8b74cd4baf1b2b,1,0x024fb8c9dd419fef80e31044034a947c0f4f2db2b33513d88a79ace9e281d0f02c,0x044fb8c9dd419fef80e31044034a947c0f4f2db2b33513d88a79ace9e281d0f02ca90ec1116a87e9873eece9fe725987742a470fe187cd32cc40cb8d74f8ef0916,0x1269ed40ad8fde429fdcae668ad3fa35bd309d8025bcb171cef83f247b3ebea5,ok
0x52eeeec6495a2c7d92651c0a2cf45ea70558e41b,1,0x02a94a57fa9876470ee855b6b969302c0a8583ad5c0e79ca8c0e1d7927f438fef3,0x04a94a57fa9876470ee855b6b969302c0a8583ad5c0e79ca8c0e1d7927f438fef351a92be821aaed0215d157f3dc624ff24bb440d14a681c421c18e72289cea682,0x34011cf45f91c0c27d0f76e439c627e0356b2e9e8d7f0552064100811a58b2d4,ok
0x1bb0063e666c8b6d635e6bf92bfbd33d37a64bd0,1,0x0317df84ac2aa1f846302b79a2dc51a0626c8f03e57dd03a2ae08a745bcbb9b50a,0x0417df84ac2aa1f846302b79a2dc51a0626c8f03e57dd03a2ae08a745bcbb9b50a1fcf58d189a0e36eee594d3a0b2ef5903f1e2102e68be4db4ae3c8134c4ea951,0xefc2551a79b205a1fecae7f6455cb3c869c1276508d0663153d1744a84f80dd7,ok
0xed2f7cd45f1bcf530b1588186ce09faa5104a179,1,0x02868ec42373fbd4ff91be9de3ab49ff9c117353820018eb57db5aa03550c0436b,0x04868ec42373fbd4ff91be9de3ab49ff9c117353820018eb57db5aa03550c0436bb6ab42a988022972c5ea1f89fab24d6d52edb99b7765441e1c8ea28d4222a642,0x317754bd909d16b48095289216683e229f7f446451416939333924598d8b0889,ok
0xab3492b41a1b5a9ca8ffb9393c071ccb1931875c,1,0x02a719bb3b59bff913141b0c5abc48b147df935d10d6734b9db099ff4cb18fceb4,0x04a719bb3b59bff913141b0c5abc48b147df935d10d6734b9db099ff4cb18fceb4fc3ffe82abcf60086b92f0735eefeed4a4c6659570eba066682fdd6728b38d50,0x13d588ea0282a59f2dc32ebc82fcfe51e85409eb4ddc4156dd7fa3ccadbcb625,ok
0xdc29b42c98a51747503d897cbdaeff56954cf187,1,0x03c0ab1489b6fe74c832fd9e996060129298fed99a9ebe2286931cafec31173228,0x04c0ab1489b6fe74c832fd9e996060129298fed99a9ebe2286931cafec311732282fdecc9dcc8304e4fe4cc9780b90756e623f6c146fb7f2437761a245deb2352d,0xd1a26dc6328b9297537d6216e13a23b6d0b7c0a80b3f0bbe8099a947138eb01b,ok
0xc9e4bb320c212d4c7ea1f3d314449c6989360fbe,1,0x02d3f5e49b1f4337b4fd4c88ceae7eb45033f9c8d707e3c4bcde74b950ea1359d1,0x04d3f5e49b1f4337b4fd4c88ceae7eb45033f9c8d707e3c4bcde74b950ea1359d19190545b78226fc86b4b8ed2b38e110b699c2d245a5e609b8c50ac74d0241e7c,0x29a44b89bbbf93ffad9b89f5f203c58f16d6e28eb90e1a389445cd79e633f6b0,ok
0x4fd659f5d6280876d219559453669ec62cd91c84,1,0x03056e1ad4cc30f3b51e901761a6707a679a975fc3cc0a025434b64b23d67f25b7,0x04056e1ad4cc30f3b51e901761a6707a679a975fc3cc0a025434b64b23d67f25b7bc4ae2c9342dd4d0c623dd1ae6a1b683e0b70ec2de29a8ef8e529b9dab64df2d,0xa04f51b6b38c7ecbe3304f359927c7fdd752a993acbea86cafe20db907ff4666,ok
0x8d55ccab57f3cba220ab3e3f3b7c9f59529e5a65,1,0x0306fce029cfaf7a5cc699acf8bb5d1cb240a7e5e4ff01ab607c5b25e2866cd048,0x0406fce029cfaf7a5cc699acf8bb5d1cb240a7e5e4ff01ab607c5b25e2866cd0485b3128e1edf4cb869baa40ad8d77ffb8ac0cf1a42ed48ebdbc612f8dfdcad11b,0x4bb728c30051b0d02c04ab29383ad2281c17b00a4d9e297b3ef1f90573ae69fe,ok
0xd2200ad6e4e46d045004759c5ba8bc2e39f71933,1,0x03be8fb69e1754f203bb010f87715911efe69521ffee7a9d991b7642557a9412f6,0x04be8fb69e1754f203bb010f87715911efe69521ffee7a9d991b7642557a9412f6f1f887a9f3144e958cd84d40f2de078765b2647d9cb49c21565f271f5079adc7,0x974d384d985093e201b7fe7f24530166ce2f154a66f8b6ff4e079992ce23cf36,ok
0x3806a8e4c942461307020474c2e0dcc43fa7fac1,1,0x0367dbb4da488fde8474392720f069a481d41db633fc6fa27f729e1bad6df72e43,0x0467dbb4da488fde8474392720f069a481d41db633fc6fa27f729e1bad6df72e43096b7ae6b74bd8b6cd2d33428918b851d9f1ddbcb4d0a9c7d6843feacb3a8149,0x41f0c197231304082a891b08e7d98d231c799b80043438f89969502ebcf88812,ok
0x349cb33039918abe1123dbb0b58125f0a13015ea,1,0x02ce111c56bc0c95dd4fd892ee670a83c867b3e99597ed1a7792562a0f6c29ddb8,0x04ce111c56bc0c95dd4fd892ee670a83c867b3e99597ed1a7792562a0f6c29ddb8beca6bd71faf3c80ce53c7eae9b3c83383eb183cd7b0bf23935a0e73b55ae102,0x96090979c26cf4de19980281157c6fe93502db331260c905cf5fa9638097c3a2,ok
0xc7bfd78f9dd1d23234c4c5bf8436cf20182df8bc,1,0x0241598ac899564edab28ab2cbdc2117c89b622b54db3bd532b1e2bdd8f85d23e0,0x0441598ac899564edab28ab2cbdc2117c89b622b54db3bd532b1e2bdd8f85d23e0112e4ed157fe63e18b824a086d46134cbc0533b179e906e3ecc604489d9d3250,0x4fa1391005b9ffb430bf9aec987d0ca867b3210e26508f03a825fc5f0e2519df,ok
0xe4d4be522e3770ed68ae20fae3f1f04ad65e85e4,1,0x020fac0ab037a7807e8932eb26f8dab9c67e65154298b1253dfc662d81b82d60a6,0x040fac0ab037a7807e8932eb26f8dab9c67e65154298b1253dfc662d81b82d60a6d0e7fed216187054d7b41ef49b14f57891a857e7a08c9ce1cdd5805338435a18,0x1956d5e5d5cc0cf599d8d90e3fe5ab8eb1b59ebe2681ca02a03e644714b85cfe,ok
0x338db7d7429d561c22390b421ece52a2e27c841b,1,0x03cdac6725408daedaaf782677b6c03e4a1307825c87c1141d688fec15747bb89d,0x04cdac6725408daedaaf782677b6c03e4a1307825c87c1141d688fec15747bb89d6ac834622ecf1dd88886483b20ff60909493649bd3ff81ea4d73e2a1f7264afd,0x8bbf1bec708250d1a1bae73c9681f2566f382b99571215f584396b1af827d21a,ok
0xf75cf146ea30383885ae090e658655500c872536,1,0x02254123fc9f97e796ff2bbe4bab2a5a1dc8f7534cc2c061dcbc08ec928292c6c9,0x04254123fc9f97e796ff2bbe4bab2a5a1dc8f7534cc2c061dcbc08ec928292c6c9036da2c2fae034d09dd2744a7b3aa9ffddbab64488045cb87c69e44f13f4c214,0xe2ae2c51e673fbef5b9b17aefe53b118badaf6dae8cb68a018a027a30fbe2ead,ok
0x18c7ae558036905747de225eb2dec423bd40a79c,1,0x03301c49df5f6e363c6f96d30af13bbe8b1c70fa4d4501dba62574b439083f7dd9,0x04301c49df5f6e363c6f96d30af13bbe8b1c70fa4d4501dba62574b439083f7dd9a6237340a53997f261d110b17c6ba00fa808040d674fa0ee4cf3440e37b403a7,0xdcf0124c341921e0cb21a96e453715251ee191b349d519adde011f788f77d2db,ok
0x51bbd3fb4306dfc010f29d70982ae31e1248137e,1,0x02b7002474dec3582fa267867d248f03d151522035df86141c18df967be27659cd,0x04b7002474dec3582fa267867d248f03d151522035df86141c18df967be27659cd88b761fd3017fdd6b9aa2a08906ef7d14422013fc0dd2d66dc1c2ab942b6ae6c,0x3a60185c5b9c341ea747bdbca9a9f77b6ed047a49a336fde840ab029ca2a4ac8,ok
0xbfd2ae4797e47b79950ea55a978061332ad155e7,1,0x02d860b2f6a8ea6d00d8646c9849ac45f3aab06b9be3156e4b3dfbf192107c5514,0x04d860b2f6a8ea6d00d8646c9849ac45f3aab06b9be3156e4b3dfbf192107c55145afa3242b887c8bd75890c40764a5e4cc9fc04da44251c8f1bd04aa4a093a342,0xa26b3821649ededf1b3cb23f0d89a9c71956eccc83130f67e516606bda6a1891,ok
0xb69eb0f1a7923443c3cbe7f9326258a9f8ddb24a,1,0x031e48b3c62c2ed87e58b933ccd919060b574982badb1d0bb8a87395b3c0415686,0x041e48b3c62c2ed87e58b933ccd919060b574982badb1d0bb8a87395b3c0415686d3d3ddd5d6799877fa64d005273515a74d275c794c34395afa439625b83e0341,0x52335299ab6c426576bcf356acee4126e38e622e0eacaa7a0cb2529c8432f760,ok
0x67e5cf1fd5e5e1944731800c789ca1b17af81873,1,0x0278bcbe6b4e19b2395ba1b0e7a2e8b3d237fc4a1f687ecb8534cd97ac96c7b57d,0x0478bcbe6b4e19b2395ba1b0e7a2e8b3d237fc4a1f687ecb8534cd97ac96c7b57d83e6ddc87fb1e07b991dac7571a478a157ba4a5ed4dbe7ca0282e9a9624ad9dc,0x59def656d54c7f200c9d2891c4cb2487ca991e118d88dc1bd31a681d0904bc3c,ok
0x08f69cfd7b3033a3a0bc345bf4f1fec844b27589,1,0x02f8e202b60a13ceb7a2f4a5a1f35509e560db8a8f9dd204a64314329d02615eae,0x04f8e202b60a13ceb7a2f4a5a1f35509e560db8a8f9dd204a64314329d02615eaeb17a9b11cb146190658c3a0bdc3468f6bc8c7bcf3e8d3d2cea1607737c02b764,0x4a209a8c79ef90a7177f117c6506705db31e57fc59abc551b9b3e32dd84bace5,ok
0xeb608ceb44953ecdbf8b9409435a9a5a0972cdf4,1,0x0314b0de6b3dbf495a439de96f007fa8efb5940274c95754967952f8d10023f1f2,0x0414b0de6b3dbf495a439de96f007fa8efb5940274c95754967952f8d10023f1f2d4736b0b70b356d3fbe7bd1a71bddc623f8da61500079f51b9cce7b8fb3919b9,0x9193b39a0929b490ebdfe4d5f73cd45067d07b10f80b7c657fbe73d044f678e2,ok
0x405e3dd7c8e81e03f549a28c52dd03cc7ded64bf,1,0x022786b232f31f8690c78a9adefa0d3b29dfb7955b3373ee57b20d13908cb28a11,0x042786b232f31f8690c78a9adefa0d3b29dfb7955b3373ee57b20d13908cb28a11c62a7682db91b828461a84cdf792a81651fc98f92b62159fd6f37ef8f2403ce4,0xcb1b5b2f707e6277e9996cd50acf1ce58190caad9be2f9526dfbaecd86968c3f,ok
0x6c027c1edd38dd5d3ce2dfc24d34121de1b96542,1,0x020bfef004939805408239e22442754dd7ebbf1c966ba304759237bb8bd99de415,0x040bfef004939805408239e22442754dd7ebbf1c966ba304759237bb8bd99de4156b70afd8d2dcca9e6c6c12bdc74e7efe0eaad94d149a00d6a87e9b519edf0d96,0x500f44ebe0b10385e6ca9a37099afcef29eb793507ee4d00af20dfcd7a63c62f,ok
0x4f34c582fe857c23cea01a1892cd542c1d7fad4e,1,0x027f737122f58af99358ec03c62576851d9181bba2ec22186d1f50b5286158863b,0x047f737122f58af99358ec03c62576851d9181bba2ec22186d1f50b5286158863be9eb7b5f768f06c2f5bb72fb07c5632ae9fa75b2a036a5c33f76cc2b906a6394,0x050ff0c67015dd0ffabb9e6941e7159796e90f421d94ca240947e90f1e859c78,ok
0x9475c4d8defa0205ed7b3cb2d46651199a3f19c4,1,0x038f920a72c5a1f5560efa3c558faf891ac58becddd650ed578af080a112ec7505,0x048f920a72c5a1f5560efa3c558faf891ac58becddd650ed578af080a112ec7505aef1f3c3472de9e78a3aa0be28c44f12697d8414a3a7b582819e948001d7ccf5,0xe6cbd17eef40930a99c95406ea628acd08bac9f66cc1e159404ec8336d3eb5bc,ok
0xcfdb5c26b95493482ddd8aabbe75d2899f11b463,1,0x0342674b06c14d974e29d27812c2b26cfaf586bb15c563fa0b158ed86c55a6f1eb,0x0442674b06c14d974e29d27812c2b26cfaf586bb15c563fa0b158ed86c55a6f1ebb27c9cd71260960d92d1ea66e794b3b8cebb2492346ffe3c37505c97beb2a755,0xe504ed97eccf98afb4ba36eac6999bca3ff5f0d8de807374b9f55f0e827ea6e5,ok
0x19a1e55c51a39b5a890dd2961651a81a52a730b2,1,0x0285633d26bcfc4f6236b23b5a8f309c79ddbf22468ef1278495fbfa6684f03e00,0x0485633d26bcfc4f6236b23b5a8f309c79ddbf22468ef1278495fbfa6684f03e00681260f9194efc36ba25e528e40dcbba5a1826317846b74a57844b8ecfff68ac,0xc6c037fce065da7dc4a3addab7a861e52f3c84a9ecef5871505282bd1b941324,ok
0xc0f25f32392f72709de05f95f7d6dee88c7a0329,1,0x02616829ff95b2ac448baab868549996b0b8a121b65d2288c3d1cbe9204b3db3a4,0x04616829ff95b2ac448baab868549996b0b8a121b65d2288c3d1cbe9204b3db3a4ee26bae59bc6003b8361b2419b4d0fea0f499343d1dd7f1dd64ff0e32f818368,0x7947950015c9d2a60e7adaeed0fecc9cdd2a260c0bddd5536693fe94c2ef1e11,ok
0xd61d21c65988433e02e049a1d429ba07be981a3b,1,0x03f53a62c5b89a61d74778400c1406fe7151982f63d23b031d5792239ee33ae29e,0x04f53a62c5b89a61d74778400c1406fe7151982f63d23b031d5792239ee33ae29e36aa566c13ef4399087a43921ac40ddf3c106f9886c8381a797347ddb748a975,0x61156af36997b3993217c370ff3e7bdfda7d060e072921d61a0f56ab21f9b849,ok
0xce4eae33d0777bfb987c7ae650b65141155d44a4,1,0x02c38d78c9e06a95d51a7ac1d1da6b17b3a99c5bc73b4de29bcd1541d20f48ac47,0x04c38d78c9e06a95d51a7ac1d1da6b17b3a99c5bc73b4de29bcd1541d20f48ac47e5fc6f90981f30ef7a9cdfeb6c1fc6612a5b20a86ab3b0454dc487d452c6a05a,0x3e4dcd72b83dd6fac5c10d3efa58caa38c22c85cc1fb4edfb015ec195f6237d9,ok
0x33d7e4ca66588da91a229a131af16b99e9e2844c,1,0x021098114271f3f91d76c59db137fd9d9f843ddb586d713c6f8c6e19d945921d68,0x041098114271f3f91d76c59db137fd9d9f843ddb586d713c6f8c6e19d945921d683f71e21c1aea666078d573d5d76b328ae6fe0b5d18a66541d39484d6796fd818,0xea4e9f656e4d0c08ac160cbdf93de4bded24ad83b07f08a63f75838ebc56fadb,ok
0xb51a8fc482780cad0bb3822367aaf4acc9c02ff0,1,0x03ff93250f968fa57cae2cff9b95aa0001c93fbb334498f485dcd77d71170b0e6b,0x04ff93250f968fa57cae2cff9b95aa0001c93fbb334498f485dcd77d71170b0e6bcd05deb10f3a7097ad0c3509243cf3ffd297f64ff82859ead9f4448353b1c26f,0x617d7df105048ae5524eb6fc23643d323d7fab62300d94d290627fc9d3cf6a69,ok
0x12f1f79f9e219567c6f5dd7bcb63f5ff9eb65c1a,1,0x02c565bc49f1ac8b3131fdf59549cdd0ba713b7dd6a0858774bd38fae6a6be00e2,0x04c565bc49f1ac8b3131fdf59549cdd0ba713b7dd6a0858774bd38fae6a6be00e24e9c6eb7bad8a8ad63aa7c03b1344473650da4e6cbd9b2e3d0b2d4f7fa9ca6fe,0xf41bfdc34459f7b1550b95ca5c96450de56a974894c443a609dbc91978b634aa,ok
0xb562a14db318c37196ed00ae5c08c0b81363f9b6,1,0x025d8a35e884f7bd27a03d999bf6d48c666662b238482b76c3e5137226c2b7e515,0x045d8a35e884f7bd27a03d999bf6d48c666662b238482b76c3e5137226c2b7e515709ea4afa562f864efaca519e2443f7bea3d252e498cbc2791fd58197117ee2a,0xd68fb6a98e0cab668b287e0efdf406902d77a5645609f689c7e8352f756ba8e5,ok
0xb11a71af65d2848474081e5afcc97a9ebc1d137f,1,0x020a03707683752c97812057758392e45be52559908018354549db3e463b14263c,0x040a03707683752c97812057758392e45be52559908018354549db3e463b14263c95c5b2428471a5845a7d9a0e4bb1a66f17b60f1b1e14b5b7ac0509cf3b874cd8,0x398aad75c995b928ae66a29326c4b1dbd118e9d19518ff62c9038df1421d15a5,ok
0xc02ed0f067a9a3ea80c77fcc118c94bcee06de3d,1,0x024008eb961f41220633356441c4dc253cb00f403e8ff0ba857dfaff7b8518febe,0x044008eb961f41220633356441c4dc253cb00f403e8ff0ba857dfaff7b8518febe4eb7eeb78279ebe8f60b32be8a47dabf5e03fb6aa813782cf859b626e08544b0,0x3ce4ca9e4cf5db290a540d9b432e67c92c66900d94fe19da7aa667b77c484ed5,ok
0x5ce70d64fb355c7de5f8c1a5bce0903985f66f9a,1,0x035185e02369ef2185513c06d814960508c7948ea0483b7f35a20b1b8db9085aa4,0x045185e02369ef2185513c06d814960508c7948ea0483b7f35a20b1b8db9085aa4aa0d6b8bde508d9031ced9470d9629eb44ac4d5730549c8ae71a57ad113a8db5,0x0ed2c7f11c79c884f30d87786dce4670be58efd4965fd6d03145c5558127c281,ok
0xd6ab3210442765d0bd806db6643da28d307eb422,1,0x02243faec6772d20e4f97fbee302540bdccc88c71e735ea0f60b74edea3231d0c9,0x04243faec6772d20e4f97fbee302540bdccc88c71e735ea0f60b74edea3231d0c9f3083488d844d163318eab5f7a8ef5adfcf76d4161fb1d3237db7e79bd47c712,0x70932cdea7abf9d2d00509add8c0587b69069008b06b9e49c497bd60f9ecda30,ok
0x6d2cc555f81ddd9979cb802afabcca5329f3e753,1,0x032e70467ff08da6b7c169f5433ebdd6c9d970fcbefcf50436681a513740a2f538,0x042e70467ff08da6b7c169f5433ebdd6c9d970fcbefcf50436681a513740a2f53845f8fe30c40904240ceceaa83ddd6c06dc3acd94ab677edf5eca645c09ae7569,0xb6b9e5edf7daa098b8ba852853da9dc9e223eee9cf5acba987c0f08c2fbf15aa,ok
0xe9b28cbee3d82b132b0135e7b4ec3b53c037074e,1,0x0224dfc9bfeb6e108f16103b1448cdde248b34c5fc03af8be012dc2d8b0d738168,0x0424dfc9bfeb6e108f16103b1448cdde248b34c5fc03af8be012dc2d8b0d738168c51a42b7e0e72f0518bdafa74e5b5563e73f3f52199812a5abbb996adc900348,0xfbef953809860d80dbbe1dac322546583729586b405250f133a842679839dab0,ok
0x49f875c4e6c32ea22a1e715dffac28c0ff402faf,1,0x03a7cd732b75ff8250c88b098b594ba10cb5d7bc8cd81605d93595cb8a22b56aa8,0x04a7cd732b75ff8250c88b098b594ba10cb5d7bc8cd81605d93595cb8a22b56aa83f236c6aa21dc3ce003858b4f7d9ca82d25554d05cdd625860f02c9670d76301,0xff25702eef8f6729cac22fa6fd39b052d9fe87df76ba8986b985bf0a5c356c47,ok
0x74d73025f622777374e036dc28f242f7ebdeae07,1,0x027d4e25737152ca4013f8c8a14f8404a47e22935936103450775d8f406bab952f,0x047d4e25737152ca4013f8c8a14f8404a47e22935936103450775d8f406bab952fc157a13251afe07c0d255aa254b81e542f17d27976b26d20242cead885164b9c,0x9d8da4c20c9926c70ec75aa6ad9659876088131c3c0cbe349eb5c28ae2e14b67,ok
0x925319752ebc11c9a33db11fd200716befd77bdc,1,0x020dae6dda633350089a24aba6e34360cac648b14c1c4d49a21e6ff11413ae7bd5,0x040dae6dda633350089a24aba6e34360cac648b14c1c4d49a21e6ff11413ae7bd59aafd69186236155958e84dc2e0f2f2373b0eb49d58cf599cc8528d34a5c8f90,0x2976421e9ac5a554a5c8b451539c264a5a6619a1d41523f5fde511a81f54224c,ok
0x8a1137f86d2e33bf6a1fb97159b0327bf1be19ff,1,0x0358da3dd66c13de752b4780a8207fe6a5738900a02035699e37b0da373f47e414,0x0458da3dd66c13de752b4780a8207fe6a5738900a02035699e37b0da373f47e41497165065521417bc9b7e1ca36ee431528c65bb7a0d97f46eac491b6566901539,0xdfc819d8420e56da2cb18614f1d22025043f07f7091519d93b5f4b555ed06cd1,ok
0xa9f6ba59697e14507c14815afe9907deda3784cf,1,,,,never-sent
0xb864637140c2dce02bd2731c38bac206038abb75,1,0x03bc44b8245ea6b0def207ad73ab521ebff9fd7b6077de348bd31d3ab2db52d967,0x04bc44b8245ea6b0def207ad73ab521ebff9fd7b6077de348bd31d3ab2db52d9675b322333d9c35bffce4a57d885a148999feb29e36df80674f76c6ea3f0549aa5,0x57db18016022e871f1026ba40ff037ce22c8ec69feaefd5b5afe3d347c74fdc6,ok
0x588fe5d1e150428e154527d13f73655b7d47d70c,1,0x037828c226785fe4b36293655e7a7cc2c26ca9518848d969554a448bb28decf7ad,0x047828c226785fe4b36293655e7a7cc2c26ca9518848d969554a448bb28decf7ad4a67c578c628d747eba3a2dba8fb0b9e7e6c83b9d0240078e930e1b587f240cd,0xa561c1595a9f208a85820ae05c731273042e6805f1a6b1f9e7a88adae3371c8d,ok
0x713d17168ebb0fea6f674e59cc05a787786ae816,1,0x022fd27be81877e8d00cf5da2d422d21eb4398d57a868528908834a926f1aca6cf,0x042fd27be81877e8d00cf5da2d422d21eb4398d57a868528908834a926f1aca6cfaf39c9d1c668f69549b99909af4cffc6c05cc13a1c320c8b82eb9419914a59a6,0x4ede9115183838cbf5784462094e5877299ebf29d7fe9dc9c19d7fb020766162,ok
0xddf403807c103624d3ccee729a88103f3fb55cb2,1,,,,contract
0x743f85acb8cccd8742b5a82b9ca0296296dcfa2d,1,0x039b535559ddc349986a0c04cf77d774fe7e24de5e3d8f52a7b2f9acd3d3820e85,0x049b535559ddc349986a0c04cf77d774fe7e24de5e3d8f52a7b2f9acd3d3820e859ce1c5b1e1f4fef7ef10ea9424e141eb5d49fd25aa28bdb68dd9af65d7c9af7d,0xfafcdfbff08a413d2d8f0eaf45f639a1c64accfa99a2bb94164edad007afa9dc,ok
0xaaf9d78925f73dceaadc29feb25f76e63511b248,1,0x02f4edad3ac275fcb81f40ceb53c794ecc732a4db11f43c3508422375d2abf715d,0x04f4edad3ac275fcb81f40ceb53c794ecc732a4db11f43c3508422375d2abf715da98d4dfb0c531d4b07a5e96ccf61e1a0661ff65eb0e9beec96731f9db01e2560,0x43a5813f223f7e19271a44058739ce986f4dafd279dd3dab6318506398da4812,ok
0xf83d854970c6d7fe7a6f6d26872cc121b996887a,1,,,,contract
0x1d6a1365b5fc88488ac7ded83977e8c3727d87c8,1,0x038c1d4748034346afdc6cae71c8413d4eee8faa147bb563ea31cd6a59c9900915,0x048c1d4748034346afdc6cae71c8413d4eee8faa147bb563ea31cd6a59c9900915ee45ef3c3c1709ec1636eceb8f26a18b013a355ba5638913c4c1031e5944dfbf,0x075679dfd1a1843a99b7fb1f1af3f680408c09f78e5d0cba90c20a0d207b1f23,ok
0x7623b2fca031224add8e4ac31b220b8e056bf78e,1,0x02413c36c6484fe29d23f6037ea240bcd01e82527c98f21bc06b8c0555153d1406,0x04413c36c6484fe29d23f6037ea240bcd01e82527c98f21bc06b8c0555153d14060d865d704d3496de6b920177f8cf01047b619ac360ce7ac0cc6eedac78057550,0xc1ec2edf0c3a359f70b264b3f18c1140b121ad6bbcb7f2b2fe8789dc7547ba05,ok
0xd087ab0be31e666a13ba27270dd36105aa6094ec,1,0x03bf1aa30b766d206b3af2729b1e100a3b23c40e6494265619cd1af1b709ef2c1e,0x04bf1aa30b766d206b3af2729b1e100a3b23c40e6494265619cd1af1b709ef2c1ef34261e03523bb8f92038bd589dac23a46df008197a88ca4ffae293efff78763,0x9c8e6954e6b746d9b365561a13e0f6f8feeb03a50906f10246fd6f4a5d1c1531,ok
0x4586ee094f0d1a3700ee66687ac33a682c226509,1,0x032b365b45d4db83331bbda7329f5b40711ab54f981948473401ef3830437c58fd,0x042b365b45d4db83331bbda7329f5b40711ab54f981948473401ef3830437c58fdfcf743cfc4ff129c89024a69f421577a5303b1a1e5b4515d17a5e2fb32c73a27,0xf59ff0b0dc8b57449246b6383afe0e50f80e5f8eaad105ad1ff77ee00623bbbe,ok
0xdcfc3704b2826905ca1c117c262f6474d0cf6a95,1,0x02e999740625029ec54ff3f7b783b102998ddb10555b93d5bd89bb268c9d416577,0x04e999740625029ec54ff3f7b783b102998ddb10555b93d5bd89bb268c9d416577f6e745d0ac5562dd59f94695a6790c6f4d56b74b8b172cbb9a4cf753ae61c798,0xe37e71c5b6de8eb93a1348ae8c2414b63f267dc16738216f128431351b1c737e,ok
0x8545291dde86f401bb3f035b22beb51936c26e7f,1,0x021e651d4c5233d3c74e1cb9f5e47b4df61fef4d47b4d97190de0f0fc2ff15cc6f,0x041e651d4c5233d3c74e1cb9f5e47b4df61fef4d47b4d97190de0f0fc2ff15cc6fa78248f47cc1fb8773429c55eb6a0badbc0b4ad2426ced9ff6ae1bbc8ab8861e,0xffb532df34ae07cb4fca177691ed93183939282b8709d7353fadcd990aaa9050,ok
0x990aa8ef73fc356c84c8bf4598021b02534fc278,1,0x033dae0dabc6b3d2e44b805450c5b57c1c20cc92c50554f1f9c058bad8c8e8c0a7,0x043dae0dabc6b3d2e44b805450c5b57c1c20cc92c50554f1f9c058bad8c8e8c0a70a444beef1c9a279fccc7cc3f1fd8210c482ac494f834bd7c3c276ce4a4858fd,0x029c3d2e24363797e8b6702c6b312db0fd97b6bf3d02cec063e1809845138fa9,ok
0xb422c116a84695dd374d600689f7518efec1f4db,1,0x021475592c7052d5a92db284269ee3ea34ee2384df850de4c4cfe6ae080d329be9,0x041475592c7052d5a92db284269ee3ea34ee2384df850de4c4cfe6ae080d329be95b987e7ea62531a4c0cab3eac5c69937f107b07b038f38cbf9a4eee314090afa,0x7d4852c953e48d477d4e82b80ede56fab739d3e0460852c260a4d9c64370a2df,ok
0xf0e8fcd380b36ac524034bcefa5734633b5cab28,1,0x03144d157223653d7ab9ff3b85ec09783e11ba6d37310d25e7baa5c4003d16bf80,0x04144d157223653d7ab9ff3b85ec09783e11ba6d37310d25e7baa5c4003d16bf80791787801e23118a53a8f479acc227d6f0782e897654487daea181ba8927bc93,0x5cb483a0c3fee1fecb6c77f685f67a4b0fee35f5f29254ccb7dbd71496244773,ok
0xf1f02d52ba537cc754914f4628005996cf038582,1,0x0342eda644a95dc9749bfa1425129441ba205494c00bf962b45e243f48850b040e,0x0442eda644a95dc9749bfa1425129441ba205494c00bf962b45e243f48850b040e9c834ef0955b275f2d0128c9e3d3f207bb80cc635db64eb934d7864436556ddb,0xf47668d6b187cac9d97ac666b20209ccca1645252171d51a7cfda672a29125f8,ok
0xe3f4884bbbd3c7aa680095e9de56a5b98461a025,1,0x03f2a74b128506f03578425083d4fc4751952b1208e18bf14db9f706e94ae0f57e,0x04f2a74b128506f03578425083d4fc4751952b1208e18bf14db9f706e94ae0f57e5d940a3515fd10c01286b7894a95dea0b0e341689a4493d9fc76c252b306fc71,0x3facedb256d4b13014ecb9ab772128c2e572328ab7daa8ff97eea7dfc0e1d7ba,ok
0x87b667c84cf5afe55aab034ffac69a92abe264cb,1,0x02b5d78998e08f60e439c3f888fc44019c0f2eae825031a0da9cd68a6f33275853,0x04b5d78998e08f60e439c3f888fc44019c0f2eae825031a0da9cd68a6f33275853d36a53e97efcb19fa647f814e8d0be59b7e89afaaeac3dc9c8c628ea684acd16,0xfde1ac2451933a7a7f6a1be3ba6db432f371c91824ea452aad961693b6eb7b57,ok
0x2ab07f0a3ad83384367f7542e2212e18e256e8b5,1,0x0324e9ad6cbf29f75ee6498b1ec42d5de76f3c426f39a798a681114bebd542c853,0x0424e9ad6cbf29f75ee6498b1ec42d5de76f3c426f39a798a681114bebd542c8538f55c65eb84eb6aa40d356e2eb9c5e287046052cc5c813d8588d984ddbcdea99,0x995a2329ff79a089cb44dafff9342a66247d864471fa71a5e7945292aeafab28,ok
0xa880751549f264591e9dc74d017c7d8ee16eb2ca,1,0x033c999320c2f8013d7388ddab3912114f01868dfe679ed381cea6e457de41ac14,0x043c999320c2f8013d7388ddab3912114f01868dfe679ed381cea6e457de41ac1438d57e53355274a6a6511b3b4c4790fe5f60bd011a49ec05734165ec223e0c79,0xfda4eafe0ad1eaab14573591cd129b3c95565e0510b5f96d3b7e2bf511f988f6,ok
0x5df4abb6fa9130768b7daacf489dbbc7dd976c2e,1,0x03c03290362bf0cce44ff4e9f45cdccd22a0ff0809c4293da12707ecb75a3dc524,0x04c03290362bf0cce44ff4e9f45cdccd22a0ff0809c4293da12707ecb75a3dc524e67b8b42245845d80a97ecd8cf13ade67930838417a92362dc390f03d4402157,0x6101db1604756c5c895a0b4d449aac746b02e6d03cd42ea722c21874f9ad8560,ok
0x828239177b60a59e2e0f766b9332255f1bec9897,1,0x02b225c2cb3d41d3d1e7105f47d0d54bbd28c1f2a83786079f30548104363a373a,0x04b225c2cb3d41d3d1e7105f47d0d54bbd28c1f2a83786079f30548104363a373ae7cebe433314c3ee0606765b5b310feb942a0f207988683b25078f36b139a9f4,0x9629bd491bb4cfe1ff3344e6e8f9fc3e15453c65ab00350f6a6c457b90e679e9,ok
0x85bf2b3bab317e7b81fc17bb1dc562dd3f538465,1,0x0343286b481bab8103d118dcb06a3ed9b38209a1a5d0836c12516728b0a293f51f,0x0443286b481bab8103d118dcb06a3ed9b38209a1a5d0836c12516728b0a293f51fe73f03cdaf7707123cc6df143c823672ec3ba141f2af2ed4d2d1f42f1e748991,0xa87226461b1e400989eb9a12729287320bf94ac3c204703df1e0cc49373c951e,ok
0x32e70bed0c315391d9dbc9e60dc03745b29946cc,1,0x02e0155dfbfd264f2a9267e1b65e164c531e002544b1c2612139714f5d1085e233,0x04e0155dfbfd264f2a9267e1b65e164c531e002544b1c2612139714f5d1085e233a59882d14a5e5b7a7889cc32b92b0d1fcadf88457bea43a85ef3dcd59acac12e,0x7accf862671287119a0286f75b30d2f1fcea7c723f359bec2fdd5669e6d5b0cc,ok
0xf868869a7a0e180164c5162791a920c9b17d37e4,1,0x02cde1d4d4d6d1805166d671642a6d65d45cdc16cd7cdfc5a2ba5640db617fc498,0x04cde1d4d4d6d1805166d671642a6d65d45cdc16cd7cdfc5a2ba5640db617fc4986376f773a3e063bdf397deab01de5e26c2d85a603ba6cf01a048bedaf7ce94ba,0xdf92ab2fab2b30cd2e2870138a073e25c9f67058ebd18c585f65ba678423d048,ok
0xfaa11800e3b81d17257f2b370b24be3930a5a324,1,0x021b67dad4d1ddff4ffe7942d8f305cecf63196ffeabfd7b764e2695a4d97b11ab,0x041b67dad4d1ddff4ffe7942d8f305cecf63196ffeabfd7b764e2695a4d97b11ab80128297b9b3efcdf896407c329bb4cebd9f0b68c7c44228f918561d157e0842,0xb8b8bbc25227062b146f39fb48a11eaa4a9866197b1c27fe5b361a5bb15db349,ok
0xe308ecbb41d1d92d0a3d84475704c71f5c1829ea,1,0x02138bad0715e877499fcf1269d765e4cc18d818fb309ebbe818a1ee0de788803b,0x04138bad0715e877499fcf1269d765e4cc18d818fb309ebbe818a1ee0de788803b09f94880c3dcda83f1aaaa8f665f5a85f79dd6b76e598febbbb8a53623711a24,0x2c6414bbb33a962bbe577591d94c104a6ddc0b5a3e613021e52cd6d8064cca1e,ok
0xf5e0b259aab2b1d136befe44eefa6d7de85e9402,1,0x02697960e3e5aab4088dd0db57ae3dbd7f8af32f9bc3a86a2becc2c4118a9a0914,0x04697960e3e5aab4088dd0db57ae3dbd7f8af32f9bc3a86a2becc2c4118a9a09144ed2b203cd2085d4ac5a471646495de6b0c3586eb82a0ee5e6fbbe47a3ae87d6,0x032dbcb4ab010b9ff6cd5a7be91d19a1699912906b051d39a4b67c3a436d8d93,ok
0x4826c88b5d6d11cc8eafc78d1599cf597e415bf0,1,0x0257fcdccd591e9f531e5c84211c903748b702b0cd3a31ef69e6dea2dea9a0f99d,0x0457fcdccd591e9f531e5c84211c903748b702b0cd3a31ef69e6dea2dea9a0f99d1afcb512e43b8588c248cc97f759a4d7a3a9181c1194ac56b9b11e05e35bda2e,0x261c25146c52fcbef509f04252064978cd69c4c3be358ba036bc49dea2388cee,ok
0xd2d76518d7620bfb9189e5716eb7957464457da9,1,0x037250fd09891c3ce788557967453b10f3cf81349c7297a679d994814bf4cf52be,0x047250fd09891c3ce788557967453b10f3cf81349c7297a679d994814bf4cf52be64e085fdf840910088b3c0f8638680a2da2b39af2d809e4da088a216d869b66b,0x6aa0ae7607574fc68cfa44b1fc22fd60537264916036092f3ff662bd0c8956e0,ok
0x9cfb24dd0368da75fd35dcd3c2a2883cb30ad272,1,,,,contract
0x7b786975a9287cbfcfa2ba83f1c22c718c8348d1,1,0x03da52bac3c1f21476ba35f0401cec2d501571b39b963089de9656826cbe1bbc47,0x04da52bac3c1f21476ba35f0401cec2d501571b39b963089de9656826cbe1bbc4715b50ba38def4fae7798169962d6b4d5dd9a043b3aabd45ab168986d9c46dd89,0x0753fcf8fb8fb22267faf365df2b6e6631cbf9f0f084b0e94af367c13d81274d,ok
0xf30a10c9dc89f92bccfe2bc055cd499e72659867,1,0x031cee83983337e13680ef9e7c672fa64b4174c669f034d2696e125c2dee53ded5,0x041cee83983337e13680ef9e7c672fa64b4174c669f034d2696e125c2dee53ded5da287b788191226c916b485a2ff6c715bb5aa58a7d3ea75e8aefa976d3a27043,0x875319897bf6578dd42c558b15ceeacbc3071c3cec66316cacf70ba1e4c0eae9,ok
0xd9a7d489b2644daebce4250242151885e91b0968,1,0x03f467823079a087a92bed6c42f5a2d41f56c169b79ece9c7bbf74ed46b3790446,0x04f467823079a087a92bed6c42f5a2d41f56c169b79ece9c7bbf74ed46b37904467052e3609f489c81156d5ee2863d98f9831204c18e363b2e7de98d1b2b705cdb,0x62aba8ad1d47b3b64120d273828ccc3049fa7fbc1589745d15d052cbf5c45837,ok
0x9c0ef7359b0615b801c3c60944e5b7069301e585,1,0x0225119afee9ea6ce1f0ea1e00290369441722a0992ec9c7be15ff12029e885e13,0x0425119afee9ea6ce1f0ea1e00290369441722a0992ec9c7be15ff12029e885e132d5aa609fbb097f91dc93db4dd16fa3a384dd70d80af88579f38280bf7cc25f0,0x37e2ddc7a832f0e2d9c0638d8373c991687d62130292a137d47df99ff384745e,ok
0xa9d2249a479a6a3cd75575b55eb84784437d055a,1,0x03d8582e114123cd03065e3db89978f519e1846a53dccc471ca98d7f28f594ce46,0x04d8582e114123cd03065e3db89978f519e1846a53dccc471ca98d7f28f594ce4667ddfb309ab8de588eb81bbc42954f65561c2d990cb8483ebe0db9c9b24ab0fd,0x945c91c7c25e6d218cce61067a927fb2063fae9b29e7a7567507a15bde4c18c9,ok
0x887fb037ca3f3725fe12c928443ece0280dde1e1,1,0x027260316cb217c5ef3331238e6651cbaaeb555567d1b9886f11a63bdf2db71561,0x047260316cb217c5ef3331238e6651cbaaeb555567d1b9886f11a63bdf2db71561c8380287206f7cf6d8b7cb7c580652d48b35a5bcf02be4b1d73d7229bcf21096,0x8170b708dbc56f461253a57ba33d3897ea01f28ab48d508633950c370f6c89db,ok
0x104641d7e2dd196a46e8b6a3a5d498d880668c68,1,0x03f0ada4bd2563dce495e17461a10fc13256f16b692dedf9c5b0244e91d0e7ac81,0x04f0ada4bd2563dce495e17461a10fc13256f16b692dedf9c5b0244e91d0e7ac816ee409b74d8acefeb3a2cbff8014d1bf40e53f956ba0a772159c2e78c0990ce1,0xf2c8653fb356e12ca3acbc67991527e929983d03b9a7b7bffe872ba91594f535,ok
0x8359a1832c846b38163db3bc11d70f4895162237,1,0x03ba419b8d541e92f0138882ee666f65d59e71f6ce60c090b5587860388185e3e2,0x04ba419b8d541e92f0138882ee666f65d59e71f6ce60c090b5587860388185e3e2d95a97f0eac3c437734c54cdfa940faa12297c8239e5599f8d7b33c6f9a2d7e7,0x3f5a2d2e56dcebce4843fa39530a12dd2e33fdcac0288dd027900b64fa831b16,ok
0xfa98e9346fdabde1983e686534179391510143d5,1,0x03abcdc82569a842ccaeb7d96ccc153ac3abf9f9f9cd373f82b815b8b5f1deccc6,0x04abcdc82569a842ccaeb7d96ccc153ac3abf9f9f9cd373f82b815b8b5f1deccc6964ce9bc53a59c011e6eee41f644fd72a913c128aa58d8b43dab7c2e5963e6f9,0xc49978532e97e376c739d1204ca083321a5eed631af24d1ea280f0f4687cacae,ok
0x81f2072526351ec3053cac5026ac4f6a78c7cb89,1,0x027d8ff606bc3cf29bc4d18f87bae6690a235aecc44835f9bfec71ea76d59e9baf,0x047d8ff606bc3cf29bc4d18f87bae6690a235aecc44835f9bfec71ea76d59e9bafadb736207c6005933c6550ef4154b58bb6efaef244f76c0d0b98f963ead60c6e,0x261ccc1c9e6431d22443f14f22c30f058514041960a15272b4a98c47450fec65,ok
0xddc4166ccfb8f9c0a3836a7b6c33124fa9a71f26,1,0x0318074d6bf8ab0f1d2d4aa08361b6d2f8d43d1491cea4dfb3d28b98265182a780,0x0418074d6bf8ab0f1d2d4aa08361b6d2f8d43d1491cea4dfb3d28b98265182a780e065a8eecc3840a5af6a0edc1c27b03cde69da068a26813f1d17cac5d0adf8c7,0xde3cb51fb0f9eaf7bbde44874ac0a8daf5f36357a9eb227a0b1023aa801654a3,ok
0x3a94e645d8e607dd65496428bfc85b9c0e40babb,1,0x025956933531af9e466fd6591b73a3dda756f0f2bc723f539722d3010ae3bed168,0x045956933531af9e466fd6591b73a3dda756f0f2bc723f539722d3010ae3bed1682fa4ef04f7f08c0be63209234bddc2cb7e937d5bdc1c6406257258c515707eb0,0x979b56757d530e9034207e41fd8ae8f63b1b3fb853a03e7290b7e9fb89210367,ok
0x4c47ab777f1f64d1f3d6efbf1cc7ab5a5224af4a,1,0x0291cf2e14da3667e83b58fd255b3eefea11c81f3f223a8c215b0f6731a8501cec,0x0491cf2e14da3667e83b58fd255b3eefea11c81f3f223a8c215b0f6731a8501cec8f356a2823ed34fa7d621973b4acf7d2fc303d32746718f9991c9df544cb379e,0x1ad0b2e4510fb166335e8d5bfe2d6e77c9868242c8514f36b9fc99750467633f,ok
0xd1a7f001b714e13c4961909b9cc294d68d5bf102,1,0x02d0a08e957eb07d2fa72a657cc725b7b38a41a5f0a9d07b1df7bd33cb497d7efe,0x04d0a08e957eb07d2fa72a657cc725b7b38a41a5f0a9d07b1df7bd33cb497d7efe99ced3e7d8b7b3c9f231073884c9d7fb54c5707e75053be1bcc30d652b2fe726,0x4041475ffdd3e368ba6b3b4c127bb0e04e541557d25c0f3e28cf4b32c30af70b,ok
0x4a3b66b8a019181c4741fbfa53fdd1bb25389f7e,1,0x037cb8d15152575c177b1d4ccefeb08d8e3eb4a4460493325cc33d9bb74e46d433,0x047cb8d15152575c177b1d4ccefeb08d8e3eb4a4460493325cc33d9bb74e46d433e1b73213252b519fe87775469e3ab9f89e6c16728544fbced1536cf1774a1933,0x09c71f55b28cb75fb64c82ab6e8f6e37e5bc0c16b2ae67103fdfb9639bad6eae,ok
0x9ff9cb4adf25a11368f6800da3408b1277f58ad0,1,0x0229cd4e0afb8a19db5745e4d188c7fd3eb53c62f5450b232ab77dc5e6efe2108e,0x0429cd4e0afb8a19db5745e4d188c7fd3eb53c62f5450b232ab77dc5e6efe2108e9f64dec6aa36e9bf1b796b94231b9f2d18bcb25ce5d3b1492aaffdb0b9ffc6c4,0x5423e023ec4425cbcb7a2429856166fe98f7a749f6d00019169f2842c82cb6cb,ok
0x2d63700f76d523d5aa0a3c04492ed56ab3e6f371,1,0x03c2e3ef6b4a25cb75caaf0e4112f4feb81dfea9c7e0daadec472648971098d391,0x04c2e3ef6b4a25cb75caaf0e4112f4feb81dfea9c7e0daadec472648971098d391f309944da80d90cf27fc8c612fda8021d1d4fb9ad61f0e2e03efc82cf0523a5d,0xd0244c13e3bab6f7b9b0f660c32ef9b2569d95437a4917b22f850e71e12e5772,ok
0x382f672b95ece16acf684ce05eb9665f826ff10a,1,0x02fcc13eb279f60042e1a7b8a36e31a66ec4fe46e7d52fb167a9f8d8430ddfc7c5,0x04fcc13eb279f60042e1a7b8a36e31a66ec4fe46e7d52fb167a9f8d8430ddfc7c5d19fc54fed6e0b1eefb6f93b1faf8e6143fe3e6559b0d800609eb387780982ac,0x8b02fbf0179dfd5c6061c215f7e228c035487d38ddf5e559fc7bebcf97d8c9bd,ok
0x5d2fd14412d395a05e7e70de081753e3a3bda6cd,1,0x02dadeb6103708862db5fe80afdb8355f45c594b13b253ecdb4009a598cba2c5f6,0x04dadeb6103708862db5fe80afdb8355f45c594b13b253ecdb4009a598cba2c5f663a690aafb4f7193a3ef366c85ebd458ed3a19321cfba7c3d187e5d232a140be,0xb50943ad7cf70f6f915c5157d4b5b86ee9b32b4773ffd59214a067d6849f670f,ok
0x28e792ebd27e27e47b4b83ce1054fe6bc46d2032,1,0x02f2465145cd1bed693a2099d6ccedb05bf0b04c3b80d15ae6f39f3b67011bf984,0x04f2465145cd1bed693a2099d6ccedb05bf0b04c3b80d15ae6f39f3b67011bf9847f7f14b594db200d5415f17ea01fadca693c37dc7adbf27b298a587d353daaca,0x474000f148940e07519a89b815c721f670400fd09ef690a5575a345fb2ae245f,ok
0x6eb6984153d78f38345f1373abcae48a9e9f271e,1,0x03c22c37a8ed1532804e11b849c8c7a0db6e2eab9c8c1d3a67c97c42161e101cf3,0x04c22c37a8ed1532804e11b849c8c7a0db6e2eab9c8c1d3a67c97c42161e101cf365a8daa0e104d99266482f2045d58999e789e13f01b76d20bf2729f19a5bb44d,0x4c3340086a1dafd24cf5256920e5f0a14ce2a632bf7b8b089d09bbbc68fcbae8,ok
0x87992c28c12e818cbf8bfed8efb61158cace4e46,1,0x03df208f84c9cb86c83dadfde2d6c2776ad43b41e044a634695ef15225bd8016a4,0x04df208f84c9cb86c83dadfde2d6c2776ad43b41e044a634695ef15225bd8016a4a4a9fa23f7d22b50e89c810fc3484229076e51311f23d0e2a158b67f3d3a4f15,0x54951b3b1040e082a0a9a567dfaff7260ebb731c3443dabfece58c7ff13cf65e,ok
0xb0e36c97ceedb548d98466ea1c4dabed6d458d5c,1,0x03035422881d38ba67af7146547cce1a203034e4c5408acb2a37b2ae9d56c420fd,0x04035422881d38ba67af7146547cce1a203034e4c5408acb2a37b2ae9d56c420fd4fb75cc98e22266832f399f5a09f59a5357e7da50e1b066708602e13648d77c9,0xf3ad790e7185fdc686a1882c0632651e6614f1cab2c50612258492961ad15813,ok
0xb83fa1b4154f15ae4e5c414470726febb0c7f5a1,1,0x0215d76a3b8ee1aa9990e397814b492aa38848277bc25f1cee99b79d3eb98932c7,0x0415d76a3b8ee1aa9990e397814b492aa38848277bc25f1cee99b79d3eb98932c751283cda805a9cc31c8f5b5405544adb68bcd015e30f23c63ca0d4f9d65059ce,0x7acb553dafead91000bc6340f937bba1b30098cfcf268af5ed9863d192e889a0,ok
0xed4f5cd9442063301f98911c9bf5431e23504bc4,1,0x03d087c4ee62c2134203f43863b6514daea3b26cae57d2ee3b6a4a118b578b90c7,0x04d087c4ee62c2134203f43863b6514daea3b26cae57d2ee3b6a4a118b578b90c7455637b296f9419878290e789e58974449ed71bcd8d4ec8415c5a2d90259c7eb,0xb8255eace0d93e48bff1576ed855a92e612ad1dbe2d1abe1a192f03e034e73e4,ok
0xd8b35dd37899812a9100b62dcd1e0b4b911d8405,1,0x024464621ebb9962f620dca9d758eaa326269ed0251d412276117f914620b5a0db,0x044464621ebb9962f620dca9d758eaa326269ed0251d412276117f914620b5a0db4f6290f36b917e54c2725a6085fda4c044efaf26329f2a7106f5b7d5b41fa492,0xf323449538a8dc4d5305031ebe7fb42616af93723fe92f237c03bd2978eee497,ok
0xad070cc84cf70c0c8154305c5fabeb05ad804676,1,0x03824048fb5b6039157c1cb531f5a14adb010c77a5d0007d263b93050d633819b9,0x04824048fb5b6039157c1cb531f5a14adb010c77a5d0007d263b93050d633819b9918cfb882cb6f1bab08ff30bbcba209392f5b10d569ba0ea7c2af8d83ed366ff,0xb45aea6fde00d13debf2c4a4e46c9d112d1f945e2b3df7f8ce1fcaa31631c022,ok
0xe3ad1a936eb7c86617bce4b370f8674258f79c79,1,0x03b2ef9bd0d85ae26dfb90f84aa198c982392c3a4b5137d1e902cf0b4e1708c91f,0x04b2ef9bd0d85ae26dfb90f84aa198c982392c3a4b5137d1e902cf0b4e1708c91f92a60d5f47d98d0cf7a4a37a095751752904fdfc32c8209c5751d521a792ba83,0x65c7bd952864b46739c4323893bdd13a6224e40e246ba401aeb5e852939f07a5,ok
0x93872e77b0a51fb0e91dfdf8ba3037722363a205,1,0x03842e408f93e4c607a4212c298a40b576789117b7f6c9857cf86528145ceed04f,0x04842e408f93e4c607a4212c298a40b576789117b7f6c9857cf86528145ceed04f6f6204e112c00a22487ec8833193ad0949ca255c09f8d06512529ec7adab470f,0xabe37f3a5627b98bce545550a4593a57ed364e4b13379b5bbfe9b682a444619d,ok
0x3958cf3126c88ff649564b2db51a5f7e829e751e,1,0x02c5737e17b6ab85b700c5d3fb3213c884d919d4e42212c2abc274812b141aff37,0x04c5737e17b6ab85b700c5d3fb3213c884d919d4e42212c2abc274812b141aff37eb27d58c4d4ee0a426a152b84347e67a495f2d01925e05f26875524b2c7e9fd2,0x0796a605c4e2522e75ea53014dc69238d58ccde8f5851b37a0bcab5dac2dec97,ok
0xeaab59269bd1ba8522e8e5e0fe510f7aa4d47a09,1,0x02c84c5b8e8047c6c9e6e5da2f28d54dd013470d9bb29c3c92c031abff48e8594c,0x04c84c5b8e8047c6c9e6e5da2f28d54dd013470d9bb29c3c92c031abff48e8594c6bb9149157a9ed90777264f94ee3a6f76f51337a8a545cdae21729172bd5f892,0x8246207c09e93feb5450f29261d0fa5d8f5002e146f3c0703b389cefd93382b8,ok
0xce7bc6046d9722676159ced01a52fa8812e1c306,1,0x035d1e64c8005c0a662bfbd0f872af7fd1080cf10608861526ef19e69666c1eb75,0x045d1e64c8005c0a662bfbd0f872af7fd1080cf10608861526ef19e69666c1eb7509e26f13fc2828f49242cb633a5e7ef3bef5ae215610ab7424a98ec4665be279,0x717c4a4fbf8c2916e20a2187beb8485bff7841144ad71f54b290c5bbf87157e4,ok
0xff1b4990136303f3772799091e52cbdfb9ab8e4d,1,0x039dc38e2ef3206bec5b8a178c12cdd64acfe5b4b653a16d3fa1aa290aa3d8d93b,0x049dc38e2ef3206bec5b8a178c12cdd64acfe5b4b653a16d3fa1aa290aa3d8d93bb3100084d806aa66bcf94b21f7973b5210664e7f6f17eff4116ac57db20978d9,0xd06842e8b9863bf6b346f47c5ba51188fcaf4edc2031358364b1456e53241387,ok
0x627d45c82d218b7e2ee5cec3784144f13367b323,1,0x0362edeef911679f5cd783718af6c57abb97570ff744db432d41ff314e872199d1,0x0462edeef911679f5cd783718af6c57abb97570ff744db432d41ff314e872199d1f5e771a9070bea03087547a4c581f2582cad75ef7d80d9fd92d540cc7d70ee55,0xf0fe99a41478a5502b1c803648843c490043453fede49160832f539ba8fc96f8,ok
0xae15ab7bb0a56846aa688a4ec97c56a858f4173c,1,0x03a37a3561fb21ef6aa4dbd1e3bc3110620760c508c347196dd2e5f979bed5c671,0x04a37a3561fb21ef6aa4dbd1e3bc3110620760c508c347196dd2e5f979bed5c671e3f14efd4936919ce02ee8ca71fafb4cad233e79e11b0e4b126436cea01a35ed,0x0929eaaff5549e5750ecb935f850146bdfc0f7a5d0d0aa6c6fa4b08d9f9407ef,ok
0x7f754bdb5e76deffcf035e764922d71439c3e875,1,0x02cab273ffa1364cc51b82560be36fc644c96d55b2d0bfb22234963b1cf9b68d96,0x04cab273ffa1364cc51b82560be36fc644c96d55b2d0bfb22234963b1cf9b68d963e9b917fd9b2afe6dbe37c3a02793a7d923b8ac7f3c881d22e3633d39225006c,0x66bd8455510a7f3818117570e932e66c8671fb740cdee57eb6cc18c4b812c481,ok
0x4bf16c55a746149f6a7c79a890fbede63ee32e7c,1,0x028ee0eea35441f041b69e08b16a498e369771d5d9e615a368ba5e7a9eecc224af,0x048ee0eea35441f041b69e08b16a498e369771d5d9e615a368ba5e7a9eecc224af78747827ad64a64a7de4746eac7d01b258b4944cd6641ab6960d2ef8c38779c6,0x9c032391ce51f28ddc3dcb49726b2ee979f5f40268ddda5d364fcd413cde630d,ok
0xf46ac5d16e5392d6539f1e7a2188b280197db7c7,1,0x02735eb1c77e7f3e44271e3178dfdbd01bee19a04c5c281401cf00f7bc6f25e904,0x04735eb1c77e7f3e44271e3178dfdbd01bee19a04c5c281401cf00f7bc6f25e9040ef3e5e78b66dbab23c7c03612eee83b2d7f799b227e3ac86578550fa9a0bcb6,0x3fee801b5b6af0de44d144f18333d5d48b0a8a8528d0deab1c44afaafb2b16d1,ok
0x47a11e5d824d5d4c4914b1ab2399baa6deb808e3,1,0x02ad3015ec443730989da519da9f0cd8884d1f71934f06d75750c496475d1843b9,0x04ad3015ec443730989da519da9f0cd8884d1f71934f06d75750c496475d1843b9770814355e68ce44640bd572a7da6deaa8d97cbb531ecef2fdd687bdb7e6d3bc,0x5db8491b1c551d89d4e6227b638119a35d6fb8a6c3c79b69ddc41b18787d9748,ok
0xe289298ba8e762be64a12bafa55c13a57e74f77a,1,0x0338f1cfe3d0117ee1f969732e85d6b5103e964d3a47521fa35139ace01bb8a333,0x0438f1cfe3d0117ee1f969732e85d6b5103e964d3a47521fa35139ace01bb8a3332d7cb2efa9b99770cef55476f2dd71d7f5f8fd5a1ee4f5dd090afb0350aa72e3,0x61b612796c71fdce21cb838a1a38ac7ea192f213c4ef52e2f8ba5756ce7b73be,ok
0x427fdf7ffd5e08a74473ff6b326bd730e00a687b,1,0x0373f2210d0023dc39440172cbb313d3891a03c5187d558ff89438cb70bcd5e9ff,0x0473f2210d0023dc39440172cbb313d3891a03c5187d558ff89438cb70bcd5e9ff788c4b8e8f93d05db2647e1842284b63744a62a9fbfda4cec81eabddf98137f9,0x6c936e52d7ed0c2c827ee083377143d212fef5c5fa1c1313351cfa0df6a01bc6,ok
0x442a174151a9e025ae5de9cbe4d587454c9d5b03,1,0x025d6f0881dfc727d2d22e6265f0d47a4b74758b24a989462d8dd7e7523d7c6fad,0x045d6f0881dfc727d2d22e6265f0d47a4b74758b24a989462d8dd7e7523d7c6fad602f113467460d3ff86cbefe39e9cb89d7c50d9d2c07434059986d86a3c98af6,0x569381728cf6b550ed1f905e9d25b9d8a66c17c28863af280574206cbfaa2d36,ok
0x4060587c17df9957362ea9313ded16759d89d4c8,1,0x0204356c3729b06703af9264518a4053e74a42cdfa136dde3c335a849013acc38c,0x0404356c3729b06703af9264518a4053e74a42cdfa136dde3c335a849013acc38cd9d66f52dbfa190e565e24b9508726e1161ff20e3d79d718bf84916fd90a1612,0xde6d94f4c411b6d7be4e60eba2957465d63a51599ddf76299be954992ab3ad67,ok
0x35f412f8d9b6db48f980326ea84ed6c6b995f18d,1,0x0350b8842c46e7c8c91235b3106c92630cf29a9a9ac1dc851d320f0b4500d9f59c,0x0450b8842c46e7c8c91235b3106c92630cf29a9a9ac1dc851d320f0b4500d9f59c17096b2de82090ec0602733fb9f4c1e0186647ce6ed25b2425cfc4b627c26d09,0xc9d28d203e298e211d10d7e18d214e0c2f94166b6146c9edd8c121d2db4849e4,ok
0xcc221768137a38325d5cbc3e1bf09e323f4b612d,1,0x025f2016dd3a75cb24fa0e86e06a84f9736b92ef99734cafdcf8aca940652440a8,0x045f2016dd3a75cb24fa0e86e06a84f9736b92ef99734cafdcf8aca940652440a854b67a1e566e0f868804c5973b2f4af0f9d869aca8e43934d28470926d18dc86,0x5e99452622a0b7516dac3febdaf74cc09d4bdcde5fb43f5afbe0d835297cb0e3,ok
0x2c959d590574304c61cee88144c3805e294e9528,1,0x02e1b49fc3eea38d5169ca71b4ebb32f22b9a17bbb0e94ae18f44d403ec4cdaf49,0x04e1b49fc3eea38d5169ca71b4ebb32f22b9a17bbb0e94ae18f44d403ec4cdaf4928174e8285424cc41ecf8e1aa8953f6360bb0288a5eef21c72d8117ad01a6458,0x8613a77861b2741def86661eb3480ad46f618c44b7920bc8c8bd8df30d7b6d1b,ok
0x4d2b6b28d39512245392f8e505c438207420a895,1,0x03c053d53d8d4bca616998af765e1e66644c14da478f376f02a466e59d577b0441,0x04c053d53d8d4bca616998af765e1e66644c14da478f376f02a466e59d577b04418976d7e762f50aba789be6643222fd0fbaf06d8017188c2aed87af68b821913f,0xf017decf8233b3c5599af62f761c98948dd5a40c2a437e6acb613baf5755fa6d,ok
0x79cb9bd6586def6af059168f9a303738b1aee9fd,1,0x026e9ffa6415ac2f46cd7f597bb18685fae723f996b2643419e4e2e3778f7b79c1,0x046e9ffa6415ac2f46cd7f597bb18685fae723f996b2643419e4e2e3778f7b79c1ef51ef46ac6f485d9b933695397f65b77910e1652fcb8a560792d509b4c9d0b2,0xf98f6f97578fdc4e2edc515316470946c50f20ce34b67817a7a3d97992c8391c,ok
0x2b24e055defdf87498b3227d8f5e76bc1e4707bc,1,0x02e402e15ecb8b43a9443cbcf6739ffd0694694f360c32271122fbde64299d7c52,0x04e402e15ecb8b43a9443cbcf6739ffd0694694f360c32271122fbde64299d7c5217e76b4390074bcc9cb7316b8aedfae3c2053af5849964c40431af6b471202e4,0x5c234d41c0763b6218fa25cdb59135752fb52fffa317345497404d524f442953,ok
0x22228ac41629263e487ac4f7826fea74c049d570,1,,,,never-sent
0xc8fafb75ff350924cfaf970cfdb3e38ab7191d9e,1,0x03c2561aa7e28253b9d9afc0275fa855381ee453a4c76bc4171d7ed7a1f0e51750,0x04c2561aa7e28253b9d9afc0275fa855381ee453a4c76bc4171d7ed7a1f0e5175099c9c8e86065e3c68664d6f3396caf842590aa06ac808d3cb01bcd8b246af7d1,0xf30d9010860f562982a24589e73997733df6092cfecb2f06865e8f6ce13156e9,ok
0x2186a623fc5255685456bf453ca4b552a9b0730d,1,0x03435a93503f9c17fba6c0ca9b98c91ae993b6aa70d1444064a760868d4df443c7,0x04435a93503f9c17fba6c0ca9b98c91ae993b6aa70d1444064a760868d4df443c787bcfac33d0fb60010943bbc863296a230be9ed15b42e116c392266dbacbfaeb,0xe9f7007693fd604249e7d754a384d775aaf29d0b95e32f5bedc6296f48524ce7,ok
0x6581aa92fb325280252fb7bfb5c58394ffb234fe,1,0x02e64ea6344a32120723f383c93892aa8c4a8ca934824ac1b6a09c0c3cd0f5a485,0x04e64ea6344a32120723f383c93892aa8c4a8ca934824ac1b6a09c0c3cd0f5a4855fdf8b8a0402382bb858f41383c3c3c3aa1230b1970810cc826d910b40837210,0xa37074051ade63ae12b31b15580e6073bfa19c5e59decd58ace8aa99437e3143,ok
0x131b05eb1dd0d8aa6ea7f832b885ff80cf67ba38,1,0x027865e5b12d684b97ddfb0cf7c13933f25d587a6e37d92498c5df2fab103b1ab3,0x047865e5b12d684b97ddfb0cf7c13933f25d587a6e37d92498c5df2fab103b1ab3176535f5a56598eb2351e2100b7af3663d0d512b5ad91ae8d5ab5f6016ba6c42,0x2a6216da8a47c9af2c1c8bf2b6ac1469f53eec54ebe3a8cd2aac3724c95f746c,ok
0x98b0cdecbd66d8db4fd450ce608adc67e9e3dd3a,1,0x0374ada481fd261bc91256d19503806fe3db389db0ef22200a801a832008638d87,0x0474ada481fd261bc91256d19503806fe3db389db0ef22200a801a832008638d879208ca2dd7c6d44f5c11414d5e019ad52ea2b0deed9d8ad0db3bf743ae42e577,0x4546883c28a3064a68da1f12c1ddd87ed145380bb7d7dcc006acf65540aae1d6,ok
0x87e5059731742642273b33eace176735ac8467f0,1,0x039d4a21c542863c0c75cce9efd8e9c4faeb1044767351bc9be7d58ecb2da12955,0x049d4a21c542863c0c75cce9efd8e9c4faeb1044767351bc9be7d58ecb2da12955724e4b9b0a457aa3e35fac10379e37c0af9541aeee856e8d81ad8a958cfa8b53,0x786ce8a94e986208f3e6c4ba0369b063a84bdc29482772bceb7bf140bf99b332,ok
0x6f6f89df394c65929217c8feafc24f268f3780bf,1,0x02b7db5c4b8931e0695f1ec0c782aa7856690d1e6dc0177b4c9140b77e96a9bbae,0x04b7db5c4b8931e0695f1ec0c782aa7856690d1e6dc0177b4c9140b77e96a9bbae9e630a0d42187ee4c5cf316655cd0631ee38e65f439d0e34c15d8439c1a9f388,0xd18e14348f96053c143d4c8af051ac1351e06f5884702e9ebd31b95fee7edb82,ok
0x34a54fcf95cbc590d3c8e8cce19485a33c6d3828,1,0x03181b82b58743e8d0af110204d8aafbe1024a55887bf3230fcd64b2050bd054fe,0x04181b82b58743e8d0af110204d8aafbe1024a55887bf3230fcd64b2050bd054fe9a574d879c2d6a8bc7bb0050b087ae27a08c3f3b1be980648220643902137cc9,0x3e6cb0b40f799e4bc71a99f6995e10c2a9af73f13d80c502c034bd47bcf477f5,ok
0x4aed2a0caf6074d79675165ae170bd639994cdcd,1,0x021f2c2e6c5c6816da032b186a79a041b09f7b800c407f101c0e47edaf95a09235,0x041f2c2e6c5c6816da032b186a79a041b09f7b800c407f101c0e47edaf95a0923553de4b20c54a1e047175c202fe6ec3db5f26f476369774ec40a6933696eb98f4,0x923b0f12573ff947a32783e4b9820492441189cae326a39a99e61d7395c9c816,ok
0x1d3ab981ac3ab27b35e4abaaa0a4de1c48b04c52,1,0x034b84b74d3dd487c17c4a7ae27e0ff8d0ad1f079b426c3f9134e771e9a68ef2e7,0x044b84b74d3dd487c17c4a7ae27e0ff8d0ad1f079b426c3f9134e771e9a68ef2e783e0c3630727ab1e071341834964c3c4ece7d4109c6a13bce441c75df1ccac5f,0xe85446701659b8435282792f0868f3a4f606d740477944dea3415d2595b3719a,ok
0xe7c333e29a8d8b318dbc9abea7775974ef880c3b,1,0x0351ea620ca0c2f9a28c18b0e8124c5661f46ce7520be6a6136dbe18d95ba0595b,0x0451ea620ca0c2f9a28c18b0e8124c5661f46ce7520be6a6136dbe18d95ba0595b019a976aef20e8fb27ecae040c8612024388e26f82cb55598bf2ba4bb340bd75,0xf9069804f24d7e374b405639c2d9c2fbd7349734a2e2c48249150afd30e312ae,ok
0xb98725dd8699ce468536567476299c43aaf362d2,1,0x0370633f6185ac95046041a92dc72ba3ce6c75c7a7dfdf069ec83f6a9db7eb8ea3,0x0470633f6185ac95046041a92dc72ba3ce6c75c7a7dfdf069ec83f6a9db7eb8ea3b4b80338fe8a74ed32b1bde77b70ca59bdf49d098198bbe4bd7ac0801d54c377,0x31122d278aff9c43fb1a34d1f27e404367d5f06db4f42e61291a8a6b14e5652b,ok
0x41320d3d256e4b9fc59aa6689a67c91c333851f7,1,0x0338e04d7c98b7e437d33c81a08c81d33b605740af2341fa462579ed1da4ac0242,0x0438e04d7c98b7e437d33c81a08c81d33b605740af2341fa462579ed1da4ac0242fadf32247b06b8f39f9a828faf627681ca569e757d9c9c79245d03742a8b03bf,0x6446b6b3527b1f0fb0bc91c3473f0fd42fc437cfacaada7362fc4a7729fd6673,ok
0x2b759fbdbe506247a4493a3e7aeceea35fed6196,1,0x03106c2e05f57d553153920c04c370b5874a8c7a68d4cb238242643497aadcdaae,0x04106c2e05f57d553153920c04c370b5874a8c7a68d4cb238242643497aadcdaae3ed8575be05570e3937a9cabac627c95a7ae4c56d455cfe37885a5b99c83cf3f,0x87e0bcfe0c55053516151bf73dcad753e94ae972eb65b3438093ffb6449501cd,ok
0x4e2a55d3553549ed7ec1a8c6834ac871b264bf2e,1,0x0382c20c0bf653a088b8918e47eff2f027e05031d84a605faaa204669d1b31a6df,0x0482c20c0bf653a088b8918e47eff2f027e05031d84a605faaa204669d1b31a6df9d5925c05ce204f1406a72c110053e7bac8f82e336dca7c091ee1e2a3a9af535,0xbebee6c69d768eecb3c02ce50520e562acdfb2db328ade348b3cce06530b3d1b,ok
0x5d8966ed231d7a3c179732f49d88e894cda0908f,1,0x02daa84d82d0bb3d931b5d2fe98a87447037b52ebef5321844c1d34aa4f9557709,0x04daa84d82d0bb3d931b5d2fe98a87447037b52ebef5321844c1d34aa4f95577098e23eefd432d2f57581d8cd0e72cbf2be23ab22880df5b0514bd725b0bddeb12,0x87f6e8f4490299ebd18b7b1d3aaefd25eb31757f54218c1875391fb3c950a23d,ok
0x102f831e6ce0d9018871e5b5f98e574425ecde4a,1,0x030dd4c738bbe05132d06448123523d3e22928ecb17cd0eac90ba2f4c7c94aba27,0x040dd4c738bbe05132d06448123523d3e22928ecb17cd0eac90ba2f4c7c94aba27083190b57ba8eeee0999c22911f0748fc95a1b424359d1357e71f7a235dae71f,0xb02c9997a258fc8fde001fb93c57cf13143dd871868ad8326e656595b732c8d2,ok
0x8ddc78b9085ea28682bce68074d75f93f78b5b47,1,0x0332cd4b7ed4cf5549fd478091c9af0c4fb06fd3267b0212f8b5a9817682f87828,0x0432cd4b7ed4cf5549fd478091c9af0c4fb06fd3267b0212f8b5a9817682f87828d714f1f53ec184b4f389803d55cd2b91c0b21e8fe7eab4490ee96b5732916177,0x7f6afe84bdd8fa014b3b3a4334fc0c979c4231f22c084a78c8f54c28ca64bce1,ok
0xf59732bc8e1d2796f282957ee86e106ac94ff649,1,0x027bd657101b5092b701093b4a7d36adf2648ccf70c11b55f65824d6dc9e6d8633,0x047bd657101b5092b701093b4a7d36adf2648ccf70c11b55f65824d6dc9e6d86334e483f498542eb9c62f302d9f3de20b7e0a5954df45ba5922542743abfe74086,0x4b4458efe4e82351defb208b9e2d07670a2c00e475f0e9c122340e15c11dfae2,ok
0x8df01af298efcb47d7be2ac7d8a8c2f645cf7888,1,0x028c9d36a652ed1c7459ab8a302b243da470678e33c9320a23ea8bdfe793a83b87,0x048c9d36a652ed1c7459ab8a302b243da470678e33c9320a23ea8bdfe793a83b87465810198dc33eed803e6e7b7264f7aae54db58571a114cd4aebca1d22815c40,0x3c34e7751e2ffa5eea7ae0f3fce8700737f80cb4390115eca32a0cde39578cd6,ok
0x076eeae11e645d27b4a180d74982332a71feb660,1,0x03b287254a7de3d85bf609f7c8d6d7a10a80fcbcac74720a2464b4a54c4fe28b55,0x04b287254a7de3d85bf609f7c8d6d7a10a80fcbcac74720a2464b4a54c4fe28b55b92d9d34c3249e57a68cc0212b6d1bf35fbeef64335a3407eedc42da898cbdbd,0x8f02577bde39fd729633015d7330bc5f4b188608585573b08ae245ed3f64355d,ok
0xb1b65358137f276e2497e1e6360ffd5c7a498ef0,1,0x0220de629ae6e1679c69b68a8bd0c423a5eef6546e644f523e822ffeb614b3fb8a,0x0420de629ae6e1679c69b68a8bd0c423a5eef6546e644f523e822ffeb614b3fb8a9b5c05d5fb575336902cb8e0c0bbed939aeff9ddeada03fd9f8d9f3feed8ebc8,0x419c7c869e26ae3fcc32164d57274415f375e754e736175956cf76412b11137e,ok
0xa18375d9aa55f86458770d4541e39f660a68adc5,1,0x0299ecb0e325c0432b189163aa82acc4d2e88dbef478759249e14ddf80cfc84003,0x0499ecb0e325c0432b189163aa82acc4d2e88dbef478759249e14ddf80cfc84003495c4e484aa17e05f736f5598fa64e8a13de2c92ef395e5760272c08e0823562,0x6f9d27f255b34c434c1f7f2e1aa7a02a4c94d868595ad38c78fd391413912072,ok
0x6c0b9f3868d2870f69315bc9e68af0ea26ca9e3a,1,0x03b1504e17aadc110bb7e7676dfa30d0d86469560a14f5a02d15b042ecd514125c,0x04b1504e17aadc110bb7e7676dfa30d0d86469560a14f5a02d15b042ecd514125c55568df0030961f383ed56b0d39e3eaaa5c8583f50baa26cb07fb584f6b6e86b,0xb413446ed70f3e6224562707835139bd94707a5805009eea5d201f7d68fe981f,ok
0x0e38a6fe82169a3c5bdb0d3a09ccb23f30c1863e,1,0x038a2e6cd3659f5bd820b6a5dc6ca7c5fff80ac5cf1bf1cbe3056fa44ad7bca839,0x048a2e6cd3659f5bd820b6a5dc6ca7c5fff80ac5cf1bf1cbe3056fa44ad7bca8392ed45b0fdf35c28cb90664d531e33dbbb3c81ba59e1ed4f92f6f59036a96cfef,0xfa6e9c0244972d06aaa36a752092d0297e29831398e9d3a19630fb37d947e09e,ok
0x425e3076f62c405d493b4583d8b9074d633e33e5,1,,,,contract
0xc41929ed736e3a0eca4fc0ea714195d64fc169b3,1,0x0337cfc1a76ba4efa9a73e12b304fb03d18c5a2a30bf48bbbcd66dd3dda3d8d524,0x0437cfc1a76ba4efa9a73e12b304fb03d18c5a2a30bf48bbbcd66dd3dda3d8d524c2abc2c2cbdfedaaa1cae9281df1677a97cff52563cb1e9415db653d97fed4d9,0x046ab492bfbfffa94f855e8e2477d75dd9d33cfe9932ccf60fa3d2cd37992d4b,ok
0x3219ecf31af9ca9b84414af86017f1979b0e7cd7,1,0x029642b8e81b7cf9f39287cbabfc563349cfd3cf30113e0108666b2ee7c3027f1b,0x049642b8e81b7cf9f39287cbabfc563349cfd3cf30113e0108666b2ee7c3027f1bdeefb6078f1b41cafdbc65223936fc32eb8beaa6bde85f7d9ba4554288409b92,0x9d683b79440b493f95fd26f615d243392dd28f90a9bf60315d15716321387f77,ok
0x3220a1b5d989a92d55c2bc6ef14f139ba0aed9e5,1,0x024d5d50407400f508a33416c16e0157ef6edabd401f14fee604b2779d22785524,0x044d5d50407400f508a33416c16e0157ef6edabd401f14fee604b2779d227855249b1b168488a136170d2dd177332b579cd35ef149088aa2cf9a81d932f1b9595e,0x9da26fc86e7ecbf0a5399d6fd0f83e12fe5f0e209ef9d795b0a5de0c3122901a,ok
0x2e9c12fa49e59b6b93aa059d21518652a7bb37cb,1,,,,never-sent
0xdc259b798f1e35865115295eff10ef0ad894f994,1,0x022021bb716408c6fc9e079dba6a5ca5d1a7e78568dd84e949003d88bf2da36858,0x042021bb716408c6fc9e079dba6a5ca5d1a7e78568dd84e949003d88bf2da368581513cc3a99c4f0b189fcfe1cd8078b8dd41036adea62ecde8719ac5dbe8d29fc,0x0add94c3f7e2a86036efd59f6c215b162769f09840282c7f57ea906746bd3912,ok
0xe6c1182f5b4a10a603aa9fe3d385c62228330c93,1,0x03fde1bcde3db30e3afd99d8e2c105539cb020bfc67363b7c0388ad4878405cc68,0x04fde1bcde3db30e3afd99d8e2c105539cb020bfc67363b7c0388ad4878405cc688837702e5a3ca061f4ad28b9cc666c629441a0eb0d75afaaeecb0ceb4b119039,0x84d65cade9e0fdff7f584b2850d36c797fc030b8d4b6a35ab07626c4ab7afe44,ok
0x8f7f053eb8371f9c1fb23133c7c3721cbee87ee0,1,0x0281574adbfcbe0ca69ebc5fbce50bb93226acd5f4798edcabda8564de0412796d,0x0481574adbfcbe0ca69ebc5fbce50bb93226acd5f4798edcabda8564de0412796d57e25dbc9d4c144d5e9e18b2cdce43651e629612075ad405501ec2e88e38a61a,0x72e640919f262938b7414ee0bf2f4c0cf45ae7870ab47a9fc5acbedf224901f5,ok
0x037e2dfc7cffba5c68944e2a286c6d46f511f691,1,0x03c59783dd414539092754a86bcd95b11f1915608f4aa13331193ea2af4e727f44,0x04c59783dd414539092754a86bcd95b11f1915608f4aa13331193ea2af4e727f445aedfa5881129c8bf2813796a190dab31dc97d26fcd21d0ffde9c65656494eaf,0xd91b653c9f01814af31cdd553879489b61f37eb7426bd8dcbe75eff2c3640567,ok
0xf19d6a990d514bdf91c67ce38e78f2abdffc9e4b,1,0x02f64e4d70b53f5597bf0782948d1cdebf0670a4389afb47c5f5bbb33cb8765f50,0x04f64e4d70b53f5597bf0782948d1cdebf0670a4389afb47c5f5bbb33cb8765f5063882840cdde915ab17d45d2f35f89c991a95ac6ccf7e7f54b7eac33ad29b3a0,0x5f6b560f3c311861fea94be1cf080f05290d96a31dc7fa43d6517308651bac7a,ok
0x039a5bf4c4aef45f49dc44e85ff4a05a2cd61f14,1,0x0210aec8534db37c54883aff18c5cb8d9865047dc910194b84681c6af6d54e66ce,0x0410aec8534db37c54883aff18c5cb8d9865047dc910194b84681c6af6d54e66ce6290c372121e3ea1d8d3452e5932df9d0851dcf22a2a5e2a72ca76deced73e76,0x7623c7c89e32d9c79e13e7ad166b0b86358f6ce5d933c1b61ac6fb7ccf76e47d,ok
0x99b63f4f0ef103a74e8f43abba5c87f212eb5dbf,1,0x02baa1a8b913eed638fb4d340818d4085bd0494061f9e19db747da01e2f470ba3e,0x04baa1a8b913eed638fb4d340818d4085bd0494061f9e19db747da01e2f470ba3e96874b374eb86be2dea06515324c54acc5210f4d1d3788e7169fdee4bd6cadee,0x2c78aec318ed09f2f93307b43a6066539224503c9bc1794cde7d3ed3731f39e6,ok
0x4c0961fd98fbe23379f9c3386137f1fe0f633149,1,0x031d50860bc6423ed87cfed29ec615225e8143b044928c88eefbfaadb4ce3471b7,0x041d50860bc6423ed87cfed29ec615225e8143b044928c88eefbfaadb4ce3471b743affb34c42df7706613bc9ec7a08743cee1cdc0cb755021d0171d2f114ffd6d,0xd66a8abaafb136980c9c91ebd76c0c7d7fd591303921388e0b3f3da28d7f3b9e,ok
0xa208fd743a21b31b992d0de2478974a1c92737f9,1,0x02a9321e556e21c59cd7e24b730dc945936f8e38aca0b5e69fc947c9d54c7d71bf,0x04a9321e556e21c59cd7e24b730dc945936f8e38aca0b5e69fc947c9d54c7d71bfb3bb414e7b6ce21116abb574d60ff1da87d7db036751ae9cf8bcbe21b5321e10,0x9a54541e8522fbf8a5dfb447a8dad88f4b4bddaba3edadb34ad0cfed0f1e51b4,ok
0x10b1b1ac4c7e4a07b96fefc397cedad8ef2471e3,1,0x02eb69506deddd6e381220c8d3e5d0a48c3f077492c04174c2a03403a3cc52ca06,0x04eb69506deddd6e381220c8d3e5d0a48c3f077492c04174c2a03403a3cc52ca065743ef19f5695eae1893ca830ea67953680ddb0a6081eb16afe5b1187c29d6ba,0xdbe688752153d088fe3d3ac5ee3840e7be894126a6d73ab67330285e6ad5fb6e,ok
0x1c6f1a832e73949c97fe335a98b6a5fc3c9c29e9,1,0x02b6558d23791a1b3310db31e865c5a67f9442aed9f54cb0c915159a17954c2318,0x04b6558d23791a1b3310db31e865c5a67f9442aed9f54cb0c915159a17954c2318d5fc2e556df525cdec704fcc80d29900bb0a38703c2238747e34c694a385baf6,0xd2f7028e4599b3c6e34751d2ad6e58e4793cf596bda45d13db1a930961ca1329,ok
0x564d6e7d896f4810ca434308cf65bf65133b64c0,1,0x03e9331033a02035f95da9bcfa1ca299c12d10a13665e450fc854d9d6877887545,0x04e9331033a02035f95da9bcfa1ca299c12d10a13665e450fc854d9d6877887545f0f4154f43d6524a50f4bd5e2d9ced8c69c211a9969f40ea7e0872d836f0a869,0x7205d829380e3e57bd86d8a8c9268cff4d25b4711f611efc5692764f91f38cdc,ok
0x2a876d0667d81d2a8a3a683371f828a8ab95f487,1,0x035bf9153605cd1f294e6deb90c6064b3ade45f4a91769f36fa5a9039bcb7dbc26,0x045bf9153605cd1f294e6deb90c6064b3ade45f4a91769f36fa5a9039bcb7dbc26e299e92d63ba4fbb525fa60018388031d254da3315175f58eda96f9b398bd591,0x2328365fb50080b80d91ff4cad012844cdcef4495e6d57ec53fcd2135444bca0,ok
0xc7d6d1cf80fb62f06cdf6a12bab635ca8ac19378,1,0x03495eb951cef93753b0a5cb8cf4303178d756c4cd91259a7a80223ea19b0764ae,0x04495eb951cef93753b0a5cb8cf4303178d756c4cd91259a7a80223ea19b0764aea0d46a553ffede3ec756da17b7d4f5e7081b3f386c77b15b72463db6f25ee5d5,0x2af16608d4bf413829e5daa383727229b135615eb8a1a152749f1889d95a44c6,ok
0x2edd0804795966d2aee41a21dc166d048f6215f0,1,,,,never-sent
0x5d50d85ebf5b7ff52ef24f20c468769747af1f98,1,,,,never-sent
0xa98b5a7526f7b4bc56b0c2071115c8e6aa1c9fce,1,,,,never-sent
0x7049871039097e61b1ae827e77abb1c9a0b14061,1,0x025f2ae71da03ab35748efd9033f3ff249efa25ef0956453afebe6327c987508f9,0x045f2ae71da03ab35748efd9033f3ff249efa25ef0956453afebe6327c987508f9b295e3d35dd086f953556d959d04e2dd1dd43b6176deb96289adbaab694b7780,0x60f8dbd030b11f6d355377f02a29ba5e0cb666f9c200ace9b1920dd45d9cf5e4,ok
0x70cfbf72a1cae67f3f95caa8ffa746229b3de0b0,1,0x02beb0d8d479748382bcd350e560e3b7b2eb8132fc41e4a5ed0657af9f4f2977fa,0x04beb0d8d479748382bcd350e560e3b7b2eb8132fc41e4a5ed0657af9f4f2977fa5527d17c496b1964bb446a222625cebbc628c206fb6c2284f40a2cdc3e9da416,0xbfb4cf2e89193be354bc19120cb09305ab6401f38a9d5ecb7e9fc35536902b54,ok
0x23ed0c4e2f2b5e67ed75cfb72442b4171c6e5eef,1,0x028f50dd1ccb74abae4f994fcc5bc12fe38893dabfc6f1ad37819ac7080378cee6,0x048f50dd1ccb74abae4f994fcc5bc12fe38893dabfc6f1ad37819ac7080378cee67e59ea206f794b64ad39e9558226efe169617359c0d5f4d06eadb690f38c8b2c,0xbb89611b5868149976d3dbe2c104f2b8908195838739d0deba11136cafbb82ef,ok
0x29b1b7cf7bcfcff73ac19e5669c6be8bfc4f9174,1,0x0366209adf0a1d034fcb25d5a5a0f168996386312a25d679bb009083d71d9c74a5,0x0466209adf0a1d034fcb25d5a5a0f168996386312a25d679bb009083d71d9c74a53cf06da897ef7a4b6d30bd9399a6c86a4aa9c954a671c6d5fc4e0c7ecbe9f151,0xb90655d49ab04bd2e181af69a97b82b63addba182760bd4d5a872bb4e6b984e1,ok
0xb8b287ca2eaa93db6f625266e5d4e6318ff23e30,1,0x035b855a6269adf0a263d0b622d08f5af27b790e6679daebc407ca90eb3928b062,0x045b855a6269adf0a263d0b622d08f5af27b790e6679daebc407ca90eb3928b062b4252ba4a08fcc7396556837b984aec9687ab2748821fabbc3e296602b71b139,0x627234c06190331456969a8d34d6b50e7193a0ad8bd7a21769d0f4fc2ae6c339,ok
0x052d45d6e1bdf9f59620963cca05038c06f11d07,1,0x03961fcef0c0afb986e22f3be628b9bde66ab5cba202775275ba2612480232e486,0x04961fcef0c0afb986e22f3be628b9bde66ab5cba202775275ba2612480232e486e0d302010cfe4db07cbbd3dd47c1543f06cf6845acfb72334434b653a062e95d,0x8ffc324ce0e5bfcc58d469826dc666ef854ad3784405eca6976387dba5e425f4,ok
0x4639da088bae1b4f7ebb5122a29dbde4032e0b79,1,0x039c1729755e8c71dd64f326cf38bfb4297d89d64dfd0a6ba7bac5099f6374dc6a,0x049c1729755e8c71dd64f326cf38bfb4297d89d64dfd0a6ba7bac5099f6374dc6a667f5a04e620eb198bf090e63c0437ce704aa4879be7fbd19f8bb1165c31445f,0x40b0f50e334cec9c6811a336994d02e5048550f3cc5deada6e567298bec757b1,ok
0x0abbda1dc11d99ca868878ca050da6036e216577,1,0x03c1aebd635c0db061fe6595869a060716b0298d2c6447fadda3c7736e096e6955,0x04c1aebd635c0db061fe6595869a060716b0298d2c6447fadda3c7736e096e695529556b343f7019513668a796ff900ea1e191d1191fc602fe1c505598a9d6f0b5,0x8c4c865dae40095cfbba1d6de2da816dbda76e96d77285ca6eebbf288d8b34ca,ok
0xf2c34e38a4415f198f822bd54b91eae603faaca8,1,,,,never-sent
0x17663f86fcfb22d5f64d9df0a3d65a95dffd36f5,1,0x0271a53cd523ce2344f9c310f00a4905e77129efc25977bdee8c31f7ba5d49cd01,0x0471a53cd523ce2344f9c310f00a4905e77129efc25977bdee8c31f7ba5d49cd0168b8b174df05539361725b7e5a1731f21903688443c2a32808d4b0fcab9a3af4,0xf53666ac4ff2cf64a9f47699703c3ffac32dd82ec073e6a0dd05d0bfb67424aa,ok
0xb1fa25350cd089a251dcfa082612aa5bbee0ac3f,1,0x02bd02312ffd2c560fa90451b40453123f62687f003f16b5b711464890411fd527,0x04bd02312ffd2c560fa90451b40453123f62687f003f16b5b711464890411fd527dcd11ab13566b08be3ba958469d546a07512d97809fe3f739d9c54cf6e590096,0x4e2959b54c857744c4177c18611096267826b4626dd601f85ac6a58fa7637065,ok
0x359f295e1667214bb18bb78f0f721604a34dc0a1,1,0x0254a2094cd17fbfacc1907f479cd8699916e6a581af5d1ae40a21ca56b8e56bab,0x0454a2094cd17fbfacc1907f479cd8699916e6a581af5d1ae40a21ca56b8e56babc9fd7cd9d3c9c2fa0d2bb719dbb3a00bc5e20277b131569073e2cb98f1b18c50,0x02499b0a358283f8d5f8e7a8668a555ddaaec7be39c8e2590acbd789086b8fdc,ok
0x6c6e1a4d4d3417ddc8cbba6bb896dae41c48fb08,1,0x03ea596c4edecc477b10466ab2c69325e54e04b5b86073b08bcf3320861ff4aa53,0x04ea596c4edecc477b10466ab2c69325e54e04b5b86073b08bcf3320861ff4aa53fb3be43c5037ea19e0bae4a690a34c5f229cb98bc21dad5a53d27cacfc9e6d33,0x024a365f34df5b1b0dc7ee93966dea48794dcee719cdb1fb4c1425e182a09d37,ok
0x3530aee16f230e127a86ef13ce7a7a0820e9e579,1,0x0356d52dbaf4fefe75f51c3a74f181d197f5d6b92b250ad0722baaddff117e5787,0x0456d52dbaf4fefe75f51c3a74f181d197f5d6b92b250ad0722baaddff117e5787c4bc24cd12a5a26a179de9929a1302b18b8a8018840d04ab40a8c308bf31e069,0x25077e4cbf942637aa86fed56d523116b7a2fca13a3825ab4b031677e1beed3b,ok
0x147cc3cfddc294da42e38216db74d435be3e332a,1,0x029ffbb7252ba4b10bdf34c6f3ba5a6b36cd7b65d23e7506e3edabc8232ea7d32f,0x049ffbb7252ba4b10bdf34c6f3ba5a6b36cd7b65d23e7506e3edabc8232ea7d32f8114a72df1b5bdc8b7a9d83f13fac165a87ac18e4cd4ed1641a8f7ab04da42de,0xc57cc5bbcf1399ea45ae467a2f402add9ab4a5a9567186023c6ed30314e52206,ok
0x895d1025937a8b65386e1fc2fac839d5a03ec883,1,0x02647d40612a4e90e8eb4c98c9808381d0a442c2188696750134ae5e8e94a46751,0x04647d40612a4e90e8eb4c98c9808381d0a442c2188696750134ae5e8e94a4675161ba97d173fb075c77d3a12c605f118914fe49c69bdd9afde31bc84d92a6c5f8,0x09a6203fe848bd036f5f1284d78b36494636a762310b9f02e566cd2614accb51,ok
0x4fa5cf05c793c8d7818f64751e4c842d17e0a655,1,0x03c5e2b3bfa72071fa84a18f201e96621e8e4e4a27515756f8e3bfa6d72e1bb755,0x04c5e2b3bfa72071fa84a18f201e96621e8e4e4a27515756f8e3bfa6d72e1bb755601908a64f6947efaa75ba313844ccd4f7f70eef6322171627e140a6f895ed65,0x3dc1cb46319715b19d129fa6d26d7127a9559d487b43f08c1500ad67ae9212dd,ok
0xb2edc53ff82b9800e748b42ef2074bb0b8275f07,1,0x03aef41e49e2ac62584c61e8d5003ef5972314e384720c678b769f627c7b8033db,0x04aef41e49e2ac62584c61e8d5003ef5972314e384720c678b769f627c7b8033db2e39bf39ef461e38ced833ae7033e829bb11e2f6dfaa4c0afff9a03f8b0a3721,0xa1cd9ef33ef3513366157cad7f20c14a7666a451192af72175d0619a5129d11a,ok
0xa6a60fb56889a469f44fb4203dcedd55803ee793,1,0x02a141c5a79a1f6b4432deba842ec23ea24418c70cd4589202fde0be4abbcd8ddb,0x04a141c5a79a1f6b4432deba842ec23ea24418c70cd4589202fde0be4abbcd8ddb8cae1e908724b739a489f13a58fadc994f0040d4576225eee85690ce3b01bfd2,0x40036126bdbf722d1307932a0bb64d0f51043786de0ea8efa33f2f0132a102c7,ok
0x038381a8a6e5e39b981680f02c27a404b816239c,1,0x0347de7c912428d358e8c5b11cb2d020facd7c830e4b38e4175edab199a7098be9,0x0447de7c912428d358e8c5b11cb2d020facd7c830e4b38e4175edab199a7098be9fe12f1e3309c805a63106f0d82bde6424e8db3092c10c3c81670e437956f794b,0x3e82b7fac2a0b697ba4ea29167737e2974b1356b8c35ab605f82d1b1cdb0c9df,ok
0x7b01429e5ade22c5b4002f0da287717e8ad05375,1,0x0224ce9e6ebd594e1882d12721243ac17fd9deac3d211a5f398982759d27af24ef,0x0424ce9e6ebd594e1882d12721243ac17fd9deac3d211a5f398982759d27af24efb71a745e7a18e3c4aac7c93c02f6624f98601e9c388731ecd16682d3f517b8b6,0x30fe3c95040869966571b09517b35dcd016d4dc3db6d90073d819ca782b04b60,ok
0xc97db897ad76f793655cb786f6cdddfc0dc7682a,1,0x03e26aee1f1a457012d4515fb5addb9f48d5331316fbc48dd78757fe4c50d9fcc7,0x04e26aee1f1a457012d4515fb5addb9f48d5331316fbc48dd78757fe4c50d9fcc70dec1b5e6e9422c49f387fb4d93abb86c1b5585a9d7b4ba40bbaa774b43cca85,0x54d5bb29c5702011772621da47df19a147ad4a1bd79d5973432d818092fbf28b,ok
0x0dcb2ae1df83e6fdddfc45954298507569873a73,1,0x02104fc85d6a40052d6e7331996021bfb5d9555b80d80ddc5327c3ae4d9ed5634a,0x04104fc85d6a40052d6e7331996021bfb5d9555b80d80ddc5327c3ae4d9ed5634a629fda8fd497b8b7995978034625c585ae7efe972deeece57c78626df5100a2e,0x883947c92a3fac708ae15f1765e780e8cd5b7d349da731b7c1e8f256cff1f030,ok
0xaa2b1daaaa5d376d48cb022e1dfc4c5ef9d0efa4,1,0x03a64aab63853fd23c8fb11446fbba9ebedce7e5222fba361dd2230cdd199bb650,0x04a64aab63853fd23c8fb11446fbba9ebedce7e5222fba361dd2230cdd199bb650afea56c863994b1455a5f12b27b6842730ebbf20665209410237440a3b7b5e07,0x082e8c054b8c8850a3433abaa28f4596a1300e7792299bb51a35b32783874c44,ok
0x88ec2a956568a71bfedf5bd717b4628ec29e2679,1,0x0343208bc84589f0a53d81c5630a473d8b46df28c0ad1860e44afe92f6dd5d98e3,0x0443208bc84589f0a53d81c5630a473d8b46df28c0ad1860e44afe92f6dd5d98e3ffdbde1843545a5e63885346cc33dc5b1048d41c1192d62b8fd36552de293e05,0x5846a65695e5e4ae01140e25a448f104b91597793b0819e964785292fbaabcd1,ok
0x3d7618c825ff1b3a9a8694567f8dd81ea5820b8d,1,0x03b6b22c6f9ad94d8b724971e6f861db086bfb871ff7002b9f2bee6b2a8b3a3216,0x04b6b22c6f9ad94d8b724971e6f861db086bfb871ff7002b9f2bee6b2a8b3a321693f0c07118f10665635853bcaa1bf53d5d6a12205b9481f90287bec0a38291f5,0x1be03de33935d438fc0bef53085d4c9930446d9e2fbc0baa580c961d225c48f2,ok
0x423f06e9a0a68958a2e1f91b5e888ba33b53de63,1,,,,never-sent
0x175680d5a4df0417da797c50c9f2823a1a254dbd,1,0x028a89c0712754624c6301261987445a3bea3ff520014fb57cf1dca9b3d40e598d,0x048a89c0712754624c6301261987445a3bea3ff520014fb57cf1dca9b3d40e598dd6b96dd8db281a8d220a051394fec090aba1df2a4f58a2143fefa7753f816272,0x9394a1de460d13dddbe3a4463ea11dab9d50822ff7aaf0722f0fc6a7d016689c,ok
0xda43a90e8fcf9e53f54ed5eeacc3a93bd731f406,1,0x03ca5a3a0894998fa4caccd8d5feab3dda2b7e99ee779a3a9afbc40638b8e40210,0x04ca5a3a0894998fa4caccd8d5feab3dda2b7e99ee779a3a9afbc40638b8e4021005592ec4f1580d2b849deca29996839dd0f11c1cef36eef3aa7de22620377dd7,0xabae0d9f0d8465983e1a18ac107ffe3ada5553a6476b19365228b00989c5245a,ok
0x1b83c3fe4d40ceba2b2ede3f67e7f35385841dca,1,,,,never-sent
0xe0462111b7fccc81207560c6dac2847dc2168aa6,1,0x036426851bff8271c69c0778375fb880e6a2e7ed7125705e29c1cbc040804072b3,0x046426851bff8271c69c0778375fb880e6a2e7ed7125705e29c1cbc040804072b3506fba07916716926900f700a42cbe1ab422c7682aa91579d5c5550849f3e045,0x0297425d0dfd262099bb0df0f21598084e2fd6b0461748eaf90b9ea2826eb5bf,ok
0xd9774ecf2ff8196ee1201c3ebde1f77ea4705f87,1,0x0202c05d0b636cb89c3c08c7f8c6239174f63b822f45579cab27a69477ae432095,0x0402c05d0b636cb89c3c08c7f8c6239174f63b822f45579cab27a69477ae432095abb320de12fbcd4172840db5c8fcefec0236d0e08cecb07ce00cf5af85471952,0x2f64801f29bd5f150806c6ed95a902d5c7f5d73c7ce875b4abc6d0a60e1bb335,ok
0xab870e4afecd2f7b7fbb4832977735bb3c61ff59,1,0x030960343f413d363d10205a74e9beb8c6249434d2f6c443e6421b03ea1145349b,0x040960343f413d363d10205a74e9beb8c6249434d2f6c443e6421b03ea1145349ba5010c8cd08e829315aac14b119bc749c1c2e41d5ce3964a88f0cdb9785f3d31,0x6e24ea72e4e4cc92ed7f0169e38eaed9ac23b837efb5216faa0ab184bbdab472,ok
0x21e93bc092c76737400c8008d5578cbd435aa4ec,1,0x0330fe13765557fb96111764f23b1331347c5a4fd5b275ce052f038661a73d05e1,0x0430fe13765557fb96111764f23b1331347c5a4fd5b275ce052f038661a73d05e18d7d0a1c5afde28b9f48512425f5b5c19402af9a44f91cbc1ecd8cce600b77a9,0xa182868d37a3f0d9436f3ee6a89d6aaafc0f7840970629108e96cf44175261c0,ok
0x13d1c2488e20da97553d05f57275cc993230ff59,1,0x0320f187b54d840f4db08635d036e83c669388dafa51827d45ec206ad5612968e2,0x0420f187b54d840f4db08635d036e83c669388dafa51827d45ec206ad5612968e25003bd4622e62144e438d1258284e5611434e406a6a4ec59bd6a5d3e45b6d7db,0x217cf75a1fe5439c533ac0aa2deae56a06f1251a50e163fe01ad49d521d8fb2c,ok
0x76fb13f00cdbdd5eac8e2664cf14be791af87cb0,1,0x039dc96d7cebf61f7a79c3d3a5e969168b58e28de7fe49d11ec71e40c3c99e46ef,0x049dc96d7cebf61f7a79c3d3a5e969168b58e28de7fe49d11ec71e40c3c99e46ef6681d5e9a0d7dffec0a61aa5dfa3b7d3d24acdb60220eec97fccc7e2ed433421,0x3659e738ab876c65bf4ac1aae9d49a2c455c88ad2929377147f3abab0a7e3b58,ok
0xadde710ecd94797de0d2280782bab55f6e989e5c,1,0x034a11aa4c2bddde122e461924a18d32348614d0153d2828ca896e85182dbb70e7,0x044a11aa4c2bddde122e461924a18d32348614d0153d2828ca896e85182dbb70e7661b04cda000d654fc837e5c4689dc64740ecf8aa6801e10b665b097562906dd,0xb0ac9e8078e73d5fc5ad442a60eb2869da1c6d70be4a988cd932d656ebae2b98,ok
0xc6e2861d007dac67e8d4b62c6620ed8d7706404a,1,0x03bb0c371ffc6e47b9c4304329d765d3cd4f2862c18350ac121e96027a0a5e2e43,0x04bb0c371ffc6e47b9c4304329d765d3cd4f2862c18350ac121e96027a0a5e2e433e19046110a87d4005d16d7474f350f560a83bbf68bcc4746d039a25ab40eb9f,0x5e84b07754e7deb8f8a81f739686b3b01756696bc8a8992828317a7a694aa328,ok
0x562e1ea8a68f1704a0dcb3e42718e63b4c0d6629,1,0x02092ce45df1e4dd38aa53f5d0fa65a62c7973c70af0ea7897ac7af6504d80ae28,0x04092ce45df1e4dd38aa53f5d0fa65a62c7973c70af0ea7897ac7af6504d80ae2875b422a04a348397cec0d0df64ad1d858f8b98b25c8c4e89442b445cbdcdcb8e,0xe5e6c3a4dd2ac10bebf6e72d107a0e9796b1cde8d324bfefe9ec22180658f1e5,ok
0x0f4a98a05f7201ce375525723e3cd841804766b0,1,0x0293ca2d79736c5d643012af002d6fcf8e45590bbd0b9c528c3ab55d60fa9fa3b7,0x0493ca2d79736c5d643012af002d6fcf8e45590bbd0b9c528c3ab55d60fa9fa3b75171a337e222f22844cb17e01c622f0f9270d32be28269633f131a77e5381f0e,0x0b2a86d5addb5379bfc387bd51e0388c6b50951fc278a781ecd66c16cc215129,ok
0xd4232f49540a95962d43a282b4b62c6910558e65,1,,,,never-sent
0xe2fd2c038df8030ccc06abb9566dd4fa133759d5,1,0x0225019a92d5bfc4e89d2a1b65e308a467808fea18bed9e35b6612b397ae884f6a,0x0425019a92d5bfc4e89d2a1b65e308a467808fea18bed9e35b6612b397ae884f6a4209841e348c83d3a4c8b11049449b6d4bb65367ee190dc8114396e2a356d778,0xca0785475608ac8c2fa7a5bf43390f1a2500083033e27e09a2aec1af6861d0dd,ok
0x2ee5c84a564ce7b5b44af668860633a7f745a62b,1,0x03b2ecc9a278cc88e15e8b22c6cd32caac551a65d5cac242e6984bb88ffce80bd4,0x04b2ecc9a278cc88e15e8b22c6cd32caac551a65d5cac242e6984bb88ffce80bd4b6d7e031b4aba387bd98e6c9bd3f6b8045643d2fac0493b1c6510a4c343b7c3f,0xabf5ceb9ca230011e00368c8cafbee518f7f08c43549f936d6b7ac8f702980ee,ok
0xbdfc5b50863727bdb657f6b527a6d1f1543aa976,1,0x03ed502f8081a23a19d7726881d5a5adb59083eefe023aa74b33a8ca0faa3fa5d6,0x04ed502f8081a23a19d7726881d5a5adb59083eefe023aa74b33a8ca0faa3fa5d61b9ad855e4bc5946f45eee13cc430364a48da3bbe815718528710fe26e73913d,0x5f9920c439453b4799394e4ecb31530a5090d000eac1d201501a8fa22c517f7a,ok
0xf3e88f2a4593300d9c6251567df093ee2660f260,1,0x0360d1c9ac645834b8937897199613f5d40e92f8e92192b7ba3275b46b493de4eb,0x0460d1c9ac645834b8937897199613f5d40e92f8e92192b7ba3275b46b493de4ebba5bfe95ae3fee58956996676606f8bb52a953f33d4d4db65e78138cfa17b4d7,0xad15b640e3191b9ddb6f504b0bab2793a6373cf37e165a4749ea827416bfa7e5,ok
0x13a7a6a46a28143382a97c0b6e4b7fa6865d3d59,1,0x021d203838b547f9b3b7453d96a3c2a6f65b177e73ca5529e37eb9add42e1a6288,0x041d203838b547f9b3b7453d96a3c2a6f65b177e73ca5529e37eb9add42e1a62883f81fbf4bb125f72a09fe5c67da67bb3592e220f5b25ff5adaba54f54cc36cb6,0xf7571ebec2b0e7e7a50474d354b7475e3f8227193270bd6580121fbfd32811f1,ok
0x226308bdb8d6b7cabc0bd8ee31c71568ccbf12cf,1,0x029be5804e54b303998536dde31fcb70fb3f9a24d06388b26cc70f10287357fd1c,0x049be5804e54b303998536dde31fcb70fb3f9a24d06388b26cc70f10287357fd1cb4cd02001718c8a535b4c1963327ee205dfe67de47767c6709352a4e6c04bb24,0x042c8dea86fd871cedd72f3ad55f2ebb7096de39bdb2abcb935fe57d8a171826,ok
0x869cc837a999c3ce0af1b02c2c2ca444ecc8ab74,1,0x0303497ac1c8991b4e694d898850e3658643130570845b1bbf4df168bf0714c432,0x0403497ac1c8991b4e694d898850e3658643130570845b1bbf4df168bf0714c432559acbad66c0969f8c613a4fa22a53d5a351185f9bd528ebd7a1f1338c957335,0x020af611cd52f7cd9fb69b48e749871f51d5bd721025ee5b6e5742746a933f8f,ok
0x89b4b7b597d9d091e55426b7ce7fc722577de1ec,1,0x02571f90b85aa9c4a630a5f6860a81491d8172c640ece5750c249de2e08ad78d6c,0x04571f90b85aa9c4a630a5f6860a81491d8172c640ece5750c249de2e08ad78d6c8ede562ca2f96c5e1ff48547ce508405fffdcd318c78d6476f2e6e68280c98da,0xb39a15921a69ac9182b13709bd418734fdd3df890fc83de605f1ee25fe3bd2ce,ok
0xa5dce742f3775059d9406342d2ecbb0ff8e3a3c2,1,0x02bc43314bff3d07a623f9789ac40edb1dcee5a09bdbcd1aac2aad06beba6a6e28,0x04bc43314bff3d07a623f9789ac40edb1dcee5a09bdbcd1aac2aad06beba6a6e28017b1ac5c2960b6992df167897fc85faa59c1f82629240b214b32f4da71bec6e,0xb2e32268e6ee3238a750536ab860d39709d08e0efa13caba07a2db27d5d3db91,ok
0xd56ec5610bf9884acf50e27ed0fa2c78be747ba4,1,0x039b27d2fd0294cb03a435bc75e2210cb71e061bb65669f414e7db4512697ead74,0x049b27d2fd0294cb03a435bc75e2210cb71e061bb65669f414e7db4512697ead74e6e30b4956c89585ea97be2deeda5a34d3a1e43b76d1a8df51e4b4935fc46105,0xa7dd142d52b3324d833a608534d215b098ebb16e16957e8c46ab1aeb9dbbbe37,ok
0xd7272f37e384b594e885237aa29013cb49295e14,1,0x028c48f43a2c95e89db7be91104101a106a2105221f60b4febee65c44f58a2a44a,0x048c48f43a2c95e89db7be91104101a106a2105221f60b4febee65c44f58a2a44ac043569899737fbc70da79759a013fdba94f5de96a69a0cf1725bc20aa8091aa,0x186973410cc3327c65ec77623fac2540035e5afb644622af5a43feef5286fc19,ok
0xbd52159f39f400da5c15c39c28cb320914b0b62a,1,0x03386c1ad373915c565c5cfa44b64682723852e39da91b0245b99b4a816398c99e,0x04386c1ad373915c565c5cfa44b64682723852e39da91b0245b99b4a816398c99e8176c2e29eebae3d23e56a3ce521a1f1fee2c274390020a55c0b722c74c835dd,0x6c9a88d7f7a825041e74522cce414b061e32efe6d309f2711be08c3d930bfb15,ok
0x7af74883fdb872b39f8452b5ccd1721af294522e,1,,,,contract
0x9b5fcc2a532280e1f435c0bbd5d8f1b9cf6bbea8,1,0x02a5a26f67e40751d025540c7adf0e0c598d53ef4536534fb424c37d393a5836ba,0x04a5a26f67e40751d025540c7adf0e0c598d53ef4536534fb424c37d393a5836ba0e5696397c0857a13b94182757fc8cc21b3493c5617f6ec8f4e0c9e7635a7990,0xf00be4fefa5075a33ab0b2bd6c1781487c3be2742fcb1cd982d91cd6eadc1472,ok
0x0e2d5d46cc4633c0c885c078465941a8f19c5714,1,0x0247973a9bd50b0dae238367143e70ae82db5052a9962cd7f0be5cffdf57d2d186,0x0447973a9bd50b0dae238367143e70ae82db5052a9962cd7f0be5cffdf57d2d186b986fa9be39fcf9838da8b7a7197f2ee37b3d13b98e74ac80c7d6839e500c23a,0x3291c73fa5ed74f9968b25e3c60da5ecb51719c987598beb6c6f6368ac54a98e,ok
0x081591764a13e72aeb6bed098e7da34063ea8ac4,1,0x0301b9baf042c0cf2721acc2783ee133ae418e7f2a964ef68d17c4d2fd010888ce,0x0401b9baf042c0cf2721acc2783ee133ae418e7f2a964ef68d17c4d2fd010888cea479e82e54fd2c0f404c3c4284a7c30c465f718aba88285a70f9bd322e9d99bd,0x52157513a25b53e9714fb88b1e4303d7d5b57358c58a05deb3ed98e7df18f42d,ok
0x9fac181f3a7b1816e5b593b2e5659332d87d8a3c,1,0x03b58056cc2f97efac6f1bb7d761e15376fc31523e50814d5d2f5d4921c9c3731b,0x04b58056cc2f97efac6f1bb7d761e15376fc31523e50814d5d2f5d4921c9c3731bef19f1359984100447c148ebf509645d135c059ddbd782edff8c662faea11547,0x161f5b6acdcf763bb14c0b1f48964c5b54c6a4a9cc0d6a1c90237d9b050352d2,ok
0x51a528da1083ba23943ba2092ee2a278c8715779,1,0x0347e9fc2b161146d70f2a28672c7eeaabeebe20e007a020fd202c673004f0e2ef,0x0447e9fc2b161146d70f2a28672c7eeaabeebe20e007a020fd202c673004f0e2efd2db948e8ed11883d9de2778b079b1c1f2bef42acbdbeaceb6ec80fa07328761,0x13584d7d631aa980fe1bdc51795ff28b45ed51cbcdebfed722fa71628ae4434b,ok
0xbd98dc6799326f18100ecfe3653ad6129ec75e4a,1,,,,never-sent
0x5c6aeb200225e97b6169abf348c5e086266e25cd,1,0x023334c448afae8c5421eb67cee4eb08ce3ae27604a7a4efa5e0e9324be8530215,0x043334c448afae8c5421eb67cee4eb08ce3ae27604a7a4efa5e0e9324be8530215eaa0d52835cf5db6748e1d428834edf628c23123aa3de92bfb271dca3ba93a64,0x2b42eee910840ec07cba401d4f6870335c9115ac9a572593b81f15708030644a,ok
0x3376bbe8bb5df32ae90a1614a9f68284d3cec862,1,0x035208ea5ac89d534371419639bb2f740904bd6833d49ae2ab876419cf60acc412,0x045208ea5ac89d534371419639bb2f740904bd6833d49ae2ab876419cf60acc4122e205c7e4e680b76e63bfdcc62e509b9e590e1b5d29169217bb00cb2c47a542d,0xcfccd66f2c363227db8162379cafef65cbca2ff8eb89cfc58284714a099796ee,ok
0xf6a83d4af6d84aa5a19d99aff4a5ad52256111ee,1,0x021e60962c947b739f92cf96ace89654bfb496ccfe8f0fc0d566a2f29efd66a52d,0x041e60962c947b739f92cf96ace89654bfb496ccfe8f0fc0d566a2f29efd66a52da1155ea433abf5971638cdb96207b6e86314c2c49670ed27cd9226f046799c66,0x6c8d693638334f19616a830885e0192f72c4d9931e8e8a6d9f0a0daceff457d1,ok
0x924f280b2291b5b8ec8453e12dabde9b36f5d67a,1,0x022948c2832d9369b7db79fcc096631ff0790f692c3b0ed44ead7a27b5e1587d21,0x042948c2832d9369b7db79fcc096631ff0790f692c3b0ed44ead7a27b5e1587d213f8640b172cd6cbc177eb56e65a66f2da6fab227c3468c996a32dc99544fc75c,0x64140002168537ced0370d02228ad764dcfad253471a6a3084f852af715f817d,ok
0x3bec98c217f498388ae94ef815a9d91b26c81300,1,0x034ab20029ed6e09180d92952f80d0f49862b42b48735f90e882200ca87c602368,0x044ab20029ed6e09180d92952f80d0f49862b42b48735f90e882200ca87c6023689184d5a5a6daa5dd578339f598e2d326cdcfc0cab99bfcce4910f069badf7b4f,0xdd67121c4f8932c8b20e0e4a7c1c395d4c34b38666bf5cd038ba3b83ae280663,ok
0x841f4c20ef4f427326c771e1931988a431da6337,1,0x02a95a4571d684486975cd69f01dc9ffc7adc225ad3a422aaf3866a17face56529,0x04a95a4571d684486975cd69f01dc9ffc7adc225ad3a422aaf3866a17face5652916c8937dcc889e1325f91e1116524925ecd1327183dde6ed0af0da640c4889d8,0xa6197dfabfb566d8956cf13de3338c83e31f171c0d84d84cda718438b2dfc5d5,ok
0xf279e7a33fb76387c9c574230bbcb8d58719efc8,1,0x03a6e5d3c3fd146dc1ebf889fabf85bdb3418c39068927426b1c8f91ae1de96397,0x04a6e5d3c3fd146dc1ebf889fabf85bdb3418c39068927426b1c8f91ae1de9639725392d24e18fb8b4c367a67da66f950174da7276ed9454bac199b3f08a20262d,0x2499a4275930c259e1d7a129cf383e1870ed165c05442ef64bd9cc45090aef55,ok
0x2b6732e457028092147683f7d983dcd4c224cf73,1,0x03894be2b461b15485a75f8c7b1d7eccf6e93000d98cda9842c66122d51636595b,0x04894be2b461b15485a75f8c7b1d7eccf6e93000d98cda9842c66122d51636595b0a7971377d84905de08a42a38a8cd0de9218b56537700583fbc0ba58a6971c05,0xdeb0d147d8d58a939fd21265dc6743d3fdb8bfe8588c0af07c9a1c8b0ae8a1e5,ok
0x3fa3dd7b2fcac3db09fee64de4cec8b01e17275c,1,0x025f38cf2755bf92e88ff6e4a648be239097830e1c07bc3c637e33cdca0c7a8fc5,0x045f38cf2755bf92e88ff6e4a648be239097830e1c07bc3c637e33cdca0c7a8fc5c860ecc389c40151252d7701f6b65acb1e924b8d64ebc31e79ead713fb6d8fd6,0x3b18920bfe9e3d466b96bbf3b24afe6c3ab6d211999d91163a57551de236a0b1,ok
0x6138cca5441bec2e4f30c6de11744e70a4d9b252,1,0x0233eba95801f2baa4e7c6abad96884aceb6b172567011e3f86b073a6e57383b0b,0x0433eba95801f2baa4e7c6abad96884aceb6b172567011e3f86b073a6e57383b0b028d8374b8951304af086a6b4c17390f6945f3604174aa29fb5f262ec55c921e,0x94832a0b768ba4c72b4401e8f35a909351d1901763e9d222293865c6074140cf,ok
0x3202d7ce403fe827db73f3051b70bcd59d93095d,1,0x02a64113db03956b81e4b7af51e8ddfd41d7324ff3c1cbe5e77c8730647f524975,0x04a64113db03956b81e4b7af51e8ddfd41d7324ff3c1cbe5e77c8730647f524975a895d20f8f2b3a8e66561a59a420581061cfd760e2e37155fcbc070c3e9a3768,0xd7ef586792a21d3020ccff5e755846b679786a095a463cc27d7bf37c86b22c14,ok
0x4fd1c76d6727bcd6e496a3cb9617a97691187f2f,1,0x029ae4d939753deaabd77d280508726aae053ed260777d67496b83c724a6436369,0x049ae4d939753deaabd77d280508726aae053ed260777d67496b83c724a64363695134645d1077bedbbcb3c72dda61b7a16103ee37e4766d1060706385e09ac582,0x65b00c7672927a526f2fb7d8c0d0cc9a2a5f039e9f09be10bae4a975aa81cce3,ok
0x85e16094d42571edc16d4a1c4ec05d06e8729fbe,1,0x028cf6a572b57df5d75ecce0666c97c5f2d9bf790e8960747346113d07ee76f65e,0x048cf6a572b57df5d75ecce0666c97c5f2d9bf790e8960747346113d07ee76f65e39402f78807be4876227fa7019fedbd39f80c01e1fe16eb273149962461995ce,0xef270c65e09a43746633f6f36163bb6ee7cc27ec6e7d542a21b6e5ec0c38b07e,ok
0x8fb70bc5f07190de24d20e7152af6d052c2a757e,1,0x02cbf4938f046f3c62164833009fe213ebce4b3ba05cd0e6f41cc29db439110085,0x04cbf4938f046f3c62164833009fe213ebce4b3ba05cd0e6f41cc29db439110085e6db4bfbe23893b3bcc9054d13bd80a8338c091fe6798a26ada199b10c5d8f68,0x899f6bc5c2e6c09c5647cc66cf705ab0c9e332b5b893071fa605f444292f3c19,ok
0x048edcb9ab96adb9138c8eac53d3b2c4ea9f0867,1,0x02ed8b97e74d8c2e95ecc813ad374a95882ff70885559406844c19966bc5e06a1f,0x04ed8b97e74d8c2e95ecc813ad374a95882ff70885559406844c19966bc5e06a1f17ad66d4288bb1cec8ec783c1593b267b531cfd04c777140aad0398b3c350d9e,0xa18bd2d6d6c4b4a1ffaca9e2407e5853bb5c4f628b9684b1ce62eeb658456695,ok
0x973253503028416c510c5b7da55fdde5be661149,1,0x02e6f29c6d6159205354558eded7a769010b9da00cb488a54b6e7ae179548445ef,0x04e6f29c6d6159205354558eded7a769010b9da00cb488a54b6e7ae179548445ef943491464451a5de01f724d12026be9aea2cf8d06391fecb755423db120c03b0,0xe7d79da936d1e74ba8db9cb0cdcc9bea58512bba346a61d3f3d90d4a50c4fa44,ok
0x85062c1561db3337a23c316c4422a677306a89e1,1,,,,never-sent
0x53032baf62d9825ee956dd06ddd7647d02c8bf30,1,0x03691b9af9262537a57a440d9cea00a25b76d185c6e7b147ea6239aeb16d20d5d6,0x04691b9af9262537a57a440d9cea00a25b76d185c6e7b147ea6239aeb16d20d5d6e1c1b6c7c5a53a19901a4fdd763c742df80b99cdaba02fc6d56e03727513e987,0xc51f551b54086d910dafaf8d2a3513d25287dda4d9b7daec100a3c8874afba37,ok
0x475809e91085166e1757c5d2cee1e1a876aec092,1,0x02956f4604ba8116434c0bd0173b0f886e8e15ff75fd724879c1e33a4e35996aa5,0x04956f4604ba8116434c0bd0173b0f886e8e15ff75fd724879c1e33a4e35996aa540398dbd4a11271d8bcdc1930dc5a7026702f232c588e498a356138149cb8c4e,0x97082bbbcc1423f4ee3990aeeef747c975a90b54fb40be17c07815c6fabd0a8c,ok
0x22b72179f9bc780144a0f15132ae097570c68a9c,1,0x0212067a7584c9f4909ac5aab71231856376e67702c57164adc53820eaf5be7d19,0x0412067a7584c9f4909ac5aab71231856376e67702c57164adc53820eaf5be7d191100231a1885dac7e16a6a9e55a91905a403bc321af2e0b789aa9d2071e0b67c,0x87c6726bb7a59278aa9ba78b3d2c0290b093b23c301f241c508b408d188d84a4,ok
0x6c7d083cd4166e38e02509369bd36c826720e89d,1,0x0325f077db2999ed10709aee8af3b1cb874da4300f3f6344f47518e0c98fb60506,0x0425f077db2999ed10709aee8af3b1cb874da4300f3f6344f47518e0c98fb60506665fe0244be109509adc241808a32dd117cbe0d9efc1c3b82fb4be0e0219ec15,0xd2798dea6e99cd443ddb22228d6fddb48f03e64d8d547cb9ae500f6b2e8d66ad,ok
0xd28d9661dd8036f8338b1018f76a178c37bbaf66,1,0x0229a75a66e008c372cab68bb48c6e3605067890d8ec2ac078c0999d6c539821a6,0x0429a75a66e008c372cab68bb48c6e3605067890d8ec2ac078c0999d6c539821a67a01b069c0175a5fe8982106978edfe5d8d6f362bf180fbb3e142a80aeb950da,0x6f378265a45761d3f8c2d9b3fcd9f33f515b981dd88849b3c150000265520601,ok
0x6aadfaf5bde7280c06f4e8606c3f28d1e092f8d4,1,0x026bb66d5a23dcf90b920dbddb1080a540179f98cd66bf0135f8cc02841ff0d04b,0x046bb66d5a23dcf90b920dbddb1080a540179f98cd66bf0135f8cc02841ff0d04b9fd3bbde01ef5105c6e231dcc33388c236d209fc3e08719c093ac465ec8b582a,0x19926736f2510927255e24456ca78272f70b590a7a6f019efd129bb744d337f6,ok
0xe052113bd7d7700d623414a0a4585bcae754e9d5,1,0x03d9db76bb664d7e7273be55fb0f672224d0cad1f6a4bd450a96da753860e22a0e,0x04d9db76bb664d7e7273be55fb0f672224d0cad1f6a4bd450a96da753860e22a0ecaa611011b206c6830638f8e4afe40ba334727e1eb0f8c6596634225732b600d,0xeefa301f3a2bb2c9334b2a8e83e58445a00f270b5fe84d376dd31a9d96520a32,ok
0xc137754cef0e22ad0df01369d37e971c0acac829,1,0x031a4f0d945ca64e73db1d345395172d3ba3ab57a0020431100f8ffeda7e05c252,0x041a4f0d945ca64e73db1d345395172d3ba3ab57a0020431100f8ffeda7e05c252a6c15fa47e03d04847f186d28c67e21f2550672ce06fbd849ea3d43e1e2965cf,0x87e529566a8203617e52fe52f1d008262b1336438ed3f35ebf3a5f4aae5a1827,ok
0x1160f5d8eae861f1aa8fcabdcadad57083302d7c,1,0x036636e2eacc9ffce0ded51722e6c57db7891d2cc0daf212974ae06059ade7be5b,0x046636e2eacc9ffce0ded51722e6c57db7891d2cc0daf212974ae06059ade7be5b3e8cf0c4424fc374a89fc3e2bef43d5cce1e30c3aa580d6470a9732f0d66d267,0x5c13a8e9a73058976165290af536df4070cc2483de54d5b89a116a269b1935a0,ok
0x405d4e696e42dbae1a6970ebd599482323269ef9,1,0x02a48e2fdc74de73e4dd006f5b0d690436a13fb301f7449758e6c80f784eda4d53,0x04a48e2fdc74de73e4dd006f5b0d690436a13fb301f7449758e6c80f784eda4d538eef3f8cf84bc5911c11913c8ac0b2f9ae3e86745187d87cbdedc631bad30842,0x37f51cc3bf4a39b110b39add3caca407c63856a0607d51b10b25d25795ba61b8,ok
0x40ad7033340eff815cd8e7622290919454dee9a0,1,0x0253c1e2f82eebda18306e795f45a95342bb3e9100b5733c863689ae247019e1fd,0x0453c1e2f82eebda18306e795f45a95342bb3e9100b5733c863689ae247019e1fd40dd2ac2b970db255ec8104f22a3f74124ad7b0009b0c9d07ebb2c902187fe6a,0xd3ccd852633090f6310c4024b2ca4ffe6f44f30bb47b21bd403d1ed025efc2af,ok
0x1b76a43cdf09b6a6a967fd1d626484957c830acb,1,0x029a1eb737dc28b2c92859676293b022343981550cacc4a0c8ad7fb6b57bcf0383,0x049a1eb737dc28b2c92859676293b022343981550cacc4a0c8ad7fb6b57bcf0383b4071bab6ad33b3220ad7c1d90b3611417b06694cc37d0ee5300eb2257ad376a,0x14ca85c8cf05d7ebd27a813163b9eada4a53fbc218d03317356862607d2cdb89,ok
0x27f935c4c4a1c30b51c761e96c9b51c08a557765,1,0x03a2ef475137c2985e9ef540229871fee1b6966c32d2390987507b5df6a984dc92,0x04a2ef475137c2985e9ef540229871fee1b6966c32d2390987507b5df6a984dc92ce73281a30d91684966aba47ef8343d4805b5b40fc352e489f1c0559d326bb5f,0xf01965290c4639c3a093e4e5e456adeaab503f84245ac2fd027d42e88d2428a0,ok
0x94042981fbe827237acf0d49bbb51fa8c1c56aa1,1,0x0339ac61844fdb3dccbce5405882301ae6d6c0892c1f812180fc80597c846ac40d,0x0439ac61844fdb3dccbce5405882301ae6d6c0892c1f812180fc80597c846ac40d58ce946959d9735496bf178836c6d4c1e1495401deca9f748b4f6b281a339ce1,0x92b0cfbf8eff9c835b80e1075b8b2eaf7eb62ab47f46493e14e3ff83b4f1b9bf,ok
0xf83fd67131d164fa77f049ba1f8a11494db98ade,1,0x02551105858ac45ff23f4ac57ad5fe294bdc72b936f27bc2e6a0e528c431a42b8b,0x04551105858ac45ff23f4ac57ad5fe294bdc72b936f27bc2e6a0e528c431a42b8b7d88b879996891820babadf7fb67e2fa5f3601aa0d8a39d4459bc922fbbd39ae,0x2de6a2be6f963174e77a848010ea3569195b467202c024d6464b79f23cc48920,ok
0xfed360f407cead484324a4f1c58fe998598e87f9,1,0x031b5ab6b594127d213d0377b59fa6f18a1ceb23cc90f2c803ae4743f4fd5bea36,0x041b5ab6b594127d213d0377b59fa6f18a1ceb23cc90f2c803ae4743f4fd5bea36a826ec6f524483ec9873e5d7ed6436e6df1b83f52a3bd66fcfb185b4b3ae9ed5,0xdbca92c826902811f0f81e5b34532afda47a01fea025b1ba0ab55bc4e5f355e6,ok
0xf811d258066e6eadfe51a8571536ba16c4f29c62,1,0x02627901d52f60602bdf445fd9a78715fa044c5322d20950cf7ca46cc8ae8e80c6,0x04627901d52f60602bdf445fd9a78715fa044c5322d20950cf7ca46cc8ae8e80c67a229f1fd67e653f59e51f7289a0d75860c9272c150cce6a42021ef06bc5a418,0xe69100dc5605d4336c285dc8ef07b2fa78144bdd7c677f8a967f2ff425c8552a,ok
0x1730c092d6a36881d453e262afea370aa5854627,1,0x0289ad500e31d65306535593ea80892a32aba7a4463ef6d0c200f3df3c50b7703d,0x0489ad500e31d65306535593ea80892a32aba7a4463ef6d0c200f3df3c50b7703da7edea51d6b0d77ee43abcfb63c76171857f97a4d186f85af591b81196f936f8,0x1ff06c5e26676178fa9ec7308e98923f2fecc133101fd57fe120a87ba3eff0f8,ok
0xe4f3502eb0ceaf6b66d0e571e493c5607ef03ce7,1,0x022f65b35370c7cc85c1fc41e5a9b800eee5d78d2bab83230c701ec087bc8b5038,0x042f65b35370c7cc85c1fc41e5a9b800eee5d78d2bab83230c701ec087bc8b503894de380892773cf942b6b77fe8bfac44c7288054be30a72051e2e1beae3f4016,0x7a149556323b04195dc503d6719efdaf208872acf9072dadaa3c24300d1d11dc,ok
0x5f51b675e58fa3a4fa7c9dc1133575160c0b5018,1,0x021bb9f4cc3fd6f5052004a46d9ab5abc37d31ef6ad48e64247ace40195b91852e,0x041bb9f4cc3fd6f5052004a46d9ab5abc37d31ef6ad48e64247ace40195b91852ec0321a97878ef4805aa23ffbfd7bd7383bddc52b57b3de035b353327db1d5416,0x0aaaa4eed96ed4f26ca41d5a45842292344def48d642a23f645211d1d77ca326,ok
0x207f4b5efce0b8133d1f6201a0e2d468b24e58ba,1,0x0204dd649f419bdc6d8c6c77a963bc5dfa682e222133407926001e37a87aa9f73d,0x0404dd649f419bdc6d8c6c77a963bc5dfa682e222133407926001e37a87aa9f73d37c5669aa2c76f04c37d1a196479d4ba78d82b7197d7e7cf2ff094ff18c2484a,0xd76e461952ee14623541729e375ab6f406f393176d5e5f27535e8eb963c50a93,ok
0x88dca96d8a71ec6ae86494986a5af6c3aa685819,1,0x03ef62a434b4ae9092a0b26d12bb8c7b009f2d620bf6223f844ff034fc4206a22d,0x04ef62a434b4ae9092a0b26d12bb8c7b009f2d620bf6223f844ff034fc4206a22d69ab842e7b6e5057b115228a872a755671c0fbb8d5d0f2fffd6fb194d7bcd433,0x0e3135ae11a76b195510a8e36cb950f841f1cd53aab3e9dbd8d08056debfba44,ok
0x7eb573e0f8a77d403c9320f8a0b7616b9c3d8d91,1,0x03b802e37040fe09d9eaa3bf260e52173518cc8b56b81715bf69bb08a1529dae8f,0x04b802e37040fe09d9eaa3bf260e52173518cc8b56b81715bf69bb08a1529dae8fa2935ef0b71c6f262952fcb821a6dfdda3b290e8ffba25169ddddb6dbb539aff,0xdd2945c14364bef08e2e16c87095aeb23d67106f9747cbe3cd292b01116c241d,ok
0x5ba5e1366e06e67c26ef2766e45239b36fd748ff,1,0x031607934a11bb13906f417181df20af0378bedb707c88335537c07fe95f38b091,0x041607934a11bb13906f417181df20af0378bedb707c88335537c07fe95f38b091f1b2e7b9ca2773d06f15328dfa06a2f5e0953946ee59424e09885e8f8c7fa3dd,0x2d7c30a342eddbea7d33976f6d0f29f298ae6ecd321ed96f23702376973eff66,ok
0x7a03d8d970545246cf99cc5bfa348d6dedae2977,1,0x024a0389aa1ce722d6d15398b94a7e8c6273fb8fa3f386dc50bed892f769b4e2b8,0x044a0389aa1ce722d6d15398b94a7e8c6273fb8fa3f386dc50bed892f769b4e2b86d890e32a25866312334e9798bceaa62ab3c5806607bbdcc23f8e0a1896f6384,0xbb0a3862f58340c7dc29bbda1ff44e7745d069504560401daf7d0d9e5a0de7bd,ok
0xe0b77f46d082ed76ecc427bdd0ec18fda47a245c,1,0x028d232bf4d8ba9473c9f5b5532315f8541598e0c9b1cf0c77e4a4d8e541b5b68b,0x048d232bf4d8ba9473c9f5b5532315f8541598e0c9b1cf0c77e4a4d8e541b5b68b83ab5b92213a68a1586a4875923200a299c52513bc5ab2da8b7ffadba708e57e,0xa7efef07589a6db4c55b0a8f7af0c3ad15d38778c3fe5c1c504aaf5620a87963,ok
0x1afa0452bca780a54f265290371798130601e23a,1,0x0204aa2493be1e9a708ef2827882d8d0ad752d9b317885164501017049dbbbe126,0x0404aa2493be1e9a708ef2827882d8d0ad752d9b317885164501017049dbbbe12610743eb0c885b03d024d1e7f9c5ac166bacf06bc808ad505b89b2d874e9cdb08,0x457c0c8d943f95cf7202733c78a9c1b1061f67f8abd18b44169ec230025fafba,ok
0x18d38d02fb011e1e3179afc96d2d3d8374cae51d,1,0x02b8ab75ee923c079b9babb370249d6443f8a7560a962f32fa8c9a2cff98344fbb,0x04b8ab75ee923c079b9babb370249d6443f8a7560a962f32fa8c9a2cff98344fbb3142397184268df1be451527e646f020c092a0db9f2cba52700e339973e70dd6,0x1ca97faf3956284061d3aee33aee37e0591ccec51ce1a33668102d0893aacf43,ok
0x3bdf1b3eb857021330bd8773966a401934ba79b0,1,,,,never-sent
0x18c40f37ba2c0f56cbe43b8d283b45c50b1e91a8,1,0x032da5af277042398a7c90962cb3e8b5fd77387bafb3b9844510f5101cbe87c6e0,0x042da5af277042398a7c90962cb3e8b5fd77387bafb3b9844510f5101cbe87c6e0c880f61fb1133f3d65aaea66f8a133746778e9f962869618a011bfb72fb5b15b,0x8d792d16aa6112db37b7c806851dd1c286a5513888c0b7eb831ace3bc63f7d41,ok
0x49ec8c6deb19618fc10e11e12a2ca714683d1b3b,1,0x02d5fe6cbb4b69118c8c168e8485f6295525904bd1ebc8416d5ddc50405066d12c,0x04d5fe6cbb4b69118c8c168e8485f6295525904bd1ebc8416d5ddc50405066d12cd8d42fbba8e9f4fc96155f6097b2b305d9370d35406503de2bc43c3858ba31fe,0xb8bd83ddeeece6f222459560329ee31875b4d5222b59a5389a2978062e682465,ok
0xee92308a642b6e02f47899e4058c1fa36811c534,1,0x0264d13b8260d776b480a0b99121b0ebecbee614a159991b44cc9c3fc12d6afb16,0x0464d13b8260d776b480a0b99121b0ebecbee614a159991b44cc9c3fc12d6afb166c740191dcd47fbf38f03a934df002395d3796eff01e7556ed767f640528b812,0xbe83009ad8925f8ef98cb6e17f6bf71901407a329229450facdb6993daf6eab6,ok
0xdd400391f8067939f1e3e45d0b1dfef3a30f03ce,1,0x02ee449c41e4dd3d7979b11fb573c38103d0318e341a5d544d3793c59eaeca148d,0x04ee449c41e4dd3d7979b11fb573c38103d0318e341a5d544d3793c59eaeca148d6d597397db28ed56e966349458c94c82a75f4bc377cdc832c69d8ef37ddddc5a,0x4310017e76dd2e4f8b205afbc3f13797486067c4c07ef5342a3a978837f70c6c,ok
0x51efa5037e0fbfe3ba4d488cf842d6c9bd49faab,1,0x02aec9007fbb90d9fddd09c0a3a05508d3d531661fb0cfdfab0285f5e6484c9bcb,0x04aec9007fbb90d9fddd09c0a3a05508d3d531661fb0cfdfab0285f5e6484c9bcbdddee216d8a2855b1f36694459535170078701910813259d4fca7e4f7671b660,0x8be5f77788d89ec73e3b9edd413d1717352741b9d385485fdb12e10eb0bb9e9a,ok
0x0ef35e82fbcb3ef976743b249ebe3defc9f972d9,1,0x03375d3025c20c57f35cd20cbb9bdbeb19738c1396cba0e0a161a8cd53cea83c1a,0x04375d3025c20c57f35cd20cbb9bdbeb19738c1396cba0e0a161a8cd53cea83c1ab6efe932b89de9ca75d1cb8c21274347927451a9a7237c8e38814dea51e56e6b,0xcc542f28a20776a4330a0916b5427b6568cb09ecc05a99d26e63eb6ed478a055,ok
0x36d191b7d2b9978cd5fcb9101a3b304802539c62,1,0x021e62c66e5b6da7c70bcd825c8aff0a3db7bbd1770c7ff2d454cd0f676e943330,0x041e62c66e5b6da7c70bcd825c8aff0a3db7bbd1770c7ff2d454cd0f676e943330d6c6fc43eb893378dec3b8369dd7c5bc342f5a24cfa367ea126085e218211266,0x5e669dbb2a71f28f074bb68dc67664590a540c8f37eb382acc47da90d995bc04,ok
0xabcd9085ff656c8e81689faacb661a8dd3b0403e,1,0x031769d28a8716d9a92e506597e0070ddaaa81d039e54e72758045ed364a0fae6c,0x041769d28a8716d9a92e506597e0070ddaaa81d039e54e72758045ed364a0fae6c928cb14b81eabf0bb3c3a8fe8c71656c8835588d7ca016cfeb9e1e671a7640ff,0xe7958713557654d9682211902c39c6ba4b6f5dce16f3c49f00acb1d3d9f3b89e,ok
0x06d9211066c686cafeb93966512a4211c82b8571,1,0x027c28fc1a34344e84762879a46515099fdd4e2214fb3c890fe990e1f3be4c3968,0x047c28fc1a34344e84762879a46515099fdd4e2214fb3c890fe990e1f3be4c39688b0961b498f46a5a5152efa56d05c50a90de66df87adb16cc3102d90aa5c9e88,0x483b8f1f03b8ffb32aaa3f4e026d45e412bd405a2032a3e6e1d222765d923e73,ok
0x6b15dedf9c0d3c1a62c13397c3d88986d8503a94,1,0x0263de97925d49b70245b7dcb1869e9bcc7512a5c3e30f3db65f5e0b72960f9e67,0x0463de97925d49b70245b7dcb1869e9bcc7512a5c3e30f3db65f5e0b72960f9e677656a909309bcd22148355dffaee5ccfd7da79ff52f56ebd15afdc7034fac6b6,0xc4744c9137fea314d4d2c9bf6b193efd339b602cf2ff44462efde3ca2bf1b753,ok
0x740b2ea9b6c4b895d0b04c762509c0ddebf5c610,1,0x029baf77377b3aeffd4a560ca70b7cb69e83ce7a657071aa70946f760c3423b7ad,0x049baf77377b3aeffd4a560ca70b7cb69e83ce7a657071aa70946f760c3423b7ad7195319b857dfd27b8b04f22710a8e4b58ed391b26aa69ee3be959c963124e4e,0x2867fe90425702d8afa0d1108211fcc005bcfd371f7ff1e024400a233e2bc2d8,ok
0x1282238b6a86be85fd530c4464caeacb702851e9,1,0x03026259d6c94bdcaea67f832c5ebe3a2b3b3b823aa7d3ac3be6e33e350951d112,0x04026259d6c94bdcaea67f832c5ebe3a2b3b3b823aa7d3ac3be6e33e350951d112314f077c8d6bd5f94dd078863a10f47b21c16267e3c31e9db38ab69fae908e03,0x3d721a829ac4d474de3d95cba31046040492e6bb5938dc133908bab64a25a4ff,ok
0x283348de0bf954c5d932023601f0565776f1f5ec,1,0x0201c964d292912d39171da52b148ee2a85859aea3ec19a9b1883e9b562cee1f2c,0x0401c964d292912d39171da52b148ee2a85859aea3ec19a9b1883e9b562cee1f2c106722b7f9ea71450adb541878b5c7ea64d53b0e991ffa1eb90d1b03fee2f944,0x2e12599dfaea862b7130be482e8f5af50a6f2d1ea648cd4256b0fbecf757ee00,ok
0x17d7dfa154dc0828ade4115b9eb8a0a91c0fbde4,1,0x028dca759f7e4a9598caac59ce7f4e74ac62b3b056580c42f71530f85c92878a53,0x048dca759f7e4a9598caac59ce7f4e74ac62b3b056580c42f71530f85c92878a534d6204555016325cacf7d5a5e621a02d91219d8a39db4ca155962205dfacfa1e,0x6487027b60c4f9545e78bee07d08872bc9b2f7c4622a7d762c0f034bab5d5fb5,ok
0x2fb45a16551855628400dea0a1f21c4ae09113e6,1,0x032d06cc870d323333cd729667a788130c441ddeb41957681d83bf1af68fb9c77e,0x042d06cc870d323333cd729667a788130c441ddeb41957681d83bf1af68fb9c77ecac6878d88e22595bbb22435a0a47fd482fbde372b514d300229b77660874d97,0xdc59a199259581d2858593e5f938e24fba378b82ff8a0f3b35ff58531b935f14,ok
0xa512376cb9c24488278d1f04e613af92722cfa75,1,0x036c04ce02d7968bd3d051fca983cedd78341690847441af429d64b861fb0b8bfd,0x046c04ce02d7968bd3d051fca983cedd78341690847441af429d64b861fb0b8bfd4ced1e528639d10263e83f3a31f9a578364e6f057c27a0432edf656e93324701,0x222a8f93c6a031b4827a05281828b681a2f1c9e9a6df6650fe244c698ad9bbe6,ok
0x67239018dce99e41f451e5a88f0b1b35c1fc09cc,1,0x02b5194e6a64f218ee12d6c319d1135367e8a0e047d05893af8198cea02129aa07,0x04b5194e6a64f218ee12d6c319d1135367e8a0e047d05893af8198cea02129aa0775dffc6b334936254d47bcf51b695ba513b9bd0e357ce6450cd36760ceb26d8c,0xfaf2435f78d27c49d11bafbfb1785312bceab4de4ba5d6573e289211358f9961,ok
0x49ddb3dde49c65c1b260ce47d493caa6b0b43916,1,0x030a0bc1c7e125e00f452f390294063b791892db5cee7efdff515deed128eca54f,0x040a0bc1c7e125e00f452f390294063b791892db5cee7efdff515deed128eca54f2a76d7897c242543f68bfcc4c18f76697fe320bf02964bf202923e8ab5d1a0f9,0xe9e966e872c71f28d82cb1c0e8ea8a9827b40c31634d747ee3f3fac24080ed5a,ok
0x6b3612841afda6f729b9013a727d85a7be1904c1,1,0x024afa34c4f75465aa64c4d94e54b31e0a10d4ebf00e3444ce0cc231ebf623cd2b,0x044afa34c4f75465aa64c4d94e54b31e0a10d4ebf00e3444ce0cc231ebf623cd2b925ae276bdb596be16f7177287cdca77558118dbd3c985edb760d52cd720524c,0x6f7a3733039736366380717d965386f587b27bfb0a6ef12b88dee55b8d6cd665,ok
0xd3adc755fa093d638782d2ec813edcae0ff0417d,1,0x0399f68eb13a5a0e1d213a5514846593cef89177b60ca0fc158c3cbd8485dca25a,0x0499f68eb13a5a0e1d213a5514846593cef89177b60ca0fc158c3cbd8485dca25a0cf86753187c17a54e37e398884d52402f556f8b8b6ba6da59bfe4716d72d14d,0x36c5c8c4718aff44328622a6bbcd14662cd2aa4306c729a87ee5bf96f5665b3b,ok
0x06f0bc5e0bd7186045a22b138d0664cff4451f11,1,0x0291ecac352958c01ccd79a5f8d3663bc5da5cf5bd483b3933174e0c836bdafb5a,0x0491ecac352958c01ccd79a5f8d3663bc5da5cf5bd483b3933174e0c836bdafb5a76d2e1241f64558bd20460d7b3bb5713fc51016b464fe44e7f7f7657e0f02902,0x56b503a49df8cc88214e2a8df00047bcc0517426c61beb041071dc2becc3b406,ok
0x4b9acf924eafd2e6d87c20626964df5212b9b10c,1,0x03088d952812434591470c90d638b1cc1ab193769e48608835b3ba2ca6854f6e73,0x04088d952812434591470c90d638b1cc1ab193769e48608835b3ba2ca6854f6e73db59ec2f4c7db28544f81a3676e7b67bbac88d56ad0e4687906be6a23557835f,0x33bbd29cf50af2596c04fb9716307e20f76b8ace0be5c9279bf5a8c3954db0f7,ok
0xed7b1a5305756d9e1fb16b25627635e709616ae8,1,0x02bac1a3fcfadf8474354262fa6a90260e78deb38f0b9833805cbfb5c82c542e52,0x04bac1a3fcfadf8474354262fa6a90260e78deb38f0b9833805cbfb5c82c542e52af86f8d39dec7580fb79ea1fdf46022f77b21b680e2b9c257918fa9df4b229a8,0xf4c62c190a350dbffc603c17177193bc0b77110ff31f57104cad5f8a59644c6e,ok
0x1fbf48ec45adae3e4d21da30d271fdec4267b040,1,0x02d09b696718cdc049b89bc1983a0a95b632fc95e6c61404b01c68194f5456008e,0x04d09b696718cdc049b89bc1983a0a95b632fc95e6c61404b01c68194f5456008e122e07363c031cdf37eeb2f00233f6764a32c508416d029af794a5d7d07012c8,0x057e319967be2932db85782f2fb29a7badf8cfc796d0ec30fef8b4ed1c885edf,ok
0x536d0090221c17df5436d15580f19725a7c4c972,1,0x0238b177b74c4d0455c84034489b34304e87bbbfeb601c01265edc3829f00a834b,0x0438b177b74c4d0455c84034489b34304e87bbbfeb601c01265edc3829f00a834bbbe3fcdf70cb4fb91531ee227601d9e81addf6906e664903edabffb19241eca4,0x295a950209deaab166cc3dd660c051e2785a938f7248d2536679a7b1416ec55d,ok
0x79268f3af502d0f4f5a8298f719cdde70b9a88a9,1,0x02c0701235c41cf420b3ce970725bc35c3b28a9dbf8f0111700024cd8b8d5cebe4,0x04c0701235c41cf420b3ce970725bc35c3b28a9dbf8f0111700024cd8b8d5cebe49db90e9d45153f9ba1aef1b20737d234d8bac41f13abc3a53d743be56ad7964a,0xec0b2d43d9744211b72fa6504b6dc603b2cb02150b931900b274aa32a5d531be,ok
0x7e83719a30940da349ae534a4658ab46045ccd87,1,0x033e95b9f68d3bd40399da30935d739bcd710c78fbf8580d971ffc9127042d3aa5,0x043e95b9f68d3bd40399da30935d739bcd710c78fbf8580d971ffc9127042d3aa532cfb2f6b2eb8350fbf3c565e721ae1af388391b54560602eb02d587151461cd,0xf742bc3fcae47ebfdfd2600a5cf79cb90307eee5bbe417fe88a369d7dbf7f1d2,ok
0x2b5df607597d9c6f6979560b6bcebe2a41d1c59c,1,0x0370008c23a731a4b34bedaa82926e86ffc7e16d5c096041bb3262773a85fb398a,0x0470008c23a731a4b34bedaa82926e86ffc7e16d5c096041bb3262773a85fb398a5e20df15225277c687f027bf32c7700b0e0478a43c3694acb8ad1ffed2efeedf,0xa88e92e82b2121d09325e1158c434b32424f35d29066b893dfb680cf822534c8,ok
0x4bf9d5a70094bef9a6e5486626c7e1a2f6432d81,1,0x023d9f3037832af5d0e933629ec6aa6c323d82e0dfbd3e2bbbcd030fea72cb0e80,0x043d9f3037832af5d0e933629ec6aa6c323d82e0dfbd3e2bbbcd030fea72cb0e80cd7f10ecd6bcdde918a1dc4acadd09e3aa388e1974cf05ba7852ebe270d4f4be,0x56babcf75059810e752e6416480cdb960f8eeb0f9df16796187852b39a0eed63,ok
0x82c6eb101f7574e738dd26519cf355a256720e7b,1,0x021c7a657b67be7b1e4ff13b3c1e4639fcde041a6b1f8d0c2a7a1feabf67307535,0x041c7a657b67be7b1e4ff13b3c1e4639fcde041a6b1f8d0c2a7a1feabf67307535df63f0f0207c0709a03c820465a179da718d7eca11052ec1f7203a9423e12f94,0x2307f844f668a20e2de3e8e01fe21e8e4edbdd09e907f9f8f0f8fa5c9c27ff14,ok
0x4960956bcec3a639605229dcd649859691301fa8,1,0x02206fd68d6e0740e77d098a6f9e575599764bb3b3b967544cbbec8bb48eb9e6d0,0x04206fd68d6e0740e77d098a6f9e575599764bb3b3b967544cbbec8bb48eb9e6d038646049d6578bcff1d402cabb66ee9fab2562af51019c18219646f3c14081be,0xac30d7ff1f75e2ceb053ec3d5ccf3061c0d62f883f7139415464f9b8d5ec2ee4,ok
0x734d25889baf67c62a04d43b8473fe2a979602b6,1,0x03a58e84f07c9681b22f38dd8446cdf7cee3d854f1b758ca4583e82e1c0647855e,0x04a58e84f07c9681b22f38dd8446cdf7cee3d854f1b758ca4583e82e1c0647855e7fe5004a772e84b0539b9889b1156bf68f69927f146e4a2215000ac845e32711,0x3a96eb63f5c60ed4828bb4597fb3b81773af703b88c9fb793d4d3a4747589f87,ok
0x7421fb3e4a09f50f6137763370742606854788ea,1,,,,never-sent
0xdb540c282eb3bfdff80c75f00144668bbecc5fbf,1,0x03bd5cb75bd09180b0ace9671edb010451c9501595b6099ed1cc2fe63d72002125,0x04bd5cb75bd09180b0ace9671edb010451c9501595b6099ed1cc2fe63d72002125b21b27b9d476a9399b5a0526824954e3810a6c18f86241564321390eb7a73aeb,0x1bef0d28d85a27791eeda6da2aa51f2d9f17fc41d4746e3e656764718d3c988c,ok
0xe069a6dd9fa00b67c52d7f913fe445bf63ed529e,1,0x03d9c8d466647971ec938970e19f882e715e0db4a31f6169dfb7b0e4664f089bf7,0x04d9c8d466647971ec938970e19f882e715e0db4a31f6169dfb7b0e4664f089bf7a2a3aa8720f4041f73d502313482f663f69a7c2eeacfb116612793382a2b7031,0x83f96f590e2f21ef4dda683eb3839092ba8f4753ae3c8c51a3da3ce33d33c0a9,ok
0x0156d25cf7b384a3558452e550341bdcaa5ea1b4,1,0x02e7d2de4a1a85090e6cc54764ccd04337994719921d450c0b2c0e307aa6baea43,0x04e7d2de4a1a85090e6cc54764ccd04337994719921d450c0b2c0e307aa6baea435ae9f97475d2f39bdbd736dd8c41e754433f8bb80d972780704499114b3d0790,0x77a9f2199723e65132fddf02b69fda204989ba96b4f662b9a113aa86509c9f64,ok
0x4f39f481dd0f76d7edb4bd0d73f419c5656a9bc8,1,0x026137226b7b3047acea27c71c394edbff6d4ce1843c9821cd4de4adbc1fd612e8,0x046137226b7b3047acea27c71c394edbff6d4ce1843c9821cd4de4adbc1fd612e8ca83d7bb1b688938a71f53c9471ac4bb41266d69841752ac34cb0bb8d894f336,0x28b67c7bbf8d552bc98f5c12d9a3e1bfc5305a217802cf5e61fabbaab31d0879,ok
0x103d9b0f8a0ffb9392e03d91a70ef50ab8a4c632,1,0x02531e194be78c31ad014413a201ee62c046a94724e07d41b869d2f92aafb11232,0x04531e194be78c31ad014413a201ee62c046a94724e07d41b869d2f92aafb1123298d92d327ee0ff1cc47fa2d798eef1427cf9e092b926c01457dc5c9ed1ad8eee,0x901842a7ab698d975ed63cc707c26cf479ee6ed61fa7423ea6f361146198abbd,ok
0x559c06d22225b94f1f146ef0a77279a79b5865c5,1,0x028dabbc8ab24b3738124950efa63c7c89e3a9d118acbcaf9073af0d47c25dd949,0x048dabbc8ab24b3738124950efa63c7c89e3a9d118acbcaf9073af0d47c25dd949eaf5a7960bbbd626bfb78bdc7dfcec804d47801dd91cd61c73c42c724b6cc3ee,0x0457c80559be528ca0c9bca4efcd625fd9183be446453c9b6f03bdbb1b2c01af,ok
0x7dd6248c55cf396995f5d209ab7bcfa4dd5b3cd6,1,,,,never-sent
0xf979ae153b2d0873ed8ef8f2b815f80c50aa1c68,1,0x03c864c2f9da8f795807adae8607eecfb1885669287dd3cdb744c4ac6ede88c3d6,0x04c864c2f9da8f795807adae8607eecfb1885669287dd3cdb744c4ac6ede88c3d612e26371552b8c7a7711c77e87d3d2019c256e4da1aa7cb60665ec27531ef81d,0x9fad79d1a47e7e5b1f8c8ff497c707945d201320c46083db2a0fdc95b8ab144a,ok
0x7245b3b23e5498698efe311f8c936adfba809d91,1,0x02a2791b42a3f42edca35a03996bc8705c920ec86b5f3a4deb772b98ee689ca459,0x04a2791b42a3f42edca35a03996bc8705c920ec86b5f3a4deb772b98ee689ca4598d40075e9f3e365a0377a66c25454395bc60b4898e4a720415641f6296285a78,0xe70abd2b90eb69cb2eb55e09bbb4ba9177fe178dbe2ae0ef1a181bd7dd0b1399,ok
0x2fab5c946b855bb3d535a74c6d247c3452fd4b18,1,0x02847eed0eeede130299fb71e1e4b733643fc5639a376fd0a07d4c70004f4cd378,0x04847eed0eeede130299fb71e1e4b733643fc5639a376fd0a07d4c70004f4cd378b42672af1e6f6f038c1ca0874d4c68e0d41c17e67d71d89ea9b6b62b7d37d1b2,0x608d95b1be6a5b3ba46055bd30de8641eaa0a1621631a06eb137309f5594ebdc,ok
0x06f4e545378dc9697df30f85b049621037f48176,1,,,,never-sent
0xc5f996612de71fc06ef9658cde85727b9680482a,1,0x02be3d24c1cca9d6f00dd6e3351c1ed19501ea72f12895568bdd933a930fff8295,0x04be3d24c1cca9d6f00dd6e3351c1ed19501ea72f12895568bdd933a930fff8295c4d8eb87771b68aeed9036a600f785840f5e5c7774ef9369087bea2ec62d2b1c,0x5cc804becab409ff15f00e89a0b9f0a56fb3711a6395fd0993ff295fdfd62536,ok
0x417c8c2d36b6fbcab9fb14cfe7ff457cd28a399d,1,0x036713e014d592275f882bfa870678eef5078f07c7fb709990de8a450154f7817b,0x046713e014d592275f882bfa870678eef5078f07c7fb709990de8a450154f7817baaad7490d089c915f8a40f2041797312e9b3badf37b7a2010a40c5ef0940e45d,0xbb9118c9d3ab16d52853142e7fd1236771b6fc77535b82fe2f36ae3502656666,ok
0x9ee56565ccf36579a65afa9d62479a88f1b2f620,1,0x034b6e3ef16d745a4577056903a7179b32c3ac8bd5b3722435ec7b692bfe53abc5,0x044b6e3ef16d745a4577056903a7179b32c3ac8bd5b3722435ec7b692bfe53abc5ab7a6e0cfe891317fc648d8df308e44199ac8460c4dbf246c4be483607a3cb21,0x17d9c70b456b339e79a4aec30a7873bf9746ded4e3c32afbb5f6b983ee67a8d1,ok
0x17b3db750431107c812e313808360485aa93d0e0,1,,,,never-sent
0xc417857f4a3bf58df110b763382a9cef8f60cbb8,1,0x036f89a2c88c85f806ae1d79c9dd52cae4c4dd26e04fcfa36f81ae970872493ec5,0x046f89a2c88c85f806ae1d79c9dd52cae4c4dd26e04fcfa36f81ae970872493ec56db0dec206039793f0517e9134b69cd27b5be2f1010be6405cb6639fe22ad7ff,0xf1d62ebbe644c74481792cd6a15b9c680673a740c9775b41cf97bab382e223bc,ok
0xe0be498fa6169efd9df0c60c67dd3999b957a328,1,0x033eb03ccebf23bebb34169bd63e3425c86df09658fd23f30666ca5c17e97c8866,0x043eb03ccebf23bebb34169bd63e3425c86df09658fd23f30666ca5c17e97c88662ebf089a4c10918cbce37982daabc3b0a7403202aca24d37ef1b3884c1de69f7,0xf11bc856b21ec7c155bdf2ba4cdbeba9869af4f3ab1d7cce55025f871d3e6afb,ok
0x8b20c281a96648b86330bf9819e10f71b6e67c0c,1,,,,never-sent
0xd6f82502f20647dd8d78dffb6ad7f8d8193d5e29,1,0x03e7985bb7e3e8ed57d0d60c3115ee141394f157ac4f0a713461f6a5946899b95d,0x04e7985bb7e3e8ed57d0d60c3115ee141394f157ac4f0a713461f6a5946899b95dd5c2a9c56137e9950428e7e1821307086ba2d19e1a673c31fab697cb6d06c327,0x22758310163f97c6ed006cc249005aa66a5bd3a67b4257fd4b9f28d6621a378e,ok
0x753b71abdb88ab2856637f7de03c4b323ef8328a,1,0x02608207ba098dd0f206d1ca1ff266113abcfad485061191dd204950d93562a390,0x04608207ba098dd0f206d1ca1ff266113abcfad485061191dd204950d93562a3909ff1b7f7c5e7048b85423f23bc10d8acb06d0348add766924afd93fc619089d4,0xe29d68c9b28c2db129dad94935c09136450545f652fe21da98acc34a89a761ba,ok
0x6c31b772cc57cac99c85d2d0b0df8e54b07a7a55,1,,,,contract
0xd2d5ed4be0466b8278ed0fba9d844cdbbdbbdd9f,1,0x0200d546c61cbc479193419a96d631c708605f5f8db44703d2b9f15175ca60e6f2,0x0400d546c61cbc479193419a96d631c708605f5f8db44703d2b9f15175ca60e6f2111ad10368db73afdd8069e1f0ce9a1142c9617ae24e8777f645e3bea2a3bc1c,0x2e09dd7af026a45278e43ae1ba3f1cdc288970e28e87f136ff31410afa85188c,ok
0x385f5c2b5e3ede4b3503411a8a20539267695a11,1,,,,never-sent
0xd3270fe3c8edd8295532f7e68c665abeb22e42f2,1,0x029ccee6317a7a50a51384bc5698676748dccfdfe19ed27439ee3142ae8f7a5497,0x049ccee6317a7a50a51384bc5698676748dccfdfe19ed27439ee3142ae8f7a549715cebad58f3bd24acf32e3a6157a20e11ae19dd13c3cebcfdf8fa8b40477ec50,0x58d7a47f572e229c5bf5571b00295e1ee2c017aef8a5e839be6b1c4ca4bd8ab4,ok
0x90460e088a899030806069339261b34b3195764e,1,0x021c5621c6925af494d6da1b6acb35c7fe31dea4459aa44cd90e006e2f4cec0c87,0x041c5621c6925af494d6da1b6acb35c7fe31dea4459aa44cd90e006e2f4cec0c87053ab8aa992d858ba171e7e340c77836acd0ae6a82a848f951c2e0aba4eb682a,0x41c46f835d52087c862a44578decf16a1f04e89d0e781afaec8bbdf2d2db1c64,ok
0xb81b7df968d1c636ba273e7268580546a881c254,1,0x0303f87002db5f360f11ee57e3ca27dcda897d7089ff1614be2c128a2bccce0ab7,0x0403f87002db5f360f11ee57e3ca27dcda897d7089ff1614be2c128a2bccce0ab73c24b570f93b1efb3c44b0c9caa881f7f27620f3b665e84b8a785c2be5beca21,0xa7349b1d6333c93f7c48716e67f58d8a4c1a2623253ab501db2ff051e40a35fa,ok
0x61d8cdb5ab17e6fbd6168af30a9074c2e69ae491,1,0x027b4b442880e8c7726d14fefbb32413cb214e9c8b31a230c331f4931e5d1cade2,0x047b4b442880e8c7726d14fefbb32413cb214e9c8b31a230c331f4931e5d1cade2e20cc1253809a3a7b8c2618253033304a141bc08ff80f221d6fe036588926d3e,0xa28829b64b7033a065d7be246f905ed270bceac5ca52ce5e96108dec5622ff1d,ok
0xcc3d988e05a833a5fa7763bb545f06cc757f7821,1,,,,never-sent
0x51283e0d48bf8251c8b6a2792424112e1de6feb5,1,,,,never-sent
0xf5ae7ad0c09afaaf57e39b67c9587ebdb588210b,1,0x0235a7e60adc9cd846b8a2653dbc6234a19ab6ed6cecf2f7e2d969861723e02390,0x0435a7e60adc9cd846b8a2653dbc6234a19ab6ed6cecf2f7e2d969861723e02390e31fa51829f78ace5ed433cb3f0f70ed4a7e879d9e4379d21077320f18f4feae,0x8546ec95f8243e1e6b6309f92de82ad93d58231ea9936835711ba5ab1e492f8a,ok
0xea323bae90fc37b789062073dfac9f08f77baae6,1,0x02b5343d408c748a0733728e57f56779cbf7758d1e8eaf88e5751def490bfb5ee6,0x04b5343d408c748a0733728e57f56779cbf7758d1e8eaf88e5751def490bfb5ee687ebfa482e373a344a8dc8f9cf1f688150d2ea8858a47639b89f54af5155ad5e,0xd5b3580f9149b1fec74933cbdf9fea4bd96d20ce6bb92ba69a32f01842c8d135,ok
0x1791f745823ddd5cef25a0a9947a8f0eadad958f,1,0x035edaee234b7c3409f93fcfe20aa48a54ab1bdd8459b48ae6de0a65fe74ccf51e,0x045edaee234b7c3409f93fcfe20aa48a54ab1bdd8459b48ae6de0a65fe74ccf51e7d057a9a49e30da707c2f8c7799dcc5106440ca21d90ea787a9be93ea20beab1,0x32d5709c5a1fc4cb16d75c8fc11cc4c031b7e2ebc68e4a57584ac9291d21deb4,ok
0x7845f6acb6c82350528bcc8244257af46b365a93,1,0x0375acd605c91ae5fd4faf1fbfd05cbf859a8fe07e81271827678b42ae3a0973ae,0x0475acd605c91ae5fd4faf1fbfd05cbf859a8fe07e81271827678b42ae3a0973aecf8dc39e05b28c81aec22c27512e747d387ac78ad9d2065b76396381259d8321,0xfda94318caecea4e858beb55c4df2a51a0ef42833aff9845d76538db88005cef,ok
0x2fee8a17edae3c9807aa42b8cb27e448712ac04e,1,0x02654250efbb0f0035a2550d2e8b09ff76cc6c17cf65fbb89582f152cd7b117d01,0x04654250efbb0f0035a2550d2e8b09ff76cc6c17cf65fbb89582f152cd7b117d01452ce05bf97f1b76933364b3883053f45e4be33fef4003abe1a89dd3731839bc,0x8feb462b404c1cace61be0a9fb3f7766e86c354ab29fd68f45d62151cc3a74c9,ok
0x0289fe4ce9fed141551628546a79b80c8d33fb5a,1,0x036d46dbee261e0c5b59d1c4687a3c4d7f7c5ba314cd744cf1d69ebbf24b3e4667,0x046d46dbee261e0c5b59d1c4687a3c4d7f7c5ba314cd744cf1d69ebbf24b3e466743ad75bac528ac26cf72062bf91265d24e217406491699e73a1e57f42d45c251,0x8edb0e022037a1dce043f8a74fe637204c9eaeb6165fcedd33234b3406cd93d5,ok
0xf2ce5bec69ea6cea78a4a3f018a7cde8a6e96142,1,0x03178734a787515a5d27e42305e5a8c1e04943a5f50a81ef88a2e81433204e66f0,0x04178734a787515a5d27e42305e5a8c1e04943a5f50a81ef88a2e81433204e66f02494dddc2ad40dc978b23e096769fe88953a70d9f2d9d396885cd3ae8e67cfb7,0x46f5e41fca761504e635bdffdf5c4fcc5dcc8872ff3725a86f77b210cb8d9c71,ok
0x98755fcf2203e2a4c93e138c30b24c2fa138cd71,1,0x03a91db48f7b0c65f67e9fec01e700ce7ffcfc6524762b9fa4e5563b3b6aafc89e,0x04a91db48f7b0c65f67e9fec01e700ce7ffcfc6524762b9fa4e5563b3b6aafc89e1ced38c8de49d5829e7ee5f2eea1ebd4d537389821a3df8b607e459c28b4460b,0x05855ccddbe32515edd55f3179355a00ca33027c08c9e60608d95c21d5f89099,ok
0xb7f3431b4acc6b9eae7d179aed3383f21bf8cd84,1,0x025d2f11f2fdf841c66aa24dc0f4faa495d44d50a56cde4c01d169441ed00d2cfb,0x045d2f11f2fdf841c66aa24dc0f4faa495d44d50a56cde4c01d169441ed00d2cfb0e41d7ad8f7b6bf725a3147f10098dd0ca6677f019b87261ab659ca48edf1996,0x3cfbc99c286686d7f993f2166fbda7606c0815c6b5f24f992a4704ad348197aa,ok
0x914b3363d31546de3743d1724a242f4616f9c597,1,0x0228e17375ba2f20b78137116c84d8214c74ef7fd3b67f4cc0f8b583ff97c061ad,0x0428e17375ba2f20b78137116c84d8214c74ef7fd3b67f4cc0f8b583ff97c061add1ad285aead7fcae5a8811913796367ac93aaaba285e640afd30281c1a6df83e,0xd90d2b2ff2e5f1ae097bfca5045843368f4448b763dfe90c9f842ccb6c27a421,ok
0xe330e0b1c3e454a68a6465a2b48ba8e6dc0d5707,1,0x030453d834a33b70f007b50214481e2e80c660c4fc578258af0a9660331e2618e4,0x040453d834a33b70f007b50214481e2e80c660c4fc578258af0a9660331e2618e4ac5c8a6d6b7b5e60cd103567a9f522757e53de0017f0eac8cc950f1d85114981,0xcedcbd76d1645a1989bb405651d006e4ec52b430c883f7741f045152ab19c871,ok
0x5e4e7b3718d30121158f1897b1a0c54ea4080be4,1,0x03de28aac7123db6886dfd4eab7e00517a13ed11ad3f52ab33136548ccf6650e69,0x04de28aac7123db6886dfd4eab7e00517a13ed11ad3f52ab33136548ccf6650e6928b29bf0ce6b622b5a7878e5ded354170e296fa353076f1c2c42702b208b40c1,0x3d78cddec217af159ca8bf5c7ec713fe11375a86ebf4e84a5ba0fca71821a780,ok
0x0e4b2db181c4e7c29f5b822a6e99d88dcf551748,1,0x02b3d454cb229f73e7b8de78f2a111ec4894bcf7b9d327fd44df83031d8a047fd7,0x04b3d454cb229f73e7b8de78f2a111ec4894bcf7b9d327fd44df83031d8a047fd739c29ed08f37b24da5da692d5c5581ec0222f1ee53318b1af10dea45567d6ef2,0x32030b32b81cd5d791ae519ab397ce24350fd0dc006ada66e94acf0fe07e3d66,ok
0x093a6d40cc473283f19157df71bfb623dd13a945,1,0x036e39ba66b6304f8017e9edabedf23aa0de6e2c32785b4fa33a21592ace7e7475,0x046e39ba66b6304f8017e9edabedf23aa0de6e2c32785b4fa33a21592ace7e7475c31ba5bbcf73668c4bed7b0f1f46686ae8344abef44d90f243079078361162f9,0x8974f3eecb9358b71c0822cd123c4335a5afdb288981f5410bee6fdfa3856400,ok
0x7da511d8f3761638bcb4d3e1c13146aa00aafec1,1,0x034030686a8024cd51bc161d7e925b2a34aabb4f5cb24c5bb464312029d2293af9,0x044030686a8024cd51bc161d7e925b2a34aabb4f5cb24c5bb464312029d2293af9f1426af0a9c28fdb2dceb91e40689bd49843b4bf38a9a15e3d0180a66ccd4b41,0xd4f15c0bf75289e450205a91af2542bde9d6f836950fc1cec511a07f8e6ce8a9,ok
0xf57c8cedb1bf6d83f0a80ba7bf88563e2be8a0e1,1,0x039429d38900fae8ab0c9537cf7b9da21c8689ce3b166a945d2f7ffa8b7b423acc,0x049429d38900fae8ab0c9537cf7b9da21c8689ce3b166a945d2f7ffa8b7b423acc70604e56754e7b25daeb30b22662825cd9c1ff3585279242b090ea63d7a1281b,0x86aeae9deeaa3beb2d7a79cbac55d3530e856090235576ba3e5b17af7bcd88ae,ok
0xfaf421d4413e51b3427e9d65cf0999f603da5f63,1,0x027a769400b4cf36f950c26b1606b63901cf64610e60235e961d2f7b4bfeeb3134,0x047a769400b4cf36f950c26b1606b63901cf64610e60235e961d2f7b4bfeeb31344b3049995ff0583e2f17e2a3c49212b5444bae325c2b60e1e9827f26e8b16324,0xd73b4dba359bacdeaa7bfbf0e677649d8cc9480673f9ce1bc040d267142f2af9,ok
0x10a3b2ebe870f410e4604b11dcea990684733633,1,0x032443861a5b6ac07600bafaf4b3052a491a91bf0e7ca54b0a4f5ac052343e22db,0x042443861a5b6ac07600bafaf4b3052a491a91bf0e7ca54b0a4f5ac052343e22db9718febf8dccbafd410b457cbe7eb807644cb83fb2c6df7f18225870149071a3,0x4d46ddcbeee6e2d1369ceff8394b5679e09bea2073101e8916f69ad5347e2781,ok
0xc517d770202ce9f7bdd4dcb69c12aed285c73533,1,0x0332d90c8bd45dc04203ac6f61e90bb380c8de76e339cf0bba554fc4e94847f848,0x0432d90c8bd45dc04203ac6f61e90bb380c8de76e339cf0bba554fc4e94847f8486abce685aefc48b6fc29baa89f4324e294120069ba8365ebe906f555a47de66d,0x1cef17131bf461c7f4f85774db3ea4be449de30601880b75cc01bdd509a0d1d4,ok
0xb73a795f4b55dc779658e11037e373d66b3094c7,1,0x025fc1e4b0e921ea49f1e6d501977cbce51ea5c998599f518bf0ebbbfe4363e59a,0x045fc1e4b0e921ea49f1e6d501977cbce51ea5c998599f518bf0ebbbfe4363e59a6e378f070ba95ba3b5f9d52c166d12441f7247f164d4d6babd89eab4f92871d8,0x610b6bb2f3c98b2aab1c50edd69575e4a6d8593d9dbe759f4b022eda7f4e3d42,ok
0xadc80251c5876154c4dc94589d17fd769d5ceb69,1,0x0358a6d08689e0e563ebe26bbd4fe9ddc7d428400d9a8456a222d6c11ef6de87f2,0x0458a6d08689e0e563ebe26bbd4fe9ddc7d428400d9a8456a222d6c11ef6de87f28c17c78788bba77fcf213c19b1033dd002dfaef4cda13a24fc431792b0c9913f,0x5f0e4d0faad2c5dd2af861c0c181796a7e79c694ad76498d8e66ce3084653f9e,ok
0xac5e693e5e77fc9418b4185c88aa4408b9521f1e,1,0x02e2d8db0242d7a5530e1b9f3b48908a35ef59eae96dd3a988079f85b5884129ce,0x04e2d8db0242d7a5530e1b9f3b48908a35ef59eae96dd3a988079f85b5884129ce665d3b6887d2b99286ebbda7e2ee77712d82ecbd1f2664ad5c28fb7eea6b6046,0xcd537dd4e5258eb7b9e027c00e485fed7cb47dce4a40986757d296a6b166672e,ok
0x7cdc15eba13609a244e96b6b9e4c4a95f81ec953,1,0x03741518c4a8348817d70dbb49a9b2a096c0deb76b7bf8903af73bdaa083879b6b,0x04741518c4a8348817d70dbb49a9b2a096c0deb76b7bf8903af73bdaa083879b6b55d2d669779566b8e2e45ee39ae60a09992992a3556223c758faf40f6e3e0c0f,0x891b84d0ae7aa34794dbeacee3ba6a70af954000c115651b8050af44d5358dad,ok
0x0e5f54d12ce44d39c9e9d07cbdb553f872a2b859,1,0x03965325b42a9283666f1e657c2f14fd026d930dd1174ea92327043577ba2c94b3,0x04965325b42a9283666f1e657c2f14fd026d930dd1174ea92327043577ba2c94b38207d20ed68cfeef75a9e2dd41ae48b5514fed0b539b29f0ce9ca1ecc76f7c97,0x2e21261c7f5543de16fa5853014ef59dbad7e1d7fa3989d6c555704eae51e498,ok
0x63b7d0006102e672e6936fcfe6197e4c782f51d4,1,0x035e4792fb421c7cc93021a3543a4cfaadfa8048c150a7f41e7ad6f0de8aab95eb,0x045e4792fb421c7cc93021a3543a4cfaadfa8048c150a7f41e7ad6f0de8aab95eb78a6356872263b7d8d74c124e711ab0e05b19e8ab4a3e32ab7e98003e7f3a43d,0xb39d8b9734dc5e1988d0b71c763ae54e94b52105cf0560221ea362d402c0f421,ok
0xb92f55aa40e354eb09207fbd6c0f60bca7608c7d,1,0x03528105b62950008a29d9795c86fe717c3d8b865f9b952383bb5811a31bf56a8c,0x04528105b62950008a29d9795c86fe717c3d8b865f9b952383bb5811a31bf56a8c5b8a1e6cd09c944cb9fccc30a2b504e24ea504cc8643ab6a1f88ce2dffbc0805,0xd1fbb06db99005ef5296a23d54f4a9882ec079db563a8da375183c48538da925,ok
0x274166ea2289f01c1d454e157f6e1994d373177b,1,0x03ca772e815635d4e05f21389834e64a1e89f38bebea508c3de934e51dfa59a30c,0x04ca772e815635d4e05f21389834e64a1e89f38bebea508c3de934e51dfa59a30c68a944e8975f76fc2f43203d1ef62937dafd4c7091a0a89028bd708456d7468b,0x0958269248e91a55613ee2300393656d43ba407c6f22cffbc055962f3e7f9425,ok
0xe9470ff8e7758eb58f00e4816243d5f6e4fa0838,1,0x036c6c47519ced85e15e8a5cb65d984032204415e37076a3e2f65447ab6e30cbcb,0x046c6c47519ced85e15e8a5cb65d984032204415e37076a3e2f65447ab6e30cbcb8d995a265aba68e6f6c1c445034471f446e9397a7af3962b9b50488827a25ba9,0xc833bb2d324bf487ddb54db6820ea8272002670a352c27084c1f8e3d7094f61d,ok
0x3e1177dc99ca431c671bf9db67b53d9e0917dadf,1,0x02ab6f8147b14f8759da0e8fefad473552ceea194c33210cacd3abccbe5d459d82,0x04ab6f8147b14f8759da0e8fefad473552ceea194c33210cacd3abccbe5d459d8299830b27dc1473178044c98647911e52d27230b5c82e988b133133dc5e5acb26,0x4a3f89629e0ef3adbaf30ba5d17c6795458dfb1eb03e8b5263a16e46ee8390ee,ok
0x73018870d10173ae6f71cac3047ed3b6d175f274,1,0x029746e2c6ff2ad3ff8a1cdb9c817dc99be5afc4c239cee09bf7ec90fe46ff8ce2,0x049746e2c6ff2ad3ff8a1cdb9c817dc99be5afc4c239cee09bf7ec90fe46ff8ce277f37bf82303fa94e79555ed60fdbcb16d1db848f155bff2bbd6af6cbaa65c00,0xb8fc8d286af41e3ab6bfd6913a7f966216c588d76616ab22e681e3c30dba73a1,ok
0x528d80ce96ed800e239d543971b2e40cc7550749,1,0x023eb1b6b3fc1330d3826b5c8b9ae050aa20be9fcd829d31a6b6836a02aa034056,0x043eb1b6b3fc1330d3826b5c8b9ae050aa20be9fcd829d31a6b6836a02aa034056335c8e6127db853e6bf29f262deb2550b88a638121d60f2ec30aa06714ee4e2a,0xa4aab65e66fecb4356f73ff8e8e1e8f0d5c446edf0ae219c409361245e50cd01,ok
0x44755076e342d293bebc86b25c3f11c754f9779c,1,0x02aa76b61a4d9292782b0b3c9279c060162c11a8a32d63ff32e6ced572184aaf6b,0x04aa76b61a4d9292782b0b3c9279c060162c11a8a32d63ff32e6ced572184aaf6b56eafed28efdd21bee0fde525bbaebf6377fb1620fea4338558cab75009b7a48,0x0b0e74fca7b6f5b31cbbcf50b8e61bef66bb449b82aa90bb9164ba69cb373371,ok
0x3f63b8d33454c007e61500990027e2bb4a7ba1cf,1,0x02a309461e70f51c5363f9a6327e8d0f5269ed14b426ebd978355aeff1d09307ab,0x04a309461e70f51c5363f9a6327e8d0f5269ed14b426ebd978355aeff1d09307abd9085e9cdd3b469a11409e6ceb017432a8280b4e2b42e9cd19d5056bc8a36256,0x4974c5e34e6c4a19e6a74cb016628f5c32b68e86fd3fc4e2a8640b2f0285e6dd,ok
0xdbb9ed9409280b20617a6f955b1f8e3044ed377e,1,0x02564d95807e5e23edf2e0cfc15a3604aed02a08aabb8bdd3816675b4658c72c5a,0x04564d95807e5e23edf2e0cfc15a3604aed02a08aabb8bdd3816675b4658c72c5a84d2aa1558aa604f7688ec026059051f1f51ba3c024d98fee93a2ec06412c118,0x771b03a51b8ce8c84e0fd32e5353319862df962d4954d95dcf346e31291f203b,ok
0xdd7d584fdaeee2d65286060ef0265994e095d8aa,1,0x036858f7fd1b2d8ef3369082a82807ad6e46148b27890e324dcd9cbee8b0d79e72,0x046858f7fd1b2d8ef3369082a82807ad6e46148b27890e324dcd9cbee8b0d79e7232ead0513a9f1173417f59cbcbe9900aa8ae9d850ee07b25823e37becb4f1a0d,0xf7fa11d42f8fc6857649bbf0e01b270f1b5da1bd7e34a5e6b160b18c9e830e51,ok
0x3f7f511fca5e1dcde1efc9f69c4002f388396534,1,0x03a543d4b91d1c7ffacdfed02b9509ccdb4d2232246f789ad0033edf687ee0a10d,0x04a543d4b91d1c7ffacdfed02b9509ccdb4d2232246f789ad0033edf687ee0a10d54ea9b65fae1b615d8a31d2986a8066c5b092d76b1a9a8697f197218f0857de1,0x8ecfe5b8a4d1ca8c42ee9dc4234c6a271f7fa8b901e48201f88a7050c4ea54e3,ok
0x1561c3218ab5feeec5a0a7b817596eabd257e5a3,1,0x036bf3d8db3330e1ee4ab824783d0fd985e7dffb661e3966953d1a9c819186669a,0x046bf3d8db3330e1ee4ab824783d0fd985e7dffb661e3966953d1a9c819186669a9afd4ecd0de1186999fc7de78cc6b88be2a091127d47fedb62eade2e4b59f923,0x58d41de53560870c5044218c27055d6e47dc42d7063e55111b0099708419cb65,ok
0x3ee5f7cff0b88e754b84d5dcce6ceaa1c423e53a,1,0x0293cfc5e3af2aaf3afb1ca9f142f01e23cd5b618b4ffae8ecc27b338fc1a91887,0x0493cfc5e3af2aaf3afb1ca9f142f01e23cd5b618b4ffae8ecc27b338fc1a918870b5567888e9e367fa1ccc201e63b8d24fe9623813833ba498b7c7891850be95a,0xb3ae20563f839d3f7b4f9628b5c739da690ac92a6936d7f07d0d18fbc43ee33f,ok
0xe1e73693030c9f23abef935fddd216cebe74817c,1,0x0345630e5cffc963bfd4a4884b89ff0869ea5a0255416621cb2bd6ffc020f2ff13,0x0445630e5cffc963bfd4a4884b89ff0869ea5a0255416621cb2bd6ffc020f2ff138d436c03c61663729bc6e0964db0dcdba91426bba6a58d95268b54c307344dc7,0x1d1064b8e7a567d7902e90afdba41324b0c7d28e31b4619f9a4541a8df06f80b,ok
0x833567a60b26cbc5ebf7f091312514e781b597b7,1,0x0226a0ae8fb16144850538e93a3322cee58f0e2eb4a252a5c5e5b32737a7bb0e26,0x0426a0ae8fb16144850538e93a3322cee58f0e2eb4a252a5c5e5b32737a7bb0e268ff656c3e7b1aee9bcc4de49051c67f71602a29daa5051e63442c22adce3d462,0x3ed2f56a75a58957fd17af083ef76a6bf9a3c83628d7e1cdae8f2d4f9b121526,ok
0x2222c84b5527eb220b5235e032baa651dfde0f9d,1,,,,never-sent
0xc7a07c73ee90c7eec4528215d716053242dc2852,1,0x030634c92925aee403dd943748416e93b09c5b6897d6cf1aa9047bba0662e3a3c1,0x040634c92925aee403dd943748416e93b09c5b6897d6cf1aa9047bba0662e3a3c1c70edef7591f0fe133b9fe9cc08c5e172175a85c4b89b0cbf7ae00a263502625,0x84acfedcba51243f5a1a21b5c38c463008287d8faecd14f72cbf33a2a8ce61ab,ok
0x82e133653e5069a61062b28795ef19a99a3d2c75,1,0x02ac8bd14b89852ca661ee6533be79afd66c5f40e96aade17eb5af2617f49971f1,0x04ac8bd14b89852ca661ee6533be79afd66c5f40e96aade17eb5af2617f49971f1c0f252efec64e1918c01e5016342af87af73c1bf73d1ff4259081c487fb2a92a,0x8ca3a85986721fdcff87aefb90d4241fa31268843b7d366fa704df6e04a801c8,ok
0xae4c1ff7d6120d6e157b6fb68c3a3c3ab8986287,1,0x02fd991b7988c5ad0fe92973ac48cef966b36f5f08213484f68650d12d08c1e2b7,0x04fd991b7988c5ad0fe92973ac48cef966b36f5f08213484f68650d12d08c1e2b7a1c08b74fda398f8235bb8df30a68220d21856c273edc67ec37e20f19f52089c,0x456e30a2032352493290818e5975cbe3e3b3b5b91fbf58683f7afb8c1f22d376,ok
0x46a2b9d223fa2d959151d85e5732d985b2bfa92f,1,0x035ab1d8c0862f94c8cf57560e80d225da449558882c25ff051212a7fa777bb773,0x045ab1d8c0862f94c8cf57560e80d225da449558882c25ff051212a7fa777bb77344b8a375c84a11cbf76021d5f50daca766508efc10dc5a81ddcd267f8bd4286f,0x4712be6fc18b73c8e84bb972ed779bc8377008277f3cee55a8eda3c97ed2d6c6,ok
0xa6254489f1c2a146576ae0fa29bd2f58ce577cf9,1,,,,contract
0x34e2ad25fe2c4d97ed167566c17bab6470e5c157,1,0x023b78a87ea3c147159a2362810c88ffe6f652aa597659d7b96580d614283c9bfe,0x043b78a87ea3c147159a2362810c88ffe6f652aa597659d7b96580d614283c9bfe9b8ac1a3cf07f03359d430656d2f112694ce239280ee6c6569fc5fe2e1daaec6,0x575ebf57b5e6a2d9138cba70a06eb41032d0935b4e27b901dd29e8f7852f77c2,ok
0x35c98c409663813462787031189b46dfa7aadc60,1,0x02b4990dc25ba9a643a8bc5aec80b277dfa964e929e8affb7dda3b29aa1b0db486,0x04b4990dc25ba9a643a8bc5aec80b277dfa964e929e8affb7dda3b29aa1b0db486ce29c47b879ee62ad16dfe6d7f8b10fc9c53a64013a441e183d0bd9847aec74a,0xfeee0536a60358a33fb0536b572448508c149d2d4bc1fd26b31cadb2d4a8860b,ok
0x213ee0daca7e11835ea44152802826707520f9e8,1,0x02ec4b4742e5950a252c060e928dc37d4b695aafe12f7bc426ae88a915c865485e,0x04ec4b4742e5950a252c060e928dc37d4b695aafe12f7bc426ae88a915c865485eac1c8a8944703ae7a64b6a608434f5ce080dc7a143d20c41937ae5cc3948cd42,0x169b386c5a501b0e29b8ee0e1808aa1117f67653640fcf8a3e351e247d11b7f4,ok
0xffc07e0e10eab7c8c3e0635ccede06240f4f32ee,1,0x02df8e13c4107dc507344f86ae0f872d70ab4d4b579221752722f4ad60e35c9bd5,0x04df8e13c4107dc507344f86ae0f872d70ab4d4b579221752722f4ad60e35c9bd5e59160b42d7478154662cb013a293abd0675828718bbeb079f7cd46ba81666bc,0x24ebd2679a00299c969a19f606f3ce325fa02a43a52183bfecd7d0fff925e56a,ok
0xfad5d8ea727623c3da373592efe8a206ff1f4280,1,0x0316573870d4a6b92494981c2be4642d7769768bcffd7c1160b41a8fe63382f667,0x0416573870d4a6b92494981c2be4642d7769768bcffd7c1160b41a8fe63382f667e56ae51df4bbfd83575081fb03e1c7d43b16048b9e65da9163955dcd8492c435,0x6b1f7ac7fbca681e90f82a381ebd4d4f983609f88ce9925c93da2dc8fdad1dd9,ok
0x5408e156a7fe2e707d9c290fc1df042a02599c96,1,,,,never-sent
0xd55de9a32e1eecf2192945141d3235f21bb43f46,1,0x03c4a89d17b68f4ad940b41ce1259869d582f6a710c1ea2ee543c5129fd9ac4e46,0x04c4a89d17b68f4ad940b41ce1259869d582f6a710c1ea2ee543c5129fd9ac4e4634fdb2f9a29e029e153950eacd453edb3e9816cc8b881eca2044fd24b60ecdcb,0xc8a8d5a18c231487efae7ffcda845b94ccab3ca479066faf5484f95d46949548,ok
0xdaf49a4cbbb70351589e72bb8177398489da4eed,1,,,,never-sent
0xed8e924735f590572361b52657abd9a3260f35a0,1,0x02cdf07a76fc65b4b1dc416f8efa0a44ec7c1d23b6a34f21f2330555d76aaf831e,0x04cdf07a76fc65b4b1dc416f8efa0a44ec7c1d23b6a34f21f2330555d76aaf831eed00078c3d59be42dc3c6ad4cf6a3ee88f3c8cb3933e9b7829890951a8b4e438,0x89d9f5e3b7f485d5afbd060631259b726d350725c19ab791637cdf1866e22f49,ok
0xb3c184cbd48c757793c5c8403c2907b7cb93981b,1,0x028dd05fa7da4ac41d5db3827e5f285cc8cf981f07c52a38fb607b2faa336aee07,0x048dd05fa7da4ac41d5db3827e5f285cc8cf981f07c52a38fb607b2faa336aee076bc9c75bc4f7fc90678a265d4956d96f0c0c663c403dcd02ea9e84c484e9b6f4,0xc3c12980d453f4e6df12670b9e9089deb6eb2e3e46d3fa1c14ced192f89aebe7,ok
0xed31347d05ada4c35db6abf18f2e7c978b33104b,1,0x0220618090b6beb7573c257ddf0f3fb94bd7c21af4654a9ea9e93813d21004543a,0x0420618090b6beb7573c257ddf0f3fb94bd7c21af4654a9ea9e93813d21004543a40e755e8e89bd7c7988266f1ecf1161cf7eb31074782491278506a30716e1480,0x21dfa82023256bee2c1c1b0a3c58f2f62e9afede869f5591aeb6d5dadcea42d5,ok
0xcb8fc1e0bbc295124bcb5da6f7bebbd23ab37060,1,0x02fd2c58b81745f20193013868be19f98849f065722b43e349199748d7fe4199f5,0x04fd2c58b81745f20193013868be19f98849f065722b43e349199748d7fe4199f5417d1afb9c10a36fc80778c700cc0ea32c7f453f640f4d81a88c6a70b03ad330,0x7d74afe3034dac507eafde284f547a44b6471b0f08f32447587ed4bc02d68476,ok
0xba075b7e3d9274459e592afa2f7daf41efcd3359,1,0x02b288a54dd774852d71f27a0a4a6757e9ec974ecdb7a306714693bf6b2579e976,0x04b288a54dd774852d71f27a0a4a6757e9ec974ecdb7a306714693bf6b2579e976f3874ad84a04fda0081dce6e19673f6d621ff123857d2f5f222ba860f96af81a,0x22ee2c4e40ef28dce33fd9c6dc7b87ea788a5382e7d15c2a56fca7afd3a47e14,ok
0x7f42f06764f5943ce467325431f27a7bff3c7309,1,0x02472f41143d369c46ae0ebdc97b39e7d4728989941c807ff04c3b21dd5a086579,0x04472f41143d369c46ae0ebdc97b39e7d4728989941c807ff04c3b21dd5a08657915c5905f48262041130f84acdbe91f7bef7e61426dd33354e4780c5323eda006,0x4dbbb2d4ec3ecee18292104b0cb1852dad2569ec85ce8e56c931824a15ad0447,ok
0x1165ba078cc3ae8fd41f2d745b3de5c09be4ae78,1,0x02f12fce8c5766689f7da5be29f7224a1f74111429656d6ef2a9b522976165553b,0x04f12fce8c5766689f7da5be29f7224a1f74111429656d6ef2a9b522976165553b19afdb5bfc6d1bcc49ab596141a76f9d81631dd72b6cffe081bf3c5a97e1faaa,0xd7975e6f41272e4fa85cc45c5b57b04896319607e6dd0c9ac554c3e5d17c0bf9,ok
0xcc60ef872fa037b12d6bd64fecee1beb3ecefece,1,0x02316feda4d70ac8d87201a0bcf865f5fe52fcda45999a25a996c75f1445719927,0x04316feda4d70ac8d87201a0bcf865f5fe52fcda45999a25a996c75f1445719927fe2f67d9baa848e84257a307f9c18949067e13e1ab9ef2cbad80c2f8c25902ec,0x941c5ad03a03c828fb66b2a7e9462b38d26b9e3a20987141f59877e077cad223,ok
0xfba235a48f3189b3b689089b30b0c11a7881c84d,1,0x02ffc1ba1519b8c5452ce2c293d11e929ab70bf7776f7376b4255d1a6a25c137c4,0x04ffc1ba1519b8c5452ce2c293d11e929ab70bf7776f7376b4255d1a6a25c137c4ce7a9a4fed3e5fcfaa25e3206de57180525b206c501f5b9419e0f93e2c7851ea,0x2af5dd74477887d648b6f0766d26a0d070199a418504352ca7ff1c2de4bb8cc1,ok
0x52a57f1922dc511186a1cf87da2266ce61e30940,1,0x03418d6167701d8fd8585c3ddd2c8684b34d496359cd051a6601eb004cfde6108d,0x04418d6167701d8fd8585c3ddd2c8684b34d496359cd051a6601eb004cfde6108d8987e16a16151af71638349057ad821c9d62f13e6180d632c5a0ae78a183d537,0x0dcbd4865a4ff0c910724468d2ccef09908b0756318d2d447d33e0274235be36,ok
0xb120a5f3c0fd740da727c58cf17315360ba59a7e,1,0x02fb26366c75d609e9ba486192833d7016d26044dedc984c56ee02b6ff9969d7de,0x04fb26366c75d609e9ba486192833d7016d26044dedc984c56ee02b6ff9969d7de9bc5b5e979da9a2ede65ef6ce4da57d44033951495c631ae3293185b5f2227a8,0x23ba9177515d7e62238bfa43e2cec70105f9e4ccab7050082d3520244d3ca992,ok
0x8f9be4310f9abb0e5843cc6363908c9b01dfeb3f,1,0x02af863e4a58aea7c4ed2884ac4a976a2f0175e92f25d5d2136d08a6ff8f271d1b,0x04af863e4a58aea7c4ed2884ac4a976a2f0175e92f25d5d2136d08a6ff8f271d1ba1e743cacbc0ad2eda3465da0f7729b49e81d30e23ab2f7a2ee4f147023c9a7e,0x799b98ed3734b2fa5d58fb62a42a414a134c58033876529519f86424eefb8c8a,ok
0xc6aae6f389e248277eb9bd926755404d4623d4b0,1,0x02ba4238a12e37838f313f730f3c05385264c6baf48c4a613c659edaac65e638b3,0x04ba4238a12e37838f313f730f3c05385264c6baf48c4a613c659edaac65e638b33654e49026f362ecdceeba7366ad64fc2e3075fa9f6f4c1f752b4d148feaca76,0x3204584d0429b6d8b13029028e370efb9168c446c4d70c6ba2c4d4a583bd348f,ok
0xf0d4d7fdb66a75a750a4b8a5f7dbec6957fbf200,1,0x03ff82f150f8b461f68ca51f0c59a128978b2df049dde9f476ac240e5982143946,0x04ff82f150f8b461f68ca51f0c59a128978b2df049dde9f476ac240e598214394631e7a46a7f173dfe77dcfbf3474af1c74bd79f7621ad286fa4e2f93b9b4ab419,0xb207c896685a15018b10737a23596e6c757f0de901ecbe2513d70ed871e3bbae,ok
0xfe03ebc82509e6035bd792fe2bbe26c6252f74f1,1,0x020876d2adb96c132d69800a155337015a4df2dc822242c801db61926b220b40d0,0x040876d2adb96c132d69800a155337015a4df2dc822242c801db61926b220b40d0a6c3db5205378709534cca74491e765474bee4d8c4295623349b3638b6f6e7d8,0xb3e55bd11ed0056b60c705b0d654761a18d806f507a951416a33d07faaa7c4c3,ok
0xca625e8dfc02b6c36c6d38d2dd65106afa1648bd,1,0x0387ac1d4c83b2673d520f1ca7b1b9ded8864504212cc83134672667184a8ba170,0x0487ac1d4c83b2673d520f1ca7b1b9ded8864504212cc83134672667184a8ba170813355f7a0403e641593d27871833838706719bf5a9fba8380acf1d0a9e81a5f,0xdfc89755e76e7f717881a7d457ad23ed1637891793b8a4c672d43d2bc990e968,ok
0x4fdcecf3118ec6c0461206d0981fa086f417a07f,1,0x02bfdc0807861684c9c7c4466916f749bbb43d24dcd44fa7c8960bc968cd8ac9e1,0x04bfdc0807861684c9c7c4466916f749bbb43d24dcd44fa7c8960bc968cd8ac9e1e1b70ad8e37715ae8f4cb760439ba471e22a466ad757f19cf65780e7e62b9628,0xd56fec26c3b10217ce61ea369059720ec3192e6107c2cae3aa9981ae5d5efda0,ok
0xd13816a75472aab9419e665add6d8bc88df3795d,1,0x03c4f59041f09fc06adea4dbf865a18f7665582c2762e9e691a3cbd16cfd14a18e,0x04c4f59041f09fc06adea4dbf865a18f7665582c2762e9e691a3cbd16cfd14a18e40270df4d827924cd2eeeee5696bf689554b571e563b1a3fa6c3fbcfc5ad8a67,0xef05f727dc9244079864ad7e338d36d54b9966a98798bb37d88c1ad316426244,ok
0x2e682257fe59904df4fa89ac0f318ed2a7111612,1,0x02232046bf6a47e111b2806f250a06a9dece4783cc7db69561f68d95d3b0ae9904,0x04232046bf6a47e111b2806f250a06a9dece4783cc7db69561f68d95d3b0ae99048cf697fc7bd4f8b12ce0f79a03261d733e9849373e8c31fe942640a4a779e2c4,0xeb7d837208a8894becbc190d108f7e20ebe96b212ded291ba1d8bf046e0967ef,ok
0xaf5d090ed0a925f987c08b07b1a0dfbe9e54ab26,1,0x029abece610956673e6a77c7f6959be38d5d552dc333050cfa1c2a03e0c39f0c23,0x049abece610956673e6a77c7f6959be38d5d552dc333050cfa1c2a03e0c39f0c23103423fb6364fd42686b39bbe484161d505c1a71ae18db63749d42aed669b400,0x51be337893d268dd3727105f94659cd1ee0a570a77e4c6c6dbda964067dc2969,ok
0xf5e2b30228036da9e3927cf9551f43d46a8a52b7,1,0x02937850edb2f4b2ce57859e0d3d41f277d26e8a73230b549bd6268d05ba512336,0x04937850edb2f4b2ce57859e0d3d41f277d26e8a73230b549bd6268d05ba512336e51d25aafb4aab741754cb0ac072c6b18f43c666fcc41ab91924bf75ef96606a,0xa6811f9d24b492ee416c9379f0e01cf87d678e497588f80a73bb6b5971a40d35,ok
0xda8b5366282134760422f626e424bd8e269dfa96,1,0x0364cc7def475df69fee7629ab4ce955d459fa40496d59c20404885f72e7ba0442,0x0464cc7def475df69fee7629ab4ce955d459fa40496d59c20404885f72e7ba0442c9ef21939c4cc6ff63622ea863ec0cc9aa2569cac80af57ae92c3edd61626add,0x47d9233320301015e1a2ca366393b5bf2d61649e61543279e6d8c7d6aaed6742,ok
0x1f59925dcb315bb3adab3f18277c456ab73408b0,1,0x03454d92f2447301897625b332ac2b81dfe296c1c32c02fe043af658a9e5f2bded,0x04454d92f2447301897625b332ac2b81dfe296c1c32c02fe043af658a9e5f2bdedaf9009753130b04a15b247d2133b035c571f84c991c71fc05d9cc67c9190ca57,0x4c23e437a6e23fde18fc5b4c3d87cc12b92af67ade4340ce6821e264ba2300ad,ok
0xfdcd06edd66582102ea8e8c2cb1fa271cfec8dfc,1,0x0367dc50e84a579f0033800fb5a95585f8d9177f1f987203650b077cb52f92b253,0x0467dc50e84a579f0033800fb5a95585f8d9177f1f987203650b077cb52f92b2532d5b34027848027e6769c42c6a917b208c92f662502112af7798e2ab7e5dfccf,0xa4092f7990d87ae1b8c7a092e0016cfd1c54fa8101af6c43aea52d198b6a7181,ok
0xd9a6808c0a073656d24041a42e232c2c76dd169b,1,0x03b9d40efca779a8d2ed7e3f6adf593a638d12301fc225c846129da016ca92f624,0x04b9d40efca779a8d2ed7e3f6adf593a638d12301fc225c846129da016ca92f62442689476342a5ae2d154da398795098a20f496dbac3f74a6938c68ce3f172dc7,0x3d4ce8ef67de481890afe44cd9a72e3d55c45af4036d8d1589c643dafcce7d78,ok
0x7b1539027fec23b1efb7da421a354ea01385389f,1,0x029b826d88853f9d7d30ff92f5b677b2c35f6f8942e8c32a9449b2de651486f31f,0x049b826d88853f9d7d30ff92f5b677b2c35f6f8942e8c32a9449b2de651486f31ff7a0fef0ce5e15958cde708e11f14572c7ea19037b316bbb89f6c25d8b33efe0,0xb525d37a02b823db6614b1c666d033aed5d507ed978041fa240449485c35a62e,ok
0x012118906635d371c5f917c77bd7ac0d5fff4997,1,0x02d916e47230ce5bd1b07bf90704991c3b7a4a40c19769aae30223ab3060864b0b,0x04d916e47230ce5bd1b07bf90704991c3b7a4a40c19769aae30223ab3060864b0b05952d37539f510e2c16e2efe9c95055a06df288d9bcc565c64e860096333dca,0xc8a5a768014c4d0a199d48676833c93006aea38fb9381c8bd34ea5e9eca7ce70,ok
0xf410648fd83afbcb7eae0fa0c11023388c293584,1,0x02f997826b9d7844fdbd591b315b0fcb6dbb54b90f020a237aea018f17e5942bc3,0x04f997826b9d7844fdbd591b315b0fcb6dbb54b90f020a237aea018f17e5942bc3ec0e5066e594a1e00898712fd0506df848f7e5b9a635a8fb4f174fababae5378,0x6cfadfedebe2c475130dd9a41aa0ee1350a7209a1a6d9d9b81fa3d283b607aba,ok
0x687a016645fa2f78d56640fa4a04600b744d4c7d,1,,,,never-sent
0x3f6857b5a7830c06fa48a0efdaffaa70f9757d07,1,0x0389cc7716912480568a4b8ed035314edc1d9311ba300817205e2b7bd22cfc20f2,0x0489cc7716912480568a4b8ed035314edc1d9311ba300817205e2b7bd22cfc20f2d4c555dbd0c894258301c8bee76684aa237aa589a9cd92cd311491e88268c83f,0xddd6b8cca3ebdfeb7cd5ef7a3c213219b2a539390b6666e48112cc7008a33abb,ok
0x7bcdec25acadd8ad599f402cb945727401f61fd5,1,0x03e04cfca840d242b66fe58745b4b4a5c7cf9b63fe3a76b412101755106dbd1d9e,0x04e04cfca840d242b66fe58745b4b4a5c7cf9b63fe3a76b412101755106dbd1d9e44f818606c879501e7409fe7c900e046ff147eea37277e9c0326ed6366ee511b,0xd7a06fd7608ca3fe2b7fc5bd31b0e2853ee9cc41bab2ec9b76146bd416a1c3e7,ok
0xa865f0d842a3582af8f0eae74d646151f2d2e980,1,0x0310f7bacbe041cade9e1f8210068b80ec48105bcd180416ffdda50d68c723099c,0x0410f7bacbe041cade9e1f8210068b80ec48105bcd180416ffdda50d68c723099ce2d328f7211c8970a534b8adf470b37889d321c5d5c80bc634151861097eb3b5,0x5d87a6e08f9fe721c44c92d5081c19dc6f9161d5b8b0c2f85170e412b3d891d3,ok
0x0fc2127af727c5dcc3b1110dfecb7d901f9a987e,1,0x02b2890ab8d3567aafe0f0ccfec66bd01ef19433a2aafd74cd8e2d17644498f445,0x04b2890ab8d3567aafe0f0ccfec66bd01ef19433a2aafd74cd8e2d17644498f445a2fe6792856984c804410bac7af4424cf4ac59f8043d30ef87438f4138861c2c,0x352fdf9c161ff4aab8d2c4e7f5f88d09ba7f819a2e205c382fe857b056343180,ok
0x38703004fb251859b3c400a08c0a53dedf0c9c09,1,0x03b43540949e45c3ad3c929ac7536bb401a35e39c450087d1e244fcf282e8e371b,0x04b43540949e45c3ad3c929ac7536bb401a35e39c450087d1e244fcf282e8e371b5aa446acc9e16384d873dc30a5aa82b41582e8591be9fa22b191e41425faffbf,0x3732eb0ae9dff0424b7c9a19b66a56e39a479e4e2a17dd9b9c37bb04ef6204d7,ok
0x65bc8ecbb83175d6c0471946f2672ae35014e253,1,0x0349ad876d0389c35cfde922035f572d7d3f45c1c6baa0f165a16f1a9023ded0d0,0x0449ad876d0389c35cfde922035f572d7d3f45c1c6baa0f165a16f1a9023ded0d0c260aa2c09408277121cba0088780396d1860501a5e303d0470f0127a979fe79,0xa71a22f8d61e3de31435fc17ed7f3efd6ae2d786b760c91768f1474ee04f7028,ok
0xabbb8aa2e9200d67e4097796fcc39353fa0b4864,1,0x034771f70434df1ce0a67884176876e23098aae89347d87778b1c26e1bf2f0490e,0x044771f70434df1ce0a67884176876e23098aae89347d87778b1c26e1bf2f0490e38709d3108c25e28c9c5b2011e0221097d3f60e25616857d146ab4240b8d2ffb,0x7db60a6770b4c219381c32cddc2beceb504f4da4c255cf4c118dd57032fc73c2,ok
0xffdc52b54f14e04e66768d86eab5554f08061139,1,0x03f78a7a4af13304262a40c037f644da869ae22eef1b0c91155f7fc9b2a0b8ba01,0x04f78a7a4af13304262a40c037f644da869ae22eef1b0c91155f7fc9b2a0b8ba013183ea9fae9157ea5044e6addfb2b49599a78c227620ae1d0b55eb9edf1048ef,0x59dc335aa96aa0bd5cf599cf31b02dccf05e49b1f64796688dd7d3a298ee2b3a,ok
0x09516aee75758321c92de32fb6789307e20071f9,1,0x03f9ff47ea8b6783d7a68f1589fb5f5c7b21b8aa5262e58b445d41e07f7a7219c7,0x04f9ff47ea8b6783d7a68f1589fb5f5c7b21b8aa5262e58b445d41e07f7a7219c7fca4c5eee3cd34dc6b35fcf9a3df29042ddf0ec916f483c069324923659c494d,0x0e94fe5ecb0773f5db91008975fed4b789d90edcaadca9e71d83bb1388634612,ok
0x71a7f8c92133c45327aca4189b03857319ed8d79,1,0x02baf092945272a7df4b4997688557138e3d4a1ea8d5deaabb7036bce0decc54d1,0x04baf092945272a7df4b4997688557138e3d4a1ea8d5deaabb7036bce0decc54d1d0a71c123e9f5f5b75430bcf6d403e2c4093bb7002047a4ee27dd1f03b6f5716,0x67fb6c84eb9bc79cb054d00b0a13555e7a381efa30512a317ac5a2a85c3596a3,ok
0xbad858a0cf09f210fcf35cbf83569178879b47f2,1,0x02e9f45c7ece461205ca0849f57107b148dfa6e5e0b2367d6a5c80391ecf73b3b5,0x04e9f45c7ece461205ca0849f57107b148dfa6e5e0b2367d6a5c80391ecf73b3b5564cef7fd1bb8053c5a0f9560c28f0a28fd59c5bbc5a279d189427f38f12277e,0x7add24d2734c741562396e6fe0ab4ce49e263daf463f54c9b00d21c15055de2c,ok
0xbdc7a955505e20410061744f556f6dec761bfb8f,1,0x02f9cd61ab3c30482f6eacb36305749e8ddb3095c82980e21cc31488de2cdf076c,0x04f9cd61ab3c30482f6eacb36305749e8ddb3095c82980e21cc31488de2cdf076cfff4565bf947be07081cf796f49df8e84aa98ab1b8930639dec120b9994ba3ec,0x1ecaa5806e9187498b1057771835fcd4a69aabf89f82223616888a0df031ca23,ok
0xb290785e590760fbb9c56eca157b92328cd66d0d,1,0x02d3af88e235807201dd15eda9156c9df928afbfd4dd4af8ca3f783113abb3c5d0,0x04d3af88e235807201dd15eda9156c9df928afbfd4dd4af8ca3f783113abb3c5d04265dd1e61890f48e8910d476b0b4448b52b5d14e9356c88d8bfbcd36dc6f260,0x61a2630ba009bcb1ea9c8deae38f210e9995e01c5f2e22f56442df963567bc97,ok
0xb0275620a18ba88121f23e76e3c62f4f0a7c776a,1,0x02bf38eeb10621ccf629465b5f4dd23bb481d7f277c45c8523b009361b38d98881,0x04bf38eeb10621ccf629465b5f4dd23bb481d7f277c45c8523b009361b38d9888118ffddff9ba17dd959be075218f203bb4335785c57342718288253565cb6f25e,0x8b5c00a2d1c3a541e5de3c721c21c76dae767827a72399bff4d37f3e6874e7e7,ok
0xe4c4cf407b89835ff9c0717be6423efc1a4504da,1,0x02f20d6369cd0139d10d4f6150c22bba6cde05cb633cf1f0806d538106fdb85793,0x04f20d6369cd0139d10d4f6150c22bba6cde05cb633cf1f0806d538106fdb8579341660aa7e41e7e26bd09a419c700cad5942503b48dba9644566f9e6288800dde,0xbc3ec7fecc0818ea4d9aa262210a454b72f01ce246538af5ae773c7b53af9def,ok
0x4051121907c722ec06562ff73af58b5e91c83de5,1,0x022f29e664a17dd39b6c86ccb8426d194174bf31e19ff8bd1bcc6bfd2297a2d36c,0x042f29e664a17dd39b6c86ccb8426d194174bf31e19ff8bd1bcc6bfd2297a2d36ccc0c552b6439f9c2d3ba38d3d0e756b13d287a9b8194c8fc6c754ff4d484cd1e,0x44234f3c78e38e653389dc5adf2235598e15189b9523a58c3b755f79f392cfce,ok
0x1f4952065cdab23cfe208e317ede8bf92ae1f433,1,0x028cceb7f581bc885fdc076da93bbee771058614071e4a7a5a30434dff6072a893,0x048cceb7f581bc885fdc076da93bbee771058614071e4a7a5a30434dff6072a893c288495652fe48da19714c14129e0e866e0bc19b90f47d74426f095fb045558a,0xa7056c5b9efc2284a9f0b74ebbd170ef4a9d2d3157dda541d1e0c73ed9af9a29,ok
0x65d43d26d8040b1d579d61ff0f25cf2b4774bc3e,1,0x038ac626a1277372805402a625fae771ea4d4f2aad5a8fa75c1c4785da54415dd9,0x048ac626a1277372805402a625fae771ea4d4f2aad5a8fa75c1c4785da54415dd9b99ccba1c659294d77c8db1ef243f1cbb7b22e84ca10c01bea42806f3cd26345,0xb632bebfdc9855595abbfc5dfa74685ddc349e241f8bd8e1b9ca8c58d4cf2b46,ok
0x109135c783ed5eaa97d5e9a837fd1a40ed21716a,1,0x03228aac7660ce991d2e90795480d000fc374bfc7bfd74cf011ba5a8844a790176,0x04228aac7660ce991d2e90795480d000fc374bfc7bfd74cf011ba5a8844a790176ae770c060f5f402d9626877dfa69c6698ad14e760a54f6e30f16608aa747a7ff,0x45f07bfc090f4cf83d7dcf14c901a13267c99e93880982803a1228280ac323b7,ok
0x3725007c2c7186f1c8e5733ee9a6c58d3ec2159d,1,0x0218a6a6824d9558f570b58de6445747248de268c2482fff42e5fd44b82c60b5f3,0x0418a6a6824d9558f570b58de6445747248de268c2482fff42e5fd44b82c60b5f35445c8d4816a66cdf68ef41c4102fa87d19e08be0345f0171f9152b72c8a213e,0x025269b6c33eaa40b7e82efac05c6ae9ec92cc0f4df270fc0ea3fcdb9be0f566,ok
0x08064f60c55512f939f86929d79d004933f92858,1,0x03dc210da2975d5b4a44998e6852541efc0aab5c9747137c47015b082a7d26d55e,0x04dc210da2975d5b4a44998e6852541efc0aab5c9747137c47015b082a7d26d55e4ecc9acdd02a56affa2b33d458fa6e759cba8eb8e099d04fb1434c42f9337205,0x1cac6027b90df939203c620576bf1502705790c686e490cf2ef8cf6e50af0ac6,ok
0xbc0686f687b5eeb027c60830917e38659f7b34e3,1,0x03615c966d1c9c7c44f903cff4a4e724dbc90392154f3859eca0c845b0099f1ec7,0x04615c966d1c9c7c44f903cff4a4e724dbc90392154f3859eca0c845b0099f1ec720ab4423775aa21fbfc3bb016258e4efb52d4881389723a923de9c2aeeec7087,0xdb36865f02c267aef7b261f6fea2ae309dd7dec59fbf5b99b42923611ace0f27,ok
0x0ae71d559d0463129df5e54daf333346e441e8fe,1,0x024329866ca395bef1f64ad3f54e34edc2d4dd3e9aaed1e6001c281da6f113f89a,0x044329866ca395bef1f64ad3f54e34edc2d4dd3e9aaed1e6001c281da6f113f89aa7bd9c70d3c30731f380e90b0cff63ebbe87a0918022398913402355ee4351cc,0x1925ee4120e81e2e1974fcd0aab0ae2cdfa1adf11a1902a7e601fc47ef42ce0f,ok
0x54b174179ae825ed630da40b625bb3c883cd40ae,1,0x02b5c67ddbc8c58c3037fb738c10e7c470006601f43dfa84dd40abe83e62a0d54f,0x04b5c67ddbc8c58c3037fb738c10e7c470006601f43dfa84dd40abe83e62a0d54ffdfcde1cbbab319462b31f8dedf3b81f7b5931147e216c998c643e0a83cf4f92,0xc2cab659b74c38a8e1025fcb489df8ce853d7e9c575be09ca88d8aa27ef0173d,ok
0x3616d598780e223d0ce17af327d402b95ab05a39,1,0x02af084098692deac2fe64f7298fbc9ccc16289dcfcdb2dcaf0f31766cee282391,0x04af084098692deac2fe64f7298fbc9ccc16289dcfcdb2dcaf0f31766cee282391d3beb938027db2f5f898e05b6f31b6c699ed0f7ac43b269140178cde6daae21a,0x86b4365611cecdee4c8bc904a6b78f4574d8c4bca34d5e6a78b4efa0363afdd8,ok
0x33f8ce907f85c3e7546effeb49e705712154d4e9,1,0x03fb3d79ffd6eeed5292fdd1922449561e2662ab562598a95b3c142a220071e67c,0x04fb3d79ffd6eeed5292fdd1922449561e2662ab562598a95b3c142a220071e67cf2e9365930233e6e89d46a6514d2d663b8777ac52b5fc431c27fcb98cedcf635,0x257588fe417f06e223e0325739442a9ebe9339489bcef0333c8330453f92766f,ok
0x97061784e145580720eb7c4bb294f9be445fdb7a,1,0x0236bf1ad7634307c9f653721f3a0cabd25a2a71adbc204356f407306a0ef051d4,0x0436bf1ad7634307c9f653721f3a0cabd25a2a71adbc204356f407306a0ef051d4ffeaa8ded9680ec4b8e5b39d37c63b39c611b669284a221e7ea29aad5771c234,0xd921abc41fb6fd955a5dc13e0efbb51adf9b79c10867591ffc7d6b80ce3bf3c4,ok
0xa8f8594d91e6e542bde9d7ca12a98ee093366f31,1,0x031e459d4fea6fb54c0fc5b113a4143b17419f17e4546116c74dd812c215471996,0x041e459d4fea6fb54c0fc5b113a4143b17419f17e4546116c74dd812c2154719968182beedd65ceaf6ec388c1543b97a290a5d869b960b32302f55718ebccff183,0xe8e62dcbb6dfacb342ee540b758eca397c9ce9be62e4a55cf6e45692c6d8c3ae,ok
0xf9545ff91748662bea9f2659693a3b6c2b912931,1,0x0295fdc8e420d0adc262c9c5cd100fe17dd9923b167cb4a2808292efd2c08f10b3,0x0495fdc8e420d0adc262c9c5cd100fe17dd9923b167cb4a2808292efd2c08f10b392cb36cbc06d9ad791219cca652de4c7fde451d282367dabc797c1e3cb68fd14,0x1a26d96daeba63fff7d1ac98b9980073a1a62336b2e23b2e358ea3ece8ff4772,ok
0x28ab42d3d52df261cb139370ce80015eeaf81b81,1,0x03d19fd1b10dc4332c93d21c77fef8862816ca6e2f544346255f791d59d587f7c8,0x04d19fd1b10dc4332c93d21c77fef8862816ca6e2f544346255f791d59d587f7c8a3bfe4aba256025b34ae3b40d7a0d1b3be0c3d1ce9abfb5d5ffc8dd6f871816b,0x2d189310b57bcd187fa5b3129410a5a230ee8c90dead63863ce6c49747307468,ok
0xb2e7f7cf519020c8b6ff32a088fec95b03ccc715,1,0x0335415595657d7263b7d5768cb64cc0de29a13b24d58245628aec56377135f4be,0x0435415595657d7263b7d5768cb64cc0de29a13b24d58245628aec56377135f4be2251ed1e8acbd8701b040d0004219900685857559a62409442332145e2202cff,0x41369ad7cdbf3d9bef89453b11f44e61b1bd87ce6aea91164b855cacc8a056a2,ok
0x4af3a57a6ce3fc4adc593a604c06732b8358f598,1,0x03a6d913b11a35c2e294724e9a9204d99d3bf65ec81b51a6935fef52865adb8690,0x04a6d913b11a35c2e294724e9a9204d99d3bf65ec81b51a6935fef52865adb86907b4125c267787592a0fba7dcad57a2f3184fda39a37b02988230dac343d14ba7,0xd0827292fe823b9a68faab1b9be038718a4ee5de3aedf3c52cb9fe314c232d4f,ok
0xf674099c77321b5d8371fdd2d6b429df0bbefd1b,1,0x031e97d4af0e4bc841edf46efdfa3b3b7bfca81e912375e4d50162994182d92ac8,0x041e97d4af0e4bc841edf46efdfa3b3b7bfca81e912375e4d50162994182d92ac8f54e624dee0e3962415fbbe50908be1408b03c9fd8ed7c2d1ab2716500116c4b,0x3ee2b87865501ba5d54d943f374cace2d9d01f15d7443abb734241160b2d0093,ok
0x90d91b735f506630a73e2b02ec5247b93e67ab21,1,0x03b4e917ff83ed1ca450f061913257cdc9ad72588a8b06456fdfdd95148e240626,0x04b4e917ff83ed1ca450f061913257cdc9ad72588a8b06456fdfdd95148e240626577281ccf9f90d0e399fbd30e1632945f929ecd50766c7169579443128ccfb19,0x439e1fc262cd7ca9e98d35dfd51841d0168932a6d64b051dbf261925708e583c,ok
0xef62dab1e70f596cd354289c5a9192038f938f6c,1,0x03375efcfd28db3c65320353df58874b718168b024aad8044075e0b6e039cb6345,0x04375efcfd28db3c65320353df58874b718168b024aad8044075e0b6e039cb6345d2edf3a1359071c326ac048f41baeab7e82bf92fd48ba421d440c1bcb8151dab,0x8b8efb4d23908dbe42404048b29d6f805589a5707d08d2173f629cb7a1397386,ok
0x8d9a7da9b453f2a28a676fd70dd8cd622077068e,1,0x0283b1dcb63591e1d3675eaa9bed46bca1f0276f76e511e500bb64f7ce7686544f,0x0483b1dcb63591e1d3675eaa9bed46bca1f0276f76e511e500bb64f7ce7686544f7b785d7e3a7dfeb3bb61d40aa86979cceb701d0bc7a215412a7d78e3443c14e0,0xd6398a3ea6423ede407ebac540287cf1bb97080424aa4e599c6308bfb209eb3c,ok
0x821ec1bd94fb961315cab6a1f9b11d506d68de12,1,0x02b0bc02c3e8b5f8ef1ac798657ae62e9416c8512325220295ed793ba7179ce292,0x04b0bc02c3e8b5f8ef1ac798657ae62e9416c8512325220295ed793ba7179ce292dca9dc5060ac04060725226b6ce96513e0e508d3c3fd29a048296cf58ba8d4a2,0x43a8c91fcb183b85588a3f70684ba2e785a266fcb1628ef7d6a2bbf1bb6e4461,ok
0xeeb1d690d008cafb8363742d4357a18a5a4faa17,1,0x03c2b1d3ba18ec4416b2c4c4a3dff09e70dc536d8ab8a65cb3e6cf7c06d7282027,0x04c2b1d3ba18ec4416b2c4c4a3dff09e70dc536d8ab8a65cb3e6cf7c06d728202753c5ddf3c7b2346211099218f2c475097019b728a19bc397214c5b7352c57c2d,0x9c135e7acabfdd7283a2540708252e5769aab355331012d2e74844f2c58f1efd,ok
0xed35165ae87d998093b179f2770ee9b1e498edf3,1,0x0336b7c62ad926411197c568ca817fd396958b26efbf2ade95415fed3cbe476639,0x0436b7c62ad926411197c568ca817fd396958b26efbf2ade95415fed3cbe476639a0de92c4e611447f25b2ab80f1144e8258b1147dd91497947ea0b045deecf38b,0xfb9660cadb1b6505c8360b54ff2d51a6d8bc3840d6bc1e0a9949540f1a8f7b3a,ok
0xb13721104b75281c1484b2b0155ddf567d628cdf,1,0x02ec3d93496d3fc05321887005413579c2e493a04186a6c6ab0aa510bd31b80fa5,0x04ec3d93496d3fc05321887005413579c2e493a04186a6c6ab0aa510bd31b80fa57ccd8d5203d216202b462c2f588f902c86d084e49454c5db5fe55c089d26ab32,0xc24e9444ee4908cfb60da2c952fe99cca7b4d61fa4a6082d05138a2a45f495a0,ok
0xdf2903057af20d9c2e666820ff306fdda0b8f157,1,0x02e40ab68afd97741d71cc2645b47fced1fca97528cc05fd6712e7022bfd0c382f,0x04e40ab68afd97741d71cc2645b47fced1fca97528cc05fd6712e7022bfd0c382fd853df31a1be18225bc6d164e75e5efd8df86d24ec365ef6e2f5a67ab5a0da42,0x17b15860022e9b986385da3764192cded5b81ba57a05fe4fa83f57e57ffd04ae,ok
0x848c72660955bd9c360298bc3f0932f0a9d409a4,1,0x03763e60f1bf1ba84084b3bda345abdba38d78b69013e6c24e1431cf3a197af7f2,0x04763e60f1bf1ba84084b3bda345abdba38d78b69013e6c24e1431cf3a197af7f287e543ff78b0e95b183e7e965815fdb7de245f665d05b6d096bc18684bd0a239,0xaa89dab5f0d224e1cf82cadf579a8817345f02fed3790cac90216b05a1285783,ok
0x37df6753b197637e10876263443e4e1dfe1cbdd8,1,0x03f78159b184dd83705b8f6e50222de1f153b5348706984ead6c26fa067a8f5bf0,0x04f78159b184dd83705b8f6e50222de1f153b5348706984ead6c26fa067a8f5bf0ae04c00b9a312f53d9b312c468bb3c18680ec2075616135866a4cbed00000d8f,0xb14fba6ded4e5b39b209544ab6c9a9446fd47338ec3c8d6e970e06fc768c8fd7,ok
0x589f8a989f515d16d43a263eff2ec99878784f06,1,0x0253d40e186df83ae704bfbda6bbb5574cc0ba94e6522cd8bd3feb06efc2cc80ea,0x0453d40e186df83ae704bfbda6bbb5574cc0ba94e6522cd8bd3feb06efc2cc80ea518f066f531a576a62a5eebbc2eb32169fcac1a9448e1f649b8694d3c3776694,0x78cf1a97ccfb88cede4f8139cfe780edc95858673c569861650b517c48b3495c,ok
0xc055de577ce2039e6d35621e3a885df9bb304ab9,1,0x03d9ff27498395661a6343bbcf610a4ce059793a0892a8090541ed3de82660aea0,0x04d9ff27498395661a6343bbcf610a4ce059793a0892a8090541ed3de82660aea0e5556a52c7969893f18c0dca79e85e4e80eacb6c63239d4272342b33784a6929,0x3296320d1bee018593ae7564e238d31e00ed1054debdeb7f3f8b6e8eef797912,ok
0xb0d4a61ab14e6c73df8ec47c5f2b9c039605bd87,1,0x0207111d4f32297e0f3b937740d799c430293fd553026aeccb61b49117b6be9195,0x0407111d4f32297e0f3b937740d799c430293fd553026aeccb61b49117b6be9195e11855da553d9f85690d027625f4aa9aecedd68be7502d9c37164af546a9a314,0xa2445a2ad18006beed0c43b3f64b2532f6611f101fcfe38bf5337142bd47ef52,ok
0xf3af0d18fc596b9317882592348077b3f9c210f1,1,0x021507a106e754d9535aa9e5f20a5ec9f261593ec647b23d501f4aa606b4f1eaff,0x041507a106e754d9535aa9e5f20a5ec9f261593ec647b23d501f4aa606b4f1eaff71b68e831b3a8f05f3c115bdb773277fb6747c5416c1102dcc1d39f33abebb08,0xd039b680b55f87453266daa98753c49084f113f16d4a3fafb8e00cf68376741c,ok
0x233d1552e7f31185059f22d4c6442c98e94de2ed,1,0x0338c0607e94244509e1d13f9f5ba9519b29866f0ff5ae37e5b897e6fc88680c29,0x0438c0607e94244509e1d13f9f5ba9519b29866f0ff5ae37e5b897e6fc88680c294522e1569d112e1cbfd3b1f28bb69ef408db727e24a8cdb58b46ae2f5ff11e53,0x3bfe4b636344f23fcb9980dc410ccd32acf8422ca6c2ce7606b140f75e1bf3e8,ok
0xedd1f30d69898e4cb710cfb47c6114d31e6fed06,1,,,,contract
0xb26fbb2d0777208cf9d92f0c0bc895c9155e0ee7,1,0x024aa9a5683d02289aa3d97e534329af1591bd5eb116f286261412723025ced300,0x044aa9a5683d02289aa3d97e534329af1591bd5eb116f286261412723025ced3004e21fd77cff7d72ad9b63f8f266425cb022e78b6e969914823139dc9cdb9f166,0xaf80123f6fe0848a31d37723370f1371ca9c721e032282b315794108b4ee74be,ok
0x93275405aed13b011d3399b2bf56a6ee6da5f803,1,0x029122e1b04358156f0b793348939e0272b081a16979b00708eba3c661facd8f06,0x049122e1b04358156f0b793348939e0272b081a16979b00708eba3c661facd8f06668ae27484e7811f6fbdc839260c9a04083d48536a350a7bc3b60c2231135edc,0x42ed5b202fd28262942f8d8fa578db75c2e044c75ffce5a4af016195764b0c7b,ok
0x9c5f7ad0e573e0d679a57bae2bb3ddb0d346d88b,1,0x038606602749973ab24cb4564f3872876676314012f49052d0ed89a6937c47960d,0x048606602749973ab24cb4564f3872876676314012f49052d0ed89a6937c47960d29e0b6bf1d1396419793372dc9ad7648ebef0c8475835f00b58aebb23d176533,0x2cc427d694364c3b1d6f23335a924e70095983a0da661b543fe55bd2c9fd0b0c,ok
0x6f2d8c5400ffd9f943baa9357a429e9a8bf42957,1,0x03fcbffb32f3f44337a6fb456e8fc93f880edca04ccc6aac66a4cf49b57bf532fa,0x04fcbffb32f3f44337a6fb456e8fc93f880edca04ccc6aac66a4cf49b57bf532fa815ea042cccbf3608c69aa03779b107304cea4865c78e19dabc017c5373c22cf,0x95f14a7e581f6b0688f7d0d524902ec5cea063dea0e4a1b8cdcf2b22ea10496a,ok
0x19665de7a7ae238bbd83917f66c33f16a78c78ba,1,0x0222dfd387d693890db05d879b93f192cc92bf61ddf4934734aade496b1c277d6c,0x0422dfd387d693890db05d879b93f192cc92bf61ddf4934734aade496b1c277d6c937cf5d810db3d5ac3aec540f25d6fec7326c9bbe0b148ffd0294243c4886634,0x65a8249db91b8075c83b2472e232e49767d986d1a7aa68c4a614d72cba7448e3,ok
0x194858bb661b0ade2bf4fe6cfeca83a8712c2b6d,1,0x03f22ce13db449c20e28ab09d6fe96f28d9418bc55110c31c03e66a4976ea5efcc,0x04f22ce13db449c20e28ab09d6fe96f28d9418bc55110c31c03e66a4976ea5efccc3aa1d78f582b0068c33bd61ebd172523df76843db95da2083c54e1a446d27c9,0x0395447d31d3462a1099b81666009e49ebf90bbefa00fd4402614b791e5d2d68,ok
0xbb646ee5fff00d29d1b998517f51775dac070bcd,1,0x02fb7dad6bad2a609bb06983a94345ee8ddf92c77ace7a4232ee93039602f2466d,0x04fb7dad6bad2a609bb06983a94345ee8ddf92c77ace7a4232ee93039602f2466dd88caab3da96a227e8acf99fae82098ce5c0d0d5aa11c1949495369a14ae5696,0x5ca9f9dcc12529379b6498124946977f216e100a98765bc4159a5375c8964744,ok
0xf727a2a98afd66f3d3afd56577b34e8a6ed6c33d,1,0x02f863a008b9e1aa02b6010e44f9d68dbd13bd766cc74d5de57888ec83618ef8d3,0x04f863a008b9e1aa02b6010e44f9d68dbd13bd766cc74d5de57888ec83618ef8d3ac26a2d445a33b6f6cd6e368d415ad2ca3dc41dc78c60cdd5e204a8bbf33f9f2,0x34135e10344d61fd9dfba2000bebf721c7a4e253e0106b19a793f7c28463da40,ok
0xa3ac1b248b7b8843e2f97dee2e5fa5d6b4895b8b,1,0x0280292778f3a9418aad8e9e7b27b5633529fdd361a346d137311c02b75e1f94a5,0x0480292778f3a9418aad8e9e7b27b5633529fdd361a346d137311c02b75e1f94a59045e58e1a7c6e139ab84cc77ff5789321afdf50cbbb139939db6ea190ed8310,0xb9733a0b1ad8c68a1f9cad5517aec8f201953ee407c428f6708351572e11e471,ok
0xde6bb9a3ea0825d1ae143e3b5dc9944e0579412a,1,0x0268b0e92a8305d0d3f48cf501a62c7330e8faac9a06a40a4cf55eaba699838a50,0x0468b0e92a8305d0d3f48cf501a62c7330e8faac9a06a40a4cf55eaba699838a50fdaf4904aced746a97dbcd59b9cc2c9ae0a68044a41ac327d52452c306567d54,0x10760335612b015b4fb22fda4d5a245a0b165a3bfeefdb334004b77f9333104c,ok
0x001c781f486bd7fe9127bf64c89984164de43490,1,0x03dadca0ddd19947d2641f365ea4febc836bd6d43bd8730134f3041f55c6a16586,0x04dadca0ddd19947d2641f365ea4febc836bd6d43bd8730134f3041f55c6a16586f4fd5fd0cd587d90bf95fcaf4c8a852ec24f783c95c4333109fb8b3abd87b46b,0x1cd7e373423c606c2a686573a8238b294971cbce692944e2937c94001119b2eb,ok
0xa1b07fa6ebf476eca992b852c9a9359af6c02440,1,0x023a8413297e38a9e771cd17892882bc96823d994457906a6e6afc23055a665dda,0x043a8413297e38a9e771cd17892882bc96823d994457906a6e6afc23055a665dda2d66ac0f6247ef32be02402af526461ff96b51a69514600d01965ff383a09c1c,0x38785c6727dc539bc714e3c5e25b5e7bc5110b0b1d7d2250084f3456127ec38c,ok
0x774dcfb3e95e3b555465cbe84cd61469e9ee07be,1,0x02bdc94f65838c28c05999f5d0f32dfa00381eb8f26ea859c80a4c257ef4fe66c5,0x04bdc94f65838c28c05999f5d0f32dfa00381eb8f26ea859c80a4c257ef4fe66c50cf6a8cbffb5b87c5bf65845277cb43eeb7fa29dcf85b259f3ad23608377f3f0,0x88b6317ec4729c32602cf538ade0e59d50e99d6184012333d7111d06dab921f5,ok
0xc823d02bb20cbd340eb7cbaf7b8067c90da1e704,1,0x02e11508c7a85f6545f341c06567b43cf9c3a66660955aceaffbf7a077ea8d7d62,0x04e11508c7a85f6545f341c06567b43cf9c3a66660955aceaffbf7a077ea8d7d62cc4a515551c356ef56061419827143372a68632ce29164a28696e8095a143042,0xbf229658a5e6261c17c4fdec744a407e1a079c2f7066b73273045783d13885a8,ok
0x531518139717cdc8fdb013bdef55bbf60b379bdb,1,0x036d4f2236b3a6fcfd5d4166193b3eb95b30e6cfe7cb8018dafc2e767ebea1b7b3,0x046d4f2236b3a6fcfd5d4166193b3eb95b30e6cfe7cb8018dafc2e767ebea1b7b35c96bee7349e5b7c68d687313e01fab31d273a027a6f9cfdc67bfee46da0cf3d,0xe8c8c8eee2f1c97e0b6a66e6c6af10d1fef2552ba8607706ce25761831bfc17e,ok
0x890763472cc536f8c8bc14bbb87b6ccae8a0c2f0,1,0x031d50246eaf2b741203c0bca75b8dca6597663e32f0acea844368fd2e69101841,0x041d50246eaf2b741203c0bca75b8dca6597663e32f0acea844368fd2e69101841ddbd3faa4f4513d49a95e012df18c6956c80dbec557ecb0f6890419539b773af,0xd3b5975a7f204e9962aaf8078b30dae5d302c5ea7ef6795f15d965d09d87257b,ok
0x9c9d8f330ad7e136f60b1adcf5092b24a83dae0a,1,0x0398388169ec84e2cbc117f998f8d3df2f26ce052cdbbad47e00098443b8672ec7,0x0498388169ec84e2cbc117f998f8d3df2f26ce052cdbbad47e00098443b8672ec78de408842cc0afaa367094d6a54c811d855040ca2c0677168166260535209a61,0xf4c846f37bfa641a3c5e603cd92afa9aaae73e332f1a90bb29e90e7bbe5b8a28,ok
0x1ba8d2bbce4c2fd4885f032e298c80ab728504b7,1,0x03b026afef51b06cee5e2059333b19de56e21153e678d1e8cdb823738d4377fbdf,0x04b026afef51b06cee5e2059333b19de56e21153e678d1e8cdb823738d4377fbdf33d5cb38e3041714b9788f05525f2b1b3870ea0d37da8dfdc330fafb1c1ecf75,0x8a67372f82fa1c46d019cd94d63ad7ef3d25bd811680ea00b19cbe2a90b5fb8d,ok
0x718eb2ac7046434a4bc8268527e1123aecfedefe,1,0x0331b2518ceff2b4946ddc19b68f3f4d3e3155796dfad482365e72acdd2d2b00e6,0x0431b2518ceff2b4946ddc19b68f3f4d3e3155796dfad482365e72acdd2d2b00e64e3468462825ce58db9d9694b166c66878855c1a0091f25d05b26b85a4cb0895,0xa725421bd5a5c729c58aa609515cd9d83fb287b2db3852d97add136650d6c323,ok
0xfd90fae3cda71f06f197f2812c3cb04cc221dc3a,1,0x03ff7628b5f281be09acbc53c6dc5a37b136398b51d42dd717167e1f0947ebd4b0,0x04ff7628b5f281be09acbc53c6dc5a37b136398b51d42dd717167e1f0947ebd4b0de07bdf43d202b863695d31f55d7128e508a75faf6e24d6f2dea5ca1e3c49ec1,0x4f6ae35eb06a29f17a4618ddc24d4b66cf3e09e7c34b358ac41b0774c46c0539,ok
0x26a6cae8647ff06f96b19a67bca2ae426288fcb8,1,0x034f8604aec55e48a4ef04b00b482b798de1ab2e7c072dfb9693a430ee6aed0ada,0x044f8604aec55e48a4ef04b00b482b798de1ab2e7c072dfb9693a430ee6aed0ada9bbcb248f542da53c2765d9013338c56fb662378211b9f37342a49a47326c2d7,0xa417e5e001ed884b39ee97fb8cfbc4d50564a3285f6961f5c524e75bbf5c1ea2,ok
0x3ab1af482fc59834eb23bcc9029b7b5fd206a511,1,0x03ebb28b9e095576abbb1a9ff5d3956e3b124e5c7ed54ac1c7df66dc729343874f,0x04ebb28b9e095576abbb1a9ff5d3956e3b124e5c7ed54ac1c7df66dc729343874f2b1be8dbb896405398d1b7daed106cc2c2847559fc037da6f0eaeff633b8a1f1,0x00d8c8cf56d3288f6d2236d0921a208c23689f39be42d42ff4e8a5c39ace2e11,ok
0xdfcdce56c884115172eca935009e697603e467f7,1,0x0322cf45fdaa897cf8796f981e2fcedd213bf35e7d3a1431f5b3a810c162ba99a6,0x0422cf45fdaa897cf8796f981e2fcedd213bf35e7d3a1431f5b3a810c162ba99a602710c38709c61e1c30a32a3598ee7e0e6a9a372c10f8f129ce32ce3154c234f,0x5aabd72632726cb38b49409351493010458cd930d35ac5039583d7a616e722dd,ok
0x539690733d0d86dbd54abd47b199585b18aa7e4f,1,0x034a68183e44bbab0ef6ff279ae2697a219d57be3066ca6e0871e15fc91a6b4ebe,0x044a68183e44bbab0ef6ff279ae2697a219d57be3066ca6e0871e15fc91a6b4ebed47917d5bab32aa3fe35a8a6792b53a2a86727bae20d7517bf6b868e4468737d,0xb68b66d4483e0b0b9b7b453d44011ee05b28b1ee936124981eb68e892f054177,ok
0x576c70a0cb4cddcb39c1f1387b400d1ce4051194,1,0x02df980289234cf1102e19dacde605596d1dec80a8fcda67c5515177d08022675d,0x04df980289234cf1102e19dacde605596d1dec80a8fcda67c5515177d08022675dfc48c7cd9aff9eb2f96e1659473e0890a2b6f130a3da3833baa48347f669c9ae,0x966b6301cc65398cdda8cbee2b82d4e04df0aaa835e1f8d78ed97140d7430a5d,ok
0x9b167d0f690eac2ae8ded4b5f053d0c7e8b4f327,1,0x026a9840d2e5b0e3464745757e1ab23895e515218c674f32cc57737bc3352b24a4,0x046a9840d2e5b0e3464745757e1ab23895e515218c674f32cc57737bc3352b24a48b2e7503d59a9e8814ebb00e6a6cb051a0e5520e660d91d8fa693f2d9ea95856,0xb9d17f7b48a3dac6178257e9e6e5b99f1130c9fc4794d4fd32d2b5e42746151e,ok
0x132a46c75cab834a163ee410667c728258544cc9,1,0x0246fcbd59eccbda78ee84c4638ca46f82f18ae9495fac543c543080df595d91f0,0x0446fcbd59eccbda78ee84c4638ca46f82f18ae9495fac543c543080df595d91f08eb31d6c5b06539b135d9f5297faea3d2ad8f1438679e14778ed375a30e03c86,0x394b5a0ef6e690223eebf9503780a403f6207933f51a2eda12c7b19b487ccca3,ok
0x364e12e1ec3f2b133af5fd803e15c8e2f297b8df,1,0x030b07cf1e7f0d481a4fe33bcf7e828d1b7bc9dbe3d4e66f68d9ff3e52324a46fc,0x040b07cf1e7f0d481a4fe33bcf7e828d1b7bc9dbe3d4e66f68d9ff3e52324a46fc92e09e20c19558edfe35164478d235105990568a046bcdbdf197dfd43b6bbc7b,0x576749a66469561af29ab6de08ba5a71825c86f5b375f11e104a7d5b1ec4943d,ok
0x7dbd0493d10251a382e339bf127286f4ce644e3a,1,0x029f6ef514ef83584c66976311153dc6e5cd046badff1903e6f9f9657a6324c35c,0x049f6ef514ef83584c66976311153dc6e5cd046badff1903e6f9f9657a6324c35c51d09bdf069434f7f7cc2eeb81cbf29f6c9b76bdf125f65bfc243e8e126fdaee,0x0a46a23c02087afe224b679efa60ff4d0391bd5567095cde3423e3b79ab454fc,ok
0x5abf2e4a4ad5c8d8a91efcc17da09250fe9e7285,1,0x0387267d54d18565051c15f67962b9816903cbbb19469c62dd6b1b8d7d00e9ea3b,0x0487267d54d18565051c15f67962b9816903cbbb19469c62dd6b1b8d7d00e9ea3bc1eef67f6725aa078f48c31db57f3a2581a62515fdc8bbf99b0bd4cbba6b5247,0x2ac18988ce281481519942ef162e86cc3dca4d92b26e190b46a2ca7d9b703180,ok
0x99d462d829e044508a458e46c417d08d783c14bf,1,0x03b8f6efb416958d71a6a710b15d13f8550c8498c135e40cc41842dd94dddeac63,0x04b8f6efb416958d71a6a710b15d13f8550c8498c135e40cc41842dd94dddeac63d186ee5f8c19fb63d6b70fcfe04f17a2a9db9e98e03a003713bffea50c488eab,0x5b186ed21637f862ffd92071fdc05261727cc18e17d3ac441cc39cc87581af51,ok
0xfdb502bf6fa670304df571a47b3d841c976345cc,1,0x03356919517e136e2e685e3634ad8802e4e36306ee83b9b2b870c6296abac683b4,0x04356919517e136e2e685e3634ad8802e4e36306ee83b9b2b870c6296abac683b458ad2ce4ae39b6488eaaacf1ea7816df7151a891067a0c45002cf5faac6f2adb,0x7885590c9546bd43e85d95f32c10fb348b948d92c0f1e48df227bfd59e491c7f,ok
0xd9ece59e9d08307df31db4a945ff0a1c33b0ca35,1,0x0397fa91dec99340d4b636d8eddc9107f966b93c21e89462e6389417f36530410f,0x0497fa91dec99340d4b636d8eddc9107f966b93c21e89462e6389417f36530410fc67f05e9d482c2a4106b848097453c4bdf43be83be329d3b4ee0ea343cb272f3,0x8989456e16bb4a4684dd5d249b7470d3f1e311806790f2b90c585f174a8a714e,ok
0xd16aea911a06f2faa7b7ec616f0b97edf8a1a579,1,0x03b14f8b8e10016ede4e09cfa17b3aa89331e8e727252670a8396cedebe80fad14,0x04b14f8b8e10016ede4e09cfa17b3aa89331e8e727252670a8396cedebe80fad14f10ca363fa6cc4a26fb46d3c661b246a65da10721aab1e2db24ea2d9a6acb68b,0xd5ea01826f6b9f56c81edc32f006efaaab8eb0c3a54326168ab816e9d6de53b3,ok
0xf5185e020560db95dd7d6001ab73f5a6a7ef6007,1,0x022cebf76bae75a31d47c43e9c57001bf18b3658a8922b18b3b1141877b915afb1,0x042cebf76bae75a31d47c43e9c57001bf18b3658a8922b18b3b1141877b915afb1dc87cf6b0550151df53d6ae72e3eb8424669ef1dd1ecc1108b60ab0a30f62f86,0xf1d3747b4756c9cf46b76f51da63d83264b95c14a9c2fc029a0ea1806a0ad61e,ok
0x22e740787050829a49fa4a288c45aa61fcea983f,1,0x02840cee2fe55f59b12a3fcbee36788ef94924e3d4a8825b072cfa0d9fb6dd1b9f,0x04840cee2fe55f59b12a3fcbee36788ef94924e3d4a8825b072cfa0d9fb6dd1b9f889729bc27f7b1927ae49b35620989c08b301e376412b2c32bd46203145a8392,0xb97324660b88b5f8b235621cfa1c8e4cd0f7887d59262fec0144c4157c6ada9b,ok
0xf4002ccc141a6c5125326f190f10304e4cb06a01,1,0x02180da2e44171902182e31a1c0768872444e63d571d2438b39d2ad12c7e519c0a,0x04180da2e44171902182e31a1c0768872444e63d571d2438b39d2ad12c7e519c0a744c82f057af8b686f95b8e0d4a11e88cf81a327a6daa0b65a1e2e9b58d9ef4c,0xc33ab866f3be41602964b90e2463ed3b4f8091ba61b693ff2749516a72d09c7c,ok
0x4557adba9ed5249a90c6aa5af855788414de2f15,1,0x03274445e607bf24cbc22f6fd6ea0688ef8bc3ff305242bdb4f3f3dfe720962a57,0x04274445e607bf24cbc22f6fd6ea0688ef8bc3ff305242bdb4f3f3dfe720962a5705b5ed04ea314f962cffd979bfb5039057089a358df673d9453a1f0cc5ad9533,0x2e5105c2d125ff1df1db1e6a8a1480805989d8e7f7ddd1bcab10c9b2d5520561,ok
0x5d8bff9300b6944cb2a2b88ae36fbaf8ee820afa,1,0x02b8100b9b976c04d60a9c40fcca3530a801517bfdce9dfbc4347438073237e6ab,0x04b8100b9b976c04d60a9c40fcca3530a801517bfdce9dfbc4347438073237e6ab026522162cc6e151153ec0655c84303f02302c8ded6756e80c79aee747df715e,0x7286ca4c0133ce7adf0beb221af31d01c830dea32613647851bf456e602f3711,ok
0x7b39b745d0898b084a560c839370f85be33eebb3,1,,,,never-sent
0x994a61593ffe4ca11fbbf6a88301ff6b63c87d03,1,0x03fa63ff2b3d65d5009db13893f1296e2a03b0ba5b33f5256967ffa565b620fcbf,0x04fa63ff2b3d65d5009db13893f1296e2a03b0ba5b33f5256967ffa565b620fcbfdce6587cc8a1ef678fc62c93d30d40db754d20067d9566803b4cc61c04857531,0xbdce5f138f8fa66784819b8f3d9d277b0ea033be4275b5a4ac33de734d35daa1,ok
0xffda881000714677d31ecb2744ebbfed75b4f8bd,1,0x03052834acef28504ae0fa334722598cbb987fae2ba68ef9a648bf10b5c0346c58,0x04052834acef28504ae0fa334722598cbb987fae2ba68ef9a648bf10b5c0346c584bc10219bb588784025db01337f4cffb57ff4ce5c7684decb82cb7dfb6fb14bf,0x299f72141280ef862fecf763f9c22cc1f764422c4bc313a13a1cf313fac8510f,ok
0x077fc167a043b0293b2abaeac35d6684c731f560,1,0x032f5ab326f624db22e331a662d5ba62f4a3522537fac9bc87be1f28a1b6aff22c,0x042f5ab326f624db22e331a662d5ba62f4a3522537fac9bc87be1f28a1b6aff22c11ef01a2a4b9d7469366a3e02af076d1e5ad85769fbebad3376615c62484ef3b,0xf52802bc99509097a3ee81a1e34480931ff73e01d2a5d4e31852ffa62488a1ce,ok
0x49d007ee62752718541691ffcbdf4ee46c407752,1,0x03d0dcf70ac7ccf112ab6d32cc4c46630d91e97e3c5252820a9970be3da23d738b,0x04d0dcf70ac7ccf112ab6d32cc4c46630d91e97e3c5252820a9970be3da23d738b060e620ecd165fa92f76e04cdfdd7618019a9f2790a5672a3f7f37194c40b5b9,0xeb0db1b58d17c3526858d306695a43458d1e9ef3ffebc9e5a0c9b6a0a50985a4,ok
0x4c22cf23fae027174a5a6451016beec9aec63c01,1,0x03ee501046997b59037fefb949defa2741788414d5b0eff75ef455b9b29db9460e,0x04ee501046997b59037fefb949defa2741788414d5b0eff75ef455b9b29db9460e14cdbb89a26ee57611ea0304aba7bfecfb8f14d7a18329c21e5888ac3d3c7f2d,0xfc2e5842861edb2b887528445ba172fdb298a1ebe53ce8a3648e735e090f2159,ok
0xed9555eaa8924088f56f3474d8de50e78eb38c9f,1,0x02199b9d5e8dffc5481515aa210a50a3fb8e7d44598d39c52a17394f7c0d3186e3,0x04199b9d5e8dffc5481515aa210a50a3fb8e7d44598d39c52a17394f7c0d3186e3a8a8e76ee3edbf4c77843e3a8aba41e413f1d4d82faa31bc22d36b6bd1847a86,0x3321c21f10deb513ddacd580ded860ffecc181e0df7c36e8585e7a44ab6bd3b5,ok
0x3783302d7e0ac25ff3b03c4f53dcc21bf921273f,1,,,,never-sent
0xa7550955bacc71cfd5ca3b7752299544f92d4266,1,0x025b2a65d6082b73f70cb4413ce8b62c244eabf7a992b52cba1b5c3f0e565c442c,0x045b2a65d6082b73f70cb4413ce8b62c244eabf7a992b52cba1b5c3f0e565c442c1a612bc7c2debb1b0fffa24b7d37b5b0a1366aa98676ed4572f2ede4e3a14e06,0x25db9c36e3674e2b3f48f7006d0a400358fe93c25a410b0f13726b7677eef08d,ok
0xbb8ef7d895ab35afda9884548bbad04ad2f5f0f5,1,0x02ee8fee9cbc524d7cf35bb81dfc16617c63026f1861a77382c7eb4eac5dde36a3,0x04ee8fee9cbc524d7cf35bb81dfc16617c63026f1861a77382c7eb4eac5dde36a3bfbb52c763584d4a0efbc3f22e1f671ae59c015c0cd4a702cf9651e6aa09848c,0x323baf32e830e10b04b95d053ebec2351873240fd49168ddc6f9f39376da7d87,ok
0x3a73f9985cf6795190a15ca18bd0240779dd6396,1,0x029d3dc5716574503365ffbf5760a48cece4ade7fa36a9cebfc8a5b1348a0e22e3,0x049d3dc5716574503365ffbf5760a48cece4ade7fa36a9cebfc8a5b1348a0e22e3a80d8e1638f3b0ba18548a8f7a3c1bc705079d064dc298913ace4e0ced0e2c08,0x0bae8ea767d0e1547b43d7b80b1b85baa6af80844941e363956a165ce176e8a2,ok
0xc512d8bbce4dd676d6c0e1f7f50c67ef17365c86,1,0x03612259ce3b57e7046b575e49c664f2dd3cad367c5e7fc21652330f9ed40123b5,0x04612259ce3b57e7046b575e49c664f2dd3cad367c5e7fc21652330f9ed40123b5ec3d200a29c7fcf6024fda3d84664754318223d57f8bf7b9c3879b86beab9805,0x1510f2255cac5a4f8ec3abde39b481ea4a1720de8f4334b56447aedd9dd52176,ok
0x38fccb5aec574934a3f5a29951c91867e84f6314,1,0x02ddf8af768e72e600379d9b912b161f37063daad18d84c7c7177c63633111953c,0x04ddf8af768e72e600379d9b912b161f37063daad18d84c7c7177c63633111953cbea47d0417d2d8e849e84798e1281c95494aeefaa145926f3e9a97b744265dd4,0x5d29967d182f147ddf2d64cc6e241884c644a8bbf2d05441fbea0941a2adf7d3,ok
0x144b6ab73fdcbad8254588e291358b25fa658398,1,0x021171f686271c92abd2ee5e8c52df6434fa39aa1c208c5dbbc206d259035be6dc,0x041171f686271c92abd2ee5e8c52df6434fa39aa1c208c5dbbc206d259035be6dc971963fea6c5951c3938ec7eee507e58285e396e768df20669b87ee62eeab0d8,0xd49ca3374b086b08a31c2737d8d96f6cd5a7baf980acd3e881b7a58e5124beda,ok
0x92ced8e2cc9494887f98368800c29935443e67eb,1,,,,never-sent
0x4a80465ed07e0611845b467b44da1c7898f72d86,1,,,,never-sent
0x7693f5b7e19dbea27332e0069216b09d927a3609,1,,,,never-sent
0xaa71500301605eda3ec70268c49c10c42b1cf117,1,,,,never-sent
0xa0bf4bb6b2bf61342f37234756d15306339562fa,1,0x02108c5b3fa6adae398581a2e7afa287e5bf5909d74a903183c72438a40174c218,0x04108c5b3fa6adae398581a2e7afa287e5bf5909d74a903183c72438a40174c2183e83eb3d6a9f2e34a47280a488268931c833cfb41fb51868d669525398016b90,0x65f63f86f2c3ffc03c098662f36e0db0b481e3fda1314cc2c42056f803b00725,ok
0x283f6056b5097b3211fd7cfb0d44a8c70742f850,1,0x02ea1a98523782c565647dd279c5939074784102f8fd12f69ece9557b54c3add15,0x04ea1a98523782c565647dd279c5939074784102f8fd12f69ece9557b54c3add157a4e181dcf2ddb3a82ffadc14303665ea12fa0aca4f2974a23ad1f64aeb332b2,0xe3e7fb5b494e3f8ad16198d8ed456cc1b0968d6fc98caad9eca2fe208769c0c8,ok
0xa5271bc240c3ef46c697799038b58d3943d871c9,1,0x03cc49efdcdfaaa1f6e6667498816fb63d537322189c0cbdb5aef5451f465ff10a,0x04cc49efdcdfaaa1f6e6667498816fb63d537322189c0cbdb5aef5451f465ff10aab7f3fb5e941d83b0deb9542a05008d47b40922f261d8c874101d6d4608957bb,0x9f1bea854c41102a6c327dc00b92ac1f86bb93c10c65106bd960fcf2bb0709b9,ok
0x862219afead37428afe3d2260c3e6e4bb3dc78d3,1,0x039b2996e06ecafafd9c898e7ae1fb8eb29fc307e313dacb8c69643a4c06e50f31,0x049b2996e06ecafafd9c898e7ae1fb8eb29fc307e313dacb8c69643a4c06e50f31a08b0ba144c779380eaa9f2a462c79e718676453934b24efb6006a5d6d9cfb79,0x833a3655a70cfec063e4dbae8f4b746cf274979784317b13060c9da5bdf5ee01,ok
0xab6ad368259033ffaec79119716abb2a4ca67653,1,0x02fd445ffdf21383f38dbd8fdb40d2bfb6c82327ed25cb04a82f4cf416b9b52770,0x04fd445ffdf21383f38dbd8fdb40d2bfb6c82327ed25cb04a82f4cf416b9b52770617dc7b5aa9538d6a39bd297fd1ed0b204e8834601a9e9b88563e7834b888f0a,0x919eab11dc3c0d05edf0192261b24510b914a9ea23950ef4ab9dc6194c43ae24,ok
0xc199d54be70c9837449b8ded44b6c960dde9dfe3,1,0x023254073e5d6c39b6e1fff0ae54b5c92d29ce293ede50ce10c427a85b108ae406,0x043254073e5d6c39b6e1fff0ae54b5c92d29ce293ede50ce10c427a85b108ae40643d7698f2c6ae59cfc068a0f52e9688cca3f2793527af8307230cfe5093edc2a,0xa8816179361a4d1f3ea04784eab79bc6d693b94a34ac0692a373ca25d4714b38,ok
0x74c25f9b0c8ecf7115621b8a1db044c7c67be69e,1,0x03cadd8f1a15dab5aeffc11bee1ef9a16de01e015275187e7f788f1efb7d8d49ba,0x04cadd8f1a15dab5aeffc11bee1ef9a16de01e015275187e7f788f1efb7d8d49ba3d179735dd7742d5e81fcd8e7c68bb2bcc4d9f270c3aff648945b4206c02931b,0x2b0b2e6e6fcd9935cf3f7ea0a0bd8110eb401528681c48dcb80c96608a7a707a,ok
0x0859467769c7ea9f1ae9b36a6758126455cfe205,1,0x032f1b8c3d10e7c11462551b321d89877ac40420df4a5e76a7d4b4a92195447884,0x042f1b8c3d10e7c11462551b321d89877ac40420df4a5e76a7d4b4a921954478846776ed8778cb8949dd2a7a6fdd5b943d4cb26199b413b806ad3caeb336fa38e7,0xb36042221e224ce73c118025d3bedb2a8dc1694caaef1d8c33c2728757e6fd29,ok
0x447ec3c5970cf199d06fb6ad075992ae1cfd4d88,1,0x02cb8aebae1fdff5166a4a5438e401ad38643dbc275c831b6fb23e73c7e0e5b2dd,0x04cb8aebae1fdff5166a4a5438e401ad38643dbc275c831b6fb23e73c7e0e5b2ddd15178cfa8d33075ea0976bbe2cfc2209f7c8571d75178a1590351a3412109c4,0x79c270b362eff9101b62bb62de76724c6146b12b82ebfeeacb8eac5069d643a8,ok
0x442d9282f4babf805023697188f54614e46aac89,1,0x022e099bad3f76959d266b6a052abebcb684bc98cc641f12bdf39f503a53aa341d,0x042e099bad3f76959d266b6a052abebcb684bc98cc641f12bdf39f503a53aa341d5abe6245b09d304ae48b76c8ff9ebd8b14697d612fe88d9457a9c3c2a232b2bc,0x0339a40cced4e1355c0d5f940882d639fa4ef8bc45f4804cc98053247b78e036,ok
0x711da63df9246c8a2b16dac1b344073f01151667,1,0x028db5a76d4f11657d18f9ed0602f9bb4d1e70851b49761df20b5c24df45046fad,0x048db5a76d4f11657d18f9ed0602f9bb4d1e70851b49761df20b5c24df45046fad6b8d98a62ba9e976fab7ed48426b4c68e237109e7b28c392a16cf8b9b7faeb52,0xc679c08904d3fa4daf11cebf6a478ad300b626362a914371f5940d42512ce21d,ok
0xcf35d36de930d520eadda55ac63539cdfb0f9375,1,0x0268e8d2efc6e2ebadb5cfaa0794ea823d01feb01b12ecafe23a7b9926731a6ea0,0x0468e8d2efc6e2ebadb5cfaa0794ea823d01feb01b12ecafe23a7b9926731a6ea0a9f6b0fe82776f82488fa4efc572090b8c1d3eff377b364747cef1323cdf694e,0x8d50be4527bfa6d88aee0c66fc31be5bbdb252eab71f6564de99846e9d207547,ok
0xfec36af66ec12f215a182af4975df7194452e2d1,1,0x03af87719b1b07e2edc58acae137c0b2b1a6bce94121119ef21671043b6dc5586c,0x04af87719b1b07e2edc58acae137c0b2b1a6bce94121119ef21671043b6dc5586c1a298c0d70718051b08d5e213b1b96ff2bfc870f8f8cbd0822bb7fac5846d60d,0xca61fbe8939668ee30f69dd3cd7bdeeabd83414408ba75866d0213dc5755591f,ok
0xe1d6da41d135dfe714286330ea729548d9f9cc8b,1,0x0353fda2daf069e01cbed249e785f356cf98da9a24e509d192b867c6a390581cb2,0x0453fda2daf069e01cbed249e785f356cf98da9a24e509d192b867c6a390581cb2cf1ddf3a9265ae787e7e5ba03abea3efef6d36dd45ef5f53904f96db7337d849,0xf2a822fb7d7ba0ef547888bd37f96ee20930ee0b648eca5a459449ed1e9410e8,ok
0x0ac08dd503ec22616f265f2e14ad42c4d3b41616,1,0x0213c8fd9f56008751aa45990eb815ca8ed4dbc33bf775d1ad198fbdae66d2d3c2,0x0413c8fd9f56008751aa45990eb815ca8ed4dbc33bf775d1ad198fbdae66d2d3c20b11546a747c73d4971549a1faaded14ccd395cc9132b7ba3af50acf7b3a32d2,0x342d4b6d1791dd60193d4aab485090a9126e133b7cd6c6ee37771ac4ec608b27,ok
0xf6f0331648818f1536af4f30c6f12bcdeae7298c,1,0x0307bca61bb060fdaac12678bec5f53e5a03736b4f267cc3729c9b42703e7570e7,0x0407bca61bb060fdaac12678bec5f53e5a03736b4f267cc3729c9b42703e7570e71604f6675791c71efc09d8084871ca541e2ed5f83859310bccdd7c65f6e34709,0xc3f36e6a3b26239d807f9a4353c363258b16f549936fd1dcaf891ac07e42f360,ok
0x3ea0d0708768bb72596ade00117013f01564b04d,1,0x02a82f8ea1f07d5ac616b9b1b7cf591821f55ca72632855600275ec1b69365b971,0x04a82f8ea1f07d5ac616b9b1b7cf591821f55ca72632855600275ec1b69365b97125d47861729411d79a0716b1a8eb1bfe40e5b038e1fb237d79a04af94bdb6d1e,0x4b1fa4bf9765aa37a02c7ff4bbc2a90abb731c4cdf1c5e2086e6738e0ff750b4,ok
0x1f08e1630a84ce2bacff616846c26d003e68f7c4,1,0x02736a1cf0a2da4b27bf68d9faf4948b610759a3f67fac6f75132cf333a6ee79a1,0x04736a1cf0a2da4b27bf68d9faf4948b610759a3f67fac6f75132cf333a6ee79a10aac62c976e38d750687e2708f4f8e43b914049bd06020aa03c10abcca7554f0,0xbd44c2510bc72eea758bbe44eb00b841387b32d1faee2f267248fd25076d0e9d,ok
0xeadfe8f77e5f58c67631c6398e5e17ae32ba2e52,1,0x0290c43bc36f656fcca875f981137c80f6e68cfb1d5776be292aa6b15ab3541723,0x0490c43bc36f656fcca875f981137c80f6e68cfb1d5776be292aa6b15ab3541723959fbf2657f68019136c65ff32007139c94f1d115ba0c0525bfc3d4bc31137de,0x89afda7c14237f90d0df4a81cf93d2a989f476213b6681669f215f7a78263add,ok
0xc9dbb461045b8fbaba51ab9affcfc84b11dad461,1,0x028064333f76bfa07cd0ad35f7fb1983ff737f9a45b38cd14711a763d9c0d60f60,0x048064333f76bfa07cd0ad35f7fb1983ff737f9a45b38cd14711a763d9c0d60f6059cd3ec82fc65f200970098830e292ff0a5ea667b23971ddf0dee67d6b4774c2,0xf25497bc15a2fc9863ac822431f7473ef1d8abf394137550363a19946ffca49d,ok
0x64ea0fa30efed0d53900fcd4fb10c6c47262f0d9,1,0x03f5bc96f8c2379bf7c6f761bc1fb6c698e94a89700dc9a3c56f7342a9e076fdfb,0x04f5bc96f8c2379bf7c6f761bc1fb6c698e94a89700dc9a3c56f7342a9e076fdfbc4187122e9be3670427e5db4badccdaf7e5d55ee4b5cba75f7777a3a901c124b,0x945d6b21ea8a47211d10975b3656f314665619994b13f4b1dcd80e1d7fb9f52e,ok
0x26a6dc267e276fded7b40251c8fc08b1b40df367,1,0x037f21bc220a7e3ff8ac7ee4889af9fe4fa5610a3580839222be815b891c526e3c,0x047f21bc220a7e3ff8ac7ee4889af9fe4fa5610a3580839222be815b891c526e3cdcfa2a5b0ebb158f7ca71fd2c40f0e6b950523fc59cac7fb4b31784c4111ef29,0x4fce6b5c48cc3a61d03a975081782c982d2cd698bacf4e6e954df3538fda8b99,ok
0xb45f9821c681d0748ae6f7254990240f807cb27c,1,0x0202fda81348639a553a7ada7d55de658f06c5292c1935f6e2c4d264415bb5595c,0x0402fda81348639a553a7ada7d55de658f06c5292c1935f6e2c4d264415bb5595cbffece6a8d01c65bdcc0dd5c0c13c6dca919a3ce288b922724c935d8299dc648,0xdd2b8ed7750584334509a3485341d251da138760174c0a67a97a8043b8e5f720,ok
0x33bf7cc697a39227d37671ab2cf4bbf54db1e5e1,1,0x03269ac5ad9df0f3d45e76849c1056e2d6a478c595a5b911f201d6774e5e06cbbc,0x04269ac5ad9df0f3d45e76849c1056e2d6a478c595a5b911f201d6774e5e06cbbc23d105fd4af8cb203a790de7d03fc73b9375288b80c228fcf361752358146c79,0x87ded4bdc3e3d96860f553941d920e4743e240842e5127f71c369690f48a437f,ok
0xc722b1a7663db94011fbc7a858d0e9a78935dabe,1,0x039d20ea6a94b54eca9440f857ac9bc7a6d6e9df948e86e6774d633171478d75f1,0x049d20ea6a94b54eca9440f857ac9bc7a6d6e9df948e86e6774d633171478d75f19b3391f22ee58f42e123878f6ab8d65489cc70d1a297642f0b94c2bd72f9c23b,0x66eaff925723f671b3d9b4389881dd790148e09ce755df124e4595867d9a0049,ok
0x37b1fc6b6f9e5318388fb6d7187e53c06ef0e6dd,1,0x025befe9395473c911c16db1406e9f7d2f7fd08d40cd3bb9ad6fea891d3a68e632,0x045befe9395473c911c16db1406e9f7d2f7fd08d40cd3bb9ad6fea891d3a68e6329e604581d15ec7cd8468530e4689959e8183a2b5caed1668a170698ee4639654,0x1762fae1c5762b58b6f999b3f29470523d94a2354e1879f450873826c9e15072,ok
0xf66eedd08d71f14c0c127ff8c251f387543f8a0c,1,0x03393c2a1c88aa577e4332ed5ff6f6ce4b1b3ea5b9b2ace77ffe95d4d9546dca19,0x04393c2a1c88aa577e4332ed5ff6f6ce4b1b3ea5b9b2ace77ffe95d4d9546dca192fe7a1d54d01ae8fd08941c1c238a8366424211f72582ff081581aa30e47d659,0x48cc662fdc1962e94ac3f7b6550fc9da41138a5c08a937f4e3d371974f3eafe9,ok
0x4b94923982133d15a70a251f98fdaec7ae11d0ba,1,0x025211155ebe876a408c100dab605baeeb727e8df238072e218a2bda2cfb8eb592,0x045211155ebe876a408c100dab605baeeb727e8df238072e218a2bda2cfb8eb592a30971354355dad6d2b164a0b6d4e8ca532a233007562fe957963ddb9a48f4fe,0xad888058259015330c72e9d8d62b9e710062ea41b8391879053bf9e7c118231a,ok
0xefd04f4c376921a057953ab1bd02665fa411ab41,1,0x02256e4d9b11012a8c364ac01ae6eff7380816a6e7fa66df39627816a416fd9e9d,0x04256e4d9b11012a8c364ac01ae6eff7380816a6e7fa66df39627816a416fd9e9d9ad7fa2c088f4cab0754e8814a9c9c4dffaaa5a77efa385b593e52b1c47f1ed0,0x675c2c2a6b355dcbe3a7dbc4e210eb398977226f80b9456a6fa086639c9ae325,ok
0x98c26fe42a7d4c4228d812d8bcba1776c4b4ad77,1,0x030e0cb361a199c092ad778d2cf765286e0774a97dfc8981a39c6f860a63a0e1fb,0x040e0cb361a199c092ad778d2cf765286e0774a97dfc8981a39c6f860a63a0e1fbfadda6a57c8f121697d4e1a8982995ca609fbabd171e3320b25729cec47e8b59,0x31d0b06dc3bcda1ab6eb468e86275fd6b9db60f957aecc19dc75d72189b44b33,ok
0xd8a2330ebe3b6e14604449fc750c3622f6c8173b,1,0x03e914d5c55d6ac8dac351e6274721db871e29980f407d40f3df2499a41ccaaa6e,0x04e914d5c55d6ac8dac351e6274721db871e29980f407d40f3df2499a41ccaaa6e8b825034e8c4d33e5bea3584bf73f2d5c23aaf5dff29c8d09c5ebe3e122db663,0xda0d5e03f0b0c11d67fdf45d667b312deb9994f47df1b259301d28a49d1852f0,ok
0xa8b6f2ed9d843e8f0349616eb8b0ff70f0e3c704,1,0x024ad51e6386144a3863216bdaefa808642e9f29108c2c3e5225f5f61c2e513d97,0x044ad51e6386144a3863216bdaefa808642e9f29108c2c3e5225f5f61c2e513d97c7280d9d5f653f0293b415fcb9ebecf67c12c7dd3deda16a4f512f312441613a,0xc02bce4852d1b17484d9c59530964734282dcdf44c0015909e99c7627b766f08,ok
0x50662dbf9e6df08d43672b21f630727d38cc3849,1,0x03fc58036719de113fb9b68719c8c8fe4b557cf26fbe7551da96c51a8481848c69,0x04fc58036719de113fb9b68719c8c8fe4b557cf26fbe7551da96c51a8481848c69de1e7903dab38fb418f783eded4588f9072904cb189e6d618ced5257d1168343,0x2f431f8767b8bf42b74c80eacb313f31f1344605c6066d768100234435037c2c,ok
0xdf8771330b0d8c5060b1cb998282593e31457507,1,0x028695fe4e00f4b1e193604d4852f8bc778ad9c06d2c8ca3a200e0214eba7fa61c,0x048695fe4e00f4b1e193604d4852f8bc778ad9c06d2c8ca3a200e0214eba7fa61c0b6c64bc32885c2cb80839ba5a8ebd47c2fa4d507c8ad4011e92744989030e50,0xdae85dcb5b7f105ebb6aa95bd83acc883366f8201d1148bec20c9e5cbc78ddc1,ok
0xe269b65c32c6e5be9422cda3901528586d43f6a7,1,0x02294d400a7c6f94fa7ace66390b7ad70b3cbe1aa4f387bcd816f54c1eee05dc07,0x04294d400a7c6f94fa7ace66390b7ad70b3cbe1aa4f387bcd816f54c1eee05dc078d90384a085f07e40ba54050eec544db8b076e007d6e6a6e12b1ad966f330158,0x5b201afd0ea08772e54efb39635dd4ecb35d657598db829ab69e05db68050d0f,ok
0xd5474a4e5583d03afde0ffe6f1579ec9ec8400d5,1,,,,never-sent
0x9ada4f4076f55bd56fbd09c5c56871f1cdc536cd,1,0x034fa2a6152e4deb1ec4e299d5b60e09d9e14df47c3650b55d15ac6d76906ec2cc,0x044fa2a6152e4deb1ec4e299d5b60e09d9e14df47c3650b55d15ac6d76906ec2cc9cf6baaafa0315672b81eabb2fcd2aa108e3344c65389837cc3fed9a4dde73f7,0x2d3758576a22979dc2c0a6872b2c917cbf1f9ae97114eac0133c1c827592abb2,ok
0x15f47243376ed9fce0d75475ddeaae0ce29a108b,1,0x026c64d6588363cbec2d0eb328d05973de8af0adb0a4a3c5900be0726148c3e0f0,0x046c64d6588363cbec2d0eb328d05973de8af0adb0a4a3c5900be0726148c3e0f078108e0bac8fef0a03e327894364551719c479a6b7b2265d1968ab680a4d802a,0x21fc53138b78a0381e160475a260be8b0ce9f2a070014e06634779e030155dfc,ok
0x6cc5ba8bf94e987d92d32eef2326284ef74dba04,1,0x021d388248962af7aa740e4a91d8fc3e369fff6d6c5d6ab1ba52ae801c3313f669,0x041d388248962af7aa740e4a91d8fc3e369fff6d6c5d6ab1ba52ae801c3313f669ca1afad2ca49658a13d5f1d0ebff58092cc48324e41678852ecc7c3af4b4c858,0x409e3288acc427b31c744eb80a198949cfb605a18a76b913394537feb00ec9e2,ok
0xd7448fd62ad870c0ac16b6831d36078f3cf768f1,1,0x0261bfbc33a305e30e0205ad8ac88f039c09dceaa58e5da43cb0c033ccd40fc8f1,0x0461bfbc33a305e30e0205ad8ac88f039c09dceaa58e5da43cb0c033ccd40fc8f15b930d05e9a0d01e3bb33fb30d1f5add65a5a5f7b5c625f936bcba52dceef0ac,0xa4509d2deba4f947410270867b11554404742089e815898829cdb86a8b0a0eaa,ok
0x044d2deaff685333ce9ecbd13fd8334b3698b14f,1,0x0243f47a7710ec4c647e0c897daf1a88cf62e7ed735949197670cfe8831a59c676,0x0443f47a7710ec4c647e0c897daf1a88cf62e7ed735949197670cfe8831a59c6760bf8011f541a6187c5bf379c8664e35dc8db2bb38e06135e7a3e7efcfa84b25c,0x92c491c4b5a5f956eb371f39f4e76bed66c074385d9d4940fe88fd50205b701b,ok
0x59d21b528c4b1cd291cd33582acb40484272cd7d,1,0x03c1f9cad317da7716a92d4ea1a58f76366a61d7c30140dabd87395abaa26902e0,0x04c1f9cad317da7716a92d4ea1a58f76366a61d7c30140dabd87395abaa26902e06c5bddca00fcbb214484461040f7e51cbe66bd80b8f7539a6515a223a3da6b5f,0xa07ca37ef6043e10f342d5ac57aeefacfd054b05a14db69beac12d9c1d021049,ok
0x3b92671792da226f502de8f79cdd279f0c366636,1,0x03f33bc8e14aee41e4878392dc4c7f68309912d54b3044d22c4913e511eca32e96,0x04f33bc8e14aee41e4878392dc4c7f68309912d54b3044d22c4913e511eca32e96476b84f0d8675a2009f813102ef078bc3fc1b335ead577404093d9b98de33871,0xa1a1c6872067f3224cfe454afcfca3d20b0eb6c1644636b34afb1590ef6ea9d6,ok
0x3f03409918d8a54feacf3adc09a7af8e62a41400,1,0x03ae05d01a11c16de33d58e7944663905e303684137be925b789d9bb1c1048b43c,0x04ae05d01a11c16de33d58e7944663905e303684137be925b789d9bb1c1048b43c9305a40ed65c61a8bb0ee4d7be8482253c137abde177a2d857c054e6858cdaa1,0x31d1b47aab0fa5de877b0a412599a18a8fc6491b6dd9b80ce6184667ed7227c6,ok
0x38f6613f707a1c3b0b8812822fab03c0a9a7392a,1,0x02266b2fa397ec20342dca1f62f664e695db9257d13f20ebd1f1041d861d8ebbde,0x04266b2fa397ec20342dca1f62f664e695db9257d13f20ebd1f1041d861d8ebbde5cffa4f0a3aef2b5ea759cbe9a99ebf35baeee9ec36bb280c7b0fbf63f9c2b8e,0x56fe122609a7ef8bb5239398c138787312e1b4287022efcb04facb70d0cd0c29,ok
0x269957f987bcfff7ec38fbfaeb8686c86c805def,1,0x0354cd27dafadc762ce9a28fb0c37524e1c263503b85e7e0b16da32da698f33c74,0x0454cd27dafadc762ce9a28fb0c37524e1c263503b85e7e0b16da32da698f33c742cc57fa869c7cfbd8d6eb3d1207eab68f90bb8ae7ba3c54102e46c7f168857b7,0xd5f87e72a3252ba5a40018affb1229796c6a7eccd65ee65a44d02c35713bf118,ok
0xdf51b66cd3090509cdb865b25a87a7629605383c,1,0x03b3edb8b4cf1f8a1557b429778b1a28db609fbcfa461255f82d01c086088a0363,0x04b3edb8b4cf1f8a1557b429778b1a28db609fbcfa461255f82d01c086088a03638a05dc399bcd38a099cd55867a0253b49ec56ca3c259ac8a47173a9cd1c43adb,0xce2275a1aa97e76654e558d9c72cbede0ddc3dd009ebac830089536fed4d0752,ok
0x71d0d7b6942990b89eca7c749e7971cf72b3b80f,1,0x025877e7579c17a99185dac97857841588004b54ed2bc01957f7c95f825ce2f9a9,0x045877e7579c17a99185dac97857841588004b54ed2bc01957f7c95f825ce2f9a9f7ff53186f27b0665c4daa4620332a73398711f88b70b7184a55f9cb60b7afe4,0xae4baeb7b2780fa33ccde0c1b8b3ad4b9a34840bce5c14e12d0d273752dfa11b,ok
0xc293859e6818c3d3d2ea39287cd92bf87efd2d12,1,0x032023a1344b49bf2830cfe3243a1fa4952368bfe4b32c709df5b8124466893861,0x042023a1344b49bf2830cfe3243a1fa4952368bfe4b32c709df5b8124466893861a4851c402bf675b88619d51b9fe6e45eae06362aa9e4883f4906ec1302bc2377,0x310309cf8372501dfb8c06ae3496401dd5fa8449f987c184ca1ae18b8c20c1bf,ok
0x56b17b99d67be413573882669ee9c859b5ff7817,1,0x0371a9d4ced3fcf0d58a2d2f534e32a68e6c717637bb51190fed398b2f9f0421e4,0x0471a9d4ced3fcf0d58a2d2f534e32a68e6c717637bb51190fed398b2f9f0421e468d8ee362a8954a53c03210dc245200d7b3bd476547a4c60a99bbae970013a51,0x872f91f487f73f51d86f6a29fcf285fe1000d7c29780fd168a97aa3e1a6be557,ok
0x7751beae6385b78e9ac275a028bdbb75e64fad6e,1,0x02f26b81abf365ebdc91a2fee8317f601f3cd4a729a4e9c959ac03d35ace36f587,0x04f26b81abf365ebdc91a2fee8317f601f3cd4a729a4e9c959ac03d35ace36f5879338a3ac79534d3426b5d8589b47efc4076d7ef1c81b17c0830ef17677727e2a,0x0e89b42d99278f9d520d53dbf5de8795067c27ca6765b37400ee8694fd5ffdb2,ok
0xe40be32f37ab196652292fd1945ded0be8a840e7,1,0x02a59049fa0058e875d665cb761372786a2028c2fccaf1d9f1ee8530acfb02b975,0x04a59049fa0058e875d665cb761372786a2028c2fccaf1d9f1ee8530acfb02b975aff4452a55a1dfe7e9b8af7e8b62fbf73049e51f7cfd46bc2c2d20b48923995e,0xb790684a3bde9094ba7839b70002658746c24fadda1d2a8b0d505ebfdb5643a8,ok
0x095bf22c21691c2dbe8cf9a05fd3a357d2be91c3,1,0x03f30d1fe6e28a7469eee2d767714baf0b8e70c1a05d8537ca7a91b32ccb03663a,0x04f30d1fe6e28a7469eee2d767714baf0b8e70c1a05d8537ca7a91b32ccb03663ab79e6c856049c4d18ea25c31eb3c11c4b3c12a6bdb774e1798f8703d16aafc0d,0xcea71699bf871758c4e8edfdb00481ca3ca25ec68f6eb47a82e3289e1c894345,ok
0x397fbd1e27352175cc5b6baf171a30911268823c,1,0x035ec9a689d63e236af0b94d972bcf20cc36c72f3ef4436d3222249551b91b7f70,0x045ec9a689d63e236af0b94d972bcf20cc36c72f3ef4436d3222249551b91b7f7043059d84124a19ffb4593a7ace089b7c7513678cd02e7095afb899628d68f26f,0xd90ef6b22bc21031fc174990496bb039cf1271e9fe9b3668815e8f47a3c3cebd,ok
0xd84c9774ddf51a5d1fcfbe022f9d93e36eb4c23c,1,0x03c0a4fb78f36caabb9d56adc922f4ef0a956e7d5bbde1bbd0b60460e5f3b4444a,0x04c0a4fb78f36caabb9d56adc922f4ef0a956e7d5bbde1bbd0b60460e5f3b4444a3a472100ed17df64aebcfb5782626feefc82afd7f9db49509f5593f68e543a19,0xb86125fcc5b9e7ab772ddc6d2d7a2e73b84a040f191adf9e464f1ac3e7d5996b,ok
0xacb818130ac9cd4484848848a0ca3e7dda4bb265,1,0x039013de9d705b9f86c21c68c63ff8d72a4777bb9687a7f54195de46325878167a,0x049013de9d705b9f86c21c68c63ff8d72a4777bb9687a7f54195de46325878167ade7c00072cbbe47839e9f2b93fd332e39500b844b4c41a7084a756b832b7a0ad,0x978e78cfb367106b02c5d36c93891bbf2347bac68c6f33d67f5b0f7a39bd39f6,ok
0x1c1392907dc7aac1e489bb70017c9785194ad5c0,1,0x03d164a3cb784f4da0a37f27b27c23a1eed41534a748ce9fcc94d23e13e595186a,0x04d164a3cb784f4da0a37f27b27c23a1eed41534a748ce9fcc94d23e13e595186af147f54629eebf245c0a8b91ee46b457e555a8cc70109275bed43ad8661158cb,0xaac792e21599202bda6826321e424bc856b04da81409fbc1e3796bff1ca7d209,ok
0x37813ff0d194cd609807d92961ec56b696e92221,1,0x0242187d8846009e12ed09e6a93360f5edc8deb0b3dfa0d624185f6fef07579b69,0x0442187d8846009e12ed09e6a93360f5edc8deb0b3dfa0d624185f6fef07579b699e4317ca289ea281d3e307bf853cfd2e78affab1b344400a6f55eaa58f4d7434,0x6ca4fc8289187a558e989580e67911ac8344cde5f3ac7329b140404cec978c45,ok
0x22eb040cd35bd34ca116dd072c6a7e5f12176163,1,0x020f954ab5139cd45a0450befe245443fdf10311add8053a0f051b3167869ea973,0x040f954ab5139cd45a0450befe245443fdf10311add8053a0f051b3167869ea97324a374a13e2c0e1523c6d5d273fefb4834f486a0b40361c9d7e30572718a46b2,0xb8daf6ed061fd731c2a6dd15622be6ecc35ecf52e04197d8a8b7787183801183,ok
0x2d4544b84ac6287009f6f79f29c15490ea284bc4,1,0x02e90d9a8a66ec3b9ba582e94353fb370de46b2db53bd9142b95ac360d50c7a785,0x04e90d9a8a66ec3b9ba582e94353fb370de46b2db53bd9142b95ac360d50c7a78500b761ecb77ee6907e826497bf78fdb462b81f76cf544d5c946b49eac0cbd9b2,0x5cddf21318c04ce29ac53d2b5f1a8bdd945e77dfc42febe3b56bfa37a9ae787a,ok
0x6937a767422c879a90ccb1765c0370431a87f70a,1,0x02f7ca3a280e3891402f66b2fa13595f114a2828ed98847f49430183bb55f3082b,0x04f7ca3a280e3891402f66b2fa13595f114a2828ed98847f49430183bb55f3082b37d7320de7adb7543339e810a068d0a9ad1490641f8de69384e6f4186e56e1e4,0x9445dbbf4b0e9ef61748f55549a51ca4b7d4d5751c54dbc6415f69c591e04191,ok
0x736a8561cac6a011d35cf92a1637baa2742dd3e0,1,0x02a53191f7063aa1f473d702d117c8fcceed648d6170068108fe7d1e274e95062c,0x04a53191f7063aa1f473d702d117c8fcceed648d6170068108fe7d1e274e95062cd089c52043fe418933f397f84007e3a8a71e60aa23708caf03eff00d685d4dae,0xe9f72c09cd2a85f2e61b9e4fdcf17c85eef6d84683cddd900084d32ae0ed7e61,ok
0x5ffa7534805c00549a1f72e6c4da77258cca8540,1,0x03471ac920d58482b04c02c6977bb392108b500c8ad72940cd05ecedcdb12025ce,0x04471ac920d58482b04c02c6977bb392108b500c8ad72940cd05ecedcdb12025cee1a1402372ca434f986296f96ee3aefd29756d19e356fec53718fdf08a9e4d23,0x2a2dc7f8d252be86450bb8a20b064bbab9c02b1b00bad294e58b8466d8777bbd,ok
0x268966a12e0d6da00c14b14804a2e01008222e1b,1,0x032cb4953746224e807acdbdf2d903c8a7d6f1062847082b470fd997955df2b7a2,0x042cb4953746224e807acdbdf2d903c8a7d6f1062847082b470fd997955df2b7a27976c81b0f9cec824e245a0ae535b634e776bf1c5555dd3a7956509856b8a605,0xde7929d95db41cf7d4a624db4ffc57db077ff660ffaf63f3518157e435e66d6b,ok
0xdfec43d9998d050d9fe9796257cfa633a66a3463,1,0x020a4b2ef9305ef806b7057a9bb6d095e137d71ba97e18c20d2941d04e645a3e40,0x040a4b2ef9305ef806b7057a9bb6d095e137d71ba97e18c20d2941d04e645a3e406d6dcea45b3ee2022730e7b1aad957663ee884bdc01174445613c40325b672e8,0xa06823a1474452ac18925275385ef6780a81e26b1a31ded26b3da8799b1ca3d9,ok
0x71d2ba56208f58605a7d000403f642470ca86fd2,1,0x02d31b3ea5bef31ab29279c7d96c2b34e6cd90dbf6c8a2fb411b103d72694c1ffd,0x04d31b3ea5bef31ab29279c7d96c2b34e6cd90dbf6c8a2fb411b103d72694c1ffd59790adb427d67e889fce521e9a448fc723c80a7a45281a14c5be662fbdd995c,0xab8cdd8f16cedb30e4f76486438d8913c70bd4423eaf7cd9a9fc70bf40f371ea,ok
0x9ab5647afff22bb017c5e8fcb0e3af02c929bbc2,1,0x02bd9066a879f827dfd28dddae005aeedbcf7abb46a1ffe381d5eb597300aca80c,0x04bd9066a879f827dfd28dddae005aeedbcf7abb46a1ffe381d5eb597300aca80ccc4493f77a89566076265185e79600ec4e689ce8ab4351c5c93b13e44ff53c26,0x03323c93e970a2979c1cb2bf4de8c9059394f5b7558b7ce6d495804a133a513e,ok
0x34d1179345a2ffddb69cef3542ebade86b992b7d,1,0x03a74ba83ffd41de1deccee62578eee3eafd57e37a6c410b614e5784251f22b392,0x04a74ba83ffd41de1deccee62578eee3eafd57e37a6c410b614e5784251f22b392a553d2a372f083e567d011eb71da9c7e34c770f49730e676fbb7043bdfe8f577,0x483fd69106df6cc6c5db96c0b81f53548eb454eafac2d9e8d61cb054c5be5da2,ok
0xf2cc5ab715d7f0c98bb49606ef8270e00180c98e,1,0x02362254716a21ac49c53646fa972dd34490ab3036737fc3ebe5d64b80099da273,0x04362254716a21ac49c53646fa972dd34490ab3036737fc3ebe5d64b80099da2739638f76b85b8ac8bbc49bacc99f1741a2ab2f2b99fdc9077baf1e41eb07595ae,0x449c7ba351ce4a14e08777e7c55881f02d864dfec9770be821f2f4b5616461e4,ok
0x3f295571b870254ede911bdfae5c21331d68e731,1,0x03921c35a814b4a2b2efa9f5fc864358beb4e14cc61cba23c6ea1e80040b0f3458,0x04921c35a814b4a2b2efa9f5fc864358beb4e14cc61cba23c6ea1e80040b0f3458eaa7fd32dc20bff5dbcbb278e31d2c63d767ce2c1b6f2b12f1ba92c72a8f4081,0x7ebd9013d42f7fc485aa3fc7d65a107e9e188cec1184d2805899ebf230e49475,ok
0x1d9f3201ff20d61f180e47d3ee01670800b2a76e,1,0x033a36763c5e2b93258e7640d17ed167ff93f4b92360858212b9edb9cc4dd11492,0x043a36763c5e2b93258e7640d17ed167ff93f4b92360858212b9edb9cc4dd114926961d5cc258fdef4dd7e5d31f1fc72a5bf5b5f984b18b3aa46276bbc22ae9e21,0x0e75f5272324e29640be48ba5029c348f021e51b8dcd6cf2c7516af1a08c4db4,ok
0x62151699969b78716a053e1172fee74132fe1ee9,1,0x032e1f9960ba8444488c90d95a0ed2abd733d2af8ae7459ba558be8d20862ec384,0x042e1f9960ba8444488c90d95a0ed2abd733d2af8ae7459ba558be8d20862ec3842df01d0e3a7e777a4799f73193233498519b556636fb2b9de9001f55ca30052f,0x848d2a312273768fbfb154ad37ab6bb0f72c7bcf8d7e88e280536fc8178eca40,ok
0xb9ea02ffc5f9b2cf3c6f79886df0ba2888c83815,1,0x0352fa1b8cd9f07c01628dcc0a24133b70e2460144b25473f22c828f5f2628bae0,0x0452fa1b8cd9f07c01628dcc0a24133b70e2460144b25473f22c828f5f2628bae04de0b74e7f534b7ad540b238d7b7cb3d8aa5c9ddab69f6e776ef4398419ad78f,0xcd9aabfa21259ef3ff0bece1b1a94ab9159703c5c167603b878c2f9315d7d157,ok
0xae81bcdc9c069f5f0828d69ecd0f5015d29b0203,1,0x0235bb8fa66c68e52e507de56446cff3f5411712a32f65dc16b4e0d8c5f6a48497,0x0435bb8fa66c68e52e507de56446cff3f5411712a32f65dc16b4e0d8c5f6a48497cd33a0d86a03ba6b4349ca38c4bf3d72a7ce43fc2e7a49c6ab60c7c9c3a6bda0,0x03268d73359691632b66190fd84803de480da3cdcecfa7ec970f5d8ccfb1a4c6,ok
0xa8e95d233730c2fc4c526b961a5f87124d5f77a9,1,0x029d49d53696643b9bfd6797b17b70e1060b1019a8a672443b64df8db2b1346e48,0x049d49d53696643b9bfd6797b17b70e1060b1019a8a672443b64df8db2b1346e480f7a20159214a6c738b18b88337cba2ee40af3c08a6e8a1d83981119112a6420,0x8fc23d4ef86215e4d8900bcfd75fc8b774ca595a91891a29f9361071ba509646,ok
0x7915d7499328c833ecdf61d71c79662febc9ee75,1,0x03885a55337c8aa3982bcc67352257e2fd3d421f33291a17ba23ba72d75ae3953c,0x04885a55337c8aa3982bcc67352257e2fd3d421f33291a17ba23ba72d75ae3953c6814d31e0708c5b47857637251debe574ff26994d4c9619dc4fc70b9a2e4e61f,0x475ff74d6b1149de1888173df932461fe79573f7e28a5adfd9ee8ac89f97e8df,ok
0xade81469d204f84742791715e5d8f23671e8c5fe,1,0x034af342ba2c81b1e83eaca84a714963abc01690e57fbda63eec5afe75b39829d0,0x044af342ba2c81b1e83eaca84a714963abc01690e57fbda63eec5afe75b39829d0b8aa23127554b178fd550d9a84ab40a71655f47b7e2a221ceb83803d7b56fb9d,0xd14d998a4c43b08fdd0dafeb9e83a6a1626007a4b43e8a585b27524291890452,ok
0x131e0d90aa0fd997015768da63137b3add162c37,1,0x03ce5b1729940d3ab8492086f9794bb4339cf80bb247ed22f42c528b50e30f3096,0x04ce5b1729940d3ab8492086f9794bb4339cf80bb247ed22f42c528b50e30f3096a4424657ac29249879c909a2fd0b8ee63891588098c4fa2e8ecbbea67c2b743d,0x42236acd229b42f66b673960dfbc116ddd45717849b6bc6b9cb5fc34ca3a1f0a,ok
0x117fef8869ee4e13859d96c98e9de396dc3f2b76,1,0x0279490d7f1aef19b485af5a6a683d76642c6a85417a07179dbe13c491b13e2af2,0x0479490d7f1aef19b485af5a6a683d76642c6a85417a07179dbe13c491b13e2af2119f8e7f470399770432f7a1b8323bc81c085fea04dffc81a8f11c0907b0e510,0x5f30227a0b86d5e223c7aaad52cf95363076eef90f4dcaf1cc65e073b510ec36,ok
0x2d2d2f3710c600b1f6f53fba2870f3664e899466,1,0x02d900254d8407de0e346b5aafc30b9e13aaad51f31291b02b0d973b1ef334d1e1,0x04d900254d8407de0e346b5aafc30b9e13aaad51f31291b02b0d973b1ef334d1e1f62fd6b7693321234dfb09fcf369aeb2275e1304ca03985f690149be3e13907e,0xa9260da24876d12497ce97743a63a40a4e37a6ee116eeca98d4e174bf3e29c27,ok
0xa6fc152a312bbcc932d49956fd48736457b61b42,1,0x03609624b9a412da4e47defc092f59736e3a71720c82a0430bca29c535f21c7a9e,0x04609624b9a412da4e47defc092f59736e3a71720c82a0430bca29c535f21c7a9ed69e47f40590a512fe6803162375d16cb5aa6b0bdafdfa922a596ec166f412b5,0x9f84ddaa8210edcedbc01ff5d54e31abdd08b32f0b485b5d511b62a764331f28,ok
0x67e64a4ae4c1e24a355a65f79e13adac8fe8ee0b,1,0x03bd896389d8990be6fe20e1c5b30d5822f5c6cf57275cce8f49e8df79971f99bc,0x04bd896389d8990be6fe20e1c5b30d5822f5c6cf57275cce8f49e8df79971f99bc1d6b7b48da2e6e2dbfb5243f0c9942f8e6e8f7a4f1a952de8777988909d039cd,0xb03abe9b42dcac34607978ea482ceadc6807036d582c796e34c42d3491f93757,ok
0xe1ee9c35c9211d8a500cc9d3774e28b34e6e3d1a,1,0x03275766f140b97c116995d6b8edcc35781adafe90d025e49dca6fa6270b89409f,0x04275766f140b97c116995d6b8edcc35781adafe90d025e49dca6fa6270b89409f6bd226f1fbb3bc68dc078008f4915a3571d9644a9c405bd4156665f32b64ad97,0xbc4de43028df82bfe59761b03d1292529a8b2cd3594404c7dcd42b7c828dc1c7,ok
0x9cf05279b78075067cff43b06dde51e3179ace6f,1,0x022eac3a4369423fa9b1eb392520a95515903c65341b87a83f404b68e9faaebe7c,0x042eac3a4369423fa9b1eb392520a95515903c65341b87a83f404b68e9faaebe7c78d01074aa189a7a40f88b665c500c71c4c0532ecfb6103ff261222698c45bc0,0x54b37c93d867e668f0fb4df1b8091dbd186e321cc501f37ec10854c1e0b7d5b7,ok
0x05fd95ea740c86b167a167b328b4e6ace5ba1d6d,1,0x03d2aaae5a9590d01691d7aa72de8bbed4b875efb684c5b7fec4191406a288859e,0x04d2aaae5a9590d01691d7aa72de8bbed4b875efb684c5b7fec4191406a288859ee79c48cfc6563d69a0f4b6453fd8bb1f62deed36d2353ad27d831b718a8d2c69,0xe63d9dfc10f9505e07d7c560abfb82a88d65e934c2d2e1b5915be0dfec863e56,ok
0xd1b6461aace9d17d702c64eb3e0f1216a0e0c53c,1,0x024ec54342283f3bf1563b9394baeedb8272f095382a7b8fca40a5b0f5a14f2096,0x044ec54342283f3bf1563b9394baeedb8272f095382a7b8fca40a5b0f5a14f2096503bc9f05ef812359662bc919505ab69fe18897dd3001638ef4d3349537c6658,0xe32f83282ba88c4be5c7db02c58c3fcad42f6d65406d2e12f07ce919d8aae284,ok
0xbd8c99b0d69725a9c35a01a7ec94a4021d7410ac,1,0x02bc0a330428d5c27a675f3ce6524a9a1b3c5f2acdd4a37f7047690def14c9f30e,0x04bc0a330428d5c27a675f3ce6524a9a1b3c5f2acdd4a37f7047690def14c9f30ec7afee97952727c549f8ef839c63bb6f1754375b9c0387daea44042483e4f7cc,0x1185197bbf32fb3c5a1f186f61002950c16d3dd62872156bb9828741fcbc0fc6,ok
0x9f848202148904149db385f1559d3b70f2d5d99f,1,0x03b0ff3ab742fdd34625742b8c77fcfa67d961cc93a05e502781ee190dd15026b1,0x04b0ff3ab742fdd34625742b8c77fcfa67d961cc93a05e502781ee190dd15026b13ba1a4ff2a402c081aef02671d8faf3b4a8bc7b16f1c2518b31b60038882aa17,0x0a3eb29fff8e0ac5fc15e1f0ebc7f61ec4074007e4f10749ad2d495a2bc81cc8,ok
0xece45773c0d09458d69b4ab967bcc67df2a7039d,1,0x03a98748a07edb6b09cb883a85c380c33e885c309d65cc2b28c721df182d9d244c,0x04a98748a07edb6b09cb883a85c380c33e885c309d65cc2b28c721df182d9d244c1b29646fcb323b0aa4c246e74745b7c91d03530769f638ac4a2b04f7c8f7f743,0x435558fa9dba0303482f81960be392159478096b41872cf7d2abfa2c18a9ca3b,ok
0xc2d035ecc40efb3e8e8caf923df50bb4e27f39d7,1,0x0305b79c37ed83bd31089876173380e9fd3068ddb699f8b5a4c060649076bd7181,0x0405b79c37ed83bd31089876173380e9fd3068ddb699f8b5a4c060649076bd71816e863bcd1cf8dec82b15e82739f6984994a75498311ebe1fc8496442f75b0fab,0x1e3892eb21af96e7bc44b585ddb363129b69e513e14ff063b500dfab2ff5df2f,ok
0x42f657c4c177345e90e41f7e10af027e2f0334ea,1,0x0320fe0cc8787dc0b654553b7cd47d40bd15abdf73b4e5577f3deb6398a6dc2e16,0x0420fe0cc8787dc0b654553b7cd47d40bd15abdf73b4e5577f3deb6398a6dc2e16cf92a028e8a11752779f5245e0846c64643a02116286e3b927f1de907e67aa05,0xd609cc004ef3fa5cd2de3388eb0387b48d8700c13a2384f4a459704841580913,ok
0xb26475502b448e5e52df013563dafa3dca4d11ca,1,0x03855a036336f3573dd06364a36147bd65ce67ea7de2e466520fc0734eb5193e75,0x04855a036336f3573dd06364a36147bd65ce67ea7de2e466520fc0734eb5193e7597c7a5bc4642c91117fbf7395ed256f663ec48fbbc7399f3ec9f156a6834e783,0xa8b59979466a689996065dae348ebe5129d8621e5f9579cdae618079d1654cff,ok
0xd2682e662e04184bba48e48779d0aba98cdbd15a,1,0x036e1610a09caa3154b86a4eaf8f6c3918fb0d5b995fd23c63c0bd31d8ed1de2c5,0x046e1610a09caa3154b86a4eaf8f6c3918fb0d5b995fd23c63c0bd31d8ed1de2c51d976526f0f697a2a64c9aac46a08881555a99410293868d8f89b26c61c95e53,0x06e951e15eb3e3a2601eb8e2370f5a0cb5a1e88f65bc3d17083bff7e240ad6da,ok
0x410996d066258334d1f415942083132ec1b2df32,1,0x021983de98e7e9ebac1954a4765ae993e580b200dab0dac279f7d5a60563b1bb82,0x041983de98e7e9ebac1954a4765ae993e580b200dab0dac279f7d5a60563b1bb82c03770e65b027c76ebaeebc0132d7043003c18aa2666513993ab3bb4b8599ddc,0x170e60e43a401864880f6c36c740514868f2e84c14cb9b829f8fd9f0ca691bd4,ok
0x012cabdadc7d28d8a099a7175d68dd3941239b68,1,0x034e67f3bdfd5b1b2c23f06e350c4ec71006207c72cd7ab465a194ec164da79333,0x044e67f3bdfd5b1b2c23f06e350c4ec71006207c72cd7ab465a194ec164da79333fbc527736bd074800b356a7d132153f939953486e1852e43c0cf3e5ccfe9ad19,0xc2e59339d8af97ead32a5833c99296715d467f627d30eeb8d9dd40e1c163106b,ok
0xea5f5ad5b9e27b9ae49b08fb317dd2ef4ebb5435,1,0x02a879879fbbee64362f357e8bf8cba68a398f48cfbd85e703c70fa9b2e207f2e6,0x04a879879fbbee64362f357e8bf8cba68a398f48cfbd85e703c70fa9b2e207f2e61de9e4d6d1bae8de8c5f529f6a17b25f88254a6d1e8928e0eff85254dcedea7c,0x561ce78a7aa2b0ffa275d7ea4f7e0b6b9a3e4cd6cabcf75ddea6fcc2bd40b02e,ok
0xffd6db4f359a637ae686c364af6bbd6852e03d23,1,0x02b7b65581eba03a06e88020be9adb1c2028a34a22a78411740499a484d738b19b,0x04b7b65581eba03a06e88020be9adb1c2028a34a22a78411740499a484d738b19b53fe5bc62fa18acd02bca3705eea31973ec7868b6c8ba11c3bdc77fbd285d994,0xb413a6f4ace7353b71de797dcb73507a27ffcd4a3b80fc64ae3ecd5d733bba90,ok
0xa8b89863647238cbe536cc4886724477fe07dc3a,1,0x02b879318e71c12652e4a7bb3f51529d0d6e9e83d45f3f8465045b8bc61f1e0f34,0x04b879318e71c12652e4a7bb3f51529d0d6e9e83d45f3f8465045b8bc61f1e0f342fb1e4854d8687d389862d92ea631fb9e48a981af990763ef258ec7a4d25a08a,0x15cf71f11b4955eed486bfdb60f1cf624b4efa1e72700024ee8ae6214f04ea21,ok
0xf84555ed94af8a266ddf23af5d2dfc9da45b5a86,1,0x034c53e281dcf22c4deb7b28455b725c2e961e4319c69ec7ecf8d208ea3014b908,0x044c53e281dcf22c4deb7b28455b725c2e961e4319c69ec7ecf8d208ea3014b908242d29628450e9f5d562d569c0b4e2af51ea63c10c642c1c6ec52e440a97f385,0x42cf887becc9dd4cd3a267cdf5b175f8e53b7cf9b0ef56080e0448782959908e,ok
0x7bb3a715fc756137af56feac0d91295b27cb250f,1,0x0311f3c1739ba9e0c5bff639f38ef494b61bfe782595380575cd86cd7a123a5704,0x0411f3c1739ba9e0c5bff639f38ef494b61bfe782595380575cd86cd7a123a570473b771b106bdd7708126853bea032087051895b1655e6ead3f6f1b20cd847adf,0xa467970601ceac3dc021f00d3aa9790c243979e950d97d690a7e767c272979eb,ok
0xfb54a7a039c3f805cb7b4783bd36eca3b14fbf7b,1,0x02a3a82083bea7c8c856dbc85c8cf202e6793f67ca44a40c669bb11d9e7cecd1ca,0x04a3a82083bea7c8c856dbc85c8cf202e6793f67ca44a40c669bb11d9e7cecd1ca85f44f684e5414484f7a466d525a2958a67c1929d706b703247c90f9cd82a6fc,0xa0514403948fb93ee8f92ad33247ced3a20d0b8545bb47a12e74b4e8a11b803c,ok
0x2046d8d006af7b63f08beb3c3e95d3b697cf7dbf,1,,,,never-sent
0xa5c6b330e0db7474d60a7a379dee841b946a309b,1,,,,never-sent
0x801996a2c64416797833ba5fcd9fc0cb69369198,1,0x02c0a74ad1d47de90c934cda953d10241f1687f31323dacaa3954544e9e11ade8c,0x04c0a74ad1d47de90c934cda953d10241f1687f31323dacaa3954544e9e11ade8cddd33830693a423f670d1f7585ee14fa3ab14b6a442d91ab3f20e4cf307fe6d8,0x4fc44cc611462435f9aa2ba7468cc563bc5b9be2ead3b64a0d8d53a6cb15636a,ok
0x40c099f9aaff5f7c3192b817660b19db11d547e2,1,0x0395abe82a49f6a972b6486f278d8a76decd96bc2810fcbe1b5b74aa12003b565f,0x0495abe82a49f6a972b6486f278d8a76decd96bc2810fcbe1b5b74aa12003b565f2007f9d6e7b6596f143fbcc2a8323352dcbbe632b15c56ba77fcbe17fe37c5bd,0x3bf35d4015ca75752a3e961d99bb09c2b93a2d28c7121b31996f630f2ea1c90b,ok
0x36ad951c6c7b022e9365abffd8ccadf9b9cb997b,1,0x03e8c227b70e29d5acd20dcbbfc1d8b819dbf2b12ce8dccc45ebce7baf9991ab5f,0x04e8c227b70e29d5acd20dcbbfc1d8b819dbf2b12ce8dccc45ebce7baf9991ab5f0e768756a2148abc1ea1f0deeae5ad64e3008634ba9b0211085194675358422d,0x1e20d5e5e958a3c353bb4710ea524b723570d9a0388769efccfa40f6fd363508,ok
0x41ab87ae7552b11d993b774f62f38de07cf6ad40,1,0x02b386af7308c000f8084c1925f20fc848458832ad18adace9491c0b9a511f1d06,0x04b386af7308c000f8084c1925f20fc848458832ad18adace9491c0b9a511f1d06500e13afa7806b12dd9bbe38d17f1b0e04d12343589c4411288cc00e48e215da,0x8ebcb6b97037e068d6e407c02c2fe05c4c813a46e4c6d97e20b2efda63754a39,ok
0x79ded079b6f289dc888b09b0fe5d35fcfe764c4b,1,0x0389e17fcd6a830f8f602f47061a6c4e53529e45b388ec9ef2621cbdcdf8613a27,0x0489e17fcd6a830f8f602f47061a6c4e53529e45b388ec9ef2621cbdcdf8613a27df8f207d672848d8013591d8805dca0eaba42d09385c5cf951112a48412c8d13,0xc450dcc437d555b00182d0c3b26ee6dc67cffa44c69ddaa591af00b595bd4185,ok
0x1d0975be56dbd70cd8fd1a2fc691c6b8b9d4b8c2,1,0x036753ddd8a02272d055bd75770bf6ffd78bf06fbb1b8cfc0415a771ebb9903941,0x046753ddd8a02272d055bd75770bf6ffd78bf06fbb1b8cfc0415a771ebb9903941dcf72bf472b1fe772c93a53604f44eed85f28851003650cfb57af4347b48f66f,0x12e5b82b1fb0e534dfc907ccc207312f0269982100d042c92637df28229d7f3a,ok
0xa9cdc432a3d1a1a5f43b353950389790be640b4a,1,0x038f7b8b48d9d5cffd678e23a75d8b14aa54ece7af80a91b2b413ede82cf3af968,0x048f7b8b48d9d5cffd678e23a75d8b14aa54ece7af80a91b2b413ede82cf3af968932c2f52e2eda4fe9c67a71f763c53cf40e5233a59553a19d1bc416e99516ac7,0x7402c6cd487844fd1467bd6dc014e40f9c93c55f833f51f894a52700354f6385,ok
0x1ebb6b95a74f1f2f6bf71f4f8984dc2a82dbf260,1,0x03ded21d672f0b9ccefbdc31e4c16e3ee25f43f6006354a9f20709a69dbed8bf2a,0x04ded21d672f0b9ccefbdc31e4c16e3ee25f43f6006354a9f20709a69dbed8bf2a4d77f818233b168533a411b599680b9945547317365609527a735ba966483de5,0x291302e4d8cec6dfacea228b459ec8cbf009f2f1fcd763b913e3d310571c0425,ok
0x0c15511b3e49985e8d58a0062a4145658a138b4e,1,0x02a8976eb29d0ae81070d59bb27416f652d6730be53d493ca7bd50a5011b95a7de,0x04a8976eb29d0ae81070d59bb27416f652d6730be53d493ca7bd50a5011b95a7de3d3dbcf43740e1a16230da762697a3b4ebe8811b0e51ba916be4fa421360088e,0xa7e1736d5f4f9b118e0ccc2e242a6048afd7a3ab2e828da6c954650ce4402c86,ok
0x76d3592236a682581ecc4d529c41843d87513804,1,0x0249d9b50664d2f758472508b0755009906456b243dc0612b1f937b1db82c38529,0x0449d9b50664d2f758472508b0755009906456b243dc0612b1f937b1db82c38529875c21a742940596597bb4656fb9c57e25a2b70ad4e5ac9efef69c8f0a82cb88,0xe5289cb52c30d22c065f7b6017dfa3f5ef2cf3ed46f140014e35d53f6ba99709,ok
0x68a2acdc6ac23a690e2f0e626e52869e9f45b90f,1,0x02eaffc0074b1fe6ec483cd34f76b6cbb595f5a3e8fd0f1e4fdbc1309a991d6be2,0x04eaffc0074b1fe6ec483cd34f76b6cbb595f5a3e8fd0f1e4fdbc1309a991d6be2ba1122abace16cde553cd95bce13d79c781eaa998f713caeed9ca58939fd7d48,0x0180beb8ad6587fb56b142435feb5a4f508090b7095a158c48eaffdb8101dbc7,ok
0x30311d905639bc2a6533422bab778a16b1ef071d,1,0x02de8a33f87d4a7b996bc188a97374ae3f8df8c697bd009f888c59b47912ef9fa2,0x04de8a33f87d4a7b996bc188a97374ae3f8df8c697bd009f888c59b47912ef9fa2b2c7afba6c9930ecdb8b042434b7b81a15a6c27cf59d08a605ef673062a0761e,0x2dc7327815d626c3d5111df45a441af27f7d838d1dddd35372e0dd7e5bd20cab,ok
0x5666b892e60cd76cae23d5c0d12fff4d39c2d7f1,1,0x030cc55388d60ae7bfedbb15d62040a83bd899d24611d415fa808038086f648f84,0x040cc55388d60ae7bfedbb15d62040a83bd899d24611d415fa808038086f648f840c30da71abae2e521f0a74d3473c66ab0fb8807f5cc079cf27ad6cae04eb62ed,0x9579bbb5acc500b0f3854edf47ff0854ad80ac87b7697ff7c25bb4c9bc530974,ok
0xdcaa90d9f3b75cda80764326f6594b58d0585d21,1,0x0231994834e5bd41c99bb6bb753f8584640f83b8bc4db4cdc6c18e7d0fbe7d6d58,0x0431994834e5bd41c99bb6bb753f8584640f83b8bc4db4cdc6c18e7d0fbe7d6d58871600a7b95b8f1cfaa9e00c03a000f49fd48820c629e398440de4be8e23fa28,0x136c765c58b003aa7498707892ce254e57e05b898d64249f56fae8ec5a9c726c,ok
0xff9398a46e598bc66f28f969d556e95b21cb7868,1,0x03cc7030a47aee30494bd1b27f88e7c53a17aa6399aaa5b57c0540302fb335eaf2,0x04cc7030a47aee30494bd1b27f88e7c53a17aa6399aaa5b57c0540302fb335eaf2b80a43503b1ca4c0797cdb263fba560f0ec6ef182f98ba57cfcad15084a8ef71,0xb69e9422abce4c3ca23f1c2f26d0f81e7312df3ec8b0842b79badf7586497f57,ok
0x64f1fa767dc5f050431bd1d1d3e72ea0ad865a06,1,0x0359dcce7512aa86419d33e83f4426c1239e4ce85342b85f59386ff6528c7004e3,0x0459dcce7512aa86419d33e83f4426c1239e4ce85342b85f59386ff6528c7004e34bf9dada6a6bb7fbcedaa1221826503781e993237e4be377ffbd6cfb0f9d23d3,0xec330b18084611244fb62f5497e16c1cafea182938d0aa0603f56b6eb9984cc9,ok
0x82c180a1de52d751b1f4863832b5ed01e9f0833e,1,0x02cda4ff41b6ecaf7b1cb8c335eb4dd199f5226b1db554ca575873b99029f5156c,0x04cda4ff41b6ecaf7b1cb8c335eb4dd199f5226b1db554ca575873b99029f5156cc9252b6a0788d93eb1b819fb1a5bc8ae8ef3c956c9558a29d5f1becbaa2a0954,0xe5f8d8b0e2991aecb67010d59d4450415646a3a58f9e00229aaeceaa45998591,ok
0x4c56951e9908e596ee6bbc7bc32d469eec43b45b,1,0x0255d4795ed4f8d061946b0e91ece5146f50c3107fde55b4917b93b38b90c72707,0x0455d4795ed4f8d061946b0e91ece5146f50c3107fde55b4917b93b38b90c727072e05f9de462a37fad36ff754e0496686f8df123d6abbee301065914ea0ce5144,0xab4e795f588d0963b2cd102d67548c1101cdacb39e5bda63d48da3e7e684bd01,ok
0xe4a5b683257c0d7b269b88a313fda5f980adf04a,1,0x03f152a018371b76dd7e151ecd7d9cbfd29ce700166ea934c38998c7354f4448a7,0x04f152a018371b76dd7e151ecd7d9cbfd29ce700166ea934c38998c7354f4448a74b3d563fa16b473cdc642a74e717fca4c8361636a6c2f5e52e7196751b32f309,0xb0e7f971f9c7960538bc2d35b756fc93c3643c62da7e5b0ab4b23877447f3221,ok
0x9ee49420ade329ff711bd4d45761377cf1215db3,1,0x0326e079f4b8be0549dd826afe4583e5797c5766b5ed3ba2eda5e03a7ecb37992a,0x0426e079f4b8be0549dd826afe4583e5797c5766b5ed3ba2eda5e03a7ecb37992ab36146189a2607a3a7438ffd3391b2365cbc766f087a85a0ebb82b346409c30f,0x45c9108cf680429e179dd8147a936060d5a64fd94425fc9b62406bfb0565b18d,ok
0x3ce8202824fd5673788f9e014d2d37ea18c2afc5,1,0x02b54e434c13cda0a4b590d383ba2c72e8c196b1c3b7dee9d948c76406ede59de1,0x04b54e434c13cda0a4b590d383ba2c72e8c196b1c3b7dee9d948c76406ede59de136ea9c5500a55e2be3fd2f22df3a537a4c035e2f3fc1f7a83bfdd0acc24f730a,0x4eaa3178f75a7e6f72a9549c0507905418cfb412a13b643a07558ddc828679aa,ok
0x2064c522652607046413ebc84718569b859b234e,1,0x02121b6e47c7fa133c40ff001ad24e29184c59c6ab9d24f0c175935dbebc89736d,0x04121b6e47c7fa133c40ff001ad24e29184c59c6ab9d24f0c175935dbebc89736dd369bfee109f9a5b337cafc12a2d68dbc6f6b879726e647d7ba071f30765e238,0xed1186b1a19de573fd2af08e74304264d1cedd3e3efc33df9f0497aa5d0d6788,ok
0xdd6403a539c741e34c8b5bc774a39f5601c48890,1,0x038ae6434cf442757321a5c6c55c67e7a881584a618e1f5eb1245dffcce2a53ffb,0x048ae6434cf442757321a5c6c55c67e7a881584a618e1f5eb1245dffcce2a53ffbafaefae8dbab37716d781b689a8b9f9c35bc85bde929d6cfebcec9c8ee9a0699,0x8bc34e1086113ede60a72487818a52f23cfe2d3ec95bcf659c755ac85d423f2a,ok
0x874d7a7d23def59a4ebe5722e9a5089d8ef54845,1,0x0293f7b0decbcd54c6ec054c04d0d20c3748ae6badd3961f8122ac461dcc5125f2,0x0493f7b0decbcd54c6ec054c04d0d20c3748ae6badd3961f8122ac461dcc5125f216db316f60e59af85393e8b5a948595f81056d95f17b4a52d03702435ab761c8,0x04d608b992139e066659a191d75d822faeaffae188491a5ea03dde916ef686e9,ok
0x3d98726098eaeb8055ee04b87fe856bb32781f8b,1,0x029cad94dced821b099dd04681e54065e7c5541d57ab5c37eef849c695333b184b,0x049cad94dced821b099dd04681e54065e7c5541d57ab5c37eef849c695333b184b35b2da183b6132ae09956efaf7d428967968575ae52b396c2011caa7376256e4,0xc7b6b83213a958a504147245b389b18f4290da6406e924d41ded43f2285a0341,ok
0xc841b622dc2f8fb729a20218b955fedbc7abfb9e,1,0x023d47f55e47dd23213f66d6446c44b649fc6bb9a374bd3529544e88eb8cace7c8,0x043d47f55e47dd23213f66d6446c44b649fc6bb9a374bd3529544e88eb8cace7c86be6afce7fe07d64324d077fbeea33d10189e5509b3d2fa630517c347303876a,0xb52c25477e3c79b23c9cc20c6bac34dbd10282e0753663d079aeb115a41daeb3,ok
0x5e8b89e3877f7925d6250d7db37e72b17485ee02,1,0x024121b19ee7a381d0ac27d662a72dbaf8c9f9ee8f01dbc544f55675f809e41ba2,0x044121b19ee7a381d0ac27d662a72dbaf8c9f9ee8f01dbc544f55675f809e41ba272a3cb570749ac6b8344c62fd2346a9672f37c19ce7a34f1356336408e02b978,0x6e371bd7e3ba0a146faffd1c066495e4c18e7598a885298c29f2a72750cee89b,ok
0xe487ed5ec80cca6e8a44f6d6f3f712088df8ad4f,1,0x031eb2464fb990d59887fa2a19f5ba85c66674b3f8960985a6a5b39112baa57173,0x041eb2464fb990d59887fa2a19f5ba85c66674b3f8960985a6a5b39112baa571737a7d39d2d033144e37489f3f0e51e8752b2122379f7534e782f37ad942ed8319,0x90cd440d4f22603199a992a7d24acc71e0334a796cb8ac744a5134c1312fcd82,ok
0x29eae91dc55872d559bf7de683fe150bf832a6e5,1,0x0319be296e7e1d1c679aa63ddb2ca050e9ff85c9b4d933337feed80a17fbbba449,0x0419be296e7e1d1c679aa63ddb2ca050e9ff85c9b4d933337feed80a17fbbba449c65341add83f0315400b7e23509118a47818bfe98ff94041f4e81b8712a06cc3,0xaa2f042259be8c638e6bcddffdb6ba9c2b209d95fe48359980f25e73d31b7c01,ok
0x03f0e71ac43276fcf0b327b1abe8cdf5974aecc1,1,0x020f783b67c8427ea373533897dce8bb318b21831d722d55df82ef7a6227f6ecdd,0x040f783b67c8427ea373533897dce8bb318b21831d722d55df82ef7a6227f6ecddefc97c9149ae0fcd741be5732cfd26e9d777f78687ebc5696fb2394709cc1e7e,0xd6335b1e876d3c67fd8afb31447c35b9c64c8840d8f4ca79b672bfd32647e5f7,ok
0x425ab2051e0cb14701bd00bfa7e65aa57da252df,1,0x0234a204f02c8d6e2f88e7688814d10961ab7311e345046d8bb8551c2c2fe9d426,0x0434a204f02c8d6e2f88e7688814d10961ab7311e345046d8bb8551c2c2fe9d426faa4b9b5b7da712df0f9ff8c6ed7d2d09b75b9ef35eff2b95d87d453dfd6fbd0,0xd5d726b8ccab3dec76a0880d8ac572ba94c4fbae22c120a5e88406ba20d81b70,ok
0x25680fd89f0b4e0c4ab18512a2677e35315f86c2,1,0x03ab59beb0fad0b9cc7a2d4ff1e8b647508ecb8c76a37c875e9bdb6700f829f97c,0x04ab59beb0fad0b9cc7a2d4ff1e8b647508ecb8c76a37c875e9bdb6700f829f97cdf5585a19e29fc3631d00ee2a28df6c47baad6a34f4f0dedd2503cce8100ba83,0xc88dce5d49c8dbe1e7be88b83135581739cff463a9736563d0d78d3a91989492,ok
0x836e7cbfe79a896962bda54be27e495a3e0b2a02,1,0x0307595b32938d0194110db5068acce14493919a6adc3fd389129df3600623083c,0x0407595b32938d0194110db5068acce14493919a6adc3fd389129df3600623083cda0a9860b88ab9c00f3fbb4e776aee5293e16262511d23856e9151fc6814977d,0xbeab75e4a76956fb95f5f1929fc7ee47d3a44bcda3db8a762499b6e8330135aa,ok
0x9028417ce5773f5a16d24326ed13ed6074bb3278,1,0x0388b8f03061844cf762ce4b7b329bdb07fd64ea56ae33f53512b6dbf13f08d54a,0x0488b8f03061844cf762ce4b7b329bdb07fd64ea56ae33f53512b6dbf13f08d54a26016ee71da18bf48656936cf6578c55335c28ef5d69ba5eaa89a0c9b08ba6a5,0xf903a05e0beec9453d7d641f5fd6d8c4b871cf4fe4a77f5dce5c23815309a91d,ok
0xd37358eb3e329f1c5a57ab66816299e7a88aa224,1,0x02664e28899beddc889cc97e81b6b142cdcd574e9e83df4355394d252bf3524d9b,0x04664e28899beddc889cc97e81b6b142cdcd574e9e83df4355394d252bf3524d9bb9f8b17327d1211e35a94eceea73564e76f31ab87d3a0e6188145256e8978f7a,0xe102f364e384d4f89a10867586763e9287db2c9200b18fd7489d4f184837e08c,ok
0x2918ceda641716fd6bda3ccf691c3b54d4c87b6e,1,0x0264f6fa268b3761f0164e4538b87f81891ec92f0180ba444368ecf06361915eb7,0x0464f6fa268b3761f0164e4538b87f81891ec92f0180ba444368ecf06361915eb7887a12d5b4d2b1238636e5fc26bfa4e1138b78d6e70fa0211577a3cbcaa8ae1e,0x76cf7e7cd2e5d71d85dbe312401246d44c2c29761604c4768fd2e24127c5b85e,ok
0x58415cc885717052276dbaa4567584d73d6d3bac,1,0x027b27575ec689f5096f95f6debe636ab6c0a3e4d20fff781ee18733ad43f252e7,0x047b27575ec689f5096f95f6debe636ab6c0a3e4d20fff781ee18733ad43f252e73736f4a510ce15b5c7aa5d692733d4f68277fff8c2c63739f459f2b89d5d3c5a,0x0b59677d2c552256972811ff720d22e60d2c8e8e928361e0ee28fb94c0624765,ok
0xc3158c8adf2ffe26992972262216f4e7847eaf1e,1,0x036c6c108d175ce2815d92c8b23a27396d3de4f3a2cb6cae2dc2cb0b915c92747f,0x046c6c108d175ce2815d92c8b23a27396d3de4f3a2cb6cae2dc2cb0b915c92747fe07f097f370ce2420b57ccf3e9eb266495327476bb9213c2d10a1cb1f42597e9,0x03d945e099559d5e392e40f870f26f5e54fedb63e8e198e94f10dd5b97e91ee0,ok
0x953c36badfa27f916653446fbbec0c20542d45f6,1,0x02a5beb39132f926d0976c458f957592ee9e31c98b7548f7a2869a0d8ea8474eca,0x04a5beb39132f926d0976c458f957592ee9e31c98b7548f7a2869a0d8ea8474ecaed3bcfe8a9bd398538cd793611af66fd084456f7b634f8db793db43fe6b59788,0x08a741ee0cb3f5fdca460e2f74a9471fd0cdd11124c6bae3b03cc5b27a14c0f3,ok
0xb34068c9679a6964236d59f83df31d1d26cfe5aa,1,0x033188f5ec944597f69fe22759d9e1c306431abba9f8467f5a69e76577f50ece92,0x043188f5ec944597f69fe22759d9e1c306431abba9f8467f5a69e76577f50ece9236a4aefc0485271d91073b7d0eb7850f38fb427b2845b445c17758589b413369,0xc6351799efde1a1d954e462aabcaa8eb06807124f3dd98300b40def8cf51dedf,ok
0x5d2fb497b9b664d5b3dbe32cf8b0e57e5da7bf0e,1,0x0265a7c64b2c95a6fe523f435f8ddb7fb65affe27f370b301722f34b0276e37400,0x0465a7c64b2c95a6fe523f435f8ddb7fb65affe27f370b301722f34b0276e3740048592b4f35b377510769bb82d0aedc1aa9491818ffb55b1df5be0010d0816ff6,0xc4202da15ed61d30dce3688438f9bc2a6e5ef028fadebfd84111277faa75e709,ok
0x10a8631e98ebd4a1eee46fabcf1e00ab71a33b11,1,0x0329597a305f05156b68d9d586978019a305ccfe924d430e3ed30d79efae1d3fad,0x0429597a305f05156b68d9d586978019a305ccfe924d430e3ed30d79efae1d3fad9ec1b461962ebcd02ab6c5dd8853d576784498884e35dbc09e3c6a23c8fd518b,0xa1082be0a3838097757890bf8ce06f8a1142a66b9122980284b3a5b546733b17,ok
0x90cb3b0781320a156787414846fd1dd0b077588b,1,,,,never-sent
0xf0b665db7ffe29c05076ac0521a3ee610a2843be,1,0x020c6146e74abcfc60d103de904413f34109d206d08d7a58b3478539ee4bf86937,0x040c6146e74abcfc60d103de904413f34109d206d08d7a58b3478539ee4bf86937299a3aea23f9392b3e109a4fbc4244ca9d404ea9a43c3754cce764ce4c75737c,0x8c7c910e5819563a55e7d8709cabe5635741f1457296a6e9bf7a85db832c4524,ok
0xbb24a48833724e7fd693baa52d761ec8fc6120fe,1,0x03064bcaebc0f1c460dff820924a0240dab31b20f0d2bd8ab5b873f1408679b16d,0x04064bcaebc0f1c460dff820924a0240dab31b20f0d2bd8ab5b873f1408679b16d1881c8caf81e0ebdfa926ae48bd2ff0afaab89de67e1c054a736a84b41499e05,0xfad92984aedc8e4254b42553cceb095bf607ab45f6540cf4768b358a837aafc9,ok
0x2a47fec1d395d054f7ca4a5e5e650be5475f2ef9,1,0x02ae7e2db78aec652bbde9473750a88a37ae4eab322f6d2e1bc391854b2c37b6a0,0x04ae7e2db78aec652bbde9473750a88a37ae4eab322f6d2e1bc391854b2c37b6a01a6e247baeefde3296aa86d3d5994973579c8febe5fc7875963f70458ca9f9a0,0x94c0c5a0409bdd3e6143e3ebb14b892ba5d4b100ddbcb2648fb69c3f265afdaa,ok
0x3da1fc1e5ceb31c9e0632647ea8c7c4fadf35b7e,1,0x0238dffa83dd08eb8a73da86a42344c79a44a81f703f05a5b9f712508f3e8d329c,0x0438dffa83dd08eb8a73da86a42344c79a44a81f703f05a5b9f712508f3e8d329c303fae6106d499a31dc8dd0d0d2c85c1687d45c64c0469d5ff2f17e29f973238,0x32154ba51a255fcd2520b195205cecdcaa8a6831b6c8c18f0151d3fc491e58bd,ok
0x05b3301b4fa008f7274d12575c1b4e28f23b7bd2,1,0x032b4124fbb5184bacdd8e28b22c8cb6423d8e5f0fc303944ebca4d00dbfee176e,0x042b4124fbb5184bacdd8e28b22c8cb6423d8e5f0fc303944ebca4d00dbfee176e8c802fbadcd9ac6385b246465cc27123f8c007b7117aaf5a145fa6594ad486cb,0x00b83ca7ff7f9d4e947214e2687f93998107a6bdfc210809689af825c69c76f4,ok
0xaa97596be166ab6738b47ece6db2d8d85666c3f6,1,0x0287afa6eb5a5acd342250cdf862848c60092772bdb4b0bdf03caa34f9bdf9b805,0x0487afa6eb5a5acd342250cdf862848c60092772bdb4b0bdf03caa34f9bdf9b805325c63e3cab0ac785063bf18914bf2bf0bbfc52d52ed069d2cdc5c450c42cf60,0x7374f35198bb849b0e78f00f2f0cb18aec7090933eec5c60a89a39bb81fa1d61,ok
0xb7fc14073052da785411c020302e5948427d5302,1,0x02ca01c51c1b46a11c428d5208109cecff063a30edffcaf1264e2be73e7f32fe59,0x04ca01c51c1b46a11c428d5208109cecff063a30edffcaf1264e2be73e7f32fe591f8256a68ec16ec566b9dedcf2abbd066b71e0475daf6917f1b0cd33bc6e0c00,0x0e8e5f17a227cb6028499ada92c5509bb598470eb15be3a12f5b57af033875fd,ok
0x78ae105859547305bfc5fd6f041112b7291e816b,1,0x03e3743aeeb435b0a9f8880a17f9ec6e994ac7c8664c945303a10d29cf6779398f,0x04e3743aeeb435b0a9f8880a17f9ec6e994ac7c8664c945303a10d29cf6779398fddfa6b08f15f58b49d7d02a7c706fd83ffa67b44a77e21334f91e2315174b033,0xbc16c7e5cb7d17f9a2cff2f68dc055fa427f2cba8108e41ee0560b169091ceb6,ok
0xe35b91c89c078f44524e81f208faf85847538f6f,1,0x027d759cb41ecad0f7d181c793058350d2f6379cbeab5890c4eb720c943186304e,0x047d759cb41ecad0f7d181c793058350d2f6379cbeab5890c4eb720c943186304e30a8d9ad39380b4f75a7cdd7294fe7cf1fb48fce1ef78d6a353081e7b1a9bd4c,0xe1b5b96343eb5e3f50aced84cfba99dee64e8475e731d3f8788db86e5deaa1fb,ok
0x79d899379844d35a1a1f5d51d3185dd821f44dc1,1,0x03dc237e46f82fb1817b047c42f3792d08074f4687c6b19a9bb2eb3a122ab4ca27,0x04dc237e46f82fb1817b047c42f3792d08074f4687c6b19a9bb2eb3a122ab4ca273632d08f597fcf06f65b47cae0f147c2b5a48812c6cf1ed41a8e57c79ddec7cd,0x31cfeeb93fcf9dfbae8585b040ea831752dcc9f409db52bc7fa1b524e59e263c,ok
0xa91689a8be49687f8fd2ad119b5ad74bebeb6f04,1,0x03c32f57bde7bbd80878b2be5773744b2314b19ba208981aead22dccc458a29137,0x04c32f57bde7bbd80878b2be5773744b2314b19ba208981aead22dccc458a29137fbf6c792655e76a0d208c077e211776a48547057bc190815fa410f200359a4b1,0x905e1db9e0488943790b832120b871fbf554f4ba0c8f0f10a7408b2182012c37,ok
0x6e80f0a0ef5f8da9467b4ce8fd7afe176bee9439,1,0x02bed76b0fcfabb814c5eba6ff3b9cc73024bc6897a6f9aa7f465efc4bcc0d596c,0x04bed76b0fcfabb814c5eba6ff3b9cc73024bc6897a6f9aa7f465efc4bcc0d596c9f7fde23794e7301a869a7913cd3fac3df35b92b2901ff7cb8532cad21889bfe,0xe6b4c8d8a5ee2f2b39ada5f29cf4d81f652c4b4b4a31d736ad0009c9a8b98b08,ok
0x02d68207622d9bdc557b8cc101862442eeb872e6,1,0x034d6cafbfaa04f9dc197224a5b2e307d4c27b3b955a28ab445da46729d3460a67,0x044d6cafbfaa04f9dc197224a5b2e307d4c27b3b955a28ab445da46729d3460a679004fdcfc1c9e1f53b229bd728631e61a644555921acfc8c5875bf778b83b473,0xd4ff5a8d042350cbb321c712c2dba2c102a5c2ad8522d3f6dcc9efda9911905a,ok
0xf36c101104d2ea40fe97ee04425e50a55f1f6b6e,1,0x02f609eee2ebd740db425cddef248ddab99c3f3985256ce2b58e5069d1f48d6e1a,0x04f609eee2ebd740db425cddef248ddab99c3f3985256ce2b58e5069d1f48d6e1a48865a5fcf4d0b345f3008ed50babc572eea34ce7edf8369ef7eca32e4fc5096,0xf7957dabd2680d1649cff03ffa57445b5b71505fd52f416a6c1083c4d170becd,ok
0xb5f11f09e5a99437e08ec523d05fc3f1e6bf0f42,1,0x034a75d876ca03d4d0549518b8f1dc07b3736a1f66bb6062128fa552d58683dd45,0x044a75d876ca03d4d0549518b8f1dc07b3736a1f66bb6062128fa552d58683dd458e355d80c69a3a3cd2b5086c19e41a81b3f0a8dbaecee1af7afbce936f24c3ad,0x1300148c5818a041ab95b6de070c03c97fef9b90553aadd81f002b7a3f61c362,ok
0x19891d5c1a99d140a1749e92ea403a196e86b259,1,0x021b29797d127178ded0f25cd86178537b57843cd865ffe23cebba0cb7b7adb7dc,0x041b29797d127178ded0f25cd86178537b57843cd865ffe23cebba0cb7b7adb7dc479e55297bdde4ee00a2602c5077f8ef20a58a83d9e516b698263e67406daf24,0x3560422d815adeb77c1927b86379a096638c8c42d53b14639c7ed2797e7a5697,ok
0xd17411fc2a86505c60bd353fe0fb0e6c593bf0c6,1,0x0300a8af4158ba0e86d83207eaf69dea7a518c345520b3dd5445559fc733c3877a,0x0400a8af4158ba0e86d83207eaf69dea7a518c345520b3dd5445559fc733c3877a9052fffe4c46dbf3309832f589db6a6188688baad8d5909e22213ec07087f4e1,0x1a9613b880eb0ad3d893233ad6b96058e6020db844947aae5d7e25851a186742,ok
0x90077550db8d23f3825634c3497ad3a594013137,1,0x02f6eb69a4d50f68ef61f86c72fadbd6b1d3c80ad3975e11e88b9a324be1447550,0x04f6eb69a4d50f68ef61f86c72fadbd6b1d3c80ad3975e11e88b9a324be14475505ce12c35d85b1f4044350f523874c347654f8eb2965ec82a5c2937dacb545a72,0xc68b6d37a04a4839d4927f381ddc04b957d076cd55851aa094d283f2b01509bd,ok
0x1e61b817a95457ce2761eeea634c818a97b90750,1,0x03ad51086a656758b7427358abe8bb0da6accbad09b9ef0d0a0bda70cdc7713997,0x04ad51086a656758b7427358abe8bb0da6accbad09b9ef0d0a0bda70cdc771399763019b57756391d89ff373a101413b9bde62d502d9a7b526101b41bbb53b9e5f,0x0082f6ef487ef1a93f6d1e0100b80040bc3ca7896e65f7bdfdc8857b8051a1dd,ok
0x5c073563ea5f17c7414081c9ff6b180820bcc78b,1,0x02e54c00a2672aec32b5f8bd4ff0963138287bb7e13e1ab24826f440f6e3b8f431,0x04e54c00a2672aec32b5f8bd4ff0963138287bb7e13e1ab24826f440f6e3b8f431066ec23c22e1dc0931efb2f5bb709642f63b54809495684e0d67a76fa71e73ea,0x127befcf32d9d9ccdec3752202b59d65f7c1b964c5fad0181ead7ecd35ace814,ok
0x703a7c97562b26a75f1fb97fee13f60116a0f172,1,0x030ca6e5e503cb71efb6daa06093df35f177c483e6eb52da7ec2461b16426f1d87,0x040ca6e5e503cb71efb6daa06093df35f177c483e6eb52da7ec2461b16426f1d87072698957b355397a7ec68ff7edad29d50e0c1d74c5b3895c16e7f636d0f4765,0xcb18e65091605b488e4045c5ec3f8e326514525b0554bc95c655d60e3019520c,ok
0x8b0144c5a380bcb46b25f7b370307e03dc716093,1,0x0329680d9475ad2df24a6b2c2c8b5528302ef4a4646e9def3d9019d4b0b8ad3bd5,0x0429680d9475ad2df24a6b2c2c8b5528302ef4a4646e9def3d9019d4b0b8ad3bd54d254bb6c81b4f36c6eb6e615ebce40cd7b6b3822a2b61d46652d1c85c34c0f5,0x7b997f5e78597fbe391b2c63edd07414a3e32edf1c6eecb5289b8abdcc7a55fc,ok
0x48bb463710c5a42ef01e1fdbeae879758b597f4c,1,0x022872320f39b6ea3be066a4177feacfb70238aa5275bda3c09f46fba0e596a688,0x042872320f39b6ea3be066a4177feacfb70238aa5275bda3c09f46fba0e596a688df58345332adf7f9c2cbff89b8810cb5c841ac99abe0061c5f171d4f7c2e7862,0xcb6c34a7790e7f99f9437b4045bd21a867ce58c64f88f27bf8c67de6c6a1afb5,ok
0xb9e12f5b38d4f263fa2268c27f43b0f3311018a9,1,0x03d28325f6d3f1da6c629fb9e22ae11fdab2ba260062c9027268ba0f180e5b376d,0x04d28325f6d3f1da6c629fb9e22ae11fdab2ba260062c9027268ba0f180e5b376d74cf07d757bcb3dddedf4b17bbbaf5c495d8ea8fd3203fd16c61e2f52049f691,0x258024cef400f1b118ce20d35b6c11d6b52533e98ad50b05b0742d2b370ae7fb,ok
0x32e79ba128e42825c642e733bc6a3543c20fbe3e,1,0x024bbd20dd345b193f5950131adf0d63994561a39dc6654f258bb50b08820b26af,0x044bbd20dd345b193f5950131adf0d63994561a39dc6654f258bb50b08820b26af7250b83bff6c567bf9597a6622badaaedb7278b6632bac11c54f34e8d1dd1fa4,0x7d319da3d9843c3fa0b3483c9c038843dd140197ef3f7d6855b2b8f506269b6d,ok
0x350dbc94aada493fa640738963f72bbc7e0656a1,1,0x0209199d9dd248c9b2ddee3e4570b5e7e692e9ee925605c5f41e6c072b73536777,0x0409199d9dd248c9b2ddee3e4570b5e7e692e9ee925605c5f41e6c072b73536777b55fd84766e7caf488852877286a4a31c820503ff6c38ed15684b39e49532900,0xf0eb48665ee7bb54d4788c3c7c6e5642a95c9f970bb73d652d455aa9860752ae,ok
0x3447649d7e58abc9b28b6843f52e24ad5efeb7be,1,0x0380be7c6b81eb365dc42a1000d004a4296b0875f42f8525e9c2f8c4acea7979b8,0x0480be7c6b81eb365dc42a1000d004a4296b0875f42f8525e9c2f8c4acea7979b8eb61f6089ede10073624d51ca6c4696eca13de5d2826c787c2dff6c975a519b1,0xf54a03e9268eaae41ee27c6cd45fe1665eaeccb033700ba0d907ec713c93e724,ok
0x7c8bd56fa5877d78c1ba76504a41e4ca727d1ea4,1,0x02cce2e0e41f89dba70bf45e505f30a3dedc873ed0395febe568f4b5d6d1db0de0,0x04cce2e0e41f89dba70bf45e505f30a3dedc873ed0395febe568f4b5d6d1db0de09761f2be948f73df0dddfc961b2cfd95c19888252357e1026cf04897a00671de,0x9a5b65aab831a41d5f7de88dd4f38c9a759ced83856045cf845ccdb2538e4391,ok
0x73d8838ab8d39a91db65465fad0032a9babdd3da,1,0x02ecacd49a9536b8c1008dc3d2c587faf6ebb370fb8539b2d152b25ce75ec27772,0x04ecacd49a9536b8c1008dc3d2c587faf6ebb370fb8539b2d152b25ce75ec27772efd38f4c751dc48fb173d64e4f55d5a1243daf1dc24c17e3cd467bdd0d0a84b6,0x61cc835bf681fc7339edbfbb776a3876f45493df9ed68e39580df09c32024420,ok
0x0ae459b81c4e92aef01e3886fe007146ef7dd2c9,1,0x02ee55d5779a203070da426a08adc54dcc6f1c235e1b35c512862894e70e261893,0x04ee55d5779a203070da426a08adc54dcc6f1c235e1b35c512862894e70e261893c928aca203b67d453e4d53b73e6e94c400e063b5c4f3036363661662a656c6ca,0x5e9eacd5f8343e2242caed56264acb1bafe0232e32e60b85a3cce5c59b41d4cb,ok
0xc7c22f5a98025b1145c412183fa81bed7b4e3fb3,1,0x034ed8f4e5f17491f1d91e4cce02a5d025fcbf95676e2070a03d4794cebfe1a964,0x044ed8f4e5f17491f1d91e4cce02a5d025fcbf95676e2070a03d4794cebfe1a964c3cdbae9deee86191c7a0a218107ccbe7d3133ecfcd0e7deb503f7924aa53d7b,0x4558201e82df54f5fcf2b7c5e924d04d3fc65832ab8bb11ea6923a75d911236e,ok
0xc1b010a7c1dff91133372c106accbe595a027043,1,0x031602195f51d0c2f6380977371abf416329e528cf2f604788809c47044b664f52,0x041602195f51d0c2f6380977371abf416329e528cf2f604788809c47044b664f52dcd3444fdee796d64700395c4fcfffa065fd35660023a44b7bb8bbf796c6ad47,0xb7b33f71cceae7712313d617fdcf54b09f20b754e912e615ebf0b8c0d523f48b,ok
0x8ee69806cd134703a60540fb53a86041fab5550b,1,0x037dfb0c805d0f0bf88f6aaa3a5c99daef6c8b51f52d83102777276c9e0373ffd8,0x047dfb0c805d0f0bf88f6aaa3a5c99daef6c8b51f52d83102777276c9e0373ffd83c43f595af0f93c45892349f66f48a481c473c57604d59bf90bcee4fe2ca9ce9,0xd2a9d8da4c3d4298f17dbc534bfd5cc4f29d903cd4cf35094d07a6f5e9700de7,ok
0xffcb3a904ac72226ff3ff20a1b45d1d139404f0d,1,0x025f0b3901c01833cc1569e6629f06de495a621000ec2380bedaa0635e58cf6dc5,0x045f0b3901c01833cc1569e6629f06de495a621000ec2380bedaa0635e58cf6dc5b9cb081ff31949237edbaef0a463d115f5862bc31d0e4be3d3366d7c89f195c6,0x2a76751d0a7db15adb015f9b35c06380ef10fccc6089f205ae0f5ab3c1e697fc,ok
0x5b0a763948a486c0704d8bac04d6d7f331c50f57,1,0x036188230e336c62af08e4c87d2a173e930356be9c6942387124d57364efcc9dbc,0x046188230e336c62af08e4c87d2a173e930356be9c6942387124d57364efcc9dbca7c4046364e3f1f1b27768bcea790d5ffbd680a0b243479105d5db48c9209461,0x80c9c56c2130f937b8bff30bb95dbbf299a06487b0bd75dcf022e546ac3d52d0,ok
0x053690ddad5114b309ae5c8ee6465d5d45312f08,1,,,,never-sent
0xbc9c5859ee6984b0e424c0ce336fd146cc34d459,1,0x023d6361dafba9acd59658a877dfd385356243b60f2544749b27ddb6099d2b2660,0x043d6361dafba9acd59658a877dfd385356243b60f2544749b27ddb6099d2b26602eb8dc2156ac4960b6d224878b83fc69a43a7b701733b8ffd6b163349badebaa,0xa85dd9a8dbd7a3bd7b87f0db14492aa5b955e00b01b7380a9f48b00ab67a9199,ok
0x3bbbcc2851b532626e073468faa35edaeabc13d3,1,0x02607edcbae69037119067705a41be46586ac3738a5cbcb7a98878bf7240b8eb67,0x04607edcbae69037119067705a41be46586ac3738a5cbcb7a98878bf7240b8eb67377b8b42e3277f8cd129c0208de34ec6a4e49af3b8bfc88fa3a9f360945bb7d4,0x6b894ee7c089d03049d94e816172f7e1f56570bdaaa3c659a9c43932b54be0d9,ok
0xcc1b18f8dd6016b58488af953d73b95113d8a917,1,0x03ea39913298309a1009bc225e2b4c670fdcad1da1a6fec0b9de7af8dced1e1a67,0x04ea39913298309a1009bc225e2b4c670fdcad1da1a6fec0b9de7af8dced1e1a6794cc72956bc6750d830e887be68ec5bdce5f82624be47fbc559c1bab634a8b0b,0x89ca8992aaf63574591dd4276a03397d1dce12d19a17d415a333c31868825a72,ok
0x52731a9d5ca3b596c5439d407293152b346c1ce2,1,0x026411ded50843214c1446a3237b723dbae6de89d4c65ed317c1bbefbac0239094,0x046411ded50843214c1446a3237b723dbae6de89d4c65ed317c1bbefbac02390940d72b5f542f2646edcfccfacdc0800e3315f255f2a29633b1dc95c6ec44f4f42,0xbe620504742e324386a51617d9f7846a6d3b1d1e3e830174a131c340a59dc71b,ok
0xaefcbcad09d299e7292f810a38ccb067b46e32ed,1,0x02c552d1059212a6f3100745a796cdb90b379f61a761a2ab25fda6426e7e85906d,0x04c552d1059212a6f3100745a796cdb90b379f61a761a2ab25fda6426e7e85906df893302a3557454c360826e5a1f82c3fd5360a16ba6c7ae15da7cdf14a4ee6ea,0x95166bab6a31d57476170ecf3386d8720d5b8a7c6aa569561524b744e872475f,ok
0x53f50cb7b42b9c63e3cc0b1e96a5346187fcd483,1,0x0342971e6840445793ef19fb323412cd3476f8d205aa5757bd851f8e38188f5d1f,0x0442971e6840445793ef19fb323412cd3476f8d205aa5757bd851f8e38188f5d1fd6ec615be46f0bcf366bfca47c9e22715fe54090ccd5df8a65ef8f36c9a7010f,0x2ef75dd7659ddbc0ac483ffc530718ab6d9bd59da58157b87a2d990a2f4f15d0,ok
0x21e6261a201cb77c29f44279d97a607a96275053,1,0x039855d3629f93e38f983f8388b6ba02e809ba338b10271551eabb1dbb96de9e3a,0x049855d3629f93e38f983f8388b6ba02e809ba338b10271551eabb1dbb96de9e3a05b7e9d1be7878c14a2170a303c82ee6d8915298add22e9f0bda2ad5b1b77959,0x57378abf303dc817ab1b030021d2a1de5bbb88b5431ae0f718b55b0becc35f7f,ok
0x1d1151d14ba5d127adad2e4852efe7892574bc9f,1,0x03387b018610860193f4176dcc91202477887cb976b0bf57b90dffb273b8e62706,0x04387b018610860193f4176dcc91202477887cb976b0bf57b90dffb273b8e62706cc6c503dddf212f894d2388142d75a93bcf2f979e107a3f680cdb9d2036bb41b,0xce541abf4ea96a2f91eddf8e8f7e1a7223cb3d54b80dd6a66a118be19d811c45,ok
0x3cb0849110441cf8d474d213c84a0e7a67e0964d,1,,,,never-sent
0xcf62926d499fb2e549ffab33bad1b6c36c72a968,1,0x0292d6d8778ffa1ac55778d4a155418feca5c70d62a335c9aeee6f7859c1211cf7,0x0492d6d8778ffa1ac55778d4a155418feca5c70d62a335c9aeee6f7859c1211cf79fea3927e453e498923dce364866153cc771075bbd0ae3851b8fce39bfb570b0,0x05a6a375d903e5cb77d81aae2b0577f65389a0e893e8e996d8f5de6ec68f5ae6,ok
0xc5087953d83168f4d0d257ba686f7e2d7945c2f6,1,0x03df33a8a5a8b988485c5b10705085dc5870e1f56409c55c61d75919d4f98232b5,0x04df33a8a5a8b988485c5b10705085dc5870e1f56409c55c61d75919d4f98232b56a75a8c0fe1da4c4bc85d9e5e16846453e8f9b8fb5466cceea9af4c72e7e5123,0x51140c66e9c0a3d0aa7ba4e35b90e1180c9eb3fc15c97b6206c0f17bc4095d4f,ok
0xf8533206c0220a160ba8952f2206239d10b70df4,1,0x03dfdef05f2146bd61ece65be137a15211e49e5ed651fc89a91ffa3f48f0f2ef49,0x04dfdef05f2146bd61ece65be137a15211e49e5ed651fc89a91ffa3f48f0f2ef49ab3543b2ac5bf8abfca0876ea8c588d6e80e9056bb376174c7241a8549ec46ef,0x201c0a23d7c10ad61b31a0435bbabed498e6ca9202d5d7056535aaf8646a7b53,ok
0xde62dc13ddad2550ee7326b4bbfa05a9d059c85d,1,0x031aff185f1088177770144d1d5f0eb3c722074720d3ef49200abcd84f3726bfb9,0x041aff185f1088177770144d1d5f0eb3c722074720d3ef49200abcd84f3726bfb9292649b4c3a617ed7df92fc5660a332c2b70da01a963d1bfb84cc1741c2350e7,0x0f4ffa17bb85f4f2323f9a52226d323abb5fe43ad1bcec875080e9401ee1a0af,ok
0x4034e65e8ed65f0d68332ca74e437f31983f5f25,1,0x02d26b4e986c06010fd41bc8f12e5578756e6a86166cfc0b1e4aaf1e8f37d4e492,0x04d26b4e986c06010fd41bc8f12e5578756e6a86166cfc0b1e4aaf1e8f37d4e49239db63cb9397e6c4a31409407ecfd5572f2ce399999542c2985a5767056ff7e0,0xfdc35fe3ce74ca8f0a3be2a0d4409c3300e8bb26138a7f889d5acc67b358eabd,ok
0xdb3501a03121d53de54d77361a5e7257db2f2de7,1,0x03e5c5b08bc2ee744ca0ab06e5459b0414fc841e9a23245af936495888d4695b72,0x04e5c5b08bc2ee744ca0ab06e5459b0414fc841e9a23245af936495888d4695b726b417396c71a809baba79cdd00194fbdb2fa9445ce0d453493c8b2665f909aa1,0xc1d82b0c613af0823b0cce340bddb1863d60e41b15e58a1b776f8387ee4d84b5,ok
0x5ebc99fc01b15542ced1def2d3ccb63290bdd139,1,0x032be7746e19ab6411473f9b618f7d6aca7de6fc3050c28dd047aa62febdd343af,0x042be7746e19ab6411473f9b618f7d6aca7de6fc3050c28dd047aa62febdd343afab22b950c17411e2e2f5d6e6777003c99acf56604ede277d6673bd60e4ebe129,0x75fac671eb3f07e461a48841eab37403d90578af06ec7cf2cfdc9a2990b897dd,ok
0xf7eb182394f42ddda6b4eb92873138726966aa9c,1,0x023c05a57360464590a592b8cb82205ae941a826f8af83d7f16dd2766d6c7fa508,0x043c05a57360464590a592b8cb82205ae941a826f8af83d7f16dd2766d6c7fa508e93e6fb212f95eba2b3f2e3a206f143b55e226edc46854ab9f3e1898a500df46,0x1ee62ad9dbce26e4d05ee1d8d63df421828528fcb528718ef94facee462dc8ea,ok
0x4284d479869c7c2fbf3c54fa0a805473741f3570,1,0x036691ab55b5ab15ab11d81486c95bdf10f0c668b0752a1087c1d724eada47d039,0x046691ab55b5ab15ab11d81486c95bdf10f0c668b0752a1087c1d724eada47d039a36e6fac531f164e026a0c7c18a87a71bb15cd68f4f29a52a88a328ec30a36bb,0x396c3e6c1d14712a7b005c641ce18ce887c5c61d7e4f9608b4e434b16d261e08,ok
0xe41dbda75df84aa4a120a764d20a0983ea5896b9,1,0x02b0973c6a856a10ed60e2125bb77e798d3044626e183fb92593445b046a8b425a,0x04b0973c6a856a10ed60e2125bb77e798d3044626e183fb92593445b046a8b425ad3a4989a1e9553ccedd050f530d6aa7e73d6fbc7b9cb76387b87c39eba14b1c0,0xc88ff8db7877fecac0a69207a571638f93b3745c6962b13a67392297fe11d23c,ok
0xfc60b11b370928368e6242fa3b96996b0e04226d,1,0x033a37739dbf868cea1a72e34c4ca0f1292d22eb88314644502841ca09a9516323,0x043a37739dbf868cea1a72e34c4ca0f1292d22eb88314644502841ca09a9516323d86bcf810482f560d1b9e56b7d7738f8a9e0651103f755ca209c8ce5f138365d,0x8f6838e5bfbd71d2a90e65eeec173826556e97f0e03f7fee0fff482f2839b80d,ok
0x575146d9307e9ba57cbec6ee54daf1918c97cac9,1,0x02db446a23a4a6d98263d72cfd55930735ec2308e3bda13ef55c65d92acb5f9e84,0x04db446a23a4a6d98263d72cfd55930735ec2308e3bda13ef55c65d92acb5f9e84cabed18ab73db9bd17e963683aff3c6da7cb2992cff28e201769db2fc1d9bc82,0x9e0a999fea2c554d2e6936dae753d44b74797849e676da2e047a403f9f3a5fca,ok
0x2ae3ab34d9f7158d5d241667bf0e8894c6d8acc1,1,0x03604b6b890c2f4f26732c62ef362ae3d57ba6022d9fe10026a83f333a594c9b40,0x04604b6b890c2f4f26732c62ef362ae3d57ba6022d9fe10026a83f333a594c9b4018b3d8c0f012b0b460c6f8864f2cc9f79101a5edd2c3a027256ae20aa2e0b5c7,0xc9c38855a690bba1de6f29a70bff2c87c5c8bb2967f1f7110531a606eb8743dc,ok
0xf626061a8d065488ed70798990999c44f213f24c,1,0x02e47df85a870fa3c932d2bcb122483476e04a35ba28221257b7a4fcb2a40faf51,0x04e47df85a870fa3c932d2bcb122483476e04a35ba28221257b7a4fcb2a40faf5159dfef0ae68c030abf8f0ec7589f2d102b9853910376b166861a14613258d4f0,0x98671f71b6c8e2231457a7bd35fd0042a2b2a1747692bb151d4fcf39fed93ac9,ok
0xd97c688271897e655ae3dc5aa8453ca4e4958215,1,0x0315e0bcc51f4cbff9caca534b226565bc1353a2c52312f51d2b26dae4b833d7fb,0x0415e0bcc51f4cbff9caca534b226565bc1353a2c52312f51d2b26dae4b833d7fb73d1b908025aef9fb443164e41f9e8a711a7f883beb0037cfd030c04a969a385,0x2624cd9111ff4ac2f5d4d2a9e75e458a31310c40d9a869384fcaab2ab843303f,ok
0x9639e20abd05231b4d798a42f775255ad8f6135a,1,0x03160adeb6d2adfd33e12f94de9ffb0ebec9a6dbdc19eb312317f7e4cb7561eeda,0x04160adeb6d2adfd33e12f94de9ffb0ebec9a6dbdc19eb312317f7e4cb7561eedadd0ff7d60ad5ce0ab55362fd8ac63621f0533425b81ad3be77d7a192dbfc6d69,0xd86cb7eb0a561cac36292671a71aa288cea34f6294d8515c0a7a352be0acb9c7,ok
0x3401ea5a8d91c5e3944962c0148b08ac4a77f153,1,0x02d7127f1d836ed027187431aa4302f0dc1c140e53d885d054517a28fba496e510,0x04d7127f1d836ed027187431aa4302f0dc1c140e53d885d054517a28fba496e510044e278df5503e0725e15437ef8be6bb3f28e090ebf89d899f97800efbd9c9c2,0x5b1ccb137670cb11ca9ed81159778fbe63a3cf749cca5da63a42d5f32230b24e,ok
0x5c6bd31ce4f49cd5bb0b728c156fbf6ee28d8810,1,0x029b79a646d1b59257c6425dc0f0cdb0abf8aae6d3ab789abc9775313fcf6a7db9,0x049b79a646d1b59257c6425dc0f0cdb0abf8aae6d3ab789abc9775313fcf6a7db972592cba80bbc97308fb179304858f728c8566d5c8b41ef52171ba8a75196496,0xffc7e417258349b89845a6f931471a9b56eb7bceef7cc7ba7068229039800623,ok
0xb2e9b284ba6229b160c81afada49772f866939db,1,0x02e2489af2b248fc5e805a96cb659a0cf2b2f9f2b2d8b5f79bfe04627bb892cbf4,0x04e2489af2b248fc5e805a96cb659a0cf2b2f9f2b2d8b5f79bfe04627bb892cbf49150459eca00d5aff5f716ebb9f94dd292286d20d6b75271e2fe223306779108,0xc656ee09c4f795f7492cc503f5b8aadfe24f6839e7b3cc8b26f5f39ba2cfe97c,ok
0xccdfa5d350c1a8548f7feb47c661ea637f62f6dd,1,0x02e31100bcc848b5f4a33b81585d2f74c7513116dd900e8b845292b0208319d16b,0x04e31100bcc848b5f4a33b81585d2f74c7513116dd900e8b845292b0208319d16b6e905f7f7bb94110c29adf3df8bc683790b4b4e0320003150208281158b755ba,0x7ef76a1bd7be692301c6491a8a4a2df3f638b4836098cc00fab4a276bb98a27f,ok
0xbf305c657250546dfc5c64b4c1c356ba12664842,1,0x03004da44f6a911e747b21f709d8a91e2da687e8b3ba00833f27839aea71925377,0x04004da44f6a911e747b21f709d8a91e2da687e8b3ba00833f27839aea71925377e6666df248c801feffcda282869a57960a8669877d09208430250420ca7524af,0x6b8d23bb75d6fc798555eab91f45ca9e93d9aea2ce87fa12d24d7178f4c02d99,ok
0xdd8560bb692959e19ab01c62044f0eeecb10209c,1,0x03d432fbe11191fc214f09115aeef2df6ceb1cfd2feba89de2ddcacd93c50f118f,0x04d432fbe11191fc214f09115aeef2df6ceb1cfd2feba89de2ddcacd93c50f118fc28f099f381ed1072557256f7e026570b2690017f224be72a6c281fed5491d89,0x4481af6aa0b6b533f44b074e7edb9cea94c73fe19d85b6cb0e1bd6a0830a6242,ok
0x9ee84ef3ef7d882f8dcd58747822bf7aa5df3a14,1,0x02a5bf4c15caa5cd30d702f2c35de1fc4f62df970b7eae5911bdab925dc65ca6b6,0x04a5bf4c15caa5cd30d702f2c35de1fc4f62df970b7eae5911bdab925dc65ca6b6f99c131be61222832dc37a526d9c9db18fee7fe6d2e251c643594508834bbea4,0x34125610e8397c414ff805682e27b64b785bdfe3098ebecd06f85176f464e0c8,ok
0x6d22b24d8dbc508bf6236fe1ce7d5e46e2c2f8be,1,0x027269ac059f78e18a3756d68a00678e1bd553cf7864c8c53c7773f47cbb639965,0x047269ac059f78e18a3756d68a00678e1bd553cf7864c8c53c7773f47cbb6399659298ca7c5f348c7b493c30f18a83ff0ee120c6cd83370d27cf5088316d86d488,0xf85a90eb36869745e42f4d77910a6f8b1917e75cd9041430194d470d4b2589a3,ok
0xdf9460eb19b8094cf3c2ff0a4c22e14caac0dd9b,1,0x023734c870878306eadba55e62fea4a3a43014ad4f85a5c8c6c7ef491d2c79f5cc,0x043734c870878306eadba55e62fea4a3a43014ad4f85a5c8c6c7ef491d2c79f5cc22c9f784c36a0c6c7fff9961490bf0a4d0de3ca1e1e180afcd2ada2e28cdd9a6,0xe18a65554626977ac4347bbfc680f771addd99f03da778e44665271bf0928276,ok
0x47430de9669b7d303fe3c5aafb3a7357753d1c22,1,0x021107e83a48ab021e906f016a42c4afbb8058ae6a8b46cb81a7c76472287db8bc,0x041107e83a48ab021e906f016a42c4afbb8058ae6a8b46cb81a7c76472287db8bc070c3f10c3711ac24752a21a7d47e28b7ae6c13913fac83461ce7d4bbc21e288,0xc7eeff1e8724b5eb5f33a01bf36fe9043f2d1316eaf87bd342f3ecf5c3b4fdab,ok
0x503f7fb115f3f47573860c5859ac05b281b96a99,1,0x0293370eebb98c0cf86c86025ac25feae6bd016e3f0146c8d6a7445f5f9b2b0071,0x0493370eebb98c0cf86c86025ac25feae6bd016e3f0146c8d6a7445f5f9b2b007144d77f7da7805fabd2071b2069b70dff0b5dcf6e8a73cfcc9353969880458f62,0x8d51f60986938257e53d79735fa178639c4ae6d526ba4f6e7f661457a3c0efb8,ok
0x7cd7b654abc05f60f94fcaecf0467a2e4eed2fce,1,0x02bd8ecbc30ad3611e7ee68f6b73e3eaab480f06c4a3382c9e2c30efabcfeb2d8a,0x04bd8ecbc30ad3611e7ee68f6b73e3eaab480f06c4a3382c9e2c30efabcfeb2d8a72f397c1e320179118fee83be67c6b9bf177d5c6761dc053f2d6ce58e719b6fe,0xf49adad854b95dcf7f9b5e4103d185057101efb3550bec0c1779d890926848b1,ok
0x4dfedca6faa39f460dc26c6e700c33dee12d6b7b,1,0x02e5c9be280a5f32e1df05564529e995a44d1942f401da6f0fafbfddaecb317047,0x04e5c9be280a5f32e1df05564529e995a44d1942f401da6f0fafbfddaecb3170476cc93c25b1ea6aca15456ccd6f48b4946aa0ccc6d44644c5b676ceddd036f4ce,0xd002a95ff614ef9fb66b82d83622f3d4eb4924c8925f9f4d7d1f28920cac30ac,ok
0x2e10dcfefcda2f726af7a3d091ecf0a1d6293188,1,0x03cd38167b9b049d7dc4ba6f831c4151a6de1292021be35fb02adb2d32f2713ea1,0x04cd38167b9b049d7dc4ba6f831c4151a6de1292021be35fb02adb2d32f2713ea10d671da11c4dab278b61c19ee03fd97ed54e4e1788751f421fb9eff5c5b1e77b,0xe3b815e72c237e522d9908b78eb907fe3a0bfcb79651e1ede83ba374532dce20,ok
0x0c92e0928638c26e6431b649eb20aaa156b2e16b,1,0x037bc0f16dc29983dd846aade7bbdd6436c6d9ee619a6dd668f89022b6464fe791,0x047bc0f16dc29983dd846aade7bbdd6436c6d9ee619a6dd668f89022b6464fe791401b89d78a628d12fc9b703b267fcb4436534244f8a44383b2e3a5493ae637d3,0x3007035a8ec8a9603114d6b33ee2bd87a0baf9d04d784ac8919faa13e0a769d0,ok
0x2f33d7dda19aa06105a486bf27bc1c092008dec6,1,0x02cddbf4f59f90abbd8fa385c6448398655c87bae6ebfe88737989a1a630738c16,0x04cddbf4f59f90abbd8fa385c6448398655c87bae6ebfe88737989a1a630738c16031aeebc2016d70074d52ff0fec5991df6e8ced9258a702ace2d50f2142b0e68,0x66f783d496a88706f33429e6cf1191132a3d6b333fecd4f42e84117e4054a956,ok
0x3d65d2181105b9821ab89bc5852d173b4247a8e7,1,0x024e05e70e8cf717356c99191f8d74610770c9dc8de5ad108e2d56bb67ce4e3bac,0x044e05e70e8cf717356c99191f8d74610770c9dc8de5ad108e2d56bb67ce4e3bac50a4a03a75ace09d47b9c1aec2efa92b08f6d0e49fdcdc9887be71aabf57b222,0xb12653970ad0109e1b24f0ce6c4e3a0604789a64fc587d8d2fa8e90fe17ffcd7,ok
0x7a207bc1948684ba8aed04f0af018b11564da0c1,1,0x03941c51aa2147a57fd84f5445231328d48e2238c3d79b5dcc5af1164098ff5d4c,0x04941c51aa2147a57fd84f5445231328d48e2238c3d79b5dcc5af1164098ff5d4c67e2b8310ca2fc1e579e5b74e9a27e2c53b2c4fb36373f30886b7a585f5523ed,0x656bd111fe81dff0d0be2d9e86bafac48da8e5dd240fe959707d193752c68a55,ok
0xa704a1c53eecc6e68b0280daaf96f1bd28e61fab,1,0x0215a681669c2c933a4d40b8bb89392928713457921ef71c15802c6c168119aea4,0x0415a681669c2c933a4d40b8bb89392928713457921ef71c15802c6c168119aea44e3707d87d47db9964d3021592ba8e12e66f6d65f28369055f3881cc4508a74a,0x3e149dfc30951f4920fbf083c678d4ec4672ead04ccf6e06598915a4c947ba33,ok
0x1b2f6378b95ebaea01dc5ebe050eb7577988bdab,1,0x02c5e16f852d3ceee939711f95a2b49f1cd142e2c074f984dfcf2af8b9d257e07a,0x04c5e16f852d3ceee939711f95a2b49f1cd142e2c074f984dfcf2af8b9d257e07a98738500aef6529e8dd1eb2e86a7e8d33453439338ce3f3a62553b997894df9a,0x1f8edf519c9fd262a7691f0d56d766514b04f49533d31adb1224bee514182008,ok
0x3d1f07d3c60268edceea094f1f7732ca8f86e78d,1,0x03ab771c676d38a35048e847e984a88e4ab7af00766e40df75360dcdefe63b6f27,0x04ab771c676d38a35048e847e984a88e4ab7af00766e40df75360dcdefe63b6f27c6dcece52257427017e26bab55ed1a18b7055c525a7ee3cc14be2ff0efb0288b,0xc361ef326cb02bc14ca8c29283fbb36036e1a611b84dd876ead7966d14a0a091,ok
0x616e7830366c2a6fca58c13dfdcbf24a9772842f,1,0x02fde0289166e24ffebcf6bd53a26615a5b889c125dac59ff0b6e0612a045fbf6e,0x04fde0289166e24ffebcf6bd53a26615a5b889c125dac59ff0b6e0612a045fbf6e13a42308a0873c70331c5dca0fe1bf9a6e065fd2ca2ee91153d69a907a1371a0,0x59f2c360232c1b51eb1aaed5b11a77c8a568034482507eaa7797a2c17d32eeef,ok
0x1bfcfde0b5f0916bc6d8274e882c0dca3bc30959,1,0x02dd9480885ac753acf1539a010832f5bde9e792d212c71744620b05f4bd1a73db,0x04dd9480885ac753acf1539a010832f5bde9e792d212c71744620b05f4bd1a73db6077940b8ad2c57da6fb2f56399de0428e5b7ee88051761c1a5666d930a7d45c,0x4b34d71833bd08818b6d1f2c814ec502630226e6cae76c1d5be65c7ae53c1619,ok
0x754a4aaa27da4405b2184366917e2202bb44ea88,1,0x03d6fcfd660463ad28c39e6f691699c828b753f2e334b2c21e293c35f20732ef43,0x04d6fcfd660463ad28c39e6f691699c828b753f2e334b2c21e293c35f20732ef43a44dc696cde87a9a96833bab509801a9a232fcbf935cba8d4fe84f9cda913981,0x11d8bbe69de945d4246fef6322961ec75abf060025947ab54c03e119ebb5c6d0,ok
0xe5906d97119a8a980d4e16a6e586aa49ce9d5f8e,1,0x0345b9ecdead2736dbdc4416d5d7cdda049506c30a8a11a828c9bee0b0df1ea0a8,0x0445b9ecdead2736dbdc4416d5d7cdda049506c30a8a11a828c9bee0b0df1ea0a826f387dbbe301e22a9ff228f9bdd4fef2f976108e85d084e6fd7a404aee6290d,0x7ce2981174d256af9d2044f817506c0aa653e7f04b19664005ea30abae802dd7,ok
0x80c76b93b010550df0928269133c86f59b801267,1,0x036776782c2f041a608c68acd04c85b2ff932d36459a375cc37df344267a3e2e52,0x046776782c2f041a608c68acd04c85b2ff932d36459a375cc37df344267a3e2e5257d91e3f6e1373c572919bd963ccc824388fd650952ff55763bc13249fea3445,0xa04c1d9ba78e1a47f8299fc4c3bb2f12bdad62404f36dff64f243374aa7db9d0,ok
0x0b32b6a775ccf57ff75078a702249a65c8a581fe,1,0x025937da65b371c2ae0f8c8863bed4930ef3d74153f2a2434507a72a3195ad58c4,0x045937da65b371c2ae0f8c8863bed4930ef3d74153f2a2434507a72a3195ad58c4ecfdf8b340358143a422741fb32cd53984016cc6c88e86a90ce7abf226e9a0ce,0xb0e3c975413ad4b4dcfaee2ee1223460aac2730ce3e935073eee7874799083ca,ok
0xb5093d3587f0a9a272a4e02ba8a9848037516a51,1,0x028233b0773d0b1f5687d75b26a584c73831874152b6453c2d60da5ffc8af4960f,0x048233b0773d0b1f5687d75b26a584c73831874152b6453c2d60da5ffc8af4960f0a901afd0702b5e04466260d97844fb80f0a54d67dc49f7ea6eb1e2f9a1ad22e,0xce19cd0f8af15d42f04869b5e56a541d236bc4c9f0155fde521ffed9c575467e,ok
0x7e00414d9afa99c1d2ed5fa3929efbc011774f66,1,0x032edf843a47579af0c3c823d72f0aba7a173877db2cca5871cf7d9367f2c5edeb,0x042edf843a47579af0c3c823d72f0aba7a173877db2cca5871cf7d9367f2c5edebcfcd834a4496aceb5a3fd9d987a4fa63dc41324a56733591b7faa09efbad088f,0x0b06907edbd86feaa7abcba11a6455986b937e8d4585f8a9493b5d71b649f267,ok
0x7beff284f483f9bce3b17b93683b9c35db3e5091,1,0x02c55d330d101a99d6da59ca02f4a10436eddfaf5b4a38526ca47abe5ae2fc8a91,0x04c55d330d101a99d6da59ca02f4a10436eddfaf5b4a38526ca47abe5ae2fc8a91a2d4d6d8a2f86f491d9131aaef01831a3e57e9bc92fc4a0238c2b9386fd9635a,0x50c8a164f3043c1428df9fd475aff968ad7f5c184f862336887d0e120d23fdc8,ok
0xdc190d7cea8e8bf0b381617062200c10cfff0a91,1,0x0217814876e8d7c630677123c0046716eb475bf08703d89756598808420e937675,0x0417814876e8d7c630677123c0046716eb475bf08703d89756598808420e9376754a975ee7ad8cac8d59346df93360ca6f0cff3084358b180195117fbf86b3577e,0xee118f0a4ebff49cda49e216338dfe0e1bb82bfd33d14e01e424668046e9b98a,ok
0x4c066dc45200d510e339915e6997141a4ab06433,1,0x02e5c619300076ddb9e16aac74c8212ff30222d4498f85da0db1eff72ef5bfe1ca,0x04e5c619300076ddb9e16aac74c8212ff30222d4498f85da0db1eff72ef5bfe1ca8098dee9af1e8c623575043e89a987f9db0be827e04882201d97428fea9804f2,0xd3ee9bed02ca5f37b480c8be7859bf4468f1302c1ac014be76f316807bf88091,ok
0x57c93ae8304aa9f9268f97d5bdf32d5a9df3d559,1,0x032e0b654e04b67ef6876386d0680c71a939a9034a36a70779e49032ba12de7463,0x042e0b654e04b67ef6876386d0680c71a939a9034a36a70779e49032ba12de74630ac46065f6cc1f1686ca11b3c79815c38f52b1c9e0b77dc43555de6b9b6d00b9,0xafc566c1056813bc93f5824ca614c06d95d11e6475ee3c47572011902a14638f,ok
0x0e8f131552c9a96db80895ae67b62c43fff8255a,1,0x032954bd3e640ae56abcb75b39ded6205a4b622d726ae6ac52b0377e9720c1e7f3,0x042954bd3e640ae56abcb75b39ded6205a4b622d726ae6ac52b0377e9720c1e7f34cc88638d722c8bf6707b832448fe416710a85d61281af7b6fbe5ddd01e4a07f,0xf9a69724be569ca9374162f50c3ce055f252de781ae3eb79ad02624b5054da83,ok
0xe709e2816358171e410aaf589fc7df84a7dbd642,1,0x02389d7754dc2b230daaedb9e3c3e2e537a35d294c8a248bdb07293a3cfbad852b,0x04389d7754dc2b230daaedb9e3c3e2e537a35d294c8a248bdb07293a3cfbad852bb4475e3568639e2b907fb33481e68e3f55d2aa3746020fe64b92acd8fc0e7f82,0x4369d711822333679f82f4f3b87a3c521540dc55fc12856f52862041738fd042,ok
0x49cb3c71b6d2b5a142b686c5b169333d6415fa57,1,0x02d5b297c7c5fe9be50ecc30ce3e9cdc09912279d14648a00350c98944e9d3b791,0x04d5b297c7c5fe9be50ecc30ce3e9cdc09912279d14648a00350c98944e9d3b791cc6164ba240dad952f01f22490482fd26213e76cfa25e4c91b9cd395bff49f58,0x93f1c0a21e189ded648e3dd531f12db80c57701bfbe0bd1f5090177b48e61bed,ok
0xeba3078ec0a67b3324f03e3a306e7db43a5ac941,1,0x03756f7b03db15b1444faae7bd8b03d71d10bad745cfb32e13648e95126b5f0971,0x04756f7b03db15b1444faae7bd8b03d71d10bad745cfb32e13648e95126b5f0971babc715257f265f4639f933984eac7438415619d284d610d7fc26b756021dbcf,0x63b3a5ef40b7e8d1b2503a20b3f7ed6cd07ff18b0d95231ec4dbb1ada5ac084d,ok
0xc97238a30a2a426bbf50f6c561bf6e3951926b69,1,0x03be9a928db3e63804cfb442279c461a7962c31751166b4d26ffe5a9ac22e1238f,0x04be9a928db3e63804cfb442279c461a7962c31751166b4d26ffe5a9ac22e1238f09cb95521781c9edeb94b14efe9c4aa7334d714d781abe43138178be5a366649,0x7459337a575953d9884a9dfe542047ad1abc2e5256c45bd4ba15cd9ac7ec9c46,ok
0xc0eeee42a336bdeefbd4073c1f2f64e5340342e6,1,0x02ddb0694a486e907ba995234fcbc0d517fe9af701c3a555d6ffa361619f5596e9,0x04ddb0694a486e907ba995234fcbc0d517fe9af701c3a555d6ffa361619f5596e958911b03ed8de1c8c9b70560a3be91c75edff196fb26cabfc5936800de17b690,0x5485db54e1678cfc3377a4c0fa748033ba82dbc7403dd8b7307d0292e7339728,ok
0xe641fc222c5f132f88839ab42ba2b95940b5ed39,1,0x02efce0be8a270a16744be93bcc6869b44d9ea28d5772560a9cb8d413d5cdda192,0x04efce0be8a270a16744be93bcc6869b44d9ea28d5772560a9cb8d413d5cdda1920fc00bfbbfb7c294c6b1ca3eae163d6abe8494f982fa462da3e034694b021280,0x287ab9d9e806b0af499c2d097fb7784af4bda9b5a06a47eff26bc50d6e8d179b,ok
0x10172678787d842616ac46aee170f95d7b37c041,1,0x03e84a4a6a2c1620063d688ef7c052bdd4d1ca34a8bff11b5a5f0c20c4f3f6dd01,0x04e84a4a6a2c1620063d688ef7c052bdd4d1ca34a8bff11b5a5f0c20c4f3f6dd013a8b87081342f1452db215b45a392bb46fb6aa89d40f52280939e36204d260c9,0xb5ef6673e9744894337f1e70440a0ab293cb7dbce67817efd106e2fbe501a7ce,ok
0xd59115cf49acc71f81330bd007c0c522a2acf9d7,1,0x03232ccf325d4aab7dcec4cfe22b7adc833c7872aa80465483c5fc71d82e8a641a,0x04232ccf325d4aab7dcec4cfe22b7adc833c7872aa80465483c5fc71d82e8a641a3c26ad7fef28c418378faca8e08649041646f8cc97b8a0d63fd32c732611c861,0xf732c1b83ef750903945c7503030fe169f62efa7ca5d043070e09e46e5c11387,ok
0xe94913e403c85b68c3f01da74d2d075547567d49,1,0x031ffd3b6a511fe2c0acf2a58fa6bbb78571cbd9de7cbaf32e0786f689fb726e36,0x041ffd3b6a511fe2c0acf2a58fa6bbb78571cbd9de7cbaf32e0786f689fb726e364f53ebbb874752d5d47afc5848467880b4d720f171de9c39b086bad03466fceb,0x44d036fdb6de662090edcd973d187359e69c0f25f0ed45bc4f83df5cac51b39d,ok
0xdc9f805b7dccd325fab23eb9fd5dc605640e2f5d,1,0x03443be39a7278e24ea779054d6b3cd814104547f99337a4e784c05b1dd1857c21,0x04443be39a7278e24ea779054d6b3cd814104547f99337a4e784c05b1dd1857c21734b547b53cfc7037ccafc869f1ff4dcf1e915d120a8c89fd410b478b1267c67,0x1226da22bb33a1077f37660378f9648fda074a442215875ff99a117cc257effa,ok
0x46e7e8df488875ad30c31dc7edab152a8921f71b,1,0x0242e9939ab254088e800789053370f93a0e57d72915dcb576da9cc57fa72a4067,0x0442e9939ab254088e800789053370f93a0e57d72915dcb576da9cc57fa72a4067a9161c46c02a245b99fb24dc25923a4f144716a6254bb68521711c73ae285378,0xab473ed24d76564372ca81ea9551866d9e7e94e5f980bf4c0a18c05e02dba109,ok
0xac94e534b0bcbbe281e9031d2aaaeb622e9c671f,1,0x02aa3e7c0a910f907efa16cd4551e7d7424beb7fa8056a1ece517355dfaf2b1cf5,0x04aa3e7c0a910f907efa16cd4551e7d7424beb7fa8056a1ece517355dfaf2b1cf515105430fcabdc6de435837e2396cbacb969f9c245e47e478358d778a3965e6a,0xc06e20cd8137f43547b3ccdb382ec357ac3aa32ec599bdd62b1ddc91e7b32c85,ok
0xd8ef17547694f58b37bbe9b0787b90be881d042f,1,0x029de585816a54136fe8150eb2ace9a91be8273f421059a1a2ecce5a27cd9d1a0a,0x049de585816a54136fe8150eb2ace9a91be8273f421059a1a2ecce5a27cd9d1a0ae25ed91d7289a6d852ef1d14cf58aba970e10cc6dde29fc312480ef042411502,0x46d0cabf1a3cdc663099014101a79ae304f8a426a205e9a2cadbfdb30d184b31,ok
0x16fe6dcfec140a51cc7149e736b798e07fb0c299,1,0x022403fa00c2694b0bb5a2053bffb984415d4c5aae4d935ce0f68ddf3983275d20,0x042403fa00c2694b0bb5a2053bffb984415d4c5aae4d935ce0f68ddf3983275d20a2ace6001ddb0789c13afbf949db884f127a7c70871c5fa7390a84ed63b3ab42,0x7194308ba4d48d63dc2fd8aa5b4c5a9e20f563d9770939f5d64c53003768e355,ok
0xf3d0cb1b3db63a5f98a0ecb05d0d9f263058b7cb,1,,,,contract
0x60935017db857a5d2b18ab2871d09df2bfeb8db2,1,0x025db11a2dd26ae9b21a7c389a87b25aa98f208f62c90dab48a3228111692d241c,0x045db11a2dd26ae9b21a7c389a87b25aa98f208f62c90dab48a3228111692d241cc3d79c3cab0947bce3925d88e176e7665200561879eb640e4cd38ab597eb7880,0xb3e3add200c496a87c81b2af2e6ef0a628cb3067b12577dc55302de4ad740430,ok
0x8bf6efbf66d881c23a584140e70c5c5d428c58d1,1,0x02313fffc43c33375abe2470bf35a615d94a0630705dc62187ac87a32a79af0e55,0x04313fffc43c33375abe2470bf35a615d94a0630705dc62187ac87a32a79af0e553e5b105658ac0307872ffdb8d2fdca69db894ef0b79864a030b8a5c06a175202,0xc0de29addce0c750980922838fb263c167f39cbd1fa83b1c451980bf4df57ca1,ok
0x08ff44da4c1319a89aa3d2ab42bb6864c154106b,1,0x0322b7e0900ac2429ae95e96bcc5143f3c756a61f13b4706bc46ab0777a06644b3,0x0422b7e0900ac2429ae95e96bcc5143f3c756a61f13b4706bc46ab0777a06644b3c445102dac81dddcb2b90463cb487a31a447d1efc5fbeeef16736d3e92ababf5,0xe3a816d93a2b44b72b202e2430600775e147c4f1078e38ae007c011e228db0d9,ok
0x8fafa2c7bd80e705bcb1a2dcfd27ffa6c2508299,1,0x0224cea9a671e99d1bae2330d08f030e45e69ca5912b95e9c842b49168b84a1f8a,0x0424cea9a671e99d1bae2330d08f030e45e69ca5912b95e9c842b49168b84a1f8a0bbb863e7c47f8c88052cc0b083b6e930f28adea354616161c69492444196f60,0x0c544843dda6d639ebc245a00cfd2205ac8c3307310ceb47ce5e88090face6c2,ok
0xa62dbdfa0cde5b17ac1c4ffb11f390a7438900b1,1,0x034bbf15c4deab1c389d8e70a808868c61891f89830fc8fb28c51a907e2bd36c81,0x044bbf15c4deab1c389d8e70a808868c61891f89830fc8fb28c51a907e2bd36c81866f3e471e35dc7a958585a20781a3c4a264a27e10a46e57fc9dd5ddf8457273,0xf17057aef1be1a19ae9e2f4d5c62ee0e71eb77436706f0c01c35ce73d4f59f5b,ok
0xae2be1f188b8fec1874e5562461081e35b44f392,1,,,,contract
0xb637db26bfa923d1b66b0bd18d608a1dc112bf54,1,0x031084d9ebf557deb9cbd3522ae1795c165808788215c4c8dac5a48ca2baa247a3,0x041084d9ebf557deb9cbd3522ae1795c165808788215c4c8dac5a48ca2baa247a33eaa4b392939258715b961736766173c6def31e90eeee5ec49444742902c3b43,0x6dfd3056ed10767c5f78b6700f5d9bb7177685956b3222a038ff96a485d14ea0,ok
0xb373e9f3cbc4ff4210afa08c5c9a1132e8fe27fa,1,0x0338af58407d37b3a8b76981c98d9e9d4827f42d40c405724f624c2500094ee183,0x0438af58407d37b3a8b76981c98d9e9d4827f42d40c405724f624c2500094ee183bade70b23458342e35c0984e77ae057f9371167586e2742e4c81d2234b4f53cb,0xf325a3d2f5f4dc85a8287b9f4c006dbecfc1dd6a7c633246acb96679c24d9763,ok
0x25f71a5e1b2bb01624c390eb2d99b29b71f8d359,1,0x030f72a36413e6a9069060fe83d0d7cd1e12bab38898d4312930b00218d8cd5628,0x040f72a36413e6a9069060fe83d0d7cd1e12bab38898d4312930b00218d8cd562822bd03b1847426300717acf4031b002aac7fb69c77385d3b76a1913216b85d4f,0xaa1d87b99458c62dec2a050c3761f068794f21da5d249c9a0835f65a3d5cc82e,ok
0x1f7fcdb7c0a57cc3c49dbb50323d12ddb41286c0,1,0x033190229498dca86dcd045c103a426b65cc02b78a8167bf40c5248ab2752770e9,0x043190229498dca86dcd045c103a426b65cc02b78a8167bf40c5248ab2752770e9d62d086e1a5671b081367a589f2b49010dc1a2c8a3f83b3b5f09f706548848b9,0xced6eb8bd5942eb4ecdb589bd8f5bb3ab656fae6aee2235d4f588d68f6c08093,ok
0x3fc888873131d6ad75229df27c1173250b09090f,1,0x0239fd4c1f518c19652a977048078b99e1dd7b249df5a60899251559187a710e14,0x0439fd4c1f518c19652a977048078b99e1dd7b249df5a60899251559187a710e146314a228487e580776cdb7f5c1f035725efa83902f3e1a6eff5ec0e3b80c4a7a,0x5970a37c3ceccb150e8c06305dca663bb03072775c0217758a1504cdfa799c9d,ok
0x1425c88ce0780e5bce5f405333c81f9336dc52ea,1,0x02e6c70c5bf7fb2cb538572e5e51a9ff2e8882f1c62df01baa2d7ce2e0db4c0668,0x04e6c70c5bf7fb2cb538572e5e51a9ff2e8882f1c62df01baa2d7ce2e0db4c06685436e58be3cd9afa9319588f4f280c8510a8b938032dd2e7c2d8b2e2c8607370,0x046917d11693a8e5c1993ef3ed566770ce052fe2a4422030a81ea57f08533c36,ok
0xe710b2ddd4e16fc355be0f9fcb9223f110d778c2,1,0x02e7d82168c33f5666e33c10b7cc48faed25de9e5d9786eb95c2f4a517db0f9491,0x04e7d82168c33f5666e33c10b7cc48faed25de9e5d9786eb95c2f4a517db0f9491b67a850697d30a03ac2b72f87d0890e04f9733c98b1ade0f3c483c9391387ac4,0xcf749bc1ce71831f1b57526e5bc86115a1f431167eac8e506edb4f4451553625,ok
0x790fba8fcbf29476f7f2a04f495bc786530f5c5d,1,0x029bfe47bcf1f1e57ab1947d80c45401365cfaf5f7e8fa4037ff49d72224de7a8b,0x049bfe47bcf1f1e57ab1947d80c45401365cfaf5f7e8fa4037ff49d72224de7a8bd4f434c1043c161fb4908490496ff3eaaa7776dc678e12879f9a37997520168e,0xd36f645b334cf0c21b23759be499d336702260b1885e217aea730e19b020adec,ok
0x9cb3973d58427be11d1e97cc8c862544beb7f4c2,1,0x03363dcf276e4b3ea7f20489f36f8fcdb5ae19b3d90949239e9d16e550c9451ac2,0x04363dcf276e4b3ea7f20489f36f8fcdb5ae19b3d90949239e9d16e550c9451ac248ba589393bc3b77b58e670cbf233ddf01fec303f109b461d37948de356b3d37,0x952d2df31314d6383c5d2eb5288a9c9e2c9ba560efa519190a9f31a881140709,ok
0xebb18b3b68975e314510c9abf8f49b03d2d0bdfd,1,0x03ce9a5613702ff288979c77096cfba1ba1918f63b2a2342b35234bf2fa418d464,0x04ce9a5613702ff288979c77096cfba1ba1918f63b2a2342b35234bf2fa418d4649e83f0a4643abd45232bae576684a15ef9a0b400e501e6d3db454a5ea57b472b,0x0669a3589b034a29f6830b46db3a736220bb704b6e409108b29c0ebee54a2670,ok
0xd18e1d893f8c7134cd9228d936312928a9b68ad4,1,0x02085a47f6436e86ee7b9a321400244e7b07933f673ee9c64763d69a1cd025f643,0x04085a47f6436e86ee7b9a321400244e7b07933f673ee9c64763d69a1cd025f64335b871c63f955b271eb2e83fea17cbe1739c52a96dc717666f0c0628b34f451c,0x9c1fdf5027a8d6b33cce4f17103d41762fdb2977b494a7f1b8daa637afc8d81c,ok
0x0c36df3a8d31a5d5980c78d1759b981d5e7667f0,1,0x034a05f429cbb264de473ce54a0ff4141fd7e4427b8dcbeb9d66fb5ecbe8468cc0,0x044a05f429cbb264de473ce54a0ff4141fd7e4427b8dcbeb9d66fb5ecbe8468cc02cb3a015495a3d9b45cae946a3a25585283a56750e4de77fafe840a7471b9f61,0x5e209a3800ff7c0f7746934322014db87d439de0219005b7a0d8b3a266a11aa8,ok
0xcedc2f3a8d79ac3c8dbf3583902ed071cc4f0123,1,0x02a796ff2c96df6b98de2bd59aef6191c0329d13dbea956b20f1406d22348bfe00,0x04a796ff2c96df6b98de2bd59aef6191c0329d13dbea956b20f1406d22348bfe0013ed97d5d8e661941a5b7358172bdefee221b67a9132ae9ca08b86f33693f486,0x6e3f531fb68290a242fc296faab15b59081cf6f1da2de032c82a6885e96a0251,ok
0x29e7d5ca8b803dfe96cafa1035cf6049a304d9d8,1,0x02819ab68ead8d02ce5abd350082131de6402b18c22516b6bdcaae60d8722a0251,0x04819ab68ead8d02ce5abd350082131de6402b18c22516b6bdcaae60d8722a025146ee18d58e6f079c7189252a8ddf69eba6de5f347e37c928c9c029ae75813366,0x95464783db560e9dc5072a2d0f779645f4ec3eafe1c3ad90e67fd96fa6455026,ok
0x6b872e9ae3d38f2c5b79320366ec6173d327213b,1,0x03449ab48c56fb4d280fe472b627acf38381c8b7daf07846888e3de178ec755fae,0x04449ab48c56fb4d280fe472b627acf38381c8b7daf07846888e3de178ec755fae79f226f3446a0ec6fa60c64f661b6f8e4b7573caf1d28ed713d4e0c3528287b9,0x40e7c16087a1cd11e5abf3962adeba407df214a21377ddf1cb0db4110da58359,ok
0x3bb96a76997d20009a192b8d575f2e20fed21dfa,1,0x021aa0831704935298607272bd4e72b6c838fbe7ecb233632f0a01ca1e034ec318,0x041aa0831704935298607272bd4e72b6c838fbe7ecb233632f0a01ca1e034ec318e99ffb1d5efb350bad3618bc07989c2c2fa0072b3a400f29614720ba503e3e90,0x977754261be131478938b876d400c4374828bfc8fc5183085466c28206596b22,ok
0x301f50482eac1048043e0625b7cf537839557a77,1,0x0342d8eea92254c4bfc32464633ac09182d42c850d627a5b325e0616813c0a4f6a,0x0442d8eea92254c4bfc32464633ac09182d42c850d627a5b325e0616813c0a4f6aadf877ed970058b70da32e77af597ebb59eee3c0300c5ad12b1511bd43372723,0x25ca7e556cd3b786af5d9384ee75d79c75f9c66a07346c9261e5f646592a438c,ok
0xadd050864a01b42bcb4778c03580ce21bdcf5d44,1,0x0386b282b9cbfad969371b7438c5005441983fe5c04206e61297bca2eac9deb6d8,0x0486b282b9cbfad969371b7438c5005441983fe5c04206e61297bca2eac9deb6d8cea820c48080672f8f0dfe514d67da781930c114bcc18587399b9188efbe190f,0xc4894ccf22c027b808be4d91e19cf2f54587e74bac2a380406aa0b83df77f80a,ok
0x2bb324bec6184c3050ef4bea38f96f2e74bd75ca,1,0x02e33b3a5740264a80e4ea262a35911215e46a05b2cd43be475eb517e272a183e6,0x04e33b3a5740264a80e4ea262a35911215e46a05b2cd43be475eb517e272a183e64d92db133b3370527554db407cc99c48a5f3313532921712e25c041098b60532,0xb5159f9fc085a213dfe5ce8854faca2ec802ec16d60f8b0ce5b73850a6cec065,ok
0x41fa133107558aae44705a9723fda6843d60abdf,1,0x020e5cda124f983d008747f53844679685e4d0ac537e01fffb5e2134da82966e0d,0x040e5cda124f983d008747f53844679685e4d0ac537e01fffb5e2134da82966e0dbc1ac2ab201866c9bf08fa13e077b77fc4705050356a936e0365cc757147d176,0x26418dc1d8e0fd86b2bcec10fa31fe5f8f9ef3d0dd7b959db3fdff76ed9a5066,ok
0xe20e82d486f72c0a13bd850c06d33b80975d2aeb,1,0x02f701a6d0fd0c2572c813a35fb9fb0e88929ef68dea87d73a77cf5b8ee4e94deb,0x04f701a6d0fd0c2572c813a35fb9fb0e88929ef68dea87d73a77cf5b8ee4e94debe0b95f6a341b5e9c8c90b5e73221564bb56592c7ed70f78c44e92cd26ae23eca,0x3a2ebd4350bb503b56cb814261b06e116a85416a0ba1dcfb734432d9f7f611f9,ok
0x767ae578b41be33a9acbef5e70dfabfc4dacea5e,1,0x026d8d98e23272626f5fd12e63835fcd4ec85c923dec2f95607de1e6f05495af91,0x046d8d98e23272626f5fd12e63835fcd4ec85c923dec2f95607de1e6f05495af9160a075212c33c92f44e01b40d5595b346179555fb99436e82af60e86956993ee,0xc532cac2d164285c194d21d9d0afa943ea8efe61275df6451fc613ed539e4a42,ok
0xb1adf8af19df6ae52c4135698da8587b077fbfdb,1,0x0352314d06f2520a0c1106b46e3dd459be90d808edd8a76c99f7e331670d3d942b,0x0452314d06f2520a0c1106b46e3dd459be90d808edd8a76c99f7e331670d3d942bccd57cbc5be593ae90120d59758c8c9aca382df78990f3981d4d30b9fbddd723,0x57dbc9a406e02927f5983f5db7a68f82d3cca59ecd482b1fb43eedcd1ba27f87,ok
0x31668c4b07d9d14a903d20a29b96c7fd8274a99a,1,0x02f8df213d3098eb3d216062da53661f1a04ffe5bf06c6ce9e7828cb52a7651e25,0x04f8df213d3098eb3d216062da53661f1a04ffe5bf06c6ce9e7828cb52a7651e251c09c32e61c0f672916c6056c9fc60c74b6b2652438d1248a6c7019b4ab19ac0,0x98fb814f4ae719a18264f613772dcad8849dd828081f0cf26cd955d5ff5f7d5e,ok
0x1e64b24ca3253e31d43105dcb537ea6e089d563a,1,0x021663245d8de87c209859635301ec6e28825ecb87035664f75ccd483fd2fbd3c1,0x041663245d8de87c209859635301ec6e28825ecb87035664f75ccd483fd2fbd3c171b7b15f31be82d46532a4606c152024ec17225fe4fb57cde1a7abac7990f3f6,0x280192f43e54e19f5fec7df13cf13de1b65c7f0d8ebaeb9cfead33515610284a,ok
0xf009574e1e008bfc337100788d8331ebe63b9411,1,0x039e9344db1e01208b8919ef5c93eed0e18c95f91dd4d7cab1fe37f7a3dc3b389f,0x049e9344db1e01208b8919ef5c93eed0e18c95f91dd4d7cab1fe37f7a3dc3b389ff834294e326ce2222827559ec93d77179c994820feff3ea0df8f2aba89553ca7,0x6983cd5eb23c0cfdd606552af9572a0e3dddff4e1ce3bb44dbed04c36cc00f51,ok
0xfe52581740d0bbdda211e53778efa8644a2f2845,1,0x03f750bf9f4a63602d5a284ea14d5b73f56d5b272ad636e888e1743556cfd09223,0x04f750bf9f4a63602d5a284ea14d5b73f56d5b272ad636e888e1743556cfd092237b665215670fd9530299e599d409423c42028dbd4321446b66dd8f5177dba14b,0x05624435b0e5e263e758d7fc7d2fd37c1d11f080045315b40e654be53865ff70,ok
0x4c126472cc5b751e10d315e4a590c884c5ad7e00,1,0x02f764d6f3b40e2195909511a032fb999383a8fa5bd2c9cba502d6b3d0b461bc3a,0x04f764d6f3b40e2195909511a032fb999383a8fa5bd2c9cba502d6b3d0b461bc3a013fdd1541e2f7c463cfe2f045af070ec2146574da42c59389f420743af3548a,0x4fc9a62c29451dcc39fec711013434f7437e2ae8149dec853b18542ec9df6d4f,ok
0xafdd93e050d17f33b2977fe39ff5cafefb6ee785,1,0x03306a3e0b21bdef8597ee679db0243eaaa112f46af3cc1ac0a64c169041dc5236,0x04306a3e0b21bdef8597ee679db0243eaaa112f46af3cc1ac0a64c169041dc5236f804977705821c8e6a6c724b255cd9c2d3bae52ec39c2064fb5a7e71c82e505b,0x5a8ccb897f4529198bdb25d0ad534292196edb005966a5e86babc06e0452c9bc,ok
0x32af1c2c5d79c6518abb977d1be3354c4a1baa95,1,0x02a3e0b69a7f21e0fb22ac8a98d136f1044f55f0845948ada734ef27e4599cffb4,0x04a3e0b69a7f21e0fb22ac8a98d136f1044f55f0845948ada734ef27e4599cffb414411b297e783dbeecc43e09fb78d50e49b7d550b573f5e68e736fee5b3d4642,0xa9ff0e1b7ce9c08f9dab4655991052cc79f96a455a3a0561432e0dc479da707e,ok
0xad2627337bcd64b81f878171fa8dc6aeeda5f6f9,1,0x0285718896430e344cfbf74a3262949b5c80450beaed1fb8dae1fc069ba5b975a6,0x0485718896430e344cfbf74a3262949b5c80450beaed1fb8dae1fc069ba5b975a68807329fd170af0af525456b2ddf532ab2d65464de4a75cda62efefe60a8f9aa,0x2cb3461e53db496e2b87a91c3851ed08c713219f4e48db3c04db1a3863a629c1,ok
0xfc9e8b938dae01b2eada4377cb7d21e184fe615c,1,0x02105d68671a16af8e916c04a8be559ddd2b9b7369bf3ebc099eba18e234a5892b,0x04105d68671a16af8e916c04a8be559ddd2b9b7369bf3ebc099eba18e234a5892b4698454a3f65d47dab1bdb324216960758f14ea18656bf8bfe607f4264fa1132,0x5aa867fe804adfdf761bc9b5f8a237792e38d1feb93f8f7a918a52833bee9bdd,ok
0x873652247281ed383b3c3a958d7b175b787fbda3,1,0x03a08eaaeb3936b75e1ae5c16f01dce6cef442a878a99a3b72bf69668e900ce9e1,0x04a08eaaeb3936b75e1ae5c16f01dce6cef442a878a99a3b72bf69668e900ce9e1c074b33233cec3c083b31aed32b1c8d8553bdbe0010f6ea9895b63f1b84b209f,0xf1cc7dd6302e1157f06cb2bbb99a4da7d9cec0c892c8dd4308a4ff957ca77d0f,ok
0xcd728b15999c73b59a70555a64da83ea36a2a82f,1,0x03668dd25900bacc98bd221290ae3bf3fb1f65797b558b69444d652761ca53775d,0x04668dd25900bacc98bd221290ae3bf3fb1f65797b558b69444d652761ca53775dec1283a08f4c6cc15bddd290c4066ee420a68c07da33204338c2a2297273dcdd,0x408b56d15e1296f7d22c5a230d971ea73eeb8f1efcda1e1b741d06743411433b,ok
0xd7dd3c885b467193fc454064a39b8d8f104b902b,1,0x03aadd4bfbf4ec5fd9e9334bbe73e4a0b811eb05935bb705e4c696cdab2d2adf44,0x04aadd4bfbf4ec5fd9e9334bbe73e4a0b811eb05935bb705e4c696cdab2d2adf4416624a34713a6cd04fe7bd874f14660e66e24a0188d93903c3d7504ca7b21c69,0xddb11a949f684753cc70a1944bba4f311a8a319978f48dae0df2262fdd59f29d,ok
0xa0a0ba0143a82d289fd4db507f06e18be0e8f6bf,1,0x030f6acbb64f7255fd5fa17e5375ac3682877b4c280bef63a5327fc9d79af98cfe,0x040f6acbb64f7255fd5fa17e5375ac3682877b4c280bef63a5327fc9d79af98cfe977641f150f9c7e2f8a7d787b107a3039282a0a81ea702ff93b3ee78a673cbf7,0xfb59c201756caf6a3ab55483ac04ddbc7179ab48edae444c290137531f4fde67,ok
0x75cb9c509c495ae7660772a07b734a5b1125209c,1,0x02cdc04a0e00162e12e4321a1602ca254ce4d9104f3d196d32ed41375089602169,0x04cdc04a0e00162e12e4321a1602ca254ce4d9104f3d196d32ed4137508960216978754a62476773a99d0774d8b0a319226f68d75fee800ede70a2f8dca472a010,0x194bd437ad02cce7dc63c56a1b2874ddd192ae6d1bf640c8134ed174a3599cc2,ok
0x13e48abf4248251934a7d14c857c89e996243851,1,0x020fb7d30cd33bff34c23232864585023a71393015be81e108ede9218a010b32e3,0x040fb7d30cd33bff34c23232864585023a71393015be81e108ede9218a010b32e3183a5d039af1b4e7c891936fc2ed6b548c69d9fc8c0e108d3d2e8dbdba82cd56,0xd48c6825efb80dadcb02840e18b2e85caf12d90458632c9c317cb522c476e988,ok
0x70f22de86ad456dc2b379719f6f76fc47d55947f,1,0x02d14610b5e624c1315eb1262ec6d110f2b6ca392a8eeb14bfa589e4179ed2e1e6,0x04d14610b5e624c1315eb1262ec6d110f2b6ca392a8eeb14bfa589e4179ed2e1e6059cf5b913846530180093b6038bd33d5f6cf3a3480f2508ad0d3df343433e84,0x79c4ee1bac80ccee19bb3a157558065e862775fc2ba9612a4b5720d324c44e37,ok
0xc258988cbf6dc8cddfe46fb725b3344b8f0065f8,1,0x0398f6dd7a4ed32ad6ce857c6d7ad72cdfb8c31c565f2283ca67c31730ba7982be,0x0498f6dd7a4ed32ad6ce857c6d7ad72cdfb8c31c565f2283ca67c31730ba7982bea5198ee68f1b8ee2fae3bfecf9edddf58d95a91716cd94027f776800c6044547,0x7514a5f5eeaf9d994a85c4b31f1e7ff676280500b41788153780abdd7383940e,ok
0x5e635ae6ed0b26f2d22e342bcd52b7eadc43acec,1,0x03e6667328fc9ec68c9cc2b11953084db75cb0de33396987f6708fe3206e60a883,0x04e6667328fc9ec68c9cc2b11953084db75cb0de33396987f6708fe3206e60a88378e7310a2901632419d388894474d9ba90c9318694c6bb6620a1a0f46d1d5d7f,0xe6941986f16e2679ecb3f05d2e7e014df1feeabe7706866c01a6936637e77d70,ok
0xc0e3d523c618962f8fd2e855b43c798e469f9f20,1,0x033f5d628f0a9cb37b4f634780610d6fa4d5b08274b6fff9ced3f5a3619b7d09a3,0x043f5d628f0a9cb37b4f634780610d6fa4d5b08274b6fff9ced3f5a3619b7d09a34ae23fa5208b0264fe09d92b8d603702d71d3ff25fa76d0e7ca9800af45749dd,0xcb65fe07a2fe6d9e7f2332bbb9f341068740d3804991af677cf764ad447e150c,ok
0x732b56a95a1e307f46053d53e7cc3ec40c6a8f8f,1,0x0368092d2edd36f7d065c1f967c1604983dbb2f77680bfa32b1ce44b16a88238b4,0x0468092d2edd36f7d065c1f967c1604983dbb2f77680bfa32b1ce44b16a88238b47df159ffac64c97693f9e311f41f62fb0d39f27633d806c7023fa84123f0fc6f,0x0a6ada69da87fb29ab575cdd60fbb94e8444157a003880b21e406e15ca0e7943,ok
0x071ebdd7bfe7d69f51abfa47b1f91c8c4aacfcae,1,0x0369a689b066aacd0d26884d880a89a82e2c4d53bc8606df82effc1f96c7e70e1e,0x0469a689b066aacd0d26884d880a89a82e2c4d53bc8606df82effc1f96c7e70e1e32dc915dd969e046857f24171ada7be2bb3f57058732081632968064fa9d15d9,0xf1ba0ca6bacbf007563f88c321e14c4e79cd2ec4cde6339c334c2814fc22fb89,ok
0xa78ef0a8ff567aec601c770a2f29aec6d63b24cb,1,0x03d756e6d4fe1871089e4ce352d83fa1696d4d0cc867e7082fecf6231cadb7aa21,0x04d756e6d4fe1871089e4ce352d83fa1696d4d0cc867e7082fecf6231cadb7aa21ce549ac35f4c4b9aa338cfecd540624f828ba7c7dba4feec1534840649e976e1,0x0d3c9822928e4f4e1c74f6d04d8a999efa5a492ee697d183c4a6797aee29a8ce,ok
0xff64928a1f2b92901081e6a635c83cc69ef4ac29,1,0x0272779084ef901850160420d9b5ca29ea59cfc96d203f6d54a11e830d968e3f85,0x0472779084ef901850160420d9b5ca29ea59cfc96d203f6d54a11e830d968e3f853995a9141c590a7a4ea82668cc195a1822bd42289288e0f4072a155b952059e2,0x1829e9de7adab80dd879a913b4d30ed403ee11f59f5fe49dd5c2cd33c8013590,ok
0xc5cfcfa56fa5223d67f8bea60c28faf6713c74ee,1,0x0246371b02414b506cb38c70458cc78defbc0ab1befd7500431818117ae52ca28c,0x0446371b02414b506cb38c70458cc78defbc0ab1befd7500431818117ae52ca28c0cf55a3616f2e2c7e37734112ba781597ec8d46bb24b7886d780150047e61482,0x71540e4dfc5ad76aab058c0aeadebdf99ec68eeeb721f9fbeeb0e4540a2c1db8,ok
0xd9cdf6d83f4da994f9e3e7618f9b85c3eb7355fc,1,0x02dadf02fde85412279f154792c951454cb5283618c0685f415ba4ad5836704d48,0x04dadf02fde85412279f154792c951454cb5283618c0685f415ba4ad5836704d489a58a99f00feea0a9492ff6d44cb21754f3c4aacb2f5c07c0c492629bd81e41c,0xa75eb9bc46a241fcdaa3906ccce268c51e6c58d98e7e7e40483b323a284deff7,ok
0x8833724cdf2b7192723164c4df3a32349ed49182,1,0x02febe1e1463368a7065c6f33d12eeaf98c80388a97fa1dfdd21a334056e7e9b72,0x04febe1e1463368a7065c6f33d12eeaf98c80388a97fa1dfdd21a334056e7e9b727931a08e7b53c236fb89eef3ba4eb79545323f5f9b93dfcda08d96fe2f1bce86,0x9c64f375a12b156d2b9dd355547cea6d1e6113a99ee7de988f1fc51637d07a4f,ok
0xf6228b371ed59e03d579e4b570dd5c8a7d25326c,1,0x03ba6d25eea96ca951d7dedbe7d06ec107724a69e25171ec4b896c677646636db9,0x04ba6d25eea96ca951d7dedbe7d06ec107724a69e25171ec4b896c677646636db90113d3d95bd12de7b89607ab215d32f7c0cd7c510d9753701f4487c7f8339729,0x893436e3fbee7a687aefee097bb052b99b1427fc3ce8f4035028855b3cc0a897,ok
0x85c448af0a9ecad0c1736bd2f7751b4a87be49a3,1,0x02e0710d09bfb7704ec41f92a0563144642355d586c32f97ffb60d6ac5863b1847,0x04e0710d09bfb7704ec41f92a0563144642355d586c32f97ffb60d6ac5863b1847c065454436ef0b2b4ceefab44535c438ff341196dc63c0065d481f16462bfec6,0xbb94e346bb988b56c61eff1f9648455347a3660e931f3f792c77e8790affa9cb,ok
0x802720f980e5f9bd7358ad0bd9caa272d0173e00,1,0x0228b2d39bdc3d51e344eed16aa85ad12bd1c3f0db4be15dae284b371041b0d775,0x0428b2d39bdc3d51e344eed16aa85ad12bd1c3f0db4be15dae284b371041b0d7755c959f1b698f33659ca0fd9886e080ed823133508f5c13ddd38dd7408f34dc3c,0xe82c4edb85bc4bbf8c04a71712986343bb8d5efe150224941e3f940e77f6999f,ok
0x7bd1e0b0e91c1f25c371d434a1e82eb6c18ff888,1,0x03e5484c8d3b0c4c654c99c5e32ee972232b9230b110364c3ad0f844bf07f2ccc1,0x04e5484c8d3b0c4c654c99c5e32ee972232b9230b110364c3ad0f844bf07f2ccc106d9b744f3296bb21f08b399e70cba38a180467f79f71570612e5bf352f28ccf,0x52049573d6d1835d8c7706d9648d717b91a1f6605e0bf921d826d8904ff20c7a,ok
0xa1ff0c6d0e5995ff859912421b5df89104a32f5b,1,0x0286da363911008cd12829b7c296bda45bd699dd1e2b2415607be6c35d5357125b,0x0486da363911008cd12829b7c296bda45bd699dd1e2b2415607be6c35d5357125b4e1d64e136bf82080c584f49218afc759cca90539e0b2195f7a4d55048d85082,0x250bade38db7ec52023a6f5a45cd0c300540ef1c953d4869c5a363f46063b16a,ok
0x4d3f330ca3f175ae4135ecde5368e92bea1c6045,1,0x0381a12bc536d48335945965631452d50ff75233d1285305851cb6a7626bf6f8c0,0x0481a12bc536d48335945965631452d50ff75233d1285305851cb6a7626bf6f8c08aa6dc7639159af9af2af924812531d848f8c982b4e58cc66cba5d697cbff6a3,0x35e33e4a7980ca471804a5ac6d61bc0283328363af0a142e74fd320f690adafb,ok
0x3e6492b94e3ddf128189e4d3a767b8c2428a9e74,1,0x029f43cbfe8e9916ccb62e22b1804477b4250a27902639dbbc17b4dc4727117dfa,0x049f43cbfe8e9916ccb62e22b1804477b4250a27902639dbbc17b4dc4727117dfa963f7b902baac557b4224be331314edddcfda04a9b1f3791cef50eeb99a5ee5c,0x3927d431572628c9f0595e09d035cb6c763c25ae58e324f3beda25f30a264a77,ok
0x8c1fb0d115d04ead73337f8188ac564e0132067f,1,0x031213b3041652f165cc87e3d83fb35a53ca6fe63cae0b77f2ca23964345d6e97a,0x041213b3041652f165cc87e3d83fb35a53ca6fe63cae0b77f2ca23964345d6e97ab51af71b979338d8601088ce26516037f542f3b4085110bbfacd8145cce60fab,0x6912aa555051104c4214b0ba807ce15f5948c217e95c7527dd408c5648e906db,ok
0x5071c414c6941c2f358b603527ec25c21fcfce63,1,0x033f8ad0890fa5fd5578b1484fc76525c45670d29540f728086abbc777f482cba8,0x043f8ad0890fa5fd5578b1484fc76525c45670d29540f728086abbc777f482cba8aa2056f5e86397dff70eb64b1af33e43db9fb46147f7fd9b1d56cd157bc93501,0x699a5a45d533bd8af024f3a935d9cba42a908187003417976096f4d59efbd585,ok
0x8d3663821b91ec99892366032fc55abfd1826678,1,0x03f07580df04970d355199b282808bf6106a692c52bf1e139329b8576167e3cbab,0x04f07580df04970d355199b282808bf6106a692c52bf1e139329b8576167e3cbab41b67acbd4d38cb46d8d7558e68ea81e07df9da544eda939c6d1c659c7083bf3,0x4ae7ec9579ae142efb7d3bf18df9ddb2275cf65383b89a6bd58ada9563491f87,ok
0x80f6d7138ba478b9501c44988503f23d37fcac6d,1,0x03992b3af586046cbe0cf25ebf102bfefcb81fbf8f804f6ec1e07ef6a6140f60c2,0x04992b3af586046cbe0cf25ebf102bfefcb81fbf8f804f6ec1e07ef6a6140f60c2dbd36e6adf22e15be42a74e73cf754c2db48e720b88e7ce8dd374aa9786d3493,0xa2930b6ef72db19c53f8b9e653d2cc450eafab1ca89f01637bf6db9c68ef2e57,ok
0x15b44ecc70537ab888eea50e8fee63061ef57b50,1,0x02580076bb73fceb90a3102cec5bf10453d0e6ef845374df967014f75929dbf483,0x04580076bb73fceb90a3102cec5bf10453d0e6ef845374df967014f75929dbf4833f3c0479d83d47b777910dc5befbcb347c26b2bbce86c01c8cacf8d483339b34,0x7140197c0af5ad9b246c91e538d2f712fcff43f006504fb2e071f12dc13bfa67,ok
0xbf401b81e2d01bfb80d32a7b71fc0715d6d76d45,1,0x029f9209f848eb7df6f554b798d7abcccb80cf92604807f36b14a45afc20527d9e,0x049f9209f848eb7df6f554b798d7abcccb80cf92604807f36b14a45afc20527d9e3bdebe385c998fc408030420e015e2bdbac6c5013be675736a5da300a75c3972,0xe298f43f25e3602d76503cd012a2a0dd97668b6426ee55c434ab01424bebf414,ok
0x9854d24cdeeb61b49746d7bcf04961ef03a062d3,1,0x02040ab1fa95fdb0f2d298107741510d075c3338c4923e2e47ce4629269a163067,0x04040ab1fa95fdb0f2d298107741510d075c3338c4923e2e47ce4629269a16306711ef7e739a0257c92b964b94d18668efa1ac38f6dbb8e2b5a203098553fbe48a,0x330a647a487727aa82b97c1fd215c416c927d3d311ddcffb0c5b00d6aef21477,ok
0x78172debb2c90cb4187cd3eae29a1cf9d2864b03,1,0x03b90858fdc589b6857405cda65845ccef98971f1402477e6617eb1e01f43e698c,0x04b90858fdc589b6857405cda65845ccef98971f1402477e6617eb1e01f43e698cd2b3365f2df2f12e702a0d4dc74064d078a58c96c834e63bf659d95324d6e7e1,0x93b7a8796de1e163d3c04feeed78b6cdf9d7a4da8424ad1154ea3fa828962a8b,ok
0xb313dbd81c2191d9a9f5715ccc02e48ec4ca8ddd,1,0x032233cdf49ae9e8f5b9c6c4d28c8a7975f879f614b2b10f814d0650bf85353a2e,0x042233cdf49ae9e8f5b9c6c4d28c8a7975f879f614b2b10f814d0650bf85353a2eb7e77d8e6390b56ab287bbfd55c59ed93fb8432c87000115ab619c772d7ca379,0xcef17780d0a2929e9d563ed8b8e980b22d86ca37ee3e04053b9b15c173c41fdc,ok
0xf0b197f46e9defee904a4f0f63ce9515d5f5b496,1,0x024124c51ae3cb38944f55e3a48ba02f42531824cfd042cb8754347cd7f0475d9e,0x044124c51ae3cb38944f55e3a48ba02f42531824cfd042cb8754347cd7f0475d9edb36c3eebb3ee6b7f83e5a29c54c197724006d1db53fbe8d621788701210cc82,0xa37c080f07ad93fc2619e6e5a0cfdb5260e7e9e46927bb21295e0dd027b9835e,ok
0xeb86ef5ccac57290d1316316067607d8a8c19278,1,0x0346f2eac41d61282debe828a8cb3ed6ea86cb1cec54d013d44861f3b82c6cbb07,0x0446f2eac41d61282debe828a8cb3ed6ea86cb1cec54d013d44861f3b82c6cbb07b26640daef945f6cdecabdc90b0a07db5bd761c3993aa6105ff6e7d05a31d535,0xe00c606eb13fd640e9e19b6ae5f109ba9bc6a08f29fef07dc53fdeccd4bbad1c,ok
0x0cdcce08983407fbb883c6c05a65b4ba062741cd,1,0x03eea22e7e0d528dd230974ee4514d93ad1725eb417ac661f3334a702e1925f9d8,0x04eea22e7e0d528dd230974ee4514d93ad1725eb417ac661f3334a702e1925f9d8ec93c89f73446cb6b4df5085eb7140656debe5c8cd867e7b946dd86c2a9e154b,0xa2b069478f3e8f6489ed6f0abb059f35fcbaf74e3273cd8ad8ec596fd9694a29,ok
0x014469d630ebba94880e0cae38ddf4efa2866918,1,0x02a28efdc851249434ef51bc06c7db02d31e4e79f523e8bf7d9235defa4545e164,0x04a28efdc851249434ef51bc06c7db02d31e4e79f523e8bf7d9235defa4545e164e3c09580b61c45a663478dc23039fee580520648bbdb05e3ed665035ef90f5d2,0x8f7a3d97172456aa00eff2cda4de77b66c15b0df4df85dcd116c929c9ae20adc,ok
0xbbcd0d186135d44a9f4855af36b81608a0f24e96,1,0x03596592f08a20752712295bed4c035f182c500039220fc6ed8b7e938d43676f83,0x04596592f08a20752712295bed4c035f182c500039220fc6ed8b7e938d43676f83d4c17acec3b5a78fd3267d13209775398b1a58edadcb4fd2a14bd4aafb64cefb,0x8af6b2feb452d7e340b92be380ada05c8a8bdc95b15550e5600261aafe15bcf2,ok
0xebd05e6f2a958355d069902d4a6d2bc994839b36,1,0x028a918ceaca875373c875250ae2739467d5d4e2498952cd34d07d094309e6b518,0x048a918ceaca875373c875250ae2739467d5d4e2498952cd34d07d094309e6b518eff4d09e08c4261d149008a98cfc9cdcdf07f268326b2f4d42b9d587d6275ae2,0x0932151f2c3149c20878bc2784ac88100fa0ba76b32ce920f8cca880dedfc601,ok
0xc9ebea64b47bbdd5b2be44b26e599e9561dc36e2,1,0x03b5b2262a63c52c3a675a8834ed1e0cf7df176fa0e75fd5e7aa3dcc07ed19330e,0x04b5b2262a63c52c3a675a8834ed1e0cf7df176fa0e75fd5e7aa3dcc07ed19330e4dd7b4a8ceda7f2fcf817c7c2d07bdb8d966b59b112e1a6aa5dadfe5a9ee28bd,0xd26a59a6629ed5af8f7fa85b6b9e8ce60d7691425cf3233e865045e3103d10f3,ok
0x0289ec5571b3e02c3ff3261231c04c66752432a5,1,0x0391267f850697dea25093dc12a283956886952a7e32b468e4252a1e9269ff00aa,0x0491267f850697dea25093dc12a283956886952a7e32b468e4252a1e9269ff00aad5bdf1c3a2eddaab075d3becd6bf38989582ad0e651f65e0944a36efbac38aef,0xd81f7180816f6b91f849a0994af44fd1e607d6b69bd94a3726b4b412a8ceef17,ok
0x5f788e9872b217cbf52cc00ba68e821017f5f2ad,1,0x034474ff708ae33d3850e78d18c738ccc955725ed0bf40b33311e1b8a526e3d34e,0x044474ff708ae33d3850e78d18c738ccc955725ed0bf40b33311e1b8a526e3d34e9dea87c32beee1ac836afe3e495b67934428e93f51d6a09ada779ffdb6bb3f9d,0x7f2725bea60570abea0dda3b48fb7927cb36834fde220c10fb024f158677c3fb,ok
0x57ef4fcbcac222198836b7a4d11f99a6ed5aa7a1,1,0x0247d0292091ffb524844afd726f273494179cdb5f4a8de6103d05173cd9269d24,0x0447d0292091ffb524844afd726f273494179cdb5f4a8de6103d05173cd9269d2454b40e64c03d93917ba61040ff77a75797f6d05fdec2bb9d4be673f785099cd8,0x439c8ddaaa1864a25d77c51fe60739a5aaf805ae0eb6476b67d74882d6f79680,ok
0x483cbeaabcf61c1b90436641a38e0f2f5f007e60,1,0x02b263903b937cfc7cc545576389f0116684d5b0584b69479ddfa3feda57d36403,0x04b263903b937cfc7cc545576389f0116684d5b0584b69479ddfa3feda57d3640339d66e343169d86b91775e57cec0f7bfd6c3b13c9ac80ccdd38a2f4ddb096b7e,0x0d5b3376b50326dcb84dc58c57dc92c867e8b75b5e31fded675b9841095e09b5,ok
0x9fd6ab077f45d09e83e600e1dff9c20c24a7dff5,1,0x02584ebcd1f1d29ed27e18a1542a4d1ac63ceb66bec85f7ddd787b896bf922edf5,0x04584ebcd1f1d29ed27e18a1542a4d1ac63ceb66bec85f7ddd787b896bf922edf5a77e7a58b76010bc565ff5e2e38fd7b5628f1db875d797d4593e7dfd86d0146e,0xef8d39dc72f4508654620d9790649b1df39f74806a15518033d00babcc2bee57,ok
0x5926915b87ad12e8fd3aa83e9571684d2c5bbb64,1,0x024c45fb03710c2b2a7d09af27e859eb58612d65c05e472cbb14bc4e1cfc40da7c,0x044c45fb03710c2b2a7d09af27e859eb58612d65c05e472cbb14bc4e1cfc40da7c8e43d0a169ce7798409b27f51af6fc032769dc5e23de595c5677d855b2ae8ffe,0xda030a8a39484d1a0d169c78b6d049168ed176aa68001ee9f1a69a2e8a443bb7,ok
0xec6f1de1a5d672ea379ce8abcd501d455db155ae,1,0x03b605ccd726af355a7a0bee67e0fcd922fa056e942c8eb82bb56fdeace36396b3,0x04b605ccd726af355a7a0bee67e0fcd922fa056e942c8eb82bb56fdeace36396b30b223642297b2b2a31100567daa68d598046b5889823e659f971e902b6ffe9d9,0x10692947abe1fceecede68b8b8e82aff87bf72fd5c441dc6737377a95d26d57b,ok
0x64fbcf2f7ab6de55fcbb4d7d6b2dc777d9499e39,1,0x031c5e3f365b5ad7db1600c26d3f45acb633c30a899ed61aec35fccfeb9ef7100a,0x041c5e3f365b5ad7db1600c26d3f45acb633c30a899ed61aec35fccfeb9ef7100aadb1d2a6a9c7917177c9a32e99e879a23bf74426b9635a856e50974c0e408fdf,0x0a777638aedc679b1ae03c5bf8c39e0766af9ad7d4173bbc538f818346fc591a,ok
0x0f661f4d63765a57e3585b74cba15491b2b5d818,1,0x03fc602d424d4ca89ac3bfb41a3372859936da0e2c7f4fdf955df1e12775709745,0x04fc602d424d4ca89ac3bfb41a3372859936da0e2c7f4fdf955df1e127757097454fa0784805326b150b1c4c04647dffd6424e57922adfe79443294df9c570a3a7,0x2f1d787c4878bd3cc4917a929216ae9006ca3ed072e5623d4743397a53ab6c4f,ok
0xe35a3d96c9c2a3fcb24634a53568585db447642b,1,0x03d6b54c50779f69788e7a24f815c067fff922a5a0401a712daccc17b431566430,0x04d6b54c50779f69788e7a24f815c067fff922a5a0401a712daccc17b4315664305e2d94964539bda6daf50619eef3833d72e8fedf3175612f4e149a5624b43e1f,0x509fcbd9b68e628ef1c5c4a5a7f8218d0d1b4dc3360ae640a0675e9a06c52698,ok
0x2a15ad5b8b4f1810c51579811d97b51cc73eaa38,1,0x022d6bd9583d675d69e0b954b3c980e7bbd9c819ee6df96725f004c04f8c461886,0x042d6bd9583d675d69e0b954b3c980e7bbd9c819ee6df96725f004c04f8c46188640b22318e075a5a137622a006680c101453eddeeb709034c9adc7684a87d18a0,0x765746a8f16e524bfa5f5cabf107e16e32629c7222b4cf8dcc986df2a8a32c29,ok
0x02797808a63694ce333c96151ef1d4e6f1b9fcb4,1,0x021c5e5ca8c3751369ff2d934f15849709867ea33bfd611bcf966baa7748fa34e1,0x041c5e5ca8c3751369ff2d934f15849709867ea33bfd611bcf966baa7748fa34e1cb4b8ea9d7e5a54c409871a2a28670b011519147ed447d72cf8bf1ad8a1ecbc8,0x56af574359e4583bf1d8c75c82cc159353289a6a49ea14a88bc9c94282c7da97,ok
0xe536cb06764e1ef138a54902bd7c73416714e546,1,0x02cce7253f96fb32387c21e490cfe5f3a4869d6af764fad56c6c4ab90d54ae82a4,0x04cce7253f96fb32387c21e490cfe5f3a4869d6af764fad56c6c4ab90d54ae82a484571051bb4a396a361b371c71c969eb416a88ef7e21ac2eba40700d7767a97a,0xad2da1c316996b4aebbf3fada623be7236fbdbe86cefa242693f2e22d557fcd0,ok
0x53f42691df74ad573f5b8a461ebefe09ecddf920,1,0x03a7e4dad5cd0e0842dc4457256d67a270e51603598daa1e05434ccf7f43a0c737,0x04a7e4dad5cd0e0842dc4457256d67a270e51603598daa1e05434ccf7f43a0c737e8c7929d6b74a91c5bb735ba8cc76c4e47e975a406107a3f9433ad77eb2253ab,0x5c3ac310cf05adf7e5c0214f55284ff33d3ba48d9ed20574d009077ca2b52a49,ok
0xba2e80144fe3ef8881fc5a816bbc607768e91321,1,0x03fa0eedf8084369a7559830d3c176a6f8b8b15cf3a03454ffcf02b64555f415c0,0x04fa0eedf8084369a7559830d3c176a6f8b8b15cf3a03454ffcf02b64555f415c0d3641e8403814f23a25fe65e6766a31b74b9bb077482d5d55844aed1d0740947,0xcb14ffd7e9c1edc67d2ed955b72022225a13ad3bba3ae623ec8791077327d764,ok
0xe9af8de8afbed81e72b09a97568f568b31ceefb1,1,0x03fadee9e4fbeb14faea26b2475e158220983977eb2116a045cf842ae702bd0f65,0x04fadee9e4fbeb14faea26b2475e158220983977eb2116a045cf842ae702bd0f65e2f75ccef20e9afcbf7fb222be61d0d5219015c3e018ee51a50bc3be1afa7bb9,0xfaf214f3879c5f58cf7534fc7d6f5d741ac879edd5c61fbd5982746eb0a5e9fb,ok
0xa07ff1e234f5eb6f73867e4c72b2402e9a7a71a7,1,0x033caaf3d4b14e4efd5fb72d360bf8c67570f08f5a7c204f924b6d1ed06cb95948,0x043caaf3d4b14e4efd5fb72d360bf8c67570f08f5a7c204f924b6d1ed06cb95948bc43e523863cf55b1c5ce87909970f3fa772ef0b9cd88df2ccd2fff68a52cb4f,0x19e419bb8f85b2eba5cda1984d9dc905a519ee0e882f736ad46c8876a4aa24ad,ok
0x18a026437d58450730c37e5bd3d0a451dd9c5243,1,0x02c5a6c9fb65d9ce9c30578abc20ace109625b734c783751abf43fca599b6fa833,0x04c5a6c9fb65d9ce9c30578abc20ace109625b734c783751abf43fca599b6fa833d5319c76bba9ed5de60d68e57e6dd841b61c70c51391b8d40f140e25ae2e498a,0xa708c69e8ed67fdd33aee208d5943f222dedf6e37e2a9da5c7ebf819a9e1bee7,ok
0xc0acaa668af06267e1c8850bdda28c0431d313b4,1,0x027095aed03195c598d7e6054a1fbf923d7e07b113f79eb5f7928b00d0ad7cdd00,0x047095aed03195c598d7e6054a1fbf923d7e07b113f79eb5f7928b00d0ad7cdd001fa60cb572880a3f307fd430cc1810c4b81bbb3ec968b7c7539fc96c3c4b04ce,0x4a2a940863f118c6f7819c1888b456c9b3472e757041b75e1f62337ebad82b56,ok
0xa1b978c328e78c1bae146346e6b7a5d98c55549f,1,0x022250370511d1a36cda7e22badee8ed14a68f9ddcd69b9a1acacb415623e07e32,0x042250370511d1a36cda7e22badee8ed14a68f9ddcd69b9a1acacb415623e07e320b9c50fc512d4764da08a55e26a20eaf32eede46b377465a3cd3c0ebc3094b42,0x7cf4cd1c42e3c8371a2d75840a4c5d93604e8e8642c03b1ff9fa464ec090bc69,ok
0x8820ff8a68294f0bb5ef77d7243f0224ba0a0f82,1,0x03892ab4c98a7eb0f6429dc393f7c5ce12963609b4176e8af35c84fca96ffee6c3,0x04892ab4c98a7eb0f6429dc393f7c5ce12963609b4176e8af35c84fca96ffee6c378942da61abd1c255a74208c572ee8cfa74787331fdbeb540c176688086a0f89,0x7d271c38242a7045b6c7e6cdc56832cdddc877103b2803c615ba003827ba939d,ok
0x57c9898443125749395803ceb7529301fb6068b9,1,0x025fa77d9ad3f6d9adaf1c0aae4dd93f167c2ff9c9b1d43886b1b7114bc04fe502,0x045fa77d9ad3f6d9adaf1c0aae4dd93f167c2ff9c9b1d43886b1b7114bc04fe502c6a68dfe278b19645975b1c25691e12189ab536e1fd24c7e4da26994dacbf754,0x511404b45c907c2aaad355d0beeaaec4b4790fc1cd7857969f9af67800629d96,ok
0xc2b8e64eef1a686ac4e7bee997e9a73ad87d60ac,1,0x02c9a05f333b12f5946d66cca138d8c2c05264e0164f97020af70135e55f44d447,0x04c9a05f333b12f5946d66cca138d8c2c05264e0164f97020af70135e55f44d44751c1b08165c04ba561d2bf50d979a0b0c571cef953801295fca8e95214f45c6a,0xc56bd37c8adab2c0c6e2888cb9f43fd8743a9fa04976891354b1f2b97d65ab17,ok
0x98cbac06efc75a0f0f42bed8a73f15ba85392ca8,1,0x0322639d4551bf28d4b0c31c5e81f69c02961c875f33c0500232ad919f47083dcc,0x0422639d4551bf28d4b0c31c5e81f69c02961c875f33c0500232ad919f47083dcc695ae4cd02c8d17ce051ec663d0071e1e9245d19e5c2d8eed4559b77c90fa903,0x625e638cd53f6bb784f79422180d75c00de195f66f1d72a7d45016a13a0e2000,ok
0x00832b52771c0f340b5b42bb12e23d3202c99489,1,0x03058d380b0f70950ffca0e61866c057e2769ed9dd49b4828da36c61a261f7b5a6,0x04058d380b0f70950ffca0e61866c057e2769ed9dd49b4828da36c61a261f7b5a699f8fd90933db2259339ec51a232fe2816da205ccdbeaca89f3332c7e76250f9,0x4aa786a51c6c2983b05bcfa86b3f559bdf106b81f2597bfa485bbdbb197c627a,ok
0x53b9fb382a61b81814ea765f2ae4263c79b815d4,1,0x022c019ebc0fff743a6fa7431e52fe20a6904704507cc61eea672dc51fd7724774,0x042c019ebc0fff743a6fa7431e52fe20a6904704507cc61eea672dc51fd7724774e5ba7b01a63ff6313a838336bf95d9f27c6d92e93ff1cc896861b1eba6790fc8,0xd01c1363a04793a360d8ad0feecf70b075cd66ef4898d9eb6174edc936fd3773,ok
0x0980145476ec24d7f1f51272744d98ccb2dbb0b2,1,0x02f12e42f1f5c84f34d7dffb2f55409850180451eba1d12027ab62a5f5a788b5ee,0x04f12e42f1f5c84f34d7dffb2f55409850180451eba1d12027ab62a5f5a788b5eebbc9f71ce19b074b5868f3e3d0362bcf88f82dfd0b1e51f35ee94d7b97abe43c,0xc4eab095390b07ef955f93437c5c97d46acb230dd0904fb387ee52b00f25af91,ok
0x028b9f3066e6e9e70a135046d575d515407e7db9,1,0x02197568b1ca85b38340a8153ecc90d7c7701dad647a37743a585bac9c59256d1f,0x04197568b1ca85b38340a8153ecc90d7c7701dad647a37743a585bac9c59256d1f5af29a67e925a4d4a525f6dc78b50550a1b7ea519851ad027db30c34db376980,0x4fff709245d82c6564eddac62df32744f169675e9f07647d19340982262c032b,ok
0x353d48f0d95c6ac3baeade8cf3bd1d63d3264b29,1,0x033759de9fc58ca745013480a8de51debe4fe895a03d212ddf5ae492337f2831c4,0x043759de9fc58ca745013480a8de51debe4fe895a03d212ddf5ae492337f2831c47afe6f7a32bb3ec44c251c24b0df597cbda5285ffe6d01d7ee1d15842c5952a1,0x454f39a3698ae24de62890a7ee05683294f35baa0dd6f5a14834a92be77b02d7,ok
0xa53adb1a7e26e1819e4722d3ba8f6b34fee3e714,1,0x03f16b3fb029e129aef30ab0f2fdf2f2f31b5b7b325509cc99e8dc627623490ed6,0x04f16b3fb029e129aef30ab0f2fdf2f2f31b5b7b325509cc99e8dc627623490ed691449e0410ee5b90784aa2b653779514b397d8595b0085705978c55ed3476207,0xfea7ac0f8c0271c13c2ddbf73b47091d98d7ba1e79c4b95999d2d5ee2731a9a8,ok
0x49daa3787887106eb16c6af30fad6d722959c792,1,0x03638fd375610451e17863b5d106e55707d7ffc34c9718e03a05edd06d1e6a15a9,0x04638fd375610451e17863b5d106e55707d7ffc34c9718e03a05edd06d1e6a15a9cbbe4c8d226e7e892faaddac9982205dc8d6a7a9274536a215ea35442ab060db,0xd1233cd2cb71445a364a3d5cf781501ec4ead55e9f146cd1c3723e4af6a76ba7,ok
0x0c6465eb6ee51251d808a46541701dd3e68786d0,1,0x0229e0a0e4ed5123c3fae3cec7397f4eb6c2c29c919f93e5bcb7a605f01cb2ead6,0x0429e0a0e4ed5123c3fae3cec7397f4eb6c2c29c919f93e5bcb7a605f01cb2ead65d6c1b81196cfc8323c1c71ee1f15132f2876c1ca38b1be1141e9c197736d120,0xeea440bd820d1df2fbb4fe5ab4fd2800b15aaae6d636f7e85f9ec7f058e73a0a,ok
0x463373f0013df4b5b0170ba92aa920ea38b056a3,1,0x0229bb5153c6654ad6a79065d7e4292bfb061290fd1f0d137cacb8d58005bcaf18,0x0429bb5153c6654ad6a79065d7e4292bfb061290fd1f0d137cacb8d58005bcaf18ee90660edd9e8a02853275f8efbff34ffd6e8f9a73c390542e468755eb513f4e,0xdfe3073bf53147f9da8faf4a93eb83acbd8bf0d185f8a8d99850d72815ef3a5b,ok
0xab4095d9934e9326cf7b77b14b1e8b739e190437,1,0x0343ff47aaacd8e85ffe5d183a05b6a0b01cf3d1b40f19377e1336ed7082b62785,0x0443ff47aaacd8e85ffe5d183a05b6a0b01cf3d1b40f19377e1336ed7082b627853ae43e05c99e04671df6cf49ccb512d30da546665df1cec595c2364fab8bdff1,0x1095339cfecf377adc9fcb74e24ac088c10a75ae5bda01e6b964e8b133156fd0,ok
0x8a2738252be6eeb8f1ed0a302c61e7a81b09f48c,1,0x02fe462f1a6b7e02c989208541cef526f0620d76e6a3c3c212d98b5a6ce75ac28a,0x04fe462f1a6b7e02c989208541cef526f0620d76e6a3c3c212d98b5a6ce75ac28a362543b1617c1e48eb8e8f9ae44d27a9418cc99d68283993f9bbbf8965adbf66,0xfb220e4da3004700ffc79954d946aae44721ada761735abab63c182bf7c28e3c,ok
0x7a008f578158ee396e8afd813c13c02a0b9fee38,1,0x036881187c8799ce8ad9097e1b4fab5eb83fb1bdda78790920cd1cb68b59546ec7,0x046881187c8799ce8ad9097e1b4fab5eb83fb1bdda78790920cd1cb68b59546ec7165bbce7688f5bf5e5e6a8b02869e1f67af605e79d6d6915b23092b027f64aa7,0xb8ffece39dfca99350c9a011da0dbe8f9d6a079f8591b808bf3a3cc7e04eb50b,ok
0x48b95d71aa4ffc69359b67feb6d472d9aa969fd2,1,0x0294f3eb8b6a84139575c39fb48430b77fb924b57f13715d70cadd5452fd7fb54b,0x0494f3eb8b6a84139575c39fb48430b77fb924b57f13715d70cadd5452fd7fb54bf17b636772759a60eddc98fb9df15e3bfa05d07d840792b68254190bfb3064c8,0x66d3d784a84073a4d10d12097a2d064dad556cb5971f56d65893732143a56af9,ok
0xbaca5687f66c47dea13c1b1f282f6f7b71c64a75,1,0x034c4bc3556825265f80c88473fccea74150d870eb1fcfcf6f83b7487b07eb60ad,0x044c4bc3556825265f80c88473fccea74150d870eb1fcfcf6f83b7487b07eb60ad55267770e54382d9ed3f5dbde4cd5f790af2c5d3f5d92068b91a3a3c7e21413f,0xb22c36b09e2ebaf615fd86cc47769b9eb49cd52ad38447fe18f9d3b425935b63,ok
0x04ff37343abfaf33e13d0cc10a142924e89e2f73,1,0x038f0fa9df0b7264e91739c4b7afac984306cf1540d3e4a9b56b8f041fb1a12a30,0x048f0fa9df0b7264e91739c4b7afac984306cf1540d3e4a9b56b8f041fb1a12a30201453e8bf095531c504634012009f7eee066113b82eb46e64e6230ac8d042f9,0x5d8f003c2a2ce38f65f7707ad8760023c9b56c69d9dc8b74b08f55c564f996bc,ok
0x6ede47f936b9d6eebf548bfa49e7ddc1258c6abe,1,0x03790afeb675fad0f68fed6acbcd8dc6b924161ce5e39bbef421809ed9eece5f36,0x04790afeb675fad0f68fed6acbcd8dc6b924161ce5e39bbef421809ed9eece5f365272d441523bafd609b12100fb372dcfe122531f9d2236290311064530ab39d7,0x112ad97d0d9fec298e33462c4103a1af7489a97a2e4c876e2e3432f79bd90591,ok
0xb06eda96b5091b0d1144ff3592b72dda72c43647,1,,,,never-sent
0x5af272ae8e196052fa8eb0124c3100522b38eb70,1,,,,never-sent
0xddb62f3d0b5212e1a379663f9b8ddabb7ac0fa90,1,0x02f7f1caa5e13f5cbc8490098ab77f63f18e1bbd08b99df985900ef320c220e4ec,0x04f7f1caa5e13f5cbc8490098ab77f63f18e1bbd08b99df985900ef320c220e4ecf4c79ab56b274a80512f2c1ccd9f7873308975d56a2e4cd3a17b8a89471dd08c,0x3f226f29d02cb958011c8b9646930a079a0a0f57ec25a4a1d611f58734a585be,ok
0x949ab2ce510f65d9f269a68d0386b80f88996be2,1,0x0304972983788df2de31b9c5773c1045b966254f9b981f73a373ebf63952feacf5,0x0404972983788df2de31b9c5773c1045b966254f9b981f73a373ebf63952feacf52b48a258bb9f5c749f768b7a8ad19b1c1108563e6b2b995501f9219d07dd59a7,0xe689b873614c5264cf6eb1c061007a16dbcfc5b01a656a3f4065f4ac664c1b61,ok
0x143753b876f3efdd40df59f367f2c9bc6220ff5c,1,0x03fed030e00919c2f0f8506525e1e2e1286f139405e4101746874fddd4ef6ef48b,0x04fed030e00919c2f0f8506525e1e2e1286f139405e4101746874fddd4ef6ef48b3f7ced19269db7f069782ce51879cd653a46586e978ea1a5af99b50069b9fccf,0xe884db99c37392ced81e42d9c705f3c2de8ed9135e7a15f88f81cbf9cdd42590,ok
0xd0148069a62f2e392d2eab92e6e6b7983512e788,1,0x03ded337fbeebdec05a74ba92ce4d8b0c33b6b9a2379ed639104d39b94be5a3a28,0x04ded337fbeebdec05a74ba92ce4d8b0c33b6b9a2379ed639104d39b94be5a3a28c9f4010caa12416334655ad95205e1c0557f090bc552e9aee714daaa5938dc89,0xb64ebabe07b7cd49da9be228f112ad03a8cac12e565ac9d1c469be5abb9db3a9,ok
0x1eec19f49c4f592ff36f8cf6375e02204f1d2674,1,0x022b828472a54f2dedd735ba1639d3da1989b68234071fe0c60a2d66355f9e34c8,0x042b828472a54f2dedd735ba1639d3da1989b68234071fe0c60a2d66355f9e34c84c5220e4a362f9b79027d39e34d7f130127a9c5d170397be2a9f8474fdc55502,0x7e341da584a6e92705b600ed258c8d64bff3fba46be602c1568ec2bacc2cce6b,ok
0x04da5911a0413a39dc4f4a2dc86b220b45f7c48a,1,,,,contract
0x6352aa7036fb7108a8f006b9bcdf3c7d447bf13d,1,0x039138e4e7e18da1e4c84f412c82dfe06cfe5c8a0a306814c611476ed62b21676f,0x049138e4e7e18da1e4c84f412c82dfe06cfe5c8a0a306814c611476ed62b21676f957e71facc189ab16ae47f32e6c1f4e58c98581ea4c67060acf62d282b7a2a25,0x44e6e56dc462814f421a05f5c7086466fec846d58fcc192df41733666c4e7478,ok
0x20100ea0b96ba35a1b4ee2e934a122ed59d2db78,1,0x02ec8055cdf201ab57dac2bfd87568616438027a20dc68161afead06eed4728309,0x04ec8055cdf201ab57dac2bfd87568616438027a20dc68161afead06eed47283090d6ca9feeab4cb28ea51963c8f6666a921f81bf3b0fb182a4ffd5e1a3e69e29c,0x8177fb7af97cd3745276ef6a52d67a681826dfbb7ec134057f80fd22b8c2d1ae,ok
0x134e2674a4d43e23920981abfe89e724b2df31d3,1,,,,never-sent
0x4f29f3105ee511b66923ba97e95154119f9f31d0,1,0x02b8ffd554df68db3061442db06bdeaa1084f6d81d1f8523532a81339c03083c94,0x04b8ffd554df68db3061442db06bdeaa1084f6d81d1f8523532a81339c03083c9407edc8523b52e60e82b413da79bd0bc670f36f2f8b6c439ad1bee03328bcbfbc,0x6f64e2ebe49a990ffda7388093ee16ed2f8eb20ced4e16067c089133db73acf2,ok
0xe403b17145b4a7778cec740f727210bc1f05e634,1,0x0227544d091338914b2c7d5642b3fe84aa8e48c30c8ced8f26234775a1df4fc1ea,0x0427544d091338914b2c7d5642b3fe84aa8e48c30c8ced8f26234775a1df4fc1ea6dbfc7f6b2b020452140e9c84202d60e9b1a479647f0ac4fed59949d67002a48,0xbebea1021af10ffd8138dd82d1f59bf429ca70994de72e14cdf575cedfc1a852,ok
0x2420ac35fe78a6eb5b2648354c06076a8b7a1d42,1,0x02ed0e1f57dbb20aec869b324dde32f349d2f697f774eaa29caf01a218d1041edd,0x04ed0e1f57dbb20aec869b324dde32f349d2f697f774eaa29caf01a218d1041edda8fd4bd674b4498dcc4cc76e186ff279cebade5bea44e397862fc779c2a5f338,0x43acddd231dac3728b7b8a485cdc757b30737ad6d577bd763f80c0318c5a8cff,ok
0xaab4ce32055aab5b1c2feda84beec1ee76fedced,1,0x0256ea67f9ea8f2f0cc9caeb3ccb275274780d471744f7673a2c298cfa67f130de,0x0456ea67f9ea8f2f0cc9caeb3ccb275274780d471744f7673a2c298cfa67f130de600d5ebed71e70e20c870a59b22475b94f78db0ac73696e5350b4f7daa131f00,0x81750ba79e2efb241a21b2c9e4e7a0b18a46bcc52c0c536bd7cfa0bc4f2de678,ok
0x7e18519cb2803c44368054a9e95f4e932650e6e5,1,0x02b8af2d32a656de9d7dd7328a0e966794f29c31aa03c7b59142aa9b90d4f34174,0x04b8af2d32a656de9d7dd7328a0e966794f29c31aa03c7b59142aa9b90d4f341740e954dff5a02be7b58ea53f12fc89ea9e2e837e5d012deca309888d2b354b94e,0x1d0b88a00e89fc24c176ab4fbd37a5517df4eda44ae14d77b16eb6e6fad172d1,ok
0xd76b4b93a98932b54cb89a2c829dfd2edb6a5020,1,0x03f598121b12c0976400d43d63dfee4cd648fb93572384f1b987a191e9bb1262f8,0x04f598121b12c0976400d43d63dfee4cd648fb93572384f1b987a191e9bb1262f85e05b8ba02fcbf1c27b22df1bd9829c70226964523be6cf3423945fc97aea52b,0x85ff6e783fc72770ba01e2b4a05ec3b8f43a90627ffca7ab8144fc9bebe7d68e,ok
0x49be5654fc6e8a65e80b5bdc9c18da545f32411e,1,0x039df47341882462fc6705badf397621d419988886fa72865c604f5a49d9966943,0x049df47341882462fc6705badf397621d419988886fa72865c604f5a49d9966943cbccea9f3f0428341bdaa5827acb320562f7773e19883f9940a781fe2d63e36b,0xbd32bae6f6c13c3636d542388db4d36aea48f9ac4c7e9f08763e55c4f881cad0,ok
0xb7eaef3a09d093a74edf3de73f3d308e0fcca1e1,1,0x03ac476a357714bd56dc83f2d888313f67267334451373938201f385c851940f5a,0x04ac476a357714bd56dc83f2d888313f67267334451373938201f385c851940f5ac36ed3bc8140779b208243571e02f383a728f723f3d0fa75c9a4f6eddeb8be5b,0x8dc102d69b7b580539a0f4e6c54fe9e5b80e7ae35cfaa0fa2f980d45ca2793bc,ok
0x59b9c05b0ef3d0f91a05b4161874dc8428150835,1,0x03b38ea94b121df2af013466c66df9183eea2449146be56f26df2b690b358c63da,0x04b38ea94b121df2af013466c66df9183eea2449146be56f26df2b690b358c63da8eb43b555c9c81a6d8ddaf315d6d82de7a645d0814e7eefa333c066923498a8f,0xacb794a61869376db9d4ff0a18533cc8b98f0d74a142c4e56efecaae7af07a4a,ok
0x41acd98431084f1371cb9fc3c217c43090a7dc08,1,0x024c56bd9f0f992c8f176081f8dd5460f904753d4b0eaf9584ecf1b21c89c2c5bb,0x044c56bd9f0f992c8f176081f8dd5460f904753d4b0eaf9584ecf1b21c89c2c5bb53c8fb3d7b52cb1ce4d4e93a085370450955a31260d8c14636b35173573b770e,0x3212096ea125b0595ce1d0c5fc0cc681a763644bb2d8a31b501e8065335373da,ok
0x801887be75514a71e9e6dcf1d14927d75b0fb874,1,0x03744a625cb1cee8eaa43ec0321a0f3574f6f9dfd6e4f7a8125b3615b10c3fdaf6,0x04744a625cb1cee8eaa43ec0321a0f3574f6f9dfd6e4f7a8125b3615b10c3fdaf681a2b36e2f3da2eedcbc8f2e65e092c09ea68bfb76c22164774e0a4a3c584afb,0xfc78f8b8826b861805a35024bb1c807388ae06b08222465856d84b06ff3dd048,ok
0x8036b233bb4389e63bd0c3d8724072b443a819c8,1,0x03a17a5bdd5e6026c4f09a4caeba05a42f236a528d4b9f237077b26da97034d34d,0x04a17a5bdd5e6026c4f09a4caeba05a42f236a528d4b9f237077b26da97034d34d0c5ffda79dc2c764f7099be9284a39100b2d10ed14820fcbcea8e9e62c7b15b1,0xfc4dda0f6dcc787f2c2dd6664a05f11f21b49e69cae5f649cbd2ea42a9045b4b,ok
0xd8bafb8829950e360dbefdce26710288e96b1931,1,0x0297cf1090be324add0c16a1c214d4ba9d763a26a47a62721d50fa4b9335a92aff,0x0497cf1090be324add0c16a1c214d4ba9d763a26a47a62721d50fa4b9335a92affdb2ff18880999c8253f35644654e4ca3350c2a432450f2ec6d27933043f81476,0xf4390e5bc5cfb64ac0bb1b4ec22036a960ab36bd1d9dc92c6ad87acb5af9209f,ok
0xea815ea1035eb7dd2a07f4b7d4604c8d9b222ae4,1,0x02e68a566625eb4fa334656a5549cc24079b5a74c5684f10dbc9cf7347f43abe04,0x04e68a566625eb4fa334656a5549cc24079b5a74c5684f10dbc9cf7347f43abe049e0b9071187608e5fc77f513c9bb6b2a234424048cc078567fe93a23cc8e76da,0x42ebb134f577900582861cdfe3f58eed27bae168b4d84e73eca11c502281338c,ok
0x36ec46193368e9a903b10c027c6151f4244104fc,1,0x03c97eda615ec69108b04db1752adc59017b690412961546f3252c8332a7cb1183,0x04c97eda615ec69108b04db1752adc59017b690412961546f3252c8332a7cb1183bfa4564b6cd67f726d75df402989e987306a8bb6058309695f4d53bd50ecfb89,0x0a364e220806c3db6c39c84b5cd48f402c732bfa3320070ac9727cc4aadebc86,ok
0x7afcc373866df56c88a6c2d9c0b3ea7aef813233,1,0x02eaa0c81726909e810ab8e6b1025fa6f6d03cd6df447c27647cc6c0e297591843,0x04eaa0c81726909e810ab8e6b1025fa6f6d03cd6df447c27647cc6c0e297591843606b3f9c4aec9b8a7a77a93e02d3b9f3c709b719ffc0a391c0efa663deeb8980,0xd01d9bdfd8d9b93969b8a15c42909bf2b5d07a55a62cb0ec39a43a515e04f8be,ok
0x7340ab2de471f9f9b9155ff7103f4a13e19ba706,1,0x02c0feb6d857e3c99954b9c3f8ea5cd251885697930a4bac7c771fae01eea7a186,0x04c0feb6d857e3c99954b9c3f8ea5cd251885697930a4bac7c771fae01eea7a186d2e7e3aae794e5b5a9ba83f47497691c357014ac616bde46a5b65faf494235f8,0x084d2f1a547e870ede8118e2c3d421928b91864c2ebfc6faad1bd62e56e3017f,ok
0x62e854cc3267059ae46c482e42b159b953bc9dbf,1,0x029e859e0c5ac16d23994865f9ba0e81083476a0b1791c3a0c3014069d9af9f2b9,0x049e859e0c5ac16d23994865f9ba0e81083476a0b1791c3a0c3014069d9af9f2b9fd24644d95629403e33313579661221517d29cc84f6015385cf4408cc4cd3436,0x15dc3544f7b01764897719a190812964c23bdb2bd83806962bfad09fe7d228d1,ok
0x07b316ebfc0d9d48b4961df9db9a2da218e925ee,1,0x02c7b9815997ada5e5bcb60e9c3fc22eb9fe845d2111396e7cafd98c387e35c19b,0x04c7b9815997ada5e5bcb60e9c3fc22eb9fe845d2111396e7cafd98c387e35c19bf427471f08e2c793215adfe989184f28269fcd540495fe3f685be2696c2712c6,0x8bf7d242656ef3a19b0b13ccd5c934b4e2dcb270b294dc9b07ff433135a026b3,ok
0x5e9a1a5a0222bb4ed3f3714d90f26e046de093c3,1,0x03d2b6849d8f486ec4fe74d8dec24deb99b442848864ed65a3c86f9529538a607b,0x04d2b6849d8f486ec4fe74d8dec24deb99b442848864ed65a3c86f9529538a607bf86fa8f2ca05a09f45f959018299ee812e391dbcd94d908bea71c87b183e23b3,0xf43acacef13e4ac5d9b7df0af00674b885de7c11be606eed9bf32eb50277f1d3,ok
0xe2f82e1a3bef247657787df83a3c35696fd29609,1,0x0286c3f845a5b65cf947b5b436a16c94d91e2d2783c59943ab072917e769440eed,0x0486c3f845a5b65cf947b5b436a16c94d91e2d2783c59943ab072917e769440eed3c3e216faa65b91d49f6ceea94844b2f9c088c1ffca23555da8ae8ce410ea208,0x3f263eea8bb40a98314a0c70a09b34cd4a4ce638abc66d7f25cec26bf9f300be,ok
0x7b68897d294d84812964f11a9b2c5115dcd209f9,1,0x0224aaafb0ef8f9ef8b9a0b19a31c27518e8dd62f5f7647b1d4d97275f0ccfd532,0x0424aaafb0ef8f9ef8b9a0b19a31c27518e8dd62f5f7647b1d4d97275f0ccfd5324c5c94bd1edf32293f756de55a7103ce970080e92181bb66505539ffbb63656a,0x5c5934c2ed79f06636db599e7f2a867ac857ee79c1ba1f67720178552bd2e532,ok
0xc1d6ff2988871b77a4c3a2f0b21d85a08fde34d1,1,0x02457d514d91f857c83879fc399d682cd906a3af33e16d911eab7636c79ab159cd,0x04457d514d91f857c83879fc399d682cd906a3af33e16d911eab7636c79ab159cd518ffeec60ba13a36204ac117b54bb2223b4845d9edd7fa73bd5616c818b1fb6,0x400b0ca1992d789883d0931ae6d1cdec7233bd78959c3bfc6b75ab884d60ab25,ok
0x6b5a0a7d7840b791ccc46af02da126fc1126d9c3,1,0x0395a56e0fb11e23886ca2ccb5663a9ecd2f853d6846e564dd82e936ac9dae6ccb,0x0495a56e0fb11e23886ca2ccb5663a9ecd2f853d6846e564dd82e936ac9dae6ccb54be35ac182de7ce966d94f3704413234b3bd66ce6adc95bbad62fe276d6b6b9,0x0cb00907df9d79123e621da147b90558af0321e01ef22cb407fe449c103cce9a,ok
0xb602d49a76d99cab5744fd0cfc172d2cdf933752,1,0x024135bdf877b45632327e257e3451c0c84de00d506bf239d5ea6268db473506cf,0x044135bdf877b45632327e257e3451c0c84de00d506bf239d5ea6268db473506cffb4f8ca77f8f0bc9c97e0e3f5cdaac6ee03defe6c1b422722b3ce6a63bc8f4f4,0xce0fb882be70cda87a6d65574f04dcbd71eedacdf9b3b7a4434ba1289839df08,ok
0xf20a0269edf97405d1823e02f35b5e52d1ae574e,1,0x020ca62bee5ad05793f36c567395e8a619c54eb58522c484b703d2074d8862eaa0,0x040ca62bee5ad05793f36c567395e8a619c54eb58522c484b703d2074d8862eaa09f5d79321c2e43308380c9510407ed16854106acc33c0e7d60263cdf06442ce4,0xeb683a7ba5d1176a8c35192a44532b478c95846f9a0f42a3608e8871750bc4a2,ok
0x9208952458091a8e80177b1523328a6b9317c9fb,1,0x0212b35a85a4e4d39a7d00325958d47895660a8ee1cf6f2603e7b1a2821acfb13c,0x0412b35a85a4e4d39a7d00325958d47895660a8ee1cf6f2603e7b1a2821acfb13cd7cec3c96b03c16923f4d9228aa68df4d1794ed29a57b2108d27ea7eb81c52ec,0x33c9053a59673c97b8f88cce2abdc8a57dce9e8a6ce64711c7396538a6770c4c,ok
0x52f7e19d66229559a0f4fbde1216819ba3a0a3d9,1,0x027fc3019864a83129247b48aa6f68cddd3e75c0e7f7cbe94b2fbe8be77c426d65,0x047fc3019864a83129247b48aa6f68cddd3e75c0e7f7cbe94b2fbe8be77c426d6586d062028fd2696b7a02f4ea9272da0fcc1b62e44908e069f2337638193a34b4,0xf13bad50bdd5bc10c4b61801e148da988d85c518713ad05908fa17b2dc02de29,ok
0xa987e824f1ff2a7265fed24093abf4c8f59689b5,1,0x03aacf94833112c738d40d3ef1695f0a74fd12a3a775ebf2dd2a9709130314d4d1,0x04aacf94833112c738d40d3ef1695f0a74fd12a3a775ebf2dd2a9709130314d4d19d22825f89dc2648f33381f4033334b1411c6357f8322b51c72cda815f6b1911,0xcaad69c59a81df0d65f71a013f4d2c37af9a2c391cd4ec4fad75f674e623fa93,ok
0x70b2a6a17ae26c651d49440a76d72a29d64498fe,1,0x03fa061ef4b31be6962948fce42b5a29d7de0b5090d80d36d5e6935fdff2b4085e,0x04fa061ef4b31be6962948fce42b5a29d7de0b5090d80d36d5e6935fdff2b4085ed825e26561273c921fec8b52eaadef3fab46febfbdcd0bf25e9b0757332e30bb,0x0e54c8c7874104e14d50b31f35fdd242ca1eba487d38474b62af7f33a5f4fcb7,ok
0x18e919d2861c8af19de38a85a66784aeb8964e22,1,0x02de1ab228d17fc729aa339438141cb3f347b3acd7725313bcc990286199f2b350,0x04de1ab228d17fc729aa339438141cb3f347b3acd7725313bcc990286199f2b350eb134d763958e75af09d1783775520f4acd501b156be7e3b3c40dc066fa8ef84,0x6ee7e30258c2ae6ebdeb70c1dc88c6487e85ab2a7b4ad5fc31b2de0f4d567e5d,ok
0x656208638a9dec76eb943101634d2f5303315406,1,0x02411b2415e17cb465364f4ec6c9d95a85bf654eded842f0402b3b88b0d80a7df3,0x04411b2415e17cb465364f4ec6c9d95a85bf654eded842f0402b3b88b0d80a7df37c1c519c8274d44ad956a9d4d6fa5ab035ef4cfe72df37a29397535beb6c8dd4,0xd797dd68d820d9dbc6294d3409818d9ae3781599972da303d848f377451c4cdf,ok
0x920ba93d6aac13695b12a8c71d7b5d88585b50e4,1,0x035f64d39d8fff9e59b7edf3ff4fb3d2f29963388b7f72f693c717280067dc52ac,0x045f64d39d8fff9e59b7edf3ff4fb3d2f29963388b7f72f693c717280067dc52acf91e6a9464b88ab006c5033f0d28f6985a5a61392f2a67ebd624f9d7b8af9c09,0x72eab4ae51b9cdc87c556d291eb50a7388450959b26839f6d945d2f36e0eaec9,ok
0x9489e33b8283ea9d0ce28f5066099225d8a915da,1,0x0236d321ae7cb73658b90e97ced8900e14a64d4584a6daf7b6c93eddfa2452ad18,0x0436d321ae7cb73658b90e97ced8900e14a64d4584a6daf7b6c93eddfa2452ad1870041bd2a1331e70dc201dfccd8b8f0c610f38cef80140a89b20e8f7b2f5c9f0,0xf6adc31825e0e168327b15d8081f255fd4e63af261b964e4d0b6c75a839ce0c4,ok
0x449ec3fefcdded559961c2de688df2242c414eb2,1,0x0345d652f52accd2ea665780f5584433c87bed8fbc959eea1b23b4359367968dc6,0x0445d652f52accd2ea665780f5584433c87bed8fbc959eea1b23b4359367968dc649184a9f71e9a9edab0dd6a157d91c3be26a2c4cd2e337a17211a35e0f3d96fb,0x077c005a557dd0ae9f3d9f656328dee65e8223cd6ddff79ac2981a785ed33916,ok
0xee18dee4558e56c7a7d6c7175efc3be0798fcfb4,1,0x02f5682e8a6a3e12d71caebd36950dbca54aba1d692a41a8afc81ab0cc3099f75e,0x04f5682e8a6a3e12d71caebd36950dbca54aba1d692a41a8afc81ab0cc3099f75e1765e072c6e0638370b38210d816989092b026513abbc7badaf14ac45d9b1312,0xc0b9508e77125a25ecc5eb30f422a4d493cf80dda00a559535a0d0b1ba840029,ok
0x234419e17e73699fe7d2b9f2dbcea71f7c227b1c,1,0x0333289b7f17d0d56090762e22dba9b1ac81540610e707d1e3021e6cd3c3924207,0x0433289b7f17d0d56090762e22dba9b1ac81540610e707d1e3021e6cd3c39242078ede51b0a0e1af4ca8a74af780ec47e3c5062a5e2e2a412d7897658729bd6cfd,0xba06f2392044dc03aec4010cffcb4569ad2ee105be5974e151c205a8a6891def,ok
0x73aeaad71d218d5ef821122abbd96072f4465754,1,0x03d808b5bcc7dea5bed39a6c1b2f41ad0e1f1d67f963e93a2ae580675274cfcb8d,0x04d808b5bcc7dea5bed39a6c1b2f41ad0e1f1d67f963e93a2ae580675274cfcb8d28382d986cffc3e9327760c9c1e1a9962f0b99d0445e3400843ed3920c6ce137,0xaa2a24ceed0aa39e6ef0d48783d73b7a04a4a346916231556e956b9fbf8fcd5d,ok
0x49257ec4037fdbd8c3ebe122776af24d884f32ee,1,0x03bd4881317d5ed068fe90ffc5e2fab81f1e0926304f0ee95dfcc26259552b56a4,0x04bd4881317d5ed068fe90ffc5e2fab81f1e0926304f0ee95dfcc26259552b56a4e432fb4e353216aad733c5ce91d0797248c8b9af8f8cec9fc705a2ecf1376631,0x2df642f273717e8ca202f5910fafa9da44f3ca252e596e96d71ca8469b0f3391,ok
0x82b8b6d49aa74f7ecdbc7d817e6285c7c66b7dae,1,0x03fb8cbf30fed5f0a4a53a0392006f4e059e8a2a004865030c381104c221e593f4,0x04fb8cbf30fed5f0a4a53a0392006f4e059e8a2a004865030c381104c221e593f49e425bf49667ca8dbdc700eda28a97d011d65a270a10e1e2881c7b1e69147c1f,0xcde8ca6b2bee48814a8b782459841d41b048dfe6dd41e5c7d4e85143da82fa8a,ok
0x0a441c906216d873ae8406b49b29ca769b3e04f5,1,0x02f339314df374bbb053c1c923ecad92809b8905c717ccd9db7c742337eff48c1e,0x04f339314df374bbb053c1c923ecad92809b8905c717ccd9db7c742337eff48c1e4c1ed47405e1df7a6986a4682cc95b86a107f7711166de3e7ae5538fa1d1b450,0xc89f2955ac7d04142ef47f18ca3b2fbe4b74d28320ee27a9ac94787bce788f15,ok
0xdcfbffd70662e4ead0cc9eeb3863bde9767b6fa0,1,0x0214e4229bbf65003edc7f2266f7ad22a2231aa5104dd1935b1fac9495bc17a4bd,0x0414e4229bbf65003edc7f2266f7ad22a2231aa5104dd1935b1fac9495bc17a4bdce595fe3c15b0cd46b55d2fb8963a3ffa44e0a867ccc978739febac3017da160,0x4e9fec7f392fc5d113819baf91995bdc0da11a0aefe15090522a862cb5f05c13,ok
0x89ce8d05797b3746992dfaf012c62c8804e0daa9,1,0x03fb07a3dc1d04da53e19466aa58569a11f5b4ee5960f8b9cd2e8792a8e1533f2f,0x04fb07a3dc1d04da53e19466aa58569a11f5b4ee5960f8b9cd2e8792a8e1533f2f48cfdc47f71913ccabd361c81ca5a449312c6048153852cf2c89a39f505fadf3,0x19c388908edd1280d5e5cbaf2218bc45cbbafdc0150406ecf55ab8d7669f38dc,ok
0x0279cf37305e82383992224ead706ab1a8119d24,1,0x031f905f20a5e7c150cce8b42b2fe6fa0823ff93a7d983039682d7a70829d639f9,0x041f905f20a5e7c150cce8b42b2fe6fa0823ff93a7d983039682d7a70829d639f9217bc08d04c4496b67951bfbc4832564390263e9d374099bf1c72b024928da51,0xdc27a5899e822f5c1026739163847a9b28f0eaac01b8664e9f1e6c4610807fee,ok
0x0184e5d6cff1d8de438806bfd1a81d8447648d2f,1,0x03ef099a95c61b237eed97954e278e8f6919bff3cc25144ba6a7d5f841ef9080ab,0x04ef099a95c61b237eed97954e278e8f6919bff3cc25144ba6a7d5f841ef9080abd28103eac576c01330b2f2eab81ee074c4237e5b842a16aa80e6ada6e8ed1ebb,0x9be2df16ee09f97b13cf1f71879a5390435433f2fa4425a5a3945ad48b1956aa,ok
0xdc160d100c4bb3c923e60a56ae7e178293d65b39,1,0x024bab65384a615b5dab97efacdff2f457d8a923b2a2c91ecc52c7c94b63a9a76a,0x044bab65384a615b5dab97efacdff2f457d8a923b2a2c91ecc52c7c94b63a9a76ad34a779faa9df9d5f51dcb7273acda0e974531d884111d64ff1222eb24266d3c,0x91521b79ef1b5ad2a87dd84f184cfa5227e13091ac83d3404fd2e7dee3071b51,ok
0x9fe28e314e2f13b9368d9a50570191aa48341324,1,0x023288af721e360284c276850a68d129d9f82220303008ffaf154f99031452efb6,0x043288af721e360284c276850a68d129d9f82220303008ffaf154f99031452efb6ca766c7df628b63e4eaec34c089b4bd4c3d023ebf94cf6bea562f58d22565efc,0x7ab9861591a3902c43d88cc8993ba0a19180ee4b11f99644f8b99f43d3a93a5d,ok
0xa85150c3d2e26717d245e30e919de1cff2a898a2,1,0x02bfbb15b70cf0c3295688445e35ba9c20bc81dbf81e0ea570f4e5537babd257a4,0x04bfbb15b70cf0c3295688445e35ba9c20bc81dbf81e0ea570f4e5537babd257a4ac25a60666854770a2751c9377f73c60859726f7a993909e009565bdad877b78,0xfd518bd628784d92c81f4a2c32226e96f7f4a92f68a276db642533ed49627786,ok
0x0682b83c61b43c86d3953014cd8324a1e54ea5ea,1,0x031c29bb307f52d75b5440df48ed6564280726bdeaa3519fee978fa445fa638eac,0x041c29bb307f52d75b5440df48ed6564280726bdeaa3519fee978fa445fa638eac7bfd01dc55d91fd23de508fa3f53c91254ede5603ef1f19b9a937570188f6f5b,0xf7bb36355aed13301b675ded8240f5958a02cab96d47f8a53a0c06be419cad82,ok
0xe2b5aafd1707c25e233f3d594acb1c0de82ef9f2,1,0x03cc3b8224805933608342cfd191e875341d1a76e7313b43190ec85b7813baece8,0x04cc3b8224805933608342cfd191e875341d1a76e7313b43190ec85b7813baece8a45d4ff05a497adfed4addd6b7521414a19389b210805afe227dbd2548303ba5,0x0bfc995061ec0ac0792923f9d73cf17dec3efdd72a96eb5ad80288e75baeb30c,ok
0x98b63fe0ff5c9ea408ffc7c9fbda9f2852aa90b2,1,0x031b9ad753d074a5d1c1961da376a13496c8315237e507ab0691f5dcf3b4399579,0x041b9ad753d074a5d1c1961da376a13496c8315237e507ab0691f5dcf3b43995793402161906d957cc1f899dcf5768aab358183858c947c30eae402da8ad749f1b,0x6b6304776b7d4377f33ec52c85da23066a9185d5c1d14fb5579af8b07526f9a8,ok
0x5c809401907a5dfe2543df9e3a70dac63be176c7,1,0x02a593600a81a4e3a2c7b244cb35e465908ee59dcbe4210b000cb0f4ad4c76f6cd,0x04a593600a81a4e3a2c7b244cb35e465908ee59dcbe4210b000cb0f4ad4c76f6cd0e5d14a2307005233fbbfae5050644354bde933b37de7821fc6645da71dc8836,0xcff034c2ccc0946a21f2749e67d0f95c95a7205d500ebe15eee3e37b73874833,ok
0x97f7c5b9247ba0d6cde3d2efbb00b67f55963c19,1,0x0391d785252e5a224b148479bbbf837553c96eeb155f46ea3bc4e2ead336a3ed41,0x0491d785252e5a224b148479bbbf837553c96eeb155f46ea3bc4e2ead336a3ed4154713232c700c5914d1325634a66a3bacc522da7745cad91493b3cfc052065cf,0xf9a6f72fe1e960a2b989c02960cdea3649bb8c05ea27af8007a4726ee833fe92,ok
0x1c1867c45463c305a63b6be9cde63ca47af4fd3d,1,0x0383577a6b42e40074e1566063edac43cf88755cbfc1cab1fd36700ad6ba2180d4,0x0483577a6b42e40074e1566063edac43cf88755cbfc1cab1fd36700ad6ba2180d4430c84345cb6655501791e3c1bb7a924267526f6a9b1fa7cfbe07d32b675d6cd,0x876d3d3414c6326556d4b5334bd09a9ea62020d148054d271ab1566ab6235c37,ok
0x32d597bbae096858aa42337b458f6edf9bb4337b,1,0x02a7c193223b216a574c9301ac482e72b71d69ee5dace9c6ad58f8ffc4dc43ff51,0x04a7c193223b216a574c9301ac482e72b71d69ee5dace9c6ad58f8ffc4dc43ff5108f4b11dc5994d32f6ea86b511ceb6adedb4786b95b9560ddfcd3ff8f73ae8c6,0xf41c6b69f28ea065fb4ee252ad06b54681c800eed2ab0fd67d7691bed2acb02b,ok
0x6f145f7bd61792669605cc39fbd44deb53719761,1,0x03fc2e75022024bb808d7aab797b7f155027d719562bacb44e0bd209af92810b92,0x04fc2e75022024bb808d7aab797b7f155027d719562bacb44e0bd209af92810b92c2889f394b11bf4cf0a7c146033f9f48d959e07074b617e847ff08f46459652d,0x20be92c339531c6b29a1f1b260de3ef184c19b8d12a9319d39f6cf2ebb5f95c8,ok
0xb685e14bc13fd4125ecbd965462cf5871c72a5f6,1,0x037e7789037ca96e10ecd589323438b4e337ac62200599420de388aae03216a23e,0x047e7789037ca96e10ecd589323438b4e337ac62200599420de388aae03216a23eaa2c840059a269c1fe01709db39cd2cbf95eee7ef0dd1d0b628757fe108e2b99,0x77e5cd9c7bbcaa034a36de480b8f308c024ccbd222f15c71d26e04e7435a714d,ok
0x735f34948437f8d11e1161cd44f89d2aaaeadd64,1,0x0331242b1d9aa10710ef4ae80634f508bc8e8bddd1a718c8708b88e828add9e53c,0x0431242b1d9aa10710ef4ae80634f508bc8e8bddd1a718c8708b88e828add9e53c8f7e0ba97106162c544f71093254c4029b31d9b22f789de59eb50e5c2eced38d,0x356c9f1009d17e917eb690b5ae1ba4e2ac4763b8086dbb2965f98adc42af678f,ok
0xc9309071686a16418cf0745e9e9a4b116bbc0970,1,0x039cbe7c8bf9da3a0e29f46e1a7f1d07ffb87cdea3fd2db73308d61b15931c2e0a,0x049cbe7c8bf9da3a0e29f46e1a7f1d07ffb87cdea3fd2db73308d61b15931c2e0a135aac38de772e5e16349a450068651894190c08b5bc7f6cf96ee788af82d573,0xc259ea8385e67a207832350bddcb19eac6d4e8fae1c818b2970a842b90ee905c,ok
0x0f92e9624cde0dc95d602cacbd615ed9def2b17e,1,0x02807188df0709d6b9ae6b2ef1dad293be9be4559f3096f13141f75cf81189e7fa,0x04807188df0709d6b9ae6b2ef1dad293be9be4559f3096f13141f75cf81189e7fa9ef64cb9dd198e4b24288040d55b84d1a88ee40a3ace12b9c4c4f36a158137a8,0xbf66f9d1cdba0f720954ef87c8fb54b602711c8eccc4fa94b8be393a150e38da,ok
0xd648177ae62d48e6d282d21fc07df20a5f1cd400,1,0x02284ef9be28cf583ca1b989032c7f871f4fb1f2e086d0a99481ad971ab36d7e1f,0x04284ef9be28cf583ca1b989032c7f871f4fb1f2e086d0a99481ad971ab36d7e1f0446437ce40da7e22e5fb6ddccbb4df1b04ce57fd790c207b70ebc4fd6755146,0x5c28e1d18b76337d329ce3da6d81915594c4e5af76c04bd070e90d81b3c02b82,ok
0x709a9ff8ae3074f4fec3580c3a822d5ba9bec38e,1,0x0266a3f4b51772e5ec4d61fb778c35d0067ec2e074e8ff02e9002a0e2bc8cff66a,0x0466a3f4b51772e5ec4d61fb778c35d0067ec2e074e8ff02e9002a0e2bc8cff66ad082a926b1a079f55b0c5975eb79183c472b582aace0f7b7ce21f2a01b9cfa3e,0x1a875ab6218affc024db895a919d2833dcfce7a301281942b1cb999ce6f47edb,ok
0x9e8e272b7063575e880bc6162e3f525eea84a19b,1,0x027d678c008144dd6dba9c9c01612048eb98a6cef3e3a563c7b2f9dd9ef1cc5148,0x047d678c008144dd6dba9c9c01612048eb98a6cef3e3a563c7b2f9dd9ef1cc5148177261012985b521039afe9c9004155f4ee526d2f43e39ef8db22a4ab13cbe7a,0x3c3d5b02812e58d3038a8e57bb0f4b6cc2471dd8cadce57edf821a56897d11cf,ok
0xef7498417b3964e0cdbe39a4b2f279f21ffdfd8f,1,0x03281244256449840ae84481d5805d86aef533e47f9f0d14c0e25f409d030cdc47,0x04281244256449840ae84481d5805d86aef533e47f9f0d14c0e25f409d030cdc478026bb6e83b0dbe8aeb26e62d401afa35282f7379b039cd4c9c753520e77e737,0x40664413dd32df68ef827a4462a92caca605eb8cb2b3cf98ba4cf09dba46747a,ok
0x2b61f3d032b721bced14200ebf1e895378510e80,1,0x02c74df3e77995c6747b627e5901c18f4d3dd1f2fb07f0474cbf39ff29a1364dcf,0x04c74df3e77995c6747b627e5901c18f4d3dd1f2fb07f0474cbf39ff29a1364dcf6c1c985312c9aaae327d7e75be40ebbad7950f6fab69a11db75f99eb2b1a2858,0xdf19652a207054b26f044d0e0fbc36d26eae0963f6e22e3c90d3a24d2e99ae20,ok
0x3c5c98d99cd86a08346fb0056c52239721d49e50,1,0x0275e1334042ce1bc6bbf105d6f0728f05fe37b1ce747f7b090fa731c2178436ba,0x0475e1334042ce1bc6bbf105d6f0728f05fe37b1ce747f7b090fa731c2178436bad4ad4ed32fc9d2c0ba027e2e303184a6df0619b3eddbc6490dd7ef2b4318f680,0x59f7fb76bf3f86c00955e93680669a91f77680a055fe354f302da44e81fe4571,ok
0x9d6d8cae0e59ea8e5569903416c5373d16b83d6a,1,0x02e21cca56a5c7fa5032197adbd7cb7800c28e95c6cf2aae306116781f40f6f6cb,0x04e21cca56a5c7fa5032197adbd7cb7800c28e95c6cf2aae306116781f40f6f6cb8aabf5e15a224433802b66840fcdfc934820242b4f9de72114159bf73bdd79de,0x19ab9ecae0a34e35c1ef4d847f80f6fb4869843682206be07043bed05b28599d,ok
0x5cb9eb6693067c5b11d20b4e2a09e5ef58224921,1,0x033cfa4166f2ef9be40b9d29a80bd547cc457db49f34ee98cf1a4c88c78b6ae859,0x043cfa4166f2ef9be40b9d29a80bd547cc457db49f34ee98cf1a4c88c78b6ae859635b1f2ff52551acd40cf79d452338f6cc76731eaccf7bd758ce98da1293c00d,0x620a9f066a872d5f48e1eb9fa9b3bf7b91e084607c00e8723c3fb495b744626e,ok
0x427b4f67fe4efe942354b9cac0213e1de34d4b81,1,,,,never-sent
0x007fa2bf700de23cc4d7b86b4e3bb77868717107,1,0x0303f21ed8ff00ab94ed8180725b390a9a988f7b3177887a6736c56cc1430067b9,0x0403f21ed8ff00ab94ed8180725b390a9a988f7b3177887a6736c56cc1430067b994c53b90e25efd33d56886cc6f6935fd58a1fc16082a1e6e6f243d2008dc9cb7,0x2389b5ac5cb867cc639d55acc63ad0f24420a725488333cf8c98c93cf245e677,ok
0xfe11d24eec445292c48e6d89e41dfae5d54712c0,1,0x029136e1d43264ebecfac37f78cf6f9b89b04e469f5ab5bd7eece1bfc742e6a484,0x049136e1d43264ebecfac37f78cf6f9b89b04e469f5ab5bd7eece1bfc742e6a4849f5c2a127b47de258ef0a46680c33c0e2aba1a74641666e379e149ac5773864e,0x580b3595b75993a1b75d3b8b520f879de88839d5d6366dd2a0b6cab729e92b71,ok
0x9b592614785ec3e55663c8764b002f1d2ff9bd49,1,0x022d3ce0e6c67f6277975009a36196153922945cfe2899f236872a093aa87371ff,0x042d3ce0e6c67f6277975009a36196153922945cfe2899f236872a093aa87371ff563a1a546b6bfd768eecd143b97713b33edee5f1c3a3975164d24c9485881226,0x2fbe52be54484ddd4fb806ecb79a55b81fad64c25c64ee1954f636b6adf862af,ok
0x94ad5bc068269267dd153b3766f60a88bdc8103e,1,0x02abb29897f1bfafd2bd26240961824b28e9b268e697eba5d29d2b8be0a98b36d7,0x04abb29897f1bfafd2bd26240961824b28e9b268e697eba5d29d2b8be0a98b36d785f1c37a04f53cb696e6ecc040a393b9641e72e3b1a9ff7acc5b0db3b7656396,0x70f0a65e821a755e2e5d6f04cbb806535084c61df342e5909e16c2f647c1ff3e,ok
0x3ca0334f056dc588d2a551d99563e301c9c3a61b,1,0x032055d21adba5aa7750c4be3fda7b66c3f8eea1aa419905ec7af9c18f7c4417cb,0x042055d21adba5aa7750c4be3fda7b66c3f8eea1aa419905ec7af9c18f7c4417cbde7ebd28ce009a71d1fe76f0bffb8c0b9db80a14b06773582d2b833b55935dcb,0x4f3c7f13c1c54d6d30329965a6839195350d1edc55956d5a5d7eef81ec60b76a,ok
0xe4d8885b42d81ebe60bb877ee416310a392e9aaa,1,0x02b18da9a275695875519652fb472b9db4e9e7eb82139c071ba28df9e19240ce2a,0x04b18da9a275695875519652fb472b9db4e9e7eb82139c071ba28df9e19240ce2a38a46cd1b1bd0c2161dba6073c19409aa8b386744c8ff2b5137395aa55e47df0,0x1c5b6eb501897dc7b808112b58a58d71a02eecd6636816010bf5e870d351c0c3,ok
0x23fed2634fdc629c1a82eb6ed3391efad2a58670,1,0x03196ea091582b96d2a687524c2fb727c9c926f1482317ba80f1649380b951f62f,0x04196ea091582b96d2a687524c2fb727c9c926f1482317ba80f1649380b951f62f1b7fe8389dffc0ec72e267177516ec554785564f6a8bd7201d05903d0f9193cd,0x342d6e9c701ac91ec107908531f51d76e0bdba6493e88cd2a23aab3ccf7dab40,ok
0x6acfa6d9c448f67b450320cd706e61c0f6716ae1,1,0x021dd211c411d3a754c5092cdbdc9c9502ec846435964e13abd9fbae7b296542ab,0x041dd211c411d3a754c5092cdbdc9c9502ec846435964e13abd9fbae7b296542abe4978885944fadfdf65dc4c95d6523bf759241cf8eece4c7ffbdfbb87f2c444a,0xec26115b945be9eac9440ca7e3634387243e311bdb610e56ead58fa9faa59bfb,ok
0x8614310d552b05b06bbde0cf8ce4257180bbcb49,1,0x02a18691727ffd64bfe6cd6bd370e25e71f97315bfde8f35b162f8b0cd0dbdf9b5,0x04a18691727ffd64bfe6cd6bd370e25e71f97315bfde8f35b162f8b0cd0dbdf9b545172aa37d25d316444fb92049bad28f8c3219caa56058f7f78e2837468979f4,0x766a1e01686aa2e4aa964dfe3f191c09ce9914252093a91e2809bd137aa505a5,ok
0x900c65ce984b7aa7ee28ae619351dd2196de5bb5,1,0x02321188aecb12024e5d2d3fc23d03dcc83eecf973b60f1e6dafaceed23f2f3187,0x04321188aecb12024e5d2d3fc23d03dcc83eecf973b60f1e6dafaceed23f2f318746038a32db3f321007a725650d094310d077660a8fa827396dc411f38a90838c,0x3ea15c15d318d8e37659cf1a7eb57c332626d00ddf1483bd11d6ce1204eedc61,ok
0xef56b9bf4ee03bbc7ffeb347aa3796c554d0ca47,1,0x03893b0c5e3419c4660ab95fc8f37f7ab73838aaf640f03be221421a8abf90cf3d,0x04893b0c5e3419c4660ab95fc8f37f7ab73838aaf640f03be221421a8abf90cf3db7670d21e1c95097157c0d3bbbc91e2f53f9af0cb0096b752a0450648d847d25,0x9bbb47a3d39107b872b0392f073510ce88a31c9d824efb31c5c85868bc074b4d,ok
0xfc6e019feef70c066facd4273d5e444430353bb8,1,0x03f69c4cf7960f0744aec20d6add9d1ad906dc283420ca45de8645f8a6f44f61e0,0x04f69c4cf7960f0744aec20d6add9d1ad906dc283420ca45de8645f8a6f44f61e0f04973e545971f194007eb8e79517fa82e638c21779104a290b2d31fe539914d,0x7444427e144972bbc8c467e17e305d91671d580d54f45cc7ada68e2e05d3db56,ok
0xbc5ea8edab8423d04eb7b8b5f82db756285c430f,1,0x0304519a4431f72eb7b75490c1f4013eba235b27295d31768ced36ea2c4fc23777,0x0404519a4431f72eb7b75490c1f4013eba235b27295d31768ced36ea2c4fc2377700d1e153dd4341ecd06bc9583c3be8cbf1fa8d443a51c6753c4974f6329bc565,0xa963bcb0f3a2a505b6568ba54392cb2cc921de7b6a67b75f8a81aceefabee018,ok
0xae4705dc0816ee6d8a13f1c72780ec5021915fed,1,0x0267a2701f2012ae3197aca2e8224ae13c578da38b5c1c4dd2729b3447b5c65675,0x0467a2701f2012ae3197aca2e8224ae13c578da38b5c1c4dd2729b3447b5c65675cfa1ca6c752091d59fb23bfcc13dbe1186038f9a8c75419f6329d03f2977db0a,0x90a2c54a6ed4851055cde0706de76051ab97583a19bcda7879603d55c0aa8811,ok
0xfccd2582f03d4fe0c169c886a0c4892ec5d7dac8,1,0x02a7745255ad791b673820d624865ca411465b4f03bd5c457b393a985bfad96470,0x04a7745255ad791b673820d624865ca411465b4f03bd5c457b393a985bfad964705395aed639a0eb2000f29290ef6abf412e88ada30c536b44ceb356adfc7f682e,0xcab7c79b168f920f671b879ec12f307df8e1717bf5b10ac258814929d4292c5f,ok
0xf851b5b8c342d8d270a6f51972d74c048e670133,1,0x02d193dbb44a01780f0b1a87651ba0e6f865041b61500ffeb01e16fe5da22386b8,0x04d193dbb44a01780f0b1a87651ba0e6f865041b61500ffeb01e16fe5da22386b8bcb307d8f835b6f6b43a42b26a317871875d028f341fb8d2b22cb4acf853b49e,0x0f026541dd50c44cc1ffa4f3a19dd8aad181a28db320bc827bb741210fa1e76a,ok
0xb2b64604cecc1396b3f90994c00e0d7481788473,1,0x03d80d2ab2aa75108cbf3a24a73132a3ec2ec3957df2c38d97fe045f770a454298,0x04d80d2ab2aa75108cbf3a24a73132a3ec2ec3957df2c38d97fe045f770a4542988b7f14318950c8fef3f433547b9885a7dcdc01d9149dd0ecd102f66ee606a89d,0x00c50421d0559fb74ea59bde3fbceabae2b09dc03acff72230e00b19dc94c0f7,ok
0x9fe0d5f3b66601aa429aa8480af981a53225cadf,1,0x030b31c84f5331aa162a1eb75a010efacc73591909eb60fee10f7d4a1bd5b547aa,0x040b31c84f5331aa162a1eb75a010efacc73591909eb60fee10f7d4a1bd5b547aa9fe0c0fa33f113ec98334b4c0609d6a4d4ab6844fc13bbf2767e8533e86507c1,0xf51fd99333e443651f45e8ecbdeb3f18fbeacc9aa6c04b7e857c8b8a98978619,ok
0xc06bf3d69d0afee1816b19789e8bad2cd0b989e7,1,0x0205212e21a73a6f299c630aee0cdf1baa006fa68fa54c5522d8f3efd98edbb187,0x0405212e21a73a6f299c630aee0cdf1baa006fa68fa54c5522d8f3efd98edbb18731aa604ad5072ba5e69dfa050650b7d5f93178f4c5cd393febc2ada222eaba3e,0xbed4c1f98c0a36e2c752c35048c0be40ee4ca24511203f397946e12f0c42dc2e,ok
0x007317061ce359f7be8ca4081ac57df3fde9bbd6,1,0x0241033b5685126b83e147f609cfc0a394db48ebb4869d411d3ffaf199861441be,0x0441033b5685126b83e147f609cfc0a394db48ebb4869d411d3ffaf199861441be11ba3bd1fb51c1af430723b55bd2bd28efd37c9f8ebc5ec0dcbeb538fdc81da8,0x0ebfa1d10f1d58f88dbb926fe007288d37993b5012419f5b7789d3bbf8e8073b,ok
0xe4f58b4801444090eafb15f0181c6b034244aab2,1,0x02d7982ad27c7f9ba4f7269fab13a9357619e1f3e40b12d8c95af5b97bd6126601,0x04d7982ad27c7f9ba4f7269fab13a9357619e1f3e40b12d8c95af5b97bd61266011bff347474f888d80be5ee2b3d96f91a34e2fbb75428ff1e5f5688b2ad60872a,0x6a8d2ef06179cc20b9827858656c6a11ca4f0c70c11f107eadf32865bd408f5d,ok
0x9a99023cdaa267ebdbdd6eeddd0cb2830f0094ce,1,0x021135f85469bab6a9fe15088ac435b75cf82493caa16cfc0fc54aeda748adc531,0x041135f85469bab6a9fe15088ac435b75cf82493caa16cfc0fc54aeda748adc53175bf67e7841bb9b7fcbc82c42022c1b8fdc7acee9bef53c06bf38ee7a7cba1b2,0x225af0cadee7724e37f3a957ecd8186b46e63c2a42e377acc513fdcc135ececc,ok
0xca8b07e50f3f01c223efacefb78d9ca84e544646,1,0x02d66f58d1430fd91db4866328daff02b855e5716561d6821b3d73c5845e60c046,0x04d66f58d1430fd91db4866328daff02b855e5716561d6821b3d73c5845e60c046a75a72742e33a868475045e95c653a3667fad66e0b380f0ae82e2efdc638ffea,0x4e7d09153927f99a80d7a2e1527e78b9f0e900a230dd0ef7ea8856609140890b,ok
0x817a019d1559b70f2d2eae7e30a8d6c5f07cfb60,1,0x030a73da2ebcf5f384136d0f9e002db11e22c2bd53ca6012bfb98ee37a6b1978a8,0x040a73da2ebcf5f384136d0f9e002db11e22c2bd53ca6012bfb98ee37a6b1978a8003080f391745174d35c01425efebbc166aebc485430255364778dbfccedfa1f,0x9a6b60370ecc2bf91813eb1b7c2cb84e46cf9656e5b3cc81fa4980393a2c224c,ok
0x08e908d03d80c6f359f1b08769799615310c9f6f,1,0x037399e7fb3139b1831707e8934b8c673c3745a189a0ecf6d4c4b932d708fa38b0,0x047399e7fb3139b1831707e8934b8c673c3745a189a0ecf6d4c4b932d708fa38b019f69dede25c4e5fc3145c22ad35c67ebcea4cd970e0fbfcf5b1d512826240c9,0x4d565991299d2d9d0bebfc9db72052f695a4b9035fbd8f48b18120b6335b912d,ok
0x22c333606066e68191d0f6cf9a399b1158e1e514,1,0x02df37c2c606a433fe8c287318bea90d6be35775da880644fdf7060a5fa6277a3e,0x04df37c2c606a433fe8c287318bea90d6be35775da880644fdf7060a5fa6277a3e4c0f1600149a221d607d0a0d2385338eff1915f4cc4ef7d35e99d742cfb1e4b2,0x4067abca042629bdd73666787ace69c9ee988b82308acd983266c5350f51d3f7,ok
0x4d64b5bf863ec7f8d67952aaf1ec13f5905ba378,1,0x03084fc4dac410792c2b2d1cb54c3b3e6cbf7e6e4a179d60111eb3cca2f171d30d,0x04084fc4dac410792c2b2d1cb54c3b3e6cbf7e6e4a179d60111eb3cca2f171d30d32ba872413ba9f086cffc18b677aeef6e95e9b660e185cba7f7e4fe4b401fb3b,0x0ae708410844760b75927ed176bf21eef6f62b24abfe5c0b250de0ce24db7293,ok
0x84492fb2bc9a965a488aa6e7cefbfb2f1eaf6263,1,0x02ec0141234d72c33ac0e7bfe26bfcd22a125f2085407cb1008d9b15b620976a1c,0x04ec0141234d72c33ac0e7bfe26bfcd22a125f2085407cb1008d9b15b620976a1cc6a6779a49fa1ee6ca30277d7fed56157a3ed2bf3706be1cdb5fbc0258b3d64a,0x425fde2495c1f21ca98e22e9b349ebc38c8cfe30f5e96cb1c1ed6c6a2b914357,ok
0x41d902202fcae07ad57539e9fd29941ccc70cd26,1,0x02ebe2319c97c62c7168c0417d22c1ea95d61e40507cc489e66c1471530e249ad1,0x04ebe2319c97c62c7168c0417d22c1ea95d61e40507cc489e66c1471530e249ad1225e9d8ddde192a88cd31ae243fdbc577886db3ab5e6994bd370ac5988b3d9ee,0x39fcfca620fe1120fac67e4f18c7b4165756c6bc57ba2918ea32d8366de7d766,ok
0x41b3dcb55dc562a0559cdfacd32220b588d44daa,1,0x02c2472ae69bcd36e7c2e8d040fa955b0c116c00ff995765610ce4f6a5952ac4dd,0x04c2472ae69bcd36e7c2e8d040fa955b0c116c00ff995765610ce4f6a5952ac4dd4cc7685a4a6567e9d99797563ccbcd3f737f37a28bc9cee583fc9326f4275d40,0x38604331e744e11f6b4afa7d8f33184e65fc814aae5a8d3958f73602c2029a6f,ok
0xd398b8a3d9b6c6972754289190d2f76536d2146c,1,0x03f9542752de967a24e46914bfe9a5a47ff30de491132f818f38c573929aa3d850,0x04f9542752de967a24e46914bfe9a5a47ff30de491132f818f38c573929aa3d850d70e94efdb2a8c5d2289c6b760a893508e9e903263e0d35c06bd76ae3ea072ff,0x7b62c3b002556070c11365f7b8004f73e0f0e34b7d64f671ae56bda780986a33,ok
0x8dd94e944f40029eca9680f7c9a464206796da1b,1,0x02a0e0195742df2756cdb2dd0c53a55c071b3c3f8143f159c803b7718220981e35,0x04a0e0195742df2756cdb2dd0c53a55c071b3c3f8143f159c803b7718220981e35986bb31c00e2094437a4827c4318fba1754de83b0a9f619d4d0aa453f5fa829a,0x67e49001d9ff789cf9760c24711afcd617015eb23597c4e023114dbe68db5921,ok
0xafe47d6f287ce1397f6d1af56868ce8981d555e8,1,0x037b98fefbab2dd7038d901c58b6304c68d9c4c3e5bd5ab335639cf9e3495e13fc,0x047b98fefbab2dd7038d901c58b6304c68d9c4c3e5bd5ab335639cf9e3495e13fc2be0b17ce1cbaba95dd7fbb61e4c3d0d1c4b8c87b1ec119cd62403d5bd203457,0x3875094ce4fcb0dd8c9e0aabda72ecea6a8cd80f06b8f8985aa895300f1e1129,ok
0x70b5d194fecfe74e77da5072fc1bc2281f230098,1,0x03072ec9fd26d037945dcff41fa87df24df9101e9f476c60562755c1b84754c9e8,0x04072ec9fd26d037945dcff41fa87df24df9101e9f476c60562755c1b84754c9e81880a1fde309b99ef3b1876263e8ef3308d2f79c0fad604f6b1124416c5c8865,0x472320c7e92046951efbd41dbee891893fb37d4827559f278c9729cae3a6f704,ok
0x1629765779ee337a5c0d0a2b853fcbb14cf38e7a,1,0x030ebf1ec12ed8802d4654a692db576620b148e24b4bdedcab036f394cc39b241e,0x040ebf1ec12ed8802d4654a692db576620b148e24b4bdedcab036f394cc39b241e4c0f91dfa0c562286d66eb9651de99eeb78bb4c6be9474ea2c2fc47d0583bd3d,0x5c71cc73d9c1c85c73a4bae7854e6067e037b5f6c38833dbc5f3046fc6174395,ok
0x88df41a58d8c00742ac9ba0a304c63f9451b3fa2,1,0x02264caa2a069217ba159f4eb6687e4a3f16e4212c8f204bd015f1df9eee8411a6,0x04264caa2a069217ba159f4eb6687e4a3f16e4212c8f204bd015f1df9eee8411a617b3afe4f8cfe8ac2da455e8920857aca53626fc6de0abc5370218502d95542e,0x2ca1e12a800246a0cbd3bfe490bcfacfb211f1650ea128c146dad336d0e1f600,ok
0xc9a693b5e1c8b3a46528be8e1ac912932bf2788c,1,0x031863e613114067b36170e20c3b52b17bf767695c5628d781de3c26cdb01ed7e1,0x041863e613114067b36170e20c3b52b17bf767695c5628d781de3c26cdb01ed7e1aa775177f2028503fffba78801a89eb381fb6e682e8b6a5504a024342ff52515,0xe4ed465b7cd1361bf70433ee7b6a4fdcd57aff553eaaddd7feeeaeefb3365632,ok
0x32d30f61e571514645b7b4516041b003dda62823,1,0x03ed0acc033d845151ad48ef786e614d3e487adec245f2f512fa4a01c9f782b9b8,0x04ed0acc033d845151ad48ef786e614d3e487adec245f2f512fa4a01c9f782b9b83c253ea01150fe1b073d2f86119aa2668aec8c9a60111272d07168fd3883f9f9,0x2cfc9a65e39256b40e70224f559378ecc9b87dac81c8592f459521bd43e05906,ok
0x7e885358c81fcf2ea47caabf32ea3abe0ad15550,1,0x03f85bcb57ddce7c0438cd6875204ea8da02e3323e61ae912505aae825bd123ec2,0x04f85bcb57ddce7c0438cd6875204ea8da02e3323e61ae912505aae825bd123ec203e824fe023aaea931e43f765d9ebff06254c77524d3eb5c48928668a096343f,0x92900014b7d04127bb56d312140410ade9a9d4cc4da1f1d739ca915f4f1054bf,ok
0xce0a752d2ba8623417c33c9de7dc96e22b76d114,1,0x03f3bf08bf5829712d45e86ad44452ec5986d2fabf2714564a7477c70532517c99,0x04f3bf08bf5829712d45e86ad44452ec5986d2fabf2714564a7477c70532517c9953974be2194c70222bed74405352f5c359d95f97e86aa3c08403388758ca4aa7,0x5f7d6b6307bd3302ba811d62e3f081445cb6af09aa04639841a682e1cabe3238,ok
0xd09d59b158b57ddf4d385684484743631eaa10d3,1,0x02da415a15f9762a821891ad0349dcbb4b1b39ea906ddf6d283c7a30efd4442cb9,0x04da415a15f9762a821891ad0349dcbb4b1b39ea906ddf6d283c7a30efd4442cb975b8e3c0231d2788db64a41ba85c2e8b0907c6489cb4b88785b1e0aea964815e,0xd97019e2e6286664050d9e39b33de601e227bca41bbc405a97a71580b597680f,ok
0x7d6956792338c7fdb83207ab0bc0874fc8ea5c5f,1,0x03fd4b782c420397b74a2708a00d203a1839a7cd0b8c656c8da78ec723d09d4cc9,0x04fd4b782c420397b74a2708a00d203a1839a7cd0b8c656c8da78ec723d09d4cc90530afee0c1537f7dde2f2fde2561dd7924fd9952bda2a4d341fec2b79312a47,0x65572562932a9117046a59ece232c0f5bc76a6e993213cbae26f26e8bea7ffa7,ok
0x7a747510d5f729499f0e6fb1dc38f9f431000107,1,0x02c26c73c73441a412272f2fa027e7503fc2b4777123136d1005a3c865c9b7ce77,0x04c26c73c73441a412272f2fa027e7503fc2b4777123136d1005a3c865c9b7ce77b2f6f9d705d52ff7fd7a3d4dc254953e5b6d44d8f8c55991efae80b1b0e87904,0x7b0a2d719f2bc571b9b63dc4a9e3bce33ac6d90d2a928dd33a6d0c50049f3e0b,ok
0x3423d495f0c43bf2591d6a79765ad13f77b43fff,1,0x0255a246e324c31889d808d03f4b52f996c2fc2c00f8ad7feae4a5173a9bee5ef1,0x0455a246e324c31889d808d03f4b52f996c2fc2c00f8ad7feae4a5173a9bee5ef1f1b6ad37a4080e72b71eecce299e14233d21106dd699615f742185ce6d6d17f0,0x6c2689f09d67d3ba1c25e66aa1bb911b519173ad1fbbcaef871f8e08501e00fa,ok
0xc767b0dc5ec57b801cd9e2b3a0d03141da1c5732,1,0x03aa0b9532692bd0ab7001a6665ab86692f2b005d15f274be82016bc4c0e9a8fee,0x04aa0b9532692bd0ab7001a6665ab86692f2b005d15f274be82016bc4c0e9a8feeb1e3b689911f9bceff5b60b1bc9625e6333262ac88f17dcbd052e36ebce7c543,0x4fde61ecbfbef6a1906cbdb90fa2b0949ea8dd6446aba36d81840a712c688c9d,ok
0xd67afcddfec4f2c87daec2d436ab8539cf2315e6,1,0x030e8230abac13d3069399dd6de9f9ae138e040436829b4e17ad0d19299370959a,0x040e8230abac13d3069399dd6de9f9ae138e040436829b4e17ad0d19299370959a5fa5c91d7b2fa490c793722dee086ced0d20a57aa4579021521b3ab9024057df,0xd3b9e12a75657e6d471f3ef73e28c4aa9ce09ba5816f2ef2dad4ee239a32bafa,ok
0x66fc291e5023b42ade26432ecc9a39609e7db465,1,0x03044bad87767e054f80888f0c18a19fab6e4b4938cb0840508a91802286d058cc,0x04044bad87767e054f80888f0c18a19fab6e4b4938cb0840508a91802286d058cc08fb38ec51e98a59be2696f8185d390c5b798baa3f60fc0abf52d05754becec5,0x68ce66cdb91fe7aeba5ebd2c264db187f4f9566a805131f2444872f28f159ff0,ok
0x76b4f770f94ca357c2cedd76999b65b1bdb078f8,1,0x03f59fe6d9345222ad28d3fba9b12fc180a203992ead658ef35e8587f73bf7b2db,0x04f59fe6d9345222ad28d3fba9b12fc180a203992ead658ef35e8587f73bf7b2dbb8f4bfa5c0eb30d3d6f3cfeef6bda0abd181e2b729bbe6aff151cab84a279de1,0xb47f5a6a311f410fe12d258b7cc03198867031681a62e46442f3ddc7401c1c3d,ok
0x310547708c64f19bcded249471cddd9f0815e775,1,,,,never-sent
0xd44d0cfc3d802ade249f0c96475d5a39a55564e0,1,0x033fc295ab4a8fa6cccf16fb09dfd2bfaafedabf6253125913f05c25d9a81bcbde,0x043fc295ab4a8fa6cccf16fb09dfd2bfaafedabf6253125913f05c25d9a81bcbdeaeb6ba8203855fbb964e89e162fb57192b7800eb1e7bd081d04f8dde23ec09f1,0x9395340f95aedc55ab095e1b586175aa5af269f74a6ecbe10b257897e1d4bbef,ok
0xc9a6180f8e3a3f2817b99120184fec638fb972a5,1,0x0298d5266122d2a49b4f8989e9a2928e9336dc1d8f56936b48da292a48dfd1eda2,0x0498d5266122d2a49b4f8989e9a2928e9336dc1d8f56936b48da292a48dfd1eda2fe7326175d4c933305e649e24077303c33775856bf5a60faebb45f5482124cd2,0xc25706a67a08ae0a1f0eab5545513e3fa1fb8e79b0cea4f82ef4cd933694ee90,ok
0xb9c3b25cdbba4a9b593b0beb08d6f4c089977091,1,0x02b2cc15912b071fa99df5af2ca822e8d3a8d683290d7a85ca6295453148329108,0x04b2cc15912b071fa99df5af2ca822e8d3a8d683290d7a85ca6295453148329108356d5ef4f7b065f7c0a4fed939f48d2c9138a912c9f7f11a346a323f70dd87aa,0x5aa19705c31f41164756278d8243705ee6fb1c0cba94fa99a25517fa27ff91c2,ok
0x5db20437c9b6368f07a3988b8f67c2174486e7aa,1,0x020ffa402d5a29cbc951034028a9dd0273776bbcbe7bc151cb35e8b1b13fcb0b98,0x040ffa402d5a29cbc951034028a9dd0273776bbcbe7bc151cb35e8b1b13fcb0b9862da07b580559c3426231ad0d25765895dde10e7ce4ae0f66bfd1a94567770d2,0x5ac5fb2b8f334e68e7405429fe1c1a99bf1de3836f5a713ea6b7ee7cf828b0d0,ok
0x181fbeead37f61f6e9aefdcc7ee22ef115a565f8,1,0x0259ab716b002e13b1ae6158258e126c27b5e98766096c816751e522c0deab3638,0x0459ab716b002e13b1ae6158258e126c27b5e98766096c816751e522c0deab3638bdbf2e8d852b9cabd3624da52c20fc22fbdd47f3455c6be74070abea4600bcda,0x9a9fb5d00f3b10a7fe9b40a7893f56ea0575ce11e9cb0a69402a7f19b6b88a36,ok
0xb5fd79e1c33014075e12e4f69f685117cf119544,1,0x02bd264d4be2946201b13696c62b231178de6d4fdf126d851c85592e741896d892,0x04bd264d4be2946201b13696c62b231178de6d4fdf126d851c85592e741896d892fa0af3c0a8761ba76ed86483a275699fad5aa963a402bb3e6fc40530201b911a,0x8ccb93fe0637de04446be81006bbe0c6ff3e5470cfcebd073f5581790b2e2c97,ok
0xdbe9a3c9348e9f543775b67512303ec9ddf21515,1,0x02571b149c5101633194fe0f1a7c33ea4c3aca3f621546f54dfb61769f98e209a4,0x04571b149c5101633194fe0f1a7c33ea4c3aca3f621546f54dfb61769f98e209a43044d34288c2878c113b568ab20b3e2ec5d890ea1947a75d21229f78050b8266,0xe3ec2732f48b5b6a39db71c93fe6077367217fe5366eb90a30d1645e013405e2,ok
0x11b2075fcacc5edb7a7e67e9c27d2dc2fb0ec134,1,0x0314a527046616b9874757493876159f7278818b7c36c73762f8b3f7fa691457bf,0x0414a527046616b9874757493876159f7278818b7c36c73762f8b3f7fa691457bff6f034aa8a5f04720c2c0b18f756216e99a12783f463d1891bce364e9ba737cd,0x045359093d57916e94fc243df343f0b9afcb9aca54f66b8be72b68ff3f969023,ok
0x16f75e98a4ce47b0c43b525f30ede4ecec95e9be,1,0x037e33e5e57372c8f302ab4226386d09899382196b74fa6ff2d41ad60d2898e12e,0x047e33e5e57372c8f302ab4226386d09899382196b74fa6ff2d41ad60d2898e12ebc7c93c4edb33cb5f4348c0a7049b7a17a6a065cc058315237f73fca6b0f5f01,0xb8cd175d6d7886d89c661942ca5d80f3f242dafdebbf007950bf1ad392ed9cdd,ok
0x7966229651390d51d88d70ce59af4c8aee592ef3,1,0x0232ad3f571ce1c8b107da341e7b683f6e058fc1c261821caa2e8ac6b64ed393b0,0x0432ad3f571ce1c8b107da341e7b683f6e058fc1c261821caa2e8ac6b64ed393b02b8c6ae4c4d6ef42c28f38f4d9b87568b74c6c0f15c42b5cbe908981e311950e,0x84248044558274748b69f67a8f712476436486057a0e7d571b2e0fab9d0e0579,ok
0xa0a2c93473d00d246bfe8c1de38bcccb50b27589,1,0x0361b630cbf4f0f9942b427cd56940a93053caef78deb99fbddc27947403057cb0,0x0461b630cbf4f0f9942b427cd56940a93053caef78deb99fbddc27947403057cb0f9a7a9e6e3011331477930602cd77e46b34846fb1148e700d6980081f38e9723,0xc709c78802df90116bb3c40695b780b2a5fea2a0246e3c3b92d540d62b785188,ok
0x02dcced9956acb7f532108b088bc3e5227f5962c,1,0x03aeecbd0d73c3e7f02e555b6df1524909e194460f407facef5705e985a18976cd,0x04aeecbd0d73c3e7f02e555b6df1524909e194460f407facef5705e985a18976cd23ce09ef26920d24e086c91265e1a874cd472634d8ec8d0795efe74ce16ab261,0xb9f05447e542f7fb904260bdbd6077d5cf9b88d81aad2d8e4247a63bf5821499,ok
0xa51bd9e5237b2eb19e8876b49050e8af0efe210a,1,,,,never-sent
0xd416051feb5c6608123d614a95201d0775766a45,1,0x02de634773c77119b8bb7a89cc175d282d2e92f3543aaabe3637ac0b0132ed3b99,0x04de634773c77119b8bb7a89cc175d282d2e92f3543aaabe3637ac0b0132ed3b997e813d2b4c2f14278287551208a8f15468ae23e7cca51efc29630ffcaebcb79a,0xfc92eb67a41229ba389f430b9cae4d9c0b460d3e2361e285cdeba6f47236ac9e,ok
0x97117264dcb58f690a2d69982306f680621aa083,1,0x027da58655e32b370ece185e48a70c93863297a1cc6582dd7be926d8aa1adda14a,0x047da58655e32b370ece185e48a70c93863297a1cc6582dd7be926d8aa1adda14a81f943c6227db25ff69896308e35ec14f3ad06faae0156179c453def518720f0,0xa75c32ca70a140ee548fca11dd371430711946baca45b8cbfc446e80829c5c66,ok
0xef0b4b27f921a2891f88a7bd4805e9796d27864e,1,0x0291aca6cadb39017789ef1acc832bfce117cd68c3ebf26dfe69f50c144002fac2,0x0491aca6cadb39017789ef1acc832bfce117cd68c3ebf26dfe69f50c144002fac2f3fbd9872ffcc037615feb8b184ee6fd8f794b7e9c28759e43eb9a8244f5f2d4,0xf56037e05ed6c8291f84880889aa8ccea8d4b9f3ac125913b88ba888183bb3bc,ok
0xaa3f52c68985075d5662f9d11ad4056ac89a496d,1,0x033e7c883a61447abb3bad998552e9cff08068648b2fa2e2d6c702bca1795a832b,0x043e7c883a61447abb3bad998552e9cff08068648b2fa2e2d6c702bca1795a832b97691ed4631f807ca2af691c08971c89860df481f2384cbd448c49be8dd7767b,0x291c2a157a1dacf0702c4f5065ee530cfca9cd84fdd6e8e978f87e722aec80e9,ok
0x6330be524cbc97b742581822a34794e398477696,1,0x038c70eb51f7f9585ad99eac4a1a0f33a5110d4282d5bb00d9a76169e3a670872d,0x048c70eb51f7f9585ad99eac4a1a0f33a5110d4282d5bb00d9a76169e3a670872da99fe8be2de4d09ff132f365ddb56833aa30800cffe379afed6126f596699b35,0xada6b493910fd7a0ca5a59353141fa97078da6af17597227e07907e1707f7078,ok
0xfe18f04f24facd017a9df5d95759d8a6e8d0bd57,1,,,,never-sent
0x3168f1b642401234d48890ee9c30f67feec02c21,1,0x03ea99469847cfa5519d6517d4374119e542f21bf7340cf39c52f73baedbcc2259,0x04ea99469847cfa5519d6517d4374119e542f21bf7340cf39c52f73baedbcc2259f5c014022af17a7d49b5b242db888bbd13d08f865918fa10be0eea221b0af3ed,0x55fced72546bd503cb5c9eb204c46a1dcac2b0fb2c07c4209010273ef62e205d,ok
0x3a9eef4770734421d57b9434c479b2cf815fd9c8,1,0x03d5f7a38d795ae435e371b46cdab8b2dc7d36aacd838972da5bf0c2d58b7eaa03,0x04d5f7a38d795ae435e371b46cdab8b2dc7d36aacd838972da5bf0c2d58b7eaa03629aad6134383ccb2c24e048c87e4c7872627b593e5d44e874011eb710d4b1ad,0x2e813d91a74c1ce69e226d4119afa9df6f20b823e1be8c8544957ae1ae65cd91,ok
0x3ce1fea89121b0b775e6a4ef19f3819993586237,1,0x03fffd87850c2c3b7b3922430ee36c8be5586dfda7714d0e1c131565c1bb845624,0x04fffd87850c2c3b7b3922430ee36c8be5586dfda7714d0e1c131565c1bb8456245d116c63471da615e41533109c6d7ef12696ef3daf56aed6fd989d5ddc5655b5,0x91422d9b62ba54089ecfa37400c010df3a80385dd3dee5870aa096b7075584b0,ok
0xf4a26cb030aa7ac7e1727c0716916936c0e04cc8,1,0x03e68d8aca5923cbfb99b73e62e3618d592d79d579758a356d3454ce410cc96375,0x04e68d8aca5923cbfb99b73e62e3618d592d79d579758a356d3454ce410cc963758c5f91b4fbb676675d5c46a259389c5d29c4961983144c5cc081d4458bdeabd5,0xdb99e0af3928c09d1306b0dd0c57af230fa104b7b264e061f4659555ea7a526f,ok
0x01bfad534ba2fbc7fad7de8042112474021ad77d,1,0x02ba6b01c63870dc6ae51f68a5abfb81711f8206bad59b1f1b702da1423cb1111b,0x04ba6b01c63870dc6ae51f68a5abfb81711f8206bad59b1f1b702da1423cb1111b5c0d7b830573ed663f7b1b32200bde94679f2509ad0053656a7a945dd9d4d2d2,0xd5672182b11495be686076916645f0b885bac17701a59eb03d608aa13cc070e0,ok
0x35ebdce680ea2736873b712a12e89f8501120fa8,1,0x02b84bc82c99da66bfc0ad995c0282c0531942f8e05e0b67dd8fd6ff6051f6f567,0x04b84bc82c99da66bfc0ad995c0282c0531942f8e05e0b67dd8fd6ff6051f6f567e8a9b8fbf33e755c998c593c02e2c95816131a1f364dad4eacee6ef18463a83a,0x03875293d81bd63502cc49cc47f7a273176889c2ebfa962930df64711243ca4e,ok
0x0e692adbde792b5d1b0a79912cbe9c394cb5aee1,1,0x0332368c1896f3299ef521f2f37d8e960ed6e52347ac692a71b4185feda1eebed9,0x0432368c1896f3299ef521f2f37d8e960ed6e52347ac692a71b4185feda1eebed9fb68f994100821160ef23dc457306fb5729ea41a35abe9a73bdd33ed911c4cff,0xc0dfd1027770082ddf3c58e0330accd8e41f6e165bf60377d0dda32d773c27e8,ok
0x0a0735d4dbd989c725259bbdee98d0caa6b9144b,1,0x0351d8a405f798c0c1d694b345b18a47d57c0f3ead5456209c019a19a3c2d75967,0x0451d8a405f798c0c1d694b345b18a47d57c0f3ead5456209c019a19a3c2d759677a12fff8bfa3ec1d3823efa5b4ca9e3fe2531688d92654b1e5e6b7bbc9607ef7,0xf2282811cdfb11cad3e0c2a47a31f5a97afc0c9cd4f9a5a2f2b7cc5c29acfb89,ok
0x68f15674b623418e6f1b43d947cf0a0426b54393,1,0x02683cc02e7a967a1071b42c38aa31ca8cfe85af61ed0063d50df057654ddffeb3,0x04683cc02e7a967a1071b42c38aa31ca8cfe85af61ed0063d50df057654ddffeb3006d6c985c4cdde012202acbad863664173bf4c2d5cc5a9e921679a67b3bc194,0x9834ffe80b960f05bf61e760bdc44984f680b39730646cbc0447c6d96432b1bf,ok
0xe1716880c981c27501987f9192d2e849fbe533ba,1,0x0223ee2a959b32663df9ee042d41e3991dd7c96d6f5eabb274e6bac2bc8d0b406a,0x0423ee2a959b32663df9ee042d41e3991dd7c96d6f5eabb274e6bac2bc8d0b406a88498410b48d88363c0fccb0f30657b60082e65a6f1fdf1fe94ff6f98fe967d6,0x266a3a29d6bab803f2d032877b22c62c63c43dc6fc026c9d1e49c24a736eae8f,ok
0xbfdbf9e7f9bb163352097e1ff9238f2843292090,1,0x03a0ad7a6e22ba477e52882099892101a8401743be3d75395771603954bde07126,0x04a0ad7a6e22ba477e52882099892101a8401743be3d75395771603954bde071260817c089cc3046f2ef92c0fe68d499c487f730a02072fd2e7acc1657ca853835,0xea6f1c9613af6eed195dab9fc4fda59bf8eb334e8a33e6408fb150d9b39568e7,ok
0x686aae92e48eb6ebcda2993b258c97c1742d63ee,1,0x0360c604ba742a89c03b8c922e01ba84e570dac7375eb36007c49156b3500ff8ae,0x0460c604ba742a89c03b8c922e01ba84e570dac7375eb36007c49156b3500ff8aefa45574a1af23f9578cb26240416892b77c3d581cd11b705d8b1142bd48db757,0x1d92ad8a3a341ec7e449355f5303ddf43b61bcf016d8bad2a5a85095b0b2ffb5,ok
0xce83f5d5577b78c61ce91e5e600cdd9409782a0e,1,0x02ca20a2c1a9ae769007e062f564164c3d4c445e8e31a686e3e3b0cbc88e90eb71,0x04ca20a2c1a9ae769007e062f564164c3d4c445e8e31a686e3e3b0cbc88e90eb71c83c5e971d87bba183326ea5db47745b94f94d2cd2945319cc9ab019f53d3854,0x7b24fd057f287dbe61c8199caaf6c2964d5e49dd205bf51a08c0a9dc530a6324,ok
0x366c753db239f76562f051cd182902e056fbc878,1,0x02f6e6e741f0ab8bb4dec54f683b8ff99fe9e4fd695e75e62df7a71a0a43cae005,0x04f6e6e741f0ab8bb4dec54f683b8ff99fe9e4fd695e75e62df7a71a0a43cae00549244f0d27f90b890c2ef706e01ae12d3f3ca7cbd992ffb80631bb8af01c39ca,0x7d04da0f0d060dfaf0cb14e90b3bef4d95438f83dc2bfde45c4d63f26ed8c023,ok
0x141ff286c5b44fe73dba85cc99b8a8fd83664b4b,1,0x03dac44b21f6c1508b26f1fe03d6f7e8d183fafcbd3f950b22e9ec03bf0fc8b09e,0x04dac44b21f6c1508b26f1fe03d6f7e8d183fafcbd3f950b22e9ec03bf0fc8b09ef1a44192e1f610a79b7141931577a73d13b55ff40ed89b9396120e18e677765d,0xc7b8d25ba73dcc2f1c6eb4339b487c0701f0519082c327b171ea0f73242edf5d,ok
0x51fb7dcb26c026b1782d2dffd3bbd6ca0df20306,1,0x02ccfaea1a5eb113e8f75add4ddaef612d3cd1604d19f2080aa98add4562197042,0x04ccfaea1a5eb113e8f75add4ddaef612d3cd1604d19f2080aa98add45621970421a3fca0312e45814018050c59cd637f409e45f94d9300298d6591ba01d7ff5fe,0x2c6d92bdf446e83732612672129a0fd5d0123635ff7dfc10f75e04756f10afd6,ok
0x66d5e90e34400e643830304a9ab36fc2fc245a41,1,0x026aede428700678500f37fea97e02afdc1c2e60774def7878ce24913a53901e14,0x046aede428700678500f37fea97e02afdc1c2e60774def7878ce24913a53901e146820a2370c8cc460fafb4bf614a4459dc96a4c6bd20590430ca7f45ab02f4a20,0x9855276dc6c888c949fed050f81ed98a03edc30f51400153fd103d564fd70629,ok
0x87ec0b731433c13f8c300e6a41ce5993b304f5a3,1,0x03d3b6d2a136a9708314c253f59c64e634104e80e9a1062f3cb23812285e8a45a1,0x04d3b6d2a136a9708314c253f59c64e634104e80e9a1062f3cb23812285e8a45a1d72cacb1ef2e5b8cf2a64ba9991ae2a44d28593db47894741492f5b77a7734a1,0x2cccd4a58b1dd21049a7929d4887bd9856424caf8cbdd9bf3229ea33639d133d,ok
0x19bac497eef98b007908984a96b5783e4afb39cc,1,0x0370e98227d13a4edc47a6ac844ba23625f04ebcd60f9c75e80a643602419b87cb,0x0470e98227d13a4edc47a6ac844ba23625f04ebcd60f9c75e80a643602419b87cbf7c799dfc7cfd922ab0949cbe612069cc8a18c39e9bd5062efa92363d4fd45eb,0x0961c261aeb72fb9a2e354aa4f7ab7758936e2f5225b95bccbe6b8e6dece5f96,ok
0x9486bebbe3b55296e600ece7e1fcecf319d0aa7b,1,0x031817238d4008ccf46deec58c6fd9e2f24163093827abb92558983e38b416ac21,0x041817238d4008ccf46deec58c6fd9e2f24163093827abb92558983e38b416ac2136015a47754e2acffa0261a63b7e78b78e1d1d4ce72146882cea7fc803acb201,0xa9d1baac3047520ee01f98b10d7847973cb78c4a9445ada8f5be54c3be7d6ee0,ok
0xb81383e8914e790b4571b693193e78c0163da3ae,1,0x028528963e7745faf2e21c629bbfc237997f660534dbf0c5c2b3fac34c5e1b6851,0x048528963e7745faf2e21c629bbfc237997f660534dbf0c5c2b3fac34c5e1b68511ebf0508735eec4805a72c632b8c50100473a427ce69154fd15877a0de56281c,0xbecfc8d61accd9c3616d16f5c5d0b0c9c1ae93c055b536583abe7b5adc6a6f2b,ok
0x3a33c951b69ba1b2fb0a0624807f8402723d4cf7,1,0x03b8781bc2b12fbada7d033cc57a5586bd92ec4e74315e57d0389a2a9ec66e6f04,0x04b8781bc2b12fbada7d033cc57a5586bd92ec4e74315e57d0389a2a9ec66e6f04e7e4c29cc349d9c373720248cbc1dccba68b41a1527e0337807680767ce0abc5,0x9d1aa5d4a753ed8bca433cd1e15957549ec2ade80c43298f19962f0720b84b74,ok
0x297a298223bcf5a275592c6c03ccc07df8c19aef,1,0x038ccf61b9aed221c0d45a88b86fcb6520ad47c9441532c4834115cafff6b68c0a,0x048ccf61b9aed221c0d45a88b86fcb6520ad47c9441532c4834115cafff6b68c0a7ac78621ac55d103030369959b35e5d021d118870149557f27ade2e4a32c8f39,0xc34285dbedabf773da8b18e4ad0716b4a5f69c7ecefd5011ad9d51b7087e44d0,ok
0x2a4d27abf7ebbce29131c9e8fefd3ab335aa4cce,1,0x0298f9ea7ec2445483ec48a34a7e73dcd0862e03c032855a848e10ed35cc970d36,0x0498f9ea7ec2445483ec48a34a7e73dcd0862e03c032855a848e10ed35cc970d3637aae2d0f05acd845da534f15858e24bc92e6ed11dde4d551b48feef42abb92a,0xb85cb672ba84d74a8390765afcabe76409a7b1ff69daad3b65295b3293508e13,ok
0x654eace4486a32a1e5424d8a156a4cdac916fb7f,1,0x03440cd781396833ae644e5931b3925474c6c92986923c70ae16c26e86096b7166,0x04440cd781396833ae644e5931b3925474c6c92986923c70ae16c26e86096b7166a91da53a3b8158556ccd95d3355e110971ccd4b7bd0605b53d0cd81604bf656f,0x1c46e98a4c3c971e66a1870938f5745ee60bab03d4fa84ac3e0cd058c54b944f,ok
0xc71fcb40cddea406fb2f75fb7c2a0cd38ec236b2,1,0x03a4bdb59e178de7cfbd309cef5177cc4cf6af3812989c81bc640b6bf44a2d5304,0x04a4bdb59e178de7cfbd309cef5177cc4cf6af3812989c81bc640b6bf44a2d530498318566450929cad386f1de3e3615faa0f16fdcbd400731b567d1a44bc06501,0x215955b5fd6d81243b8349abcc450a2227cc320da91f992fc2c77ea51082619a,ok
0x291121da7faeedd25cefc0e289b359de52b8050c,1,0x039f24e54cbadeeb587b3d49c2d54155be7ab6ec01c583035df51e67ca7d0697bb,0x049f24e54cbadeeb587b3d49c2d54155be7ab6ec01c583035df51e67ca7d0697bbb518f1cd33fb075919c768774a15e4d5299837b57848ab457e4e2635d52ec68b,0x9e3702fa712a25daa2d3fa70837587e5c4befce91ad2ce90cf7ea8741b13a93e,ok
0x9a3f63f6129e3c47e6ee8f4922c696d61e7f7a03,1,0x02eb59a6cb5ca3dcb1e050f8d6eb6f0447ba430083e16a740a930b7221fbcd8411,0x04eb59a6cb5ca3dcb1e050f8d6eb6f0447ba430083e16a740a930b7221fbcd8411ed3687be4947325577e4862f9b66e16bb76bc06f723a3c5ab97725ae8c31f9f2,0x347394cb7b9c7a98ca737af2f6a68aecef20203824facfe288b4212bc86c442a,ok
0x7ee18ac06d2a1f4670aeb3ba3c2c6d34fdb17f50,1,0x0240fdf81c8469cc19f2edf12aed1f9ba33225cdbc141073e411eefa7d09c0b779,0x0440fdf81c8469cc19f2edf12aed1f9ba33225cdbc141073e411eefa7d09c0b779ea8816a7bd7681b3425b4fb003245cdde754a907a41727060052d47fa2304182,0x7f1d0c759d561124c7f5b4c9ff5106419e508dbdaf19ada4cd72468a3a3e769c,ok
0xa4c01e85de0d875177a5fdca053143b60c99cfb5,1,0x0336f8b8af629f839b3faaaf1b03e03660a27e6aa25ace0717947dd39479a07697,0x0436f8b8af629f839b3faaaf1b03e03660a27e6aa25ace0717947dd39479a076978982b4ac90db7602ad0865d7d79713ac8eaf22e69f332ec593fd16cc518e6d81,0xc274c39e7dd34e83c11297dbd886ba79f36358034e38e57d447ae18195236f82,ok
0xee9158199b2a11696f048a1151156bcdbe431e32,1,0x0345dd8c2f7f29aa8a9a463666f274edbbac5f4f1004833037b344aa5bee05be61,0x0445dd8c2f7f29aa8a9a463666f274edbbac5f4f1004833037b344aa5bee05be6196f0a2354028d9c2c3aebd9b9be59121e902fbb70dba3fe1c93ef055aeba09fb,0x6b172777640418b999a421c3f99bdeefc8bff4200bf083758e4002458db76a6f,ok
0x0892fab548175d8b6bb6bf8d6460f9327a8363df,1,0x02e799f32b5d36408a39f1bc7e1f0ae98fa483d84711c5786562aa8dc5dc9edbc1,0x04e799f32b5d36408a39f1bc7e1f0ae98fa483d84711c5786562aa8dc5dc9edbc1107e50f5c7437683da09a865e31c1d5b000826596db6465067a6345453861136,0x9715870069b2e535b802943286537c360100a8b8f59ea59993f4835d94dbf50b,ok
0xf0de4ede3d1d1a29006e5d23f8e30344e3ad493c,1,0x021fa3f46b5ae2eb45052de478f9b4e138136a87f839af5e53a881d45d6412bec6,0x041fa3f46b5ae2eb45052de478f9b4e138136a87f839af5e53a881d45d6412bec6cf25e4af356327e49c89f1ffcfdce0a5f1e12a521f585dc380a74b0f0aee71aa,0x1061e671632685ed044eb41df4fb06a7c695adcce605a175e046e4b876af8246,ok
0xb9bd55eb41a48dd8b3141a09c4c6d829b581cfeb,1,0x030ecbb0c22b34f02c99ddbce971add5f4ed2176de359b767875dd61bfa92a3657,0x040ecbb0c22b34f02c99ddbce971add5f4ed2176de359b767875dd61bfa92a3657df7a196904d3dcfc0a1d4776f0268ca99c1f8b52f846b43979483b653cc0477f,0xf88eab730a86bcf494ba1ee6ee52467a85a972cd4d6fb63a1bb87fbebfa29480,ok
0xa251c3b888d77419d7104a90739493ffdf25ff7f,1,0x035f4c219380e5d8703da4cb7bbd4f8863c4e38cfcb5de6c1f3a578badeb8313e4,0x045f4c219380e5d8703da4cb7bbd4f8863c4e38cfcb5de6c1f3a578badeb8313e4387652a7e307592562a0ae57d2f1ea3b22b8dd93a1a56d70f4a52dd1e6abf36f,0x0475cfbb33f0cddf07fa3fce15f744562555eab8f071f851fcd2a6b696a9b23d,ok
0x3cb1c25b7be8d74d0f9e094e7ca0c6342a426ed6,1,0x03eea73376e46e98d8afdb04485370e244fb7616e243ae5159949172fdbb56cdca,0x04eea73376e46e98d8afdb04485370e244fb7616e243ae5159949172fdbb56cdca3e449519d6129bbff80b77e5a7c7ed95ba5a3a294f186ffcef43df607e1a4d13,0xbfabc70a3c42e5a390a3d64f8e6fbbdd0b810208292aab407b82ba8d2e63073b,ok
0xa3867f7d90094f16e12bfb1a9fdfca64e8ae9856,1,0x03a8d73edf35d66c67bd8e95a676966491fd481950d20a33c3075237690be60030,0x04a8d73edf35d66c67bd8e95a676966491fd481950d20a33c3075237690be60030069ca8e53cbfd95117759eb3adf6d90596fba73d3ff88a1e931a72ba1f330443,0xde873151e91788e7d5da59e15ff92b35023c0e438be316adff96631ec3c89ac8,ok
0x7a88ab95f56cfed5ee5ffeccab5406ac64fc021a,1,0x026d5957c1575a0d6599b0e01601a774a64c4cca9a246328618a6da0a9d1752d21,0x046d5957c1575a0d6599b0e01601a774a64c4cca9a246328618a6da0a9d1752d2158e29c921ead091172df3a9b56e4710e4ddcc9712dbf31814ee31aecc3064fc4,0xe07164430dffe0c3b9ba87ff17e0572dc363b5721e70a96107a83fa2b616090c,ok
0x57153b4653ff726af2692506d9e4a2fec823c4c0,1,0x0210f07ee4ad5759df541997c21d3250467556ef2630554b34e6821a6f926954b5,0x0410f07ee4ad5759df541997c21d3250467556ef2630554b34e6821a6f926954b5b03b58afc41167ae0656b2a957ba37905bac75d855eed0ad0f4505c8ca1a5ed4,0x97c162fe00660e9b025c0a5ebbd964c0b7fad41f92cf16955a5c3f9da5efd1c7,ok
0x7bdcba2aaef8f60df714b01de81551e1146678d6,1,0x02d4de849d43c34992b5525df6c3d69d59c21238229cb9e1e22ab0d6ac63990cf4,0x04d4de849d43c34992b5525df6c3d69d59c21238229cb9e1e22ab0d6ac63990cf4c6150161c73055aec23131e0a1c6788c810dd4801f58a59902d2d7b645d7b750,0x0d1968b34ca08a21a337c97da1b06e5ad23fe76a848ef17af905cb353fcf530e,ok
0x1b091952b6c7b3dfdf344db438fb0de5f4571dd6,1,0x030e8ef320f447dbedc066998cba3b97912812c55504148de2d76347a50c9052a1,0x040e8ef320f447dbedc066998cba3b97912812c55504148de2d76347a50c9052a1e985c44307c29380f534f629f11f0a0dc4469614d1929344f35fecf7ec99246d,0xfe45fbbd7f3f72f3ac44720998a0cd0130960fc3ace293ccbad6c664ba5ae4e7,ok
0x1edda013c367d0e3a32d16835c31dfec1faed642,1,0x0235f7e6a9c0de46512cdce61677e5c64317fa4e15678db0aff257b1b17aad1247,0x0435f7e6a9c0de46512cdce61677e5c64317fa4e15678db0aff257b1b17aad1247075017bbc0c64e37ef754a6f1585fb16325c7b1539829fc3ebd99d06ba484368,0xa813c961c7e40b126ce7769ddba3a2627e7668e2459f15c20e847623990874d6,ok
0x1d86cefcd6d45922dda50dd07ee1dee1f4cc7006,1,0x03023ce0711294dd2774b188dbd7f0d8513f061b6caa11bc296146db925407e15b,0x04023ce0711294dd2774b188dbd7f0d8513f061b6caa11bc296146db925407e15b1d0cce7b1afbd8cce6129692d07073b4459513ea696bfe868bdd0e1432cc3ffb,0x8127d1d1ce48cbbbba04e03d0659e02a3c58727cafc74d7becd5d776149ac258,ok
0x33895f4a011497460865d8a08608a8870a503b7f,1,0x0227f82641973ab4c431fc139ce96aa0564ed116410bbce97ca5edca33dea5a370,0x0427f82641973ab4c431fc139ce96aa0564ed116410bbce97ca5edca33dea5a37040339b7f16ae4a31bda92eb2d42ee8400ca56bf117132987d47676b4fc17ea12,0x70f8bfb71e0da2ff38f47084e6d7c15ca1a3245cff23f02f01dec83e5c5ed70c,ok
0x4f2c16c8bd2135151a001c043c9b7c6eca05ff71,1,0x024f231d53a521ea4f7c5cf82cfd6d5f25f1a98f05807c2ee179814c2e06bb109a,0x044f231d53a521ea4f7c5cf82cfd6d5f25f1a98f05807c2ee179814c2e06bb109afa595708447658e88c148dbd93f7c1d98c81e901cd3a81e383d4e58fa01e5f58,0xae35f80e39d7123820a3376ac35e77f59088a834ade1f097336e86e1ff85be72,ok
0xd36fd2e4c64b3c9837c26b8c52ef221cda9c43c5,1,0x03666b824d853b1784f623abd615eacce275af2c3d79ca383eaf2f67218780fd7c,0x04666b824d853b1784f623abd615eacce275af2c3d79ca383eaf2f67218780fd7c7bdebb133e39af409a93f0457b7fbe99e0b368fe34bbf6e256832e0c61ac45f9,0x5971cc1ef6f3c346ffa83d631a0e7b3a3abcab3f3e8ef327297d8e202650010d,ok
0x545efe4ae05165cf327e33f8ea6f8bef279d4f86,1,0x0206c1d129f73291227fabbd8a58ecc4127249bd93b7ac7fff97ee60c17f23fbac,0x0406c1d129f73291227fabbd8a58ecc4127249bd93b7ac7fff97ee60c17f23fbaccd12ab1596f7d3b064f14f0b097da41d80639e1eaa766a6593fd785f14449198,0x54a863150d9e25b4280694011babb0fa1afbdd9f9c0696957bce58c51f2b20d4,ok
0x24dd5e34ea393584ebcd228bfa57604887ae398f,1,,,,never-sent
0x8cef1e438442067df44955e66cab9b015d6a54fe,1,0x03e625a9cceda23498803a65a34d2dbb79d87696212bec256df9dc03acb21f0ed0,0x04e625a9cceda23498803a65a34d2dbb79d87696212bec256df9dc03acb21f0ed041b86f06f23f1473e55fcf8c7cf9a3434eecacb6f05578986d9a05c3059234ed,0x0d6b4ee00a519df7f776085bce47fdb9687735bf7fdeb1d763e8c70a736d838a,ok
0xf839ae19a58070ce60b0101eb9674730be882dbf,1,0x0388e9bc619fc45d0daa94b0d9969b616a77d7cd13f8133946b066aada532ddc7a,0x0488e9bc619fc45d0daa94b0d9969b616a77d7cd13f8133946b066aada532ddc7a2c6314a603ddf2ca713f984545881bbec3d30bee2539e268cc914c6cd7a632bd,0xa3e266feff6970d8534368fb37cfd71a89d52a657bfd99743ec741d4d4a17409,ok
0xb90f2d02115877982cdf338c74424c77969749d0,1,0x027ec457e11e59972571b0a3e876406b3d2814f7b3f7248985ffb8238a3457f96b,0x047ec457e11e59972571b0a3e876406b3d2814f7b3f7248985ffb8238a3457f96b7d6389169c98c89037bdec8da75527065514a92c9787f5728b9729569f08b446,0xbe4a8cfbbbe0281d574d16ae1b50357b3c08a67f53635df1411b20b6d274b9c4,ok
0x972b58187a7a111b4071fc26ca3a2c0df5c2f028,1,0x037f42352a271caf5bc023f6bbf1519d204295c245e6c8128d61e898c5613c5bfb,0x047f42352a271caf5bc023f6bbf1519d204295c245e6c8128d61e898c5613c5bfb319baa5f444d219e81a97023bad083f04952549a25b0e7cf386f92c0de5ad31d,0xbb470d6b81e27477ef819043604f1d15291dd9e9ab59c006ecfc306d17067fc4,ok
0x667ec4a76761f7f4cf9e33ff42e42e97baf7fc80,1,0x038c6b4f7b47e1c6ec64e69743e838fc40ec59133eb2e67959195b50da889920cc,0x048c6b4f7b47e1c6ec64e69743e838fc40ec59133eb2e67959195b50da889920ccca7a29135e6256f731066a02dc35cfb6a4c851c0dac243f603fbb96c2bfc6df1,0xfc3c763dd4bfcc720ce203932609e8a312029dfd08ff2618f82502b1d305cbd0,ok
0xf144228cf890b792e0ba9b4fc3b196e14937158b,1,0x033830330f74c64a20edfbac2a381977ae1ebe67fdc5272ba1f99aed5662795107,0x043830330f74c64a20edfbac2a381977ae1ebe67fdc5272ba1f99aed5662795107eeda6bc20c70565edc9cdae3ef5cec0fc42489ce8690319f8b0c9e1f5bc61bb3,0x82c948c41200ff48540c2430207a396b0aa9cf79be116452c8b9560324898f33,ok
0x234c533a7ae1afd33366995b64e9a346dd79c530,1,0x0275fccac258a9361ffdb466cee3fefe65292223275b8b2d6c6aa5e8a5ac995ad6,0x0475fccac258a9361ffdb466cee3fefe65292223275b8b2d6c6aa5e8a5ac995ad6272c651f0da0189a7615bc58f0ff086ccf9794ee5070c1ea236d54cd0e36e800,0x7a318b9d6a7be89c2c5f57ae3b3370bdb23171868f00feba0da2b75bb1e503ba,ok
0x2dcad37d683bda417bd93a739109c211875cd527,1,,,,never-sent
0xa1692038b33f0d59ee2c639e7ffa0b5258ae86b7,1,0x029cebed8bb5fce763b6e0949e22932ff62bc7334c0a189da8b81cfe6ccfd30ecb,0x049cebed8bb5fce763b6e0949e22932ff62bc7334c0a189da8b81cfe6ccfd30ecb17b4aa8b051f52adfd4c11f3b67ef3428193218ea99e6575ffaada83feb83548,0xdd201e05fcab115067fc8338c07f297c5e7798a028c8740b671fdd2cb589854a,ok
0x2eb8b675be847b8afaf71b7e831016070d8c7e92,1,0x02547a283ce564837601397393aedef5827f835b5e161dfd24346d1e9b5a70f16d,0x04547a283ce564837601397393aedef5827f835b5e161dfd24346d1e9b5a70f16df7ab4f077819db23c744b9af048467cd7809cbea6fa206cf3ef97421abc10df2,0x189f68018f5913ab0cd885e68701ee19dd89525370b2f5369c967cfb8cb7619b,ok
0xdce5844a7012718fa598bc927b189baf30fe239f,1,0x029f647070674bd4d8ef55ca81a93fd097a08c3a4416c9875ab5b6ef76023630ed,0x049f647070674bd4d8ef55ca81a93fd097a08c3a4416c9875ab5b6ef76023630ed896c4f01fb20baca0d780b8b1717adf81e48523904ba92b8668262cda72596fc,0xd7fce8606c8dc32acf74f4bdeb9403c81c822eec05487b7fdb62a5e3a9aeefef,ok
0xbd9ee204274b036202914c576047abe5ded78492,1,0x0285ff471cc82cbfa30f519a8b3079b1f04f070ee3ca9654104087630200fd0465,0x0485ff471cc82cbfa30f519a8b3079b1f04f070ee3ca9654104087630200fd0465a5ed483216f5072333442976dea1ab2447aa74dd154d34b7b9cc9f03428b21f4,0x43483ef83b948392e35730d3badaf596f71c2ba200d052f12940430616e7707f,ok
0x2dff0f236dc33137360d9e79616fcb5b6da6c7aa,1,0x0396e655587f15c2c0dc6ea1ef9b4f52400c813d019bf327d33c1d6b9b4d17424c,0x0496e655587f15c2c0dc6ea1ef9b4f52400c813d019bf327d33c1d6b9b4d17424cb328f876aab1a6975653e8e28f7f982f9b905984aad8a474dce1c3065dba7a3f,0x423aaf80c1d1f5dab5134aea6218ad943b12a6db61fe5beced7465eda598cca4,ok
0x45eb65ca5220e1c55694b3d8fe2b1364b2b26314,1,0x03c958d3c772dbd936e2d8fa19ef0d1ecf4751cf4b6152edd95bc092cc07c2f64b,0x04c958d3c772dbd936e2d8fa19ef0d1ecf4751cf4b6152edd95bc092cc07c2f64b5e052b620a04e59dc49da094a2d8a3efda2f603c6ac1d4758957b2502e88c2e5,0x3a7150bf5992391c47551c2ed18adfbcda39788e5106de901b94f298830b3789,ok
0x5ccf2835e74759cbeaaacae36b41dd084ed00e6f,1,0x03a49acd523a57efe66c11afe733d96d801c94b55dd063b806a8a15ccfe24b1d16,0x04a49acd523a57efe66c11afe733d96d801c94b55dd063b806a8a15ccfe24b1d162c567a21cbcc84be685e16951548ea486b5781bd8d16a89f25eb42d5b9f0e7ad,0x8d27fbd4cf098f654b6e9db8ed936b700da5c1328b279fe2544abbfb1127f5db,ok
0xec0f8a757bd6408d9e5543b6df6f5f03f3fe34c6,1,0x032dd77057d218a56e182d1f4aec49de993f165189929e9d1c921d0aaf81a14f91,0x042dd77057d218a56e182d1f4aec49de993f165189929e9d1c921d0aaf81a14f91a449e7d305eb9321c2d0f9d8d2880e84a4eda67c4c337898f0e966436db48c25,0xed8f15562f67078a177f561a91ec7b97428b131a14bbae600956027bebd6aa10,ok
0x0f88aa84c45942ac54c42ff68a78b8e30784b05e,1,0x034884e170bc713c07796ddc2c36c2fbb0a918f510b86521d1fedd82b40148d800,0x044884e170bc713c07796ddc2c36c2fbb0a918f510b86521d1fedd82b40148d80001dd443acded56ad997726c0b3d29d58e6d15c85ff101d40791537c164c29f47,0x984be36c0c13fa9547e892abdcb9bcc09e0989e4d5093c1cf59ea7601377eb1a,ok
0x7b578244ba5ffb702b83f55159a09cb907c6b656,1,0x0237aaf6350ff026b475473b196b09c1f4d23f62338fd81eb66ecdc2a40fb69b3e,0x0437aaf6350ff026b475473b196b09c1f4d23f62338fd81eb66ecdc2a40fb69b3e23263d20230c31678057d1a3eec530e1cbeb329c726cadfbb3d4015104ccf5dc,0x8748aad6f5ae3c94084bdcec8fc72494ea12ee438298c7770f8d01fea0fbeda3,ok
0xded2c8b82de10cbd82ac0a84ed6bd5963dd1e89c,1,0x03bce75a758629cc475226a1a771232a459dbfe63f3d106594ed471887ed9070d1,0x04bce75a758629cc475226a1a771232a459dbfe63f3d106594ed471887ed9070d127e5f80e8aa0836b98d48b55e134fffaa0c49727141921644129f485870270ad,0xe486005f1420db182bd074a691e8b5820250c3df9cb92c9aab8504d1dd8cde21,ok
0xd0e0fd4df40f55446b9799bc26a710cb8903f291,1,0x031814e99a8e3fbd8b627bfaaa7d68961e6a413aa5013ac45f9bb4d0c46743df5a,0x041814e99a8e3fbd8b627bfaaa7d68961e6a413aa5013ac45f9bb4d0c46743df5a357f354993b65b97559caa5506ef00ffbdd0a29dc137980ca282026bb6a44bc5,0x228af4f67153924267f2869fd3cc872abb2f7ddfad32dc0f9bc8b658349355bc,ok
0x3110300644b632f167850db30c0fd75aaf65465b,1,0x02e437969e12d64a941b854431b913770ce374f856886329129daa3d8830a88c15,0x04e437969e12d64a941b854431b913770ce374f856886329129daa3d8830a88c158f1187d3ba098c230c96c0330bac44e6b8844c94f23f7545e6eb2bc97d79b43e,0xb32f03f994615cc6051aec4007fa147a901db657089e2d2f83fc5d5e29017782,ok
0x7e44e00009ab5c9256dcaa099000e1bd940d9f7b,1,0x039899c2c41b89fca9cc96c0604d78d4f6bf088f7d7a7f0fc69ad6a8bc5eda743c,0x049899c2c41b89fca9cc96c0604d78d4f6bf088f7d7a7f0fc69ad6a8bc5eda743c55d522856e82d150595fcf9a505f5db1ef5075de1dc3a4f2f88b12a431cfb337,0xde6b2de4422d0098c54f26e34eba154e0b18f5195db80aac8a1ecdc3fd3f068f,ok
0x687daca4e1e4909daec05936d98acae4641c899f,1,0x02aad8e60f2d813c33df222971ed3b29fdcd2ee56977bb201b62f13d7a98e856e7,0x04aad8e60f2d813c33df222971ed3b29fdcd2ee56977bb201b62f13d7a98e856e7b4d3ff99b56e4cde069733fec91570bdb6179c078bffc80c24fda2f32b6463b6,0x825a4d50d3d2cfee815887f3de719db1f579fd244bff4cf54c531db614571e98,ok
0x9061cac09605f3ef09d1bb622720292c0b710e81,1,0x027a109924ec1148aa3e14c980888d0939307a82641d8afc1f46fadbc0759099cc,0x047a109924ec1148aa3e14c980888d0939307a82641d8afc1f46fadbc0759099cc0ae1b3285a45b109e31474ae565a15cf22c73769de508dd67286e871b24ea65e,0x69ca9ce9681d9d123b60b8c988e27ce3c7e4fcb019ac37ad60fcda53e8ee6a15,ok
0xfcf744ee8b76e7f3a2e2cb510487cf8f0926e819,1,0x0225e69de9dfb7d6b50c94ebb4e59da2db2a727de1963bb8e6226f238c1e039673,0x0425e69de9dfb7d6b50c94ebb4e59da2db2a727de1963bb8e6226f238c1e03967369ee7892e4a7faff9c17c7e2a174515ac18cba833700fd5d096668c2bab7f396,0xb9a59bc455773c15deb9de1aa49ffeeddbdffaff6b738d743e187bf4a090b7ec,ok
0xfed9ff0edfc6dde5872eed4b9d4cee335e99ebac,1,0x02bfb3fccee5a5db83fbb48f94510328bbd65559aa7298fcea50e18837f4d3eace,0x04bfb3fccee5a5db83fbb48f94510328bbd65559aa7298fcea50e18837f4d3eace34c4beb6bdb07d7f70ee91a54bfef1b1511e780be6420210c45862e4e46fdc0a,0x9707e1486a069a590124eac3fa1b1d4c0fff873e076f7e4a63d023dfa58c58f0,ok
0x744b308ec12659c924be896b5b47582a3b2d66ba,1,0x02051fb6474caae2fa138bfd358d1b43cae1fb04beb349258b1559476bf3a18bdb,0x04051fb6474caae2fa138bfd358d1b43cae1fb04beb349258b1559476bf3a18bdb25af43dd13d6d83ade3454ff0333c1d2ae26cfbf8c72a9f48342273eeae5a1aa,0x7449fc0706ef60890eef821e017e34a5f821f67ac183659c1d3143e945901df1,ok
0xc1ba0b430b65cffd5e9e13cac6c9510789d3737b,1,0x038a2e873f75dfcef092d9e6c0d0e5f9427428adb8be6377f2f5f2a001b77476b7,0x048a2e873f75dfcef092d9e6c0d0e5f9427428adb8be6377f2f5f2a001b77476b7e4d41e8fdfd2b4864fd0abfdccd87c4cc388d537f6b581e35cc83fe3d0bf3825,0x8b48cc3d1ec3ab9d410516d04789934a4d4db82ac101625ca5fcf0bf6029838e,ok
0xbd50a53cf7591f8ba6c62b4e12125bdf047d220e,1,0x03455b63cc3debb83a9039ce7d26a661bf5c6bde281f61e725fd28ea1e5a9750fc,0x04455b63cc3debb83a9039ce7d26a661bf5c6bde281f61e725fd28ea1e5a9750fca7f7e95c26e87d086bf95a77f7f005f1472d0f8b74391922e716ab65b24f54e7,0x21cae92f079ccd9b5c0b12a3da602d072631b417bb6dfb3e7a1c30917e97560d,ok
0xb9b15afddbd9093e14d9bdcbbbc1b02ccd9941e8,1,0x03470a17e8619b0e2e3f1d5a6e7cf9c998c2f2d612a4aa8abc35297faf986c2b6d,0x04470a17e8619b0e2e3f1d5a6e7cf9c998c2f2d612a4aa8abc35297faf986c2b6ddcb5d8611659aff6ea809f34c50f770167e3b062004c7d748cb3880abe8c520f,0x085e0e19c01c9614fa035e0e7fdf9d7a04ff0e023a6397b2ede9f6ed19bf234c,ok
0xf8f9649a25d7b7347b1224861dcdc4102afcbc01,1,0x02dd840ea6c1f8658a69e78c57c54ff8b31323b7f2a155b0d64dcae8493d777f22,0x04dd840ea6c1f8658a69e78c57c54ff8b31323b7f2a155b0d64dcae8493d777f22f0a15ab63d1010fbb65b096058e5b337e9d7ec80df04ce44568b99bb8108046a,0xb91b26043ab0d9e6965aca28c994a4b7081b8344de5d17f3f200d720b3c330f0,ok
0x97d852801d8c728bcc4de82640c8811406434eb0,1,0x03a5c80b59ecf68e03beb2127edab489cca3c1e86f30c51fd601c42e5dec59baad,0x04a5c80b59ecf68e03beb2127edab489cca3c1e86f30c51fd601c42e5dec59baadd881a3b40b4dfb02bc7ffe6e80be43b54cfe07e1c53044a285b820950c74e4e1,0xea48596be5ad0b95dc289276aa05208edde387df6f7bd619619574ef3241120e,ok
0x36865b90f2ebf8303fe6bd9a77a10b72ebb172a2,1,0x02d95e74eef98037191931635205c9c9f27d5bd7e327f51384aa1ea729d0af05fc,0x04d95e74eef98037191931635205c9c9f27d5bd7e327f51384aa1ea729d0af05fccbf906c8d6ac427644d29f37cc7e7771a4716370e4e7015156cbb890a390f04a,0xb949f2e6a6e03d76695c620abcbac2a98d2f37e8a46308bc3392ecdf54db298a,ok
0x007d6bd06db64c367cd02e7ab83138260904f220,1,0x02d65b402a3111c101dbff7bdc1821e5f3e301da83442bdceee4ec8b0307d5f208,0x04d65b402a3111c101dbff7bdc1821e5f3e301da83442bdceee4ec8b0307d5f208c0e0db559846db1c79f804e3f0ecc0580ce4771420f5e49509edc4dbb8ff4f00,0xbd6f662afe23b01cc97bc50d26da752942254deb0719d5bd27ba70e565dff1e4,ok
0x578aa7954189e35dfb0d5ed5d6bb8e5bf8498d7a,1,0x02f3496ecb89ffbe5a3550aee1ec654b5f7eff20766ef7b170923e4bfc2f032925,0x04f3496ecb89ffbe5a3550aee1ec654b5f7eff20766ef7b170923e4bfc2f03292516426ee61e58d59934f7671902b93849a89ee938e9d0a23b0532feb60ebf370a,0xcefb52c55324a939456e6bd8569f87e33c5d40ec28ada8ab78b5a3f4d534eace,ok
0x90ac8785f976d1474c59b842657767195a19305e,1,0x03a2006a0b2bfed66f2feb817f34e8e08303eebda13abf045aea90ebc52c278b93,0x04a2006a0b2bfed66f2feb817f34e8e08303eebda13abf045aea90ebc52c278b93cd9ad16da50ae628801ae9c7136a9337f66a3c361f9ced1efb3c23b7e096fb5d,0x293a836447c172b1defcc95f93fdfc5e9357bf305a6074ebfcb91df8c0fb91e8,ok
0x74d71ab6604af7fc56f811283ccdd3a06351f5f0,1,0x03c0a5d400df9a4196eb9eed8168d14c60ccb0d4c077b2013ee444f4af2789f595,0x04c0a5d400df9a4196eb9eed8168d14c60ccb0d4c077b2013ee444f4af2789f59561f8cfbe676b3ad5d7e6a0dfeb7c2e3f04a2b6d49d944928cec679ab4a724c71,0x0523c9dc14a98c8073458c6db6b483f5dbe8ccb255965dedc9154201eb0bce7e,ok
0x8381b83c446f9311d7ee22697509c49a79d23940,1,0x0259a638bf4a8418e80f46acdaae906db4b9f33a074f1a4d22da4c3fede8a1f8f0,0x0459a638bf4a8418e80f46acdaae906db4b9f33a074f1a4d22da4c3fede8a1f8f049d890edb12486b7086ef05465be7fc1a50061bb7fe32963dc0624a66571b250,0x4d8dacbc8e2035566c8f1b081361619fba81c10542d1fcbcab1403efaf03fdd0,ok
0xb36a80fd740c161c88b3bac534588c268670405c,1,0x02088da3c0b82b5ef04d53f7a54bd71f30891125ff52b2d3138cfbaf9f14f6a923,0x04088da3c0b82b5ef04d53f7a54bd71f30891125ff52b2d3138cfbaf9f14f6a92345d617391b6596171cffa6e1782716228cb4126e365ffebec2a5bff38b647f28,0xb4539c33212724a8bbbbf4c4c1199087327bd1480bbc795e861568192a6b2ae2,ok
0x4a6f66b2c7da432d6c3fc26f90aa1250920f578b,1,0x03dd6c6343422e59b55d2c1e1fee44c2d85561ccf3fb17f6e9c62906fd7030da18,0x04dd6c6343422e59b55d2c1e1fee44c2d85561ccf3fb17f6e9c62906fd7030da18ce444d6b9a0d68e8c1742bf2dbf21be41f6a000c5502394c63ecab6f149125c3,0x11dc1e7f7478066d93539dc9a2bc372cf6c04cfad488bf0a7a23fd6c2353413a,ok
0x303dd6278bb88ff0aa1c6d9e54c1ac142ec3d84e,1,0x02c04e6b8ce0683b98a4add7dd6c042fa9b9780834d97c1ef2e4a09c1705deb38a,0x04c04e6b8ce0683b98a4add7dd6c042fa9b9780834d97c1ef2e4a09c1705deb38a58b9e90274238e8ca8e67e26eae93bc0d8f8de086b4385c0f8ada469400c8a86,0xe52feaa646a3b95ffece6d86850b6e0245de21603b2c248b9f46182829bd5687,ok
0x0410d85d5fb8a8b5108399cfe91b884acf21404c,1,0x02c328fb5f93461cec07bf9ded98ae2ba1542512b7f7ad2ea85b32bc67c1743af1,0x04c328fb5f93461cec07bf9ded98ae2ba1542512b7f7ad2ea85b32bc67c1743af1b577a8cc5d2a9d85481ce710171b2acfe84ffc847c85d5bd5ce0f34064d53880,0x6a82c290c4a0d69a0b4fd64f44ff29b4fe89892dbcbcd22a7cfc9a85fa6d3c29,ok
0xf6394436ea2085a0645878f99e6e07392cc5d692,1,0x038dbf36ddbb028d42469ce5ff011a9c6c359ee02e980a484646caeb0a8bfc2f1d,0x048dbf36ddbb028d42469ce5ff011a9c6c359ee02e980a484646caeb0a8bfc2f1d7b348e43d69a8a330ca73ec4d661f769d43cc4655cfd4573ce9d4bddb2ae5507,0xd9f2ac53f35959302d1900a475563896c985191a1dcacf671df1ede2e5ffec48,ok
0x0e32587d82d2509f31b4016cf70678df897a1453,1,0x0289f97ee1a5a3eab5fe620f53214ee95bd6ce904760f8ed66bf67164581900f7d,0x0489f97ee1a5a3eab5fe620f53214ee95bd6ce904760f8ed66bf67164581900f7dbd1d9f7cfd0f86379a8c82aa9bd77501e667769a444ca93e71efd71ae86313fa,0x1fc3ebd9347aa4643772333ff450d2fbce2807eadd3d5f8c6e8ea22196723bc6,ok
0x8f5bfce6fd874edc5b86dde2dbceb37274d338d9,1,0x02a6bae44fc5ccf3b7890c784ab5a48e21f1e11638e9ca61227f4982c5ffdb70a8,0x04a6bae44fc5ccf3b7890c784ab5a48e21f1e11638e9ca61227f4982c5ffdb70a885d40b38d1795d6065e3ae33844790c73f3d236a1a3a9f2c0ed78054b385e8b6,0x9796754477ea841750e2d52f0c6bc7c8c41dd37efbea68abca4c25ab4a10c86d,ok
0x25596712315084eeb74feb7ec667017a8dda8f1c,1,0x03753c98dec826f467c558738ce0bfd90b4653f4f5a65c3864ac0b72d8c6eb1ef9,0x04753c98dec826f467c558738ce0bfd90b4653f4f5a65c3864ac0b72d8c6eb1ef9ef14a09cffe83aebeffc4b5fad0f96251f025f2cd9011ec550011dc8564e4a1f,0xde0a64651a6830a58712d1c926f73a651017800089db7d9ee77e7e5b024c370a,ok
0x25f817b452e7ba924435ec5fe05b731a3a905d81,1,0x0226766a8325d97ea8e3640d661136f674848b0fdcbbdb2df3867803afe76f8ee1,0x0426766a8325d97ea8e3640d661136f674848b0fdcbbdb2df3867803afe76f8ee1ea8ed05c279b6eea05dde51e40fe474b8c3d4f45b944762834bf8620a6eeb0d2,0x7374a35fd859c1dbab2e6bf1f3ee8488664489224f61e39d9108cb816f10cbee,ok
0x6fdf6524692ef7bf426a6b6bcb4a54c86ec75e81,1,0x038e59eb767532d171fd50d5b1096f71ba4744b6ab00aeeb0ee13121773c65ff84,0x048e59eb767532d171fd50d5b1096f71ba4744b6ab00aeeb0ee13121773c65ff84340e5c7b7ce899f9c0197da07fb471872da3eb9f1d7a00fef14daf6a1a43ddad,0xd0cb49042bf64877870a16fe80d7e8a61a080a29c489a53bc91e199c77441c4d,ok
0xb833bd24aada67241dc014a902de188df289ccc8,1,0x027d4cb092a0c6bef669590e9c72a96f2c29f0b6479b69201dcb08e1e2a9689d78,0x047d4cb092a0c6bef669590e9c72a96f2c29f0b6479b69201dcb08e1e2a9689d78b1b313502418a0aa3eaa7f180233e9f0eb7e067568017bd5534931312ec1fd6a,0x0ccd776e3197444e5c4704752a65e27d26f1e4fc8c4d5a4323fb3c52ceeb9c69,ok
0x2e089bfb864d196047f160039508b89826848550,1,0x0216f88f6909e14acec06b782546775c148f92021bb28624eb24b153ce930afe34,0x0416f88f6909e14acec06b782546775c148f92021bb28624eb24b153ce930afe34cd54f59162dd562fed4487dced9fe140439d02c234481ce4bfff754ad4a27bac,0x567c458bb35647a684abf770fa123cdf7c023a7b3e4e7aeb51b1d5565a228e65,ok
0x0c7e156d6d020c7da299d59831c0c9abede473e0,1,0x03e1a4411d5e7b5d56349ec7800534ab4c47bc936ccf36995795805d2d598fcf42,0x04e1a4411d5e7b5d56349ec7800534ab4c47bc936ccf36995795805d2d598fcf420dd3cedbd77aa167ab5829f671441a6fdff33989b6e6154d0bbbe6c8795b36d5,0x55a0301bf6cecafa1b8053b457d7e16dd61e112314e7f8cf77c6921dd8f0936f,ok
0x27a4d7c98c6fd65190e1deed5c588bc43c92459b,1,0x03e8a7b8e8f2b63c7feaef691c50fe575e28e4410891f379626d4baaf9590fc16a,0x04e8a7b8e8f2b63c7feaef691c50fe575e28e4410891f379626d4baaf9590fc16ae9d4c21190f5f7a497cd0eac043a0bb508274dd4c8379d143dcaf59e8e2642b3,0xbe8caa2ae251d612b2fd3ed2d400d5e8426b6385396d9556a9b7eb8a40fd2069,ok
0xb1f9ff2c9a2fe6ccadc73e322978e6410fdef4b8,1,,,,never-sent
0x84d5615f63a7e2a4e29fd76aeca916f0d6c9448c,1,0x02952095a25e12b51f8956d4670d8b51f29e5491d041d1f2117932fd43713f5159,0x04952095a25e12b51f8956d4670d8b51f29e5491d041d1f2117932fd43713f51593b87e2761e6b5ef4538cef06955249898cecdfd02e6a967732a1d63be72553cc,0x809a1b5fc8b2472e3d6163b2f1b44e95999471627c0b4f93aa27843923068887,ok
0x5dda84c0b8185a227f6f8b64a15ce7a7613ba72f,1,0x03eec942d97b8ce5cf1fb64dbe0ac9ea8605d02367eec146e178addf322bcee740,0x04eec942d97b8ce5cf1fb64dbe0ac9ea8605d02367eec146e178addf322bcee740b8e9d4d5646979c556f3fa644315ed6144ee134695e2846f81b77ef4ec47e6bf,0xe894ed8d92a954dab095741d9a93fec14c57c0a302ef8373c3a2a98df254e9d2,ok
0x7c665b46c6ffa21d1d33e79e94da8f6a81ad3b83,1,0x03e40a18a08d9e476b254e8e15813ac61abe7c88c12bda86b318ab119c3956144f,0x04e40a18a08d9e476b254e8e15813ac61abe7c88c12bda86b318ab119c3956144f78a93b539e1d271312363d7cfa32820bc1b300e2e5d9a5a2db55fee72a663d9f,0x0e4e1ec6e98044611e27a007b0483fdcb1b80d97636d177c1b4d743a94879e29,ok
0xbf4384e296cdb78d9e48083e974a801e0fd95f3f,1,0x03cbd638d8a358b7db3fcf539c156836d992cadb860e0bc28a6b9d41f50a0ca7db,0x04cbd638d8a358b7db3fcf539c156836d992cadb860e0bc28a6b9d41f50a0ca7db3806818eba08a4e32c4bd4cc02deef56dd8c68ec940eed21089dc12a49876fef,0x137a1bb6bb63b184e6f38d69cafeef2780b6a5da755a52961446927350329a01,ok
0xf59ed69f4db64d9a51ffac04bc608e9c567ff887,1,0x03b81ca4243d3054b7986caff211bfd6abff6884af3694976901aad42ab7ad3ad7,0x04b81ca4243d3054b7986caff211bfd6abff6884af3694976901aad42ab7ad3ad799560ed64cc7feeefd44f26202d4ccc1dc9116b82aac872ad2fb0488c380cc0b,0x2631b5916396e0cf0fd81cbedc7d8840ee19d21e246f56052646a09de9c0a987,ok
0xcff28fa2b443d44dc5dd5ae6b4d2b28fde2fec68,1,0x022c655250ab482a2604fc575c4dda3f7b0218e5f59c015fa048eedf96523b2321,0x042c655250ab482a2604fc575c4dda3f7b0218e5f59c015fa048eedf96523b232105c08a6b329d0dbdc57d5e80dd3aaf8463dfd33c6be475f38a5cb3e11efb6bc4,0x6e49cf14e1878b4e2c53febcd13890f3565f7625674e46139b0617f8fef9e93e,ok
0xf3781dccc14763d6c82d0944ee0f0503903823f6,1,0x03a6e38606daa83f5136d6bcbf5dbce7a48acf7bb82033c0decc7502ce489f1834,0x04a6e38606daa83f5136d6bcbf5dbce7a48acf7bb82033c0decc7502ce489f18345849d61ed23cde4752338cfc073dc09c0e80504c6d97a32b66084ccbf2f9d7db,0x5b341200ef32aa342e405be03228f1f905ef3ad7fc3209d8f3d44df1c41a8480,ok
0x6a9b4bd87aa49574e107556fdeb9c7eb1c5f03f5,1,0x034cd7554a775a838ebb06c62d2b6f0fe961232ff9e5467ab36e6d70983ca50f28,0x044cd7554a775a838ebb06c62d2b6f0fe961232ff9e5467ab36e6d70983ca50f28716450680e96948521df4265cd2e8629a155e9e6b9ebac809b9c18aed38bb7d5,0xb6ad6f38351f09d97e51e0b349389c25d565bee961bdd33edba07c24c823f676,ok
0xd55d4ce19a682a6e6d30e24583f3dd230bc1763b,1,,,,contract
0x3fc98bb4d0642622da044b6cc175e3ee100c0963,1,0x02017da90cfab3e2b6b5f5fab771f9f7fcd61ce01389538c2862725d440eac7ee4,0x04017da90cfab3e2b6b5f5fab771f9f7fcd61ce01389538c2862725d440eac7ee45e49ea3bcf411b7007f13e93a33eecbfbab5493ad637aa28b2d9d00583e5de84,0x8b5d7ecd89afd837115945ef929c25f8c020d89f66049be77a67cadee31f42cf,ok
0x44cf9689823f5d82ff49bd6d6dd9a7bc7b910da0,1,0x03b0fd5d620f006c77446cea3da97997063c0ea52a2207b496636ed13a58dde6ba,0x04b0fd5d620f006c77446cea3da97997063c0ea52a2207b496636ed13a58dde6ba24721d8a781afca6cbaea6b85ad906453027969e5734dd9fd8464ed81a5f7c27,0xa373a739290ce014c0ae3fb9ee5f24e176ede6ed66e0555eef92d8460157325b,ok
0x12ddb6b13f472dbaf1f3d874bb411279186cf344,1,0x0218e5d3647b31086e65810776f74cae3f8fb58fe712eaa62cf7515fceb4f7c766,0x0418e5d3647b31086e65810776f74cae3f8fb58fe712eaa62cf7515fceb4f7c7668f2ceb447def960822208c55b31567cb36259faf60d8eb4c0835151e77dba9fa,0xd14616f8826bf6ba606934dad67a228effe0cb6e7a8964f2582ef28e5e4ecf66,ok
0xfefb5b290f74dfa5fc4b43515d029281614d1680,1,0x02747bd263989044ad6d3cab6fd49749c4ec18145e920af1505233742a20ae5c6c,0x04747bd263989044ad6d3cab6fd49749c4ec18145e920af1505233742a20ae5c6c16823de8f04b80a06945ada022f1ed899558366fbae7b4bd2b0a361f28f0bda4,0x8279c6e3be2cced50102d80f9145052ff74e92745b3576a74a398ad6ad55e63b,ok
0xd534f02c86808fe93cfe793a382db2573d16eef8,1,0x02ea0478044c614794274266a3ef5133629b14ec70f77d5f5f16e52af61556c5b0,0x04ea0478044c614794274266a3ef5133629b14ec70f77d5f5f16e52af61556c5b016cb9f32aeb47260b05244a2a561e92de2978bb3b199e16c45f8079774446c06,0xaa4acf6266f9fb0e72814b099c134585710202d874001ca8be2bf93361339c79,ok
0xf0050336d1b33fc14738f4108152c78fd7457889,1,0x0337fdade94b388296c0c0b6b68048b7a9c5b2dfb706cc70341e48bdbfca30ca8d,0x0437fdade94b388296c0c0b6b68048b7a9c5b2dfb706cc70341e48bdbfca30ca8d3dbcbbdb8444cdcf67b52c8cfb2fb4092ac4b90753616946074809e2c20825b3,0xb2abf75395bd675fba02f053a6a94e1c02a2559c19c249766e575e3fee84cf05,ok
0x47886f5343ebbc0678050383ce1caaa40861cce9,1,0x03753ce6f09666714b95f3d0607a459afdbcdcfc8846928018df478daa924c6983,0x04753ce6f09666714b95f3d0607a459afdbcdcfc8846928018df478daa924c69835a1341607990f472ab77e26b57f057a874863e0cdfa132833e660c2b95c37cfb,0x400742b249da5d6e33248aa393dad2e6a956577c9453978bf7c4fa7eb6e8be68,ok
0x95804bb715a4f901b42b906608f2b9c2e6b6f768,1,0x0341e0ef3ddaf8627c555887e1edd3ca931d7148ff1999259ea94ecf6f08111be6,0x0441e0ef3ddaf8627c555887e1edd3ca931d7148ff1999259ea94ecf6f08111be6ca1af9984469dfb18458714d342a2afb63c66b3d3887979bdb4906e88b600c39,0x96c370d4adfed113a5719b3b589447e532554e07b0d3b44705b1326d52c64e45,ok
0x461d42b8803927fe7bc04eb7ffa8ddf5a66e32d6,1,0x03e6617bd296cb62932b27fb5b76580952648e9889de0a822eb8e360f42d22fbad,0x04e6617bd296cb62932b27fb5b76580952648e9889de0a822eb8e360f42d22fbad944a02de5da3ef41cae4d430142a9f14e1e5e3e1490996a9326298301b61b82d,0xfe32d311765d2c6a28baf61de1943ed8d75cd1bb7be3406294f5fdc500e6fb6f,ok
0xfc9af641fbeaf1ffc7144938f22cb03c43cb70ed,1,0x02f8f2d90f5ef88b5e4889fdf55c43ec6b3d1fa89fd96c857adad6516dd85d706d,0x04f8f2d90f5ef88b5e4889fdf55c43ec6b3d1fa89fd96c857adad6516dd85d706da22947fd01541dfdb22f4ff41045f746ec1b146b867cff063bf108d07affd6ac,0xe8e9927ff98ef05c7f3e4f4348bc39b8a91aaa1dabb8533f19f892ed12b30b1b,ok
0xe0792b03970f7fd6f79a38f9c51d82c91f70ea64,1,0x038aed61877b8f37ea5482d875d94cdfd82c29efd8e2a8facd25c71ad04cb2b108,0x048aed61877b8f37ea5482d875d94cdfd82c29efd8e2a8facd25c71ad04cb2b108098cf8ffa9ef10b79a1ffefe17303690d4c554ff671b917d22f6d6fde4169c57,0xaf85a3fc8d9c5dd46d79257ade8d0ef39be947c7516f3809eb0c549aee2e8d0f,ok
0x13522132adc1fc8ba45a95b7d2be36c03f239af4,1,0x03f166c5ba7af9c3c77da004256d65e5f7bece081424e4b67d79d0dcba18093822,0x04f166c5ba7af9c3c77da004256d65e5f7bece081424e4b67d79d0dcba1809382244c31ea537fc53bcaf2939613e81492d1c9c03d599f4fe5fe3d9bacd7bfe4a4d,0x9f9e4aae3cf1cd898ec414c94296b17164bb9356fd607808e12a4583067c270f,ok
0xd587fd90c59af7090a771e5015a6d6e318ba72a2,1,0x02d54501abbafe9754484e6661b7e078f8c408fa324fc1cd51a2edce10d34ffb75,0x04d54501abbafe9754484e6661b7e078f8c408fa324fc1cd51a2edce10d34ffb75333923d6bfd6493bf253a357ddfb327f678fdd63eea0b3175835bb359511644e,0xbca9337952071bcfc6beb120e4aeacf8062656a320590d6c4bf9ce26da83be22,ok
0x15542ed0b322e3d706490d191d41d4c6810567a6,1,0x03da238fd5e781e785a247afc5bf859410179af5678f676d30feb95b4246ffa202,0x04da238fd5e781e785a247afc5bf859410179af5678f676d30feb95b4246ffa202457318e9b45d095ba81f76cf0fb26c829b88b765cb9a34fcad604b48f35079db,0x2d3a596676ec7f5c3cf6f91703a8fcd9db1ed4d5a2289d67f7235177aebbf738,ok
0x2aaefb3abcba0bf9b1a906aac69819ee9dec670b,1,0x0223379f36cb6519330b6614d4cf8bbca4f7ec97f7e77ef875b605123852839d72,0x0423379f36cb6519330b6614d4cf8bbca4f7ec97f7e77ef875b605123852839d72b09007283fd167a75b64b282c3b469525b6fa873521b6a5cbb2b51758d7473d0,0x06fe9f450cf6514628e20296d1b07fe9de762cea87c5cac6ce246c44f0d1585d,ok
0x373c0c950a31b460ed2b0bb6944fe19e5b84568b,1,0x02534be533b9101f7b976639379bd58039b0cc2be9f24b47a6e754a47de425d320,0x04534be533b9101f7b976639379bd58039b0cc2be9f24b47a6e754a47de425d3200503d27bb0573690b8853e09dacf6cf3dd89d216006e1204941a40479c84b02c,0x25bdd22ff1c4128d99ec4b3a7b132ff5f2a1060b81ffd0bb0b3110030da900f3,ok
0xe802d484b3bdfaaa2e5f3b8e032893d1c77810f2,1,0x03557c4bfc94c6315530719bad2022e9765e89506d18d10b80cd8557dec1189dd2,0x04557c4bfc94c6315530719bad2022e9765e89506d18d10b80cd8557dec1189dd20b0adc6936c090af6857ff90733c0172cb291acc17d2c14d54e7b1646e17f8ed,0xbe731b9affbec2791945a756fcc191d6e49655ecb4c96368337e606e96c55415,ok
0xc6310184ac79c902846910285185340877970425,1,0x027927b326ff41c610e1c0375625c4c10c89ac5aac9d4f1f572b685f76dca9b760,0x047927b326ff41c610e1c0375625c4c10c89ac5aac9d4f1f572b685f76dca9b760e4ce6f06fab2e842eb153aa10f536546350a7b3b34d5c6f9dbd1654c8133fa4c,0x5be535a3ec621b53e3dc1061728b7962d6e4e0b578d97434de1479e49de62d00,ok
0xdf440c14103af0e3f4293bfdd8b21754e02d1bad,1,0x028befb3f31b8e64eefd65ff2b9d21b405e461b0ef3dda88c53feb53cb3aee0d29,0x048befb3f31b8e64eefd65ff2b9d21b405e461b0ef3dda88c53feb53cb3aee0d298eac75067e3cdefc8a148b7e9196167d5bbdc639685190510b2bebae6dd3a8e6,0x7ab4ee85bb691e3b11bf96b76ea7951414d21fd76965b4bd973ec0ae54d0711f,ok
0xb9c7acb3e169d0fbe71c138409529e1df29b2f8f,1,0x0257459516fe269e217090d4b72cd4aa629184e37c22153dcc7ddbc881552a823d,0x0457459516fe269e217090d4b72cd4aa629184e37c22153dcc7ddbc881552a823de150421a531767035ce89ce0902c18d9205a35886b7888673e43370b8b2a56b2,0xdcacf893dd7f6d2dddbe6b6d3531ad59e6a615060898dcebead11abc2b71cbf1,ok
0x69718af41d7bdc55a9cfc2a8e5969270c93f0914,1,0x03169cf000b006d8065c844ca56b63d4184177552e785543c05406c274a3fbacba,0x04169cf000b006d8065c844ca56b63d4184177552e785543c05406c274a3fbacba15e69b178cc717b57f544b06f194ffc13c9ba0290e557419380d33a2193c2ef7,0x4f227da8fc92dd38750c724b684c8ae7fe392230f8363e5db766636fbcdfab80,ok
0x1d8a9e8d00f6b7f65dac2078475119bc02da0682,1,0x02f20ec4b99bfdaae03e905242039b86041fd9e2a933e543f5c0c9ab59d2392013,0x04f20ec4b99bfdaae03e905242039b86041fd9e2a933e543f5c0c9ab59d2392013864fa021cd32031b5fcbf7b2aba69e2dc203416634767f76680e1d115505fbd2,0x9039465dc8d6d8e904c2b33783682ff59b92d2cc10754b9f0e29f070a16a60c9,ok
0x078233d5a138cd05653813561fc27b2f1f32ba8a,1,0x03999de1772dc5e2e6a5ac792f0582fdaa7c8e005d1511d499696050994e84f0cf,0x04999de1772dc5e2e6a5ac792f0582fdaa7c8e005d1511d499696050994e84f0cfcc1a51bf93f990970d9a1a8364835db530c7036cc695c9c36e44df1cfca9ce1d,0xabf0cf031e15a7c164b907a3487ac98f2ebc4e61092b849c5c474e1841916cde,ok
0x2c72b56d8c0a205fbd9127ead1811b56aafb2540,1,0x02f6db523a2ebae939c711208ab19aa77384bd29ed97d7e3c5ba4c58cce856056a,0x04f6db523a2ebae939c711208ab19aa77384bd29ed97d7e3c5ba4c58cce856056a32dc59a418749c29af034c970e6a506872f51d0bf13ca2fe43018b76b9de0fda,0x3b14ccf68211cc3cfa2d71ffe5311618c8b5d7ad30bd955510e2082345cc8a16,ok
0x0b1378c1571277deff68c9cb48c323c8af4944e3,1,0x03714fc6f67a76a681e652613e3394fd8e64389c94750db1bdf2eaccbf9aa0c06d,0x04714fc6f67a76a681e652613e3394fd8e64389c94750db1bdf2eaccbf9aa0c06d7ccb09e326ccc7da92d191751f9fd3687fb027ce3a789953d096fa8dd376c0af,0x2b6dcf712f44b268df1f93bc2501b146112d20dca8fba8d3ccfe7c25606b0587,ok
0x9b511061f59f594e6a21afd2cd2ab0a5f130b261,1,0x03dc8273cad4ef6a86b64956106a40d0e330f7169903c5230c37ca72915b3b2501,0x04dc8273cad4ef6a86b64956106a40d0e330f7169903c5230c37ca72915b3b25011790ee72c2cc8589221b398ded657496cfebf7b5b3ee188ecd1a776d50c23995,0x0f34eb3cbcb40eb9f2ad4a5ab172643697e4c28a04ede773e2e01f695c50e0c5,ok
0x3de57f2679e9f3517ba1bd1bf8fb03b9abf765f1,1,0x0382048ba1e4efdd868e03003676cffd0006aae080d9dca5a67a2de5d06b846c48,0x0482048ba1e4efdd868e03003676cffd0006aae080d9dca5a67a2de5d06b846c487244b2e7600b65b8925e12d41c06f345cbe6ac96047d85928d7bc3f3d0ddf7b7,0x85377b1ef33a390ca8fa2b97d7ea7827d00bfd80ae3afa9bdcfec7b7af26e770,ok
0xfc96b1d5078cda2b81c2df2efacc6946f2b169ee,1,0x0225000e97e91c81d0a8ef5525affaa7c38b929e2808db1baccfc2a35feedfee20,0x0425000e97e91c81d0a8ef5525affaa7c38b929e2808db1baccfc2a35feedfee20fc3f9179754d19d49de1cadc9e9bfdcedcafe083ec3c3e3d1e3f7b4905815e96,0x3ee36207b7a1739f19ca12a9f9cf77321471867fba0153f82f3abc1e37e58398,ok
0x7e7d90a2af2fb84b7bb5eeeafbac947b215d5ad4,1,0x02883bde6b3a0f29620a6f8739d8117593d7931f1ab317626a1e299221963c0930,0x04883bde6b3a0f29620a6f8739d8117593d7931f1ab317626a1e299221963c09308ddd3bad962f70c64f2bb8b58939d47bde66034bb389f881f4c132f25c04433e,0x27c1e2c87fa1f2e927046bfd74992c5146b6dd1cfd8f6bf0fc7e36cb2b8e093b,ok
0xb9d347aec9ce7b62c7e5fd6605af90bac0192528,1,0x02e5f4ebfe43d8af7c750365c7d8919ba9dd522ee65ecc90a8319538fee43d758e,0x04e5f4ebfe43d8af7c750365c7d8919ba9dd522ee65ecc90a8319538fee43d758e8e0208ef6ae3f46f4eed886c2eb6ad185013da7e4543202d7f50f24eb4332254,0xf2c50065e055f5f758c842e2b8eaaffca08c48a9c10cd53ef56853e7b3cded88,ok
0x96ef791ddf36416935c1099d0e4cb6a3609ced61,1,0x024cd60b7d8c2de5f0fc0763be198f12201ccac3f4f769cd6ccae0e60c4ec243b9,0x044cd60b7d8c2de5f0fc0763be198f12201ccac3f4f769cd6ccae0e60c4ec243b94ae757a8a5cc73cd62e7590d72cee7df8180504c127bc88ab42311f7949ac212,0xec3bd0ad34722f002569038982c2d9cc59f58f5337d9fca06761e2869e307d5c,ok
0x4fbd24354bdaf18228f19b5dd5728e9554a0f681,1,0x02348061a808f0a8cb0f6cfaf031e6cef97061434b71a07ab4f24c64f826939ea4,0x04348061a808f0a8cb0f6cfaf031e6cef97061434b71a07ab4f24c64f826939ea45d7ed199d03896607f260c1ce1a32b9adc1e2c3faf43b030fbcd1ba3c802c018,0xd08b578a90bbec9da937aafdd9118c663b5bd6db9b1cc9aeff8ca44d3435d74b,ok
0x7522039bf005a38d19c9b574d8ed3e7d6433e7df,1,0x03d0fe7287da19a51e72a02603903aa31edef52f194a1d9f8c838cb84d26bb80a2,0x04d0fe7287da19a51e72a02603903aa31edef52f194a1d9f8c838cb84d26bb80a2b9b1325a623e3dc3c3cf0e5e6ef1ca08121d83205e755b79c4c227a0b9afe80d,0x868b8e3d32297bb38c8033a45e58f22da92c6b5180de17f2563c85587e347f38,ok
0x25f769fd43099de9643d83038821f82db195a844,1,0x024243c676e7311c89e27c60de22e07816373ae39ed7cdf71996a6f1035c347c22,0x044243c676e7311c89e27c60de22e07816373ae39ed7cdf71996a6f1035c347c22e16454a723ba48a78f1c3cb4a2bee5d78a57a3736521a554e818fff9d0473816,0x5805778b76021c7c8ba9208009445db0df2de5186d10de1e6b00d79964973013,ok
0x8e58adac124fdb6e8c4a10842e8808d0feae7413,1,0x03784ffcc6549c50b442f8a9c18d74a4a2f728d919e9cc9d773a098e1687ea802a,0x04784ffcc6549c50b442f8a9c18d74a4a2f728d919e9cc9d773a098e1687ea802ab3cbff4032dca747c8a346fbb5a39a3bd3d432fd26639b0a2da2620751b9e8a7,0x959d4c795be6d6b8e8a8e2ac1a067ea262aa2db1805ed84e7351782f5b0745ac,ok
0x642afa4ec8d84487faebad4d6964965fab1aa1a6,1,0x026cfcdd8d3695e52e1e7c4815c25a546fa4a5b72e45f3ce0f29b65032d207f1ac,0x046cfcdd8d3695e52e1e7c4815c25a546fa4a5b72e45f3ce0f29b65032d207f1aca2dfb95be2346f574ecb6656daf103a21d96d16150ab04f08ae3e01d39900f3c,0x501341faeef2c7680b5dd98ac7917a80429b3803243cea87d18127d1309f0a55,ok
0x720df068ca59f885da677986e7b996841ff7b38a,1,0x02e59b44edc4b1a7ebf8b1a7d4dd9236e12d791475e956746ba07806c4e5d5adb2,0x04e59b44edc4b1a7ebf8b1a7d4dd9236e12d791475e956746ba07806c4e5d5adb223655598cb95aba099f8120d6d99c8f22049b4b57291e2d600a2e2cae8f441bc,0x479464ce64c461ba78d1bedc63d2b69dc1b1473fdfcdb5487713ec927e6f135e,ok
0x1e02acffb6f8a608883bfd900a7bb7335756534c,1,0x035ea7e749da97d78820ffd2447c2bc6a0bc1f108f55d182090048885c69036c8f,0x045ea7e749da97d78820ffd2447c2bc6a0bc1f108f55d182090048885c69036c8f03ee69945fdea96d3d8d3335af2f52eff27402bc3744b034c175c92eba9d6921,0x0d5dd190177e86bf91e3d52b1f706498b041d62e0183836d814dd74a45b5b4a8,ok
0x47b2b4dba3618852b6570c2d467b7a56a035a589,1,0x022516630c5e9d211320f817bf50e7a6b46870c34246d8589bbc8ec64b6f582d4d,0x042516630c5e9d211320f817bf50e7a6b46870c34246d8589bbc8ec64b6f582d4dbd399e9f24f4f63b1aadf1be9352e80cf0c956fb9431f6402989899d0c9eb640,0xa10a16c983889c5dc56f6bbf1c65ca058321ddec05ddf5c72e47bca273c9ab31,ok
0x4eefffde551cf43c64e058e484407c242931a715,1,0x037b0592022248064c6329b2b50bb3634a43fc7780350f3970a5a435a271141b05,0x047b0592022248064c6329b2b50bb3634a43fc7780350f3970a5a435a271141b05438b7663b8a6ab8d4ab9d782b3c5cc1bd3059ead3495ad244950b48da22ba05f,0x854c13543225af97d404b03a05132d0673937413ee6e05402f8cc013764de658,ok
0xe024a7252d14d2a911c58624c01f62b764f12cf6,1,0x03ed34efc4293d3e2ef2e47d0539c748ccfa7fbebf78714552493b0904dea14678,0x04ed34efc4293d3e2ef2e47d0539c748ccfa7fbebf78714552493b0904dea1467855fdc9a38db22a589e9f5e3c44336fb1e968a817ff62b970b5160a1921dd6eb3,0xddef993ac241166fe7752e12a7da45779a41ff761b6068b1900e851f4c6e17a1,ok
0xebe86d665bf7311680fd4613706a2837e6cab8e8,1,0x02f7661874270feab30abab55cdc0e2686c9323be777723d1768affa903eed16ff,0x04f7661874270feab30abab55cdc0e2686c9323be777723d1768affa903eed16ff7651f9bab5344fa9465cce05110e13c1737eada1261177acda0cab66d2f99226,0x656f134b16816752925ca3cb9354bd0bef08a579f259b70f103b06395a174281,ok
0xc9af7bcb4966ea6d28665ce12d34f892f05f0e59,1,0x02ac50fa7b3ef7f641cca22092bd31024434739644cdf36cc3674974614d7ba209,0x04ac50fa7b3ef7f641cca22092bd31024434739644cdf36cc3674974614d7ba209beb64849c5f5facce3f24319b2f3c5d4b6e78a4a46d18ad9d3ec648b06405e64,0x7eada4a1ec36b0fdbc78eccce93485da1d23634dc73bba507a18cdc6a20c1568,ok
0x89135f8ffa1e107799caef5328c6d3ae6e7d849c,1,0x0207d283beb4406a4ea5283e01de01b964e57fd3b39995020a8f1e0b1fbc7a59b5,0x0407d283beb4406a4ea5283e01de01b964e57fd3b39995020a8f1e0b1fbc7a59b56c0e3208e845fad04db0dc95df6c13a3e8a5601e980e49cbc17ccb1dd045bd18,0x74011bfc07b2051f8b3dc1491065baf22a672f233bd3c52d595bd41b427c9114,ok
0x1ada64bd35545dac88503cc073012cdd9e149573,1,,,,contract
0x7ab348c8f488a95fb26531648295edba50a5e6f8,1,0x0387b901f6c0b91801b24a3ebee5165470a8c702e9e3bac9c7c6f51292a6b3006a,0x0487b901f6c0b91801b24a3ebee5165470a8c702e9e3bac9c7c6f51292a6b3006a9e02cce7d9f8dc2acc29d02a34b492bd643083e30f43be29eb612c0b4b820387,0x318ac4e6f73e9c4feb56d0a86d54b7df1f001e90e9127657ff70bceada63a923,ok
0x75a1644abde9c136e4e459d8cc3ec06b6905be3e,1,0x03713855d11a7a10cae61b7ddb92ed1a052cc202d68e260128aca430e789763df8,0x04713855d11a7a10cae61b7ddb92ed1a052cc202d68e260128aca430e789763df861d0d3e1514cd51c6e13a883e0b96c54b6b993a87435fe1daeceaad4174d7fdf,0xb7a1eefa384f847d6e94396af2a27f124c91288a37070459fc359c2a377bc093,ok
0x6e6ae2610f23e3a59fe27b191a8857ff90838133,1,0x0340e193baf676b450dda5010649009f2161ce490612f294d9d8da06d33d78d0db,0x0440e193baf676b450dda5010649009f2161ce490612f294d9d8da06d33d78d0dbfffbb1b06ff6ca53bb4ef1e006d9f7adc474d7760247a81737dbb025a79c0553,0xa698a5fcb0d1c5942a6b24fe7365f8385cf58cc8b5efe689f2cbb82fd3bfee3a,ok
0x41211f81da815c93ea5ce1d3ee563ceb7f4d2c43,1,0x022cbf18f885264f1a445eaec4de9017fe229d0da2559c10d1029e2d00eba93fd5,0x042cbf18f885264f1a445eaec4de9017fe229d0da2559c10d1029e2d00eba93fd5d8925f946708696d5133c45178a77aab61126d7e10b88cf9cec9959ff3da8a86,0xe376660aa78d861f8370529ab093f58a87676c89aad9a201fac77376095fe5fb,ok
0x0f5c13a5ec41fe75975a5b1e76d32af6af62c361,1,0x02204f984e3df338ac7f30e063be0ae447fbcee07ebfe77a00c294e672cd0530cc,0x04204f984e3df338ac7f30e063be0ae447fbcee07ebfe77a00c294e672cd0530cc1a0c81fbb5fd8be656affd20b75c5d6914f15d0e5e8cbdfb44f85b95d3e49be2,0xaec9b009bca5d638e7fdfa1bfdbaeb1e9b408bba14f0ce000924c3aab85a4fc5,ok
0x2f6cc67dfec133d145cd2f295a2ae5f3b359e14c,1,,,,never-sent
0x3efd0a574df41cf0d3582fafbca84a909b8e8e2b,1,0x02a73fb0f38afc60eb82acf636179b2d9fccc9d48e025a4b1a532723d10417f171,0x04a73fb0f38afc60eb82acf636179b2d9fccc9d48e025a4b1a532723d10417f171c33e6042b0105d740888d65602c95dc693069643da11651a42c62c24bcef762a,0x0ec69abfa85c6629fc4b22c775ccdfc8b998451655254c61dcf808f7c9fa67fc,ok
0xf3c2b92755336ec3d1b8ef006519a7bab23d6b29,1,0x039e2fd5f5a8836bb0edff2e32feb15fc9f0ce33a865c91c79d8a0ecb6c214afe3,0x049e2fd5f5a8836bb0edff2e32feb15fc9f0ce33a865c91c79d8a0ecb6c214afe3b0ecbb9bb44df66309514e2a68e307cae4484823ecfbfdc434ec889661b7f9f3,0x9d3634aed4b90fadee434cdad4d43b5abef870ee300afd9457402b79644f78b4,ok
0xa7faf09d160d777c98beef579087266f6da167c9,1,0x020474fffd59f194e94f6a0daa59891c0f2c7985d521b83adb1dec715bb95294f8,0x040474fffd59f194e94f6a0daa59891c0f2c7985d521b83adb1dec715bb95294f8062a7f6e675a253b38f7505f2d02050ea7f5ad5b2623d409be183b30387c4154,0xb3229f146c229cf28c4c72105b2195069ad3dc6493400d669da14a0844616712,ok
0xfb8ef9ddcbce6c25e01ab67f901813cc63bae64f,1,0x03bd8fc7b19e9ea34e8c379bc102e422ca3efbf05f154b70e0e6e9bf5c8052b9db,0x04bd8fc7b19e9ea34e8c379bc102e422ca3efbf05f154b70e0e6e9bf5c8052b9db621db32b603bbb299fcd5c9ca392dcc00eedf5a66783777dfc8f6e9842800ed3,0xa288ce75e93581b408a2d38708ff488c0054258b880b7cbbac58e1ca9215803b,ok
0x0a4b4ca6fd926d82b2be41e1c8017e811d7b029c,1,0x038dc56489898b2247cbab03bbb57d34c0b70b22b18f3c178b4cb05336bd760ada,0x048dc56489898b2247cbab03bbb57d34c0b70b22b18f3c178b4cb05336bd760ada492f6ce8b7ad81ef9a688240e5e30671e96a3b718836552779b0821455ccb887,0xa1522ced313323ea18b182185e291638ca5d4d480e12d095edcead428aca7c05,ok
0x68962fe753be22fd98579d63fed69862120ad474,1,,,,never-sent
0x998aa4ad02a919a853bd2762e9152a92d2c75ab3,1,0x03878e464e11aed389eb05eb51ed7e1e18a41afb436097492ca3658f0451993edf,0x04878e464e11aed389eb05eb51ed7e1e18a41afb436097492ca3658f0451993edf91527937eb6fe365ab99efe46c65d860e7f658e88d6126befb24b946eafa8e6b,0x67f2942f9f4d6eb0e7529eb5bf856571d2e06b5226c64ecc5eb0b51c8c8b8607,ok
0xfd61350f8d9041a136fd38eb427d75fc050876e8,1,0x034d991df958ea5ffd80184e9fcedf7bfacc78b5765e5f598f71eb62cfdf383102,0x044d991df958ea5ffd80184e9fcedf7bfacc78b5765e5f598f71eb62cfdf383102624fcd654c19fd5e0fa0846cd9e3dc41e8cc43e07d0f8ac0de1b3d055245ed0d,0x11cab98bec7026709ea2bf53e30e29e5efafa110870a2a30d2d8a0e2ec61f958,ok
0xa77915f0810a5884ac4ac83f75a2eca6cb925984,1,0x0275133bef14b4f6ae8f210e92984f5e9a5757da472a3281425961c83d0790ae93,0x0475133bef14b4f6ae8f210e92984f5e9a5757da472a3281425961c83d0790ae93e903b32a1d41d0cde74f221aaa4f340d6ec9b062902bda3330302ca8fc3040ba,0x95456dd814b811ede0100792a8de40ff2f3c9f3060e07603888f4140856028a8,ok
0x96a3092fb085a3a2b15c00968506b9feadd60056,1,0x0202ecc51afc96a555bbd58530444289888f55b9076567cb14afa19dbd03e5adbf,0x0402ecc51afc96a555bbd58530444289888f55b9076567cb14afa19dbd03e5adbfb889e55abc245b729ff1c0b515256503d094b1666a82f67d1a378437b5a111f0,0xc433f1ea86a111409569b6bde1b9b8eb43ba4e673b33eb3a04a53d1e3a863db1,ok
0xe0746c5c3a3e96ae53496afdaaac9d0c87df9621,1,0x0222545fef27e36cc73517a96b9cbc2ec226f22a584f3aa28e70b2725b005724ca,0x0422545fef27e36cc73517a96b9cbc2ec226f22a584f3aa28e70b2725b005724cacff5d717eb8477fef2d5d88854944ef741bce9aa8539a1553797a151c5967e18,0x92ac97e5572ae37f984ec9b5273ae03b5e33d6343703c3858d243b8f41efb899,ok
0x2edfb1a49e62e2ac30d63405158b9c7ae799633e,1,0x0224d35661a5084e74dc9221faec2f794f67b48f49cbca3f3b18b1416fbc6d0cb7,0x0424d35661a5084e74dc9221faec2f794f67b48f49cbca3f3b18b1416fbc6d0cb751ea3bc2c19ecbf2d289f44f9723056ec9e5d09d567cd97edfe81685ae0f0242,0xbe247ca8431bc8e81db6ba34cbe6d436786f6d96cdaa101e787e92e7e15f0635,ok
0xb85b13856c2ed202e07f7c4254101e4acf975b39,1,0x03c5996b3b839b458d247e151477e86f295ffaadebfd3883b833677427c2f35b40,0x04c5996b3b839b458d247e151477e86f295ffaadebfd3883b833677427c2f35b4097f9bd374ca7b79a357406068eeefed711044623fb7685f1ba3f28a1f79e8f87,0x46c90e90b5ce811c35e2b355a9bc6d9db77e1a9b7fae91996610ef0356245d24,ok
0xca5170984edfd2275dcb65aeefa0d41756477007,1,0x023e88c0545db31b6acc99292405f4c01758db28e2839676e89239c994544df160,0x043e88c0545db31b6acc99292405f4c01758db28e2839676e89239c994544df160691e481d0d3eb26babb9b4d4c61113733d52e7151907d18e9a12f97061dfede2,0x0ec072bbae63354abb9c8175a4b0fd99256ff94e2c9737a3ec2ee24acd81753d,ok
0xb7b104178014f26739955526354f6e0ea9ccb19b,1,0x020466617e151c7e5824f6044daed99c0f926af983755fe247443377de79a2cbdc,0x040466617e151c7e5824f6044daed99c0f926af983755fe247443377de79a2cbdcb710b1dd128e4505ccd18341848b60080b16d2ef25d03140cf556645100d5c48,0x3965c724a95f23920ffa1161b6b1036e08691265e8a6427d4a8f295e6ad4cb76,ok
0xa17bbeb24c00e3b0eff05687720cf7456662cbdb,1,0x03e356960b6123f152c669be7fbe2d9c4e578c72118838f756d24a8f7e497ef942,0x04e356960b6123f152c669be7fbe2d9c4e578c72118838f756d24a8f7e497ef94220d5bb87ee678b0171c9b80c75878b23d7e77101057ed0fd054fb56a17af5a3b,0xbe92cc228f571f0baa7d53619407dfa3498e1fb20dd66acfe1c8284eb7b7638e,ok
0xf84146135d2754db7f086112a221a001ca6277a1,1,0x02663c83a48fb17e1cf53697a57dcdc8cdb06e4a50a33246391e0ed8c139b3256e,0x04663c83a48fb17e1cf53697a57dcdc8cdb06e4a50a33246391e0ed8c139b3256ef088beb85b2d56338b939d590f39f65f94f9a0ee04c04f3aa71fa00763a06456,0xa85aff22efad2810bd363c4549d46c58dd1994bb5d720604d7b5c5b3215cf118,ok
0xe0680981e3c86ba68f5c3160bb9c96a984f4dc00,1,0x0301ea9905376da74236bf686cbf4a288db2ad3d39b64a516ee58822e3cea72e79,0x0401ea9905376da74236bf686cbf4a288db2ad3d39b64a516ee58822e3cea72e79c860897b65cd5da8f4c17aa93e212b6ac40a525419f6c1d8a51ac11789d1191f,0x3117f00b6430af62464ac7a3439a16a2169c97f58970cf48f4fd39b0e485f37c,ok
0x59a150c20a1ab1553afd42157efee6fe7a7b5926,1,0x0240d0cb9b45c369991db7f82ef2e7ede61fc6b00cd0a474326fcfbe5bc93303d6,0x0440d0cb9b45c369991db7f82ef2e7ede61fc6b00cd0a474326fcfbe5bc93303d68af30079e0c59fec518dd72d75a5c37784b969a52448915be943c445a9653776,0xef93dc1fe795de6928e774ca3bdade06884c1716a81007baa548dad4411f4087,ok
0x4f7cc18927b0b973fa11e8861e9a9beeab7f4e65,1,0x02cae3ef5add12db05e9aa946ec2dce635e326d94d3bd3cdee0e12edd44a753651,0x04cae3ef5add12db05e9aa946ec2dce635e326d94d3bd3cdee0e12edd44a7536517671116287a526a84b41d425686b79d4f4048ae3a25a0cbc5f8e29f669d996e2,0xb7e78fb6ca1f37b5527713531fd40f464581628b80ddea4d1b7472505695b74f,ok
0x1145fdfb4d797e0c4c25f454caf0ff3b6f728da6,1,0x03d0b16a7eb12f666655f14ae3cab2200a06a11c45499abb46ca2a08217f529736,0x04d0b16a7eb12f666655f14ae3cab2200a06a11c45499abb46ca2a08217f529736bf1b52f354170df57cbe3e707205c2d30ca9ab7b16ad70918aa174430b6faae5,0xaf690c274a751ef738c027e84fa71ee02190458fc3943b417be207883a6cdb0f,ok
0x00722bec749c008d79cb996251645235b61194f2,1,,,,contract
0x526547d317405f24c34a887c4eef918c6b918c70,1,0x03fc0d322230b1d73d4aa8e0bb4879f358438df105b2b3bac66a9285fc42485832,0x04fc0d322230b1d73d4aa8e0bb4879f358438df105b2b3bac66a9285fc42485832ed3d18c2b15d2fefbdd6b0b0da96e95284f77d095ef6355b8067615b432973fb,0x454e9328c5583999152715ff4f34752927180e0a3d4bc01094f020f6431e7936,ok
0xc9fe4bfbc7f39b5353c13620f84bdd3a10359504,1,0x03439328959ce82dc20b1cbb8f92fd1681df8d79efd3ba4a4568d4dec7818be2fa,0x04439328959ce82dc20b1cbb8f92fd1681df8d79efd3ba4a4568d4dec7818be2fa41f2a8f47c60e552557d6daa9f0c5830c4c422f52f9d0d4680c3b1409042173f,0xe6fcec0a1335567600e5b98e8cdb59ef335a4ab23245f983318439eb112086e7,ok
0x935ab0d8c81070f8198985c8a312f74caa2b38e0,1,0x02e39bda47144f17afd2ac13717aae6da31cc07f6925b681b9cd592aeacf86f035,0x04e39bda47144f17afd2ac13717aae6da31cc07f6925b681b9cd592aeacf86f0354dd8897e4cfab5f6b05759eb5e6e129a80d5eae1332a1395eda5a27fb5cbfd20,0x5c9b49bdecb238428d16ca5bd3883c8e0dc19f2c6295e28127d1e3328513ac14,ok
0x5be0bdb98c5358553ff52773daa7ffd23d247063,1,0x02bd2a97c89e80fe6d528358dc9535d212f27b4a47eac36cfd0e601a1d4ad8db5e,0x04bd2a97c89e80fe6d528358dc9535d212f27b4a47eac36cfd0e601a1d4ad8db5ef8b3bf6fbbab5121d5ee5402a6be9a4aef203dacfd180ff397b5fa6b19befd70,0xbe115d804a403c7279a7174685fe137c68c1e4f1dcad004d3cb242d4324d97fc,ok
0x740be0eb5543da64c8e2a3b695dc89e83caba63e,1,0x0213955dd2f67cc60300b15e54d7c02280d05d6b0d6813a24ae861322d8e4907fe,0x0413955dd2f67cc60300b15e54d7c02280d05d6b0d6813a24ae861322d8e4907feaaff136faf7da6b3de0f73952ae57a0825cc1b787b7351d8bd78c41f7529e03c,0x280930dc4061fd2ca8f1a8c4d5d5ce45c9a999ebb2be95a6eb90c4a1ab99f870,ok
0xfdce2df23bd6265e70dac81d136349a106252fdb,1,0x03e547c2063a4f9910a701557fcfb08de98515f9447e682f880016ed44bae3e085,0x04e547c2063a4f9910a701557fcfb08de98515f9447e682f880016ed44bae3e0856afcf629eaa9c847c17e5b7525ba0203a34bf6552d938172553836e45e9e926f,0x7ebdee088f7c152ad2a728c122b72c4fe168b99d0cf97c41862308d6e90c83bb,ok
0x9db2e2c16846613d858008051943e3e857cd85c1,1,,,,never-sent
0xd8ca15602056cad62c65feac7e073624d457697a,1,0x036defb05ce8501dae6e157cfa0c29aec695366f526ad17b4158f0c454ea78323f,0x046defb05ce8501dae6e157cfa0c29aec695366f526ad17b4158f0c454ea78323f3cdaa18d8e2a424cd6dd1b3b6ca59503110529a59317619b0abf3e30a6dee7d3,0x1aa7053ddba175d18db602adca9fe09253a05548bec4ff456f4610baf552d31d,ok
0x96ffaab6f4d71fca3507ecaa266707f1a4aec969,1,0x03eb7b015bc813cf1d536f184423f4a527a9c1992602392f52bd46dec36fcd2c51,0x04eb7b015bc813cf1d536f184423f4a527a9c1992602392f52bd46dec36fcd2c5155c93014b1b82c1342c51144c9ad94c009e0bd2e20bea024cd97cc802058c387,0x4110823d73c379e0a3e65eb9e3d767cd618b3b1408cd5ee94d36e97381a94f23,ok
0x7801e809c4b5c73314fc74f81443b6e3845686cd,1,0x0374966a0dd000ad5cce7cd2935bef3d7031779d951f5beffad46110a2971273c6,0x0474966a0dd000ad5cce7cd2935bef3d7031779d951f5beffad46110a2971273c66ec8d3ca5f0dc5879d79ec3d7ff4a3a9250e696e9e7e81d14f8377f72f1b55cf,0xa351c06c14e94ca8b0f712fe51cc6a03b7d6c29c0f715b50c60c4710cabb8d89,ok
0x26237fb92fe1fbf8fd086a82c60986134ae6ef0b,1,0x02c719d3e3bba5f0c41ad0e5b39b2e655d25079e3d2c048a8c4e683ded50432fd9,0x04c719d3e3bba5f0c41ad0e5b39b2e655d25079e3d2c048a8c4e683ded50432fd916e834f5f85edad0ba708a709a57e1503c9befe53e746495783bf96254563afc,0x972ab3f10b239b09bf08e2f17c9f846ed667eb1886597c33b32b6c7ec31a2b52,ok
0x082969b5dd35f4cd4293a75158aa0054197e8e7e,1,0x03e59577e2b4431aa8d439dc04db11a3c6a7facc182b74ed42fc586fb0b15c6701,0x04e59577e2b4431aa8d439dc04db11a3c6a7facc182b74ed42fc586fb0b15c6701a428edf221434704588378e6bbb1efc07e85f1a878ab9624cd5aa686bfac08b7,0xeb4f5f1e170a7ba9a4a8d78b3f7bc0e0577bea23e62b8b6a771388a9bc16d4b5,ok
